Date,Open,High,Low,Close,Volume,ret_1d,is_outlier,vol_20d,market_regime
2010-01-04,40.159464489946565,40.74227326840808,39.80879195425712,40.64349365234375,5527480,,0,,normal
2010-01-05,40.84598560395065,41.17690517110227,40.5545831515546,41.0460205078125,7113640,0.0098551232064902,0,,normal
2010-01-06,41.0929481664692,41.71527033441314,40.75709217706147,41.54487228393555,13930200,0.01208021431334,0,,normal
2010-01-07,41.73502220022919,42.21905133464247,41.216419825372135,42.0116081237793,20800120,0.0111718610457622,0,,normal
2010-01-08,42.17953899546527,42.18200716691312,41.3892907890712,41.75231170654297,7447940,-0.0061911440152928,0,,normal
2010-01-11,42.27831560100898,42.5598416222687,41.58684705652184,41.91282653808594,6490040,0.0038370827288813,0,,normal
2010-01-12,41.91284259087332,41.97704898234827,40.50027183280943,40.65091323852539,11324300,-0.0305706010756212,0,,normal
2010-01-13,40.25330154293941,40.59162563229219,39.8236023662357,40.15452194213867,15403460,-0.0122862413777355,0,,normal
2010-01-14,40.56940570059326,41.50041881210365,40.13970647184984,40.71757888793945,12088020,0.0139248526531452,0,,normal
2010-01-15,40.747210476599975,40.98922315645574,40.26812145959938,40.59410095214844,12526160,-0.0030371536032784,0,,normal
2010-01-18,40.14958462845125,42.40426478328094,40.0162280130604,42.07334518432617,14503560,0.0357916498566472,0,,normal
2010-01-19,42.475881010419535,43.26612920581047,42.26844156566704,42.40426635742188,20851240,0.0078345696505759,0,,normal
2010-01-20,42.52527085149293,43.453815779025774,42.27337794368341,43.22908782958984,15608820,0.0192646192409871,0,,normal
2010-01-21,43.06856377796622,43.06856377796622,41.2905044968943,41.70291519165039,13594640,-0.0359425630202605,0,,normal
2010-01-22,40.74720623015386,41.24111176021634,39.71000537066271,39.99153137207031,25045640,-0.0419033190331679,0,,normal
2010-01-25,39.710011233394845,39.7594010400529,38.240642818163465,38.43079376220703,18882760,-0.0398086568830344,0,,normal
2010-01-27,37.98134207913144,40.59903954545552,37.16639707078309,37.78624725341797,12751860,-0.0169138519687708,0,,normal
2010-01-28,38.16408175065185,39.2383278730975,38.0381371868053,38.56908416748047,15804020,0.0205058201037755,0,,normal
2010-01-29,37.78377792261449,39.139550134037,36.69718712362348,38.470306396484375,19616040,-0.002564345963854,0,,normal
2010-02-01,37.94182965492774,39.38650510364967,37.7936564613457,38.76912307739258,14979340,0.0077374515514279,0,,normal
2010-02-02,39.463053596291545,39.463053596291545,37.03797557407084,37.23307037353516,8240700,-0.040426777941589,0,0.0230318728427049,normal
2010-02-03,36.99353277679104,38.74689551830285,36.99353277679104,38.5048828125,13305920,0.0335877046519477,0,0.024376132132218,normal
2010-02-04,38.47524701181955,38.52463681820274,36.81078378248085,36.99599838256836,6263440,-0.0399753045777471,0,0.0254161618253509,normal
2010-02-05,35.56120637528975,36.17364831887901,35.12409882516386,35.37845993041992,12142300,-0.044706596571979,0,0.0265006481180841,normal
2010-02-08,35.956327816084986,36.96636382519908,35.23522235156776,36.45270156860352,13467720,0.0299124144156555,0,0.0278672277486923,normal
2010-02-09,36.45270757525375,37.131827861260426,36.0156000088004,36.74411010742188,10825140,0.007962370811974,0,0.0279650974763904,normal
2010-02-10,37.02316793262135,37.14170423628107,35.69950060911744,35.929168701171875,6777680,-0.0224284793927873,0,0.0276550260758747,normal
2010-02-11,36.252680514961554,36.8404257579792,35.98103086233042,36.31688690185547,11079660,0.0107333727690979,0,0.0278654612807724,normal
2010-02-15,39.710007212991705,39.710007212991705,35.81802904388466,35.941505432128906,4365880,-0.0103900691552953,0,0.0275236139423883,normal
2010-02-16,36.15388170276235,36.69470883729998,35.89952066742638,36.53913116455078,4754640,0.0164910051643492,0,0.0279856597924835,normal
2010-02-17,36.63790562853789,37.726968026280936,36.59839228903622,37.45037841796875,10023600,0.0246330415169029,0,0.0272250201017664,normal
2010-02-18,37.43804378496092,37.55904823819431,36.82312999258141,37.114532470703125,11152360,-0.00900821081547,0,0.0270402917453206,normal
2010-02-19,36.830538721768704,36.830538721768704,35.808154328228675,36.05510711669922,5123080,-0.0289600824261015,0,0.0267553262468586,normal
2010-02-22,37.52694455212416,37.52694455212416,35.24509960290538,35.37104415893555,5673620,-0.0191549974746587,0,0.0261238878684718,normal
2010-02-23,35.26486214477329,35.75629582674068,34.6771132490968,34.847511291503906,17330300,-0.014911801166527,0,0.0249644262636105,normal
2010-02-24,34.35361472978918,35.16608803378965,34.35361472978918,34.968528747558594,7149560,0.0034667556965395,0,0.023809244088403,normal
2010-02-25,40.01128767856622,40.01128767856622,35.259915166381745,36.05263519287109,25307360,0.0305314809913821,0,0.0248703967793214,normal
2010-02-26,36.44530662179881,37.45781117274525,35.86743778475991,36.75893783569336,14510440,0.0194014431663851,0,0.024818155181865,normal
2010-03-02,37.097238305970976,37.32937446822415,36.61568125033911,37.00586700439453,8121920,0.0066950652576514,0,0.0249012222718903,normal
2010-03-03,37.28987132344812,37.87762016999949,36.97377205342063,37.492374420166016,8841000,0.0130610957425862,0,0.0250381968462726,normal
2010-03-04,37.63560428409183,38.42585623915355,37.35655018935373,38.287559509277344,12694960,0.0209874629293653,0,0.0237692124228525,normal
2010-03-05,38.52463823053227,39.75940227638266,38.28756187572063,39.60382080078125,23671600,0.0338005720422946,0,0.0237844284938131,normal
2010-03-08,39.759400212214544,40.50025860126202,39.759400212214544,40.12982940673828,15899480,0.0131943347797651,0,0.0218046041406829,normal
2010-03-09,40.21873074060089,40.21873074060089,38.882715268559856,39.19140625,6386620,-0.0236624388079973,0,0.0197368909931605,normal
2010-03-10,39.01853610216487,39.418598367768105,38.64810696195444,39.2012825012207,7179160,0.0002519686830564,0,0.0188711194385394,normal
2010-03-11,39.01360193835004,39.11732166123399,38.28262376711056,38.46289825439453,7775180,-0.0190153681791538,0,0.0194992178875632,normal
2010-03-12,38.57402485442588,39.01854062787724,38.18137082462739,38.33201217651367,8046420,-0.0034087208092561,0,0.0186769131043065,normal
2010-03-15,38.65799571452976,38.687632617552495,37.339268460156816,37.50472640991211,11484060,-0.0218184115087463,0,0.0193938383774698,normal
2010-03-16,37.635601623517616,37.88008622875405,37.00340311872073,37.39605712890625,14539600,-0.002901688129798,0,0.0192215067842492,normal
2010-03-17,37.6356081714606,38.32707681946087,37.53682855097527,37.66277313232422,17032780,0.0071068820308375,0,0.018961513290911,normal
2010-03-18,37.69488186189096,37.78378503623368,37.00835325876714,37.26271438598633,17694700,-0.0106789441475294,0,0.0183290125684639,normal
2010-03-19,37.49237406005006,37.49237406005006,36.68236544915919,36.88980865478516,12781640,-0.0100578877031729,0,0.0183568890967998,normal
2010-03-22,36.10449956869613,37.126884037218936,36.06992632650264,36.736698150634766,18372820,-0.004159119629763,0,0.0171148627312082,normal
2010-03-23,36.939202604220064,37.16145863094713,35.82297482277534,36.04770278930664,13270360,-0.0189330662560722,0,0.0171012172250912,normal
2010-03-25,35.956330114339394,36.63791850336049,35.65998373213817,36.5317268371582,21898620,0.0133379726470428,0,0.016887687762926,normal
2010-03-26,36.79596468082878,37.39853007448731,36.66261183596686,37.1342887878418,15591140,0.0163596574233175,0,0.0171757799235393,normal
2010-03-29,37.13429032696861,37.74673596752748,37.04291899926128,37.25776672363281,14005340,0.0033196568729603,0,0.0159117427828202,normal
2010-03-30,37.24048742021719,37.83317270338624,36.86017795281946,36.96636962890625,12069380,-0.0078518553704203,0,0.0154718696311825,normal
2010-03-31,37.04291321407214,37.33431565595352,36.79596045931167,36.951541900634766,10457260,-0.000401194464604,0,0.015398237502291,normal
2010-04-01,37.141705483098185,37.27506212636806,36.70460167111687,36.88734436035156,6886700,-0.0017388549505477,0,0.0150862674819051,normal
2010-04-05,37.092309342536936,38.03319889585941,36.82807180930546,37.85045623779297,20887840,0.0257745126952615,0,0.0154831114240172,normal
2010-04-06,38.030731741823125,39.00125445091381,37.96158525829405,38.62094879150391,29805500,0.0201518104107054,0,0.0141299214202131,normal
2010-04-07,38.67280536718324,39.35192548605127,38.44313733115647,38.902469635009766,42158440,0.0072628913102099,0,0.0138705154182548,normal
2010-04-08,38.91976337622475,39.36427540839068,38.52463738296533,38.82592010498047,21112640,-0.0019696678403802,0,0.0128621334100151,normal
2010-04-09,38.8703661218774,39.26549207773857,38.58637193173995,38.81850814819336,10745960,-0.0001909205071473,0,0.0128612089846186,normal
2010-04-12,39.42354488506911,39.42354488506911,37.57386705446198,37.82081985473633,9827200,-0.0260374062185007,0,0.0134747518937545,normal
2010-04-13,38.1048158286167,38.277682026062045,37.63560327189306,37.92947769165039,7308580,0.002868844478693,0,0.0134849198598008,normal
2010-04-15,38.1541995233433,38.22334599125001,36.6107448500689,36.79842758178711,16293000,-0.030273469776842,0,0.0142956708085032,normal
2010-04-16,36.5490095467403,36.5490095467403,35.709371645514175,35.80815124511719,19346960,-0.0272795596055237,0,0.0154624359493143,normal
2010-04-19,34.57339130304798,36.25267106283614,34.57339130304798,35.795806884765625,16271160,-0.0003447954776878,0,0.0153162344246444,normal
2010-04-20,36.05511353589013,36.549019200765336,35.71925753304694,36.11931991577149,10820780,0.0089971394815249,0,0.0153977799418677,normal
2010-04-21,36.30205235432979,36.919434197090496,36.17363587593964,36.67742156982422,9268120,0.0153334497518597,0,0.0157038235162993,normal
2010-04-22,36.57370985324097,37.32444467984934,36.21068894902624,36.65520095825195,11324420,-0.000606022571846,0,0.0156778098283863,normal
2010-04-23,36.697182850397255,37.07254834484048,36.35885499569225,36.84041213989258,5666720,0.0050400715335019,0,0.015067585629025,normal
2010-04-26,37.191101791323874,37.58375592979501,36.86759038319197,37.35655975341797,6876400,0.013913126814693,0,0.0150927248945267,normal
2010-04-27,37.339259831117865,37.50718968210083,37.008344008081366,37.14663696289063,4561720,-0.0056352842646352,0,0.0147202952124844,normal
2010-04-28,36.10449512755445,37.008343192833415,36.10449512755445,36.361328125,8338760,-0.0213674454356982,0,0.0154459166144601,normal
2010-04-29,36.49962397899191,36.49962397899191,35.81556367941519,35.9958381652832,18065760,-0.010102470479139,0,0.015504879002796,normal
2010-04-30,36.05757893596478,36.778680699068325,36.05757893596478,36.47740173339844,12643580,0.0132896130028812,0,0.0158465169011976,normal
2010-05-03,36.5490163912919,37.06761880682708,36.26749033468161,36.47740173339844,7182220,0.0,0,0.0158449737939973,normal
2010-05-04,37.042916149696985,37.042916149696985,35.956325449919326,36.168704986572266,8646440,-0.0084986964561091,0,0.0146558198989433,normal
2010-05-05,35.63034829070111,37.02316187756504,35.33153752456606,36.86758041381836,14122560,0.0191383434979011,0,0.0145757393418578,normal
2010-05-06,36.79596644205785,37.42816499412339,36.15388766800345,37.03797912597656,10302380,0.0046112637577517,0,0.0144957959715936,normal
2010-05-07,36.561365875188926,36.64779710155331,34.97345727788882,35.18336868286133,11005280,-0.0513703587062841,0,0.018155498911748,normal
2010-05-10,35.8575427817387,37.77883510221963,35.709373375157355,37.58127212524414,26425260,0.0659323541871041,0,0.0241079325490315,normal
2010-05-11,37.783769231547694,38.129501560373456,36.652725229818046,36.86263656616211,22444980,-0.0193073656569753,0,0.0237940931144782,normal
2010-05-12,37.08736356868372,38.19124270378646,36.89474071795976,37.95663833618164,32094360,0.029245932884379,0,0.0247482186441395,normal
2010-05-13,38.42585494294391,38.67280772852015,38.17890215736766,38.35917663574219,14047100,0.0105493738849582,0,0.0237814291508227,normal
2010-05-14,38.32707318174682,39.01607359271063,37.09230920186966,37.4429817199707,16729920,-0.0241744972540765,0,0.0235890506883609,normal
2010-05-17,37.0824352891414,38.95927440624615,36.77127233324128,38.74689483642578,24560320,0.0342313309402064,0,0.0246341140328098,normal
2010-05-18,38.820978611739136,39.10744475824367,38.035670532549815,38.69256210327149,11256480,-0.0014032314847445,0,0.0246319814099732,normal
2010-05-19,38.29250158574359,38.766650522197565,36.40084218295477,36.736698150634766,18335320,-0.051871182797718,0,0.0273574162822284,normal
2010-05-20,37.04291576305853,37.68005436636716,36.64778982097246,37.02069091796875,9115620,0.0077007652889751,0,0.0274094482821195,normal
2010-05-21,36.35145183048546,37.52694958384885,35.81062458926332,36.56136322021485,17268620,-0.0124849372456994,0,0.0275363701849815,normal
2010-05-24,37.24047932117261,37.48249198621036,36.40330956245808,36.573707580566406,7944360,0.0003375770429592,0,0.0273320556668428,normal
2010-05-25,36.40084376841117,36.40084376841117,35.215473259747235,35.82791519165039,14038460,-0.0206022666255645,0,0.0276667975632275,normal
2010-05-26,36.05510636817403,37.265173499277786,35.40315117087479,36.71693801879883,12344920,0.0245108314745681,0,0.0278609191779643,normal
2010-05-27,36.94413818580908,37.48743355979441,36.21809639416121,37.32444381713867,10051780,0.0164102672451202,0,0.0279611318832991,normal
2010-05-28,37.60597031241584,37.78377662150248,37.09971634260528,37.5071907043457,21984400,0.0048842244772799,0,0.027842458833409,normal
2010-05-31,37.72203536732886,37.72203536732886,36.96388855972075,37.46520614624024,6853500,-0.0011200005404101,0,0.0278465319546757,normal
2010-06-01,37.73438642378691,38.55920782398876,36.84782682713521,37.31950378417969,15829360,-0.0038965865228512,0,0.0277799220925675,normal
2010-06-02,37.52200802123049,37.52200802123049,36.6477930226556,37.25776672363281,6773220,-0.0016556539071288,0,0.0274750925107553,normal
2010-06-03,37.63559947363778,38.20112340959298,37.319500239296055,37.51459503173828,5322700,0.006869632363943,0,0.0274973960207492,normal
2010-06-04,37.51460175357771,37.67511957058142,36.99353118094307,37.14910888671875,6894680,-0.0097902741261912,0,0.0247974471811303,normal
2010-06-07,36.05510411938748,37.43804112713722,35.961260861745835,37.26023483276367,7939180,0.0029868837193651,0,0.0198538145259664,normal
2010-06-08,37.47755240108719,37.66276698541922,36.34157187810426,36.544071197509766,7572220,-0.0194077053971342,0,0.0198588481498367,normal
2010-06-09,36.54407211543411,37.0429177968613,36.34157279094217,36.49468231201172,5205460,-0.0013524024070115,0,0.0185900889935051,normal
2010-06-10,36.49962533331088,36.87746282351176,36.1909343270552,36.75151824951172,8636520,0.0070129778246301,0,0.0184813046740272,normal
2010-06-11,37.23060860820976,37.85787092874006,36.79597296862278,37.50472640991211,10969320,0.0202874249145761,0,0.0183651620546603,normal
2010-06-14,37.63560521387943,38.12951081389465,37.50472053133145,38.03073120117188,7301680,0.0139275860803076,0,0.0168791857150141,normal
2010-06-15,38.21347704980592,38.27521524887089,37.73438802214966,38.062835693359375,5459360,0.000843816248933,0,0.0168833675735436,normal
2010-06-16,38.17890921639596,38.29250540857196,37.48250042357334,37.77143478393555,7925660,-0.0076852415626298,0,0.0120508619190639,normal
2010-06-17,37.52447844120399,38.32460689608662,37.196030754211456,38.16902542114258,11363240,0.0104712104453099,0,0.0121428069195012,normal
2010-06-18,38.22829141299327,38.524633997797785,37.79612404442823,38.18136978149414,7609400,0.0003233607482022,0,0.0116943750392279,normal
2010-06-21,38.376457645743656,39.47292851017064,38.376457645743656,39.18646240234375,13167760,0.0259836456793909,0,0.0128336920053183,normal
2010-06-22,39.008667537645785,39.858182039019226,38.88271919285839,39.18400192260742,20574240,-6.279099551909084e-05,0,0.0115669685640013,normal
2010-06-23,38.59872581483297,39.70260520153237,38.57402902600353,38.727142333984375,9969200,-0.0117278427734586,0,0.0110921624610258,normal
2010-06-24,38.27767744219833,38.27767744219833,37.04291365374032,37.34419631958008,375659660,-0.0363631933539956,0,0.0136357005311136,normal
2010-06-25,37.47261002105216,37.70721436976673,36.99352110385833,37.077484130859375,14569780,-0.0071676245138099,0,0.013675965698625,normal
2010-06-28,37.04291880772045,37.882556793415226,37.04291880772045,37.682525634765625,16954680,0.0161865873506736,0,0.0141780520241481,normal
2010-06-29,37.83316853909025,37.83316853909025,36.628041426868016,36.77374267578125,13824720,-0.0244123997279821,0,0.0152020236280083,normal
2010-06-30,36.78857705873756,38.24231662158368,36.78857705873756,38.12117385864258,47511400,0.035985795827925,0,0.0172714773946031,normal
2010-07-01,38.06925294067247,38.39065926859954,37.4066648001065,38.08161544799805,13569600,-0.0010382405830009,0,0.0172239896465078,normal
2010-07-02,38.18297458068005,38.3659260690408,37.41654456009391,37.55252456665039,8917680,-0.0139910234176339,0,0.0173841568926179,normal
2010-07-05,37.62916346934602,37.826952209255175,37.14705600941562,37.733001708984375,5222580,0.0047944803465336,0,0.0174022369256538,normal
2010-07-06,37.77751423661969,38.04947051258085,37.433857687649926,37.85415649414063,6645820,0.0032057003276859,0,0.0167543496266665,normal
2010-07-07,37.92091202643485,37.92091202643485,36.84296709021799,37.159427642822266,7107800,-0.0185232774393386,0,0.0173515905872578,normal
2010-07-08,37.57972810424922,37.82696315756665,37.36710580749593,37.58219909667969,6802340,0.0113129986939584,0,0.0174576055631481,normal
2010-07-09,37.62917292692514,38.21017678909073,37.42891314496814,37.75773620605469,7360780,0.0046598772964325,0,0.0168951017050926,normal
2010-07-12,37.85169590529165,38.15332303376424,37.48578523541809,37.57231903076172,11767040,-0.0049228040298099,0,0.0166205455826199,normal
2010-07-13,37.53028262220703,37.7874054230574,37.18909703438909,37.64400863647461,11343960,0.0019062251413877,0,0.0166271208163703,normal
2010-07-14,37.7330143355796,38.22748446456377,37.18415219060656,37.32754898071289,17882760,-0.0084421758152815,0,0.016645060938316,normal
2010-07-15,37.48084119272759,37.95058635522222,37.2533815898794,37.616817474365234,19826540,0.0077195910471461,0,0.0165599667271889,normal
2010-07-16,37.72806743585184,38.85545857947501,37.65389617166459,38.7392578125,23356460,0.0294022759721022,0,0.0178810464051516,normal
2010-07-19,38.81590641397842,39.40926907945649,38.56867134127792,39.17439651489258,23566540,0.011169883645175,0,0.0170680329475629,normal
2010-07-20,39.1669735138246,39.43398780242906,38.24231313138918,38.6799201965332,12129580,-0.012702775859013,0,0.0173022908112855,normal
2010-07-21,39.08786183495727,39.08786183495727,37.68109383569081,38.81343078613281,47485480,0.0034457336017883,0,0.0171225945686123,normal
2010-07-22,39.06313019346639,39.06313019346639,37.71570019129437,38.04946517944336,31654800,-0.01987931253531,0,0.0156038663573996,normal
2010-07-23,38.46976863876548,38.46976863876548,37.831901867332085,38.06182861328125,16326760,0.0003248777764914,0,0.0154886001829471,normal
2010-07-26,38.316480238994814,38.316480238994814,37.63905873580262,37.76267623901367,7918920,-0.0078906925149446,0,0.015204564681739,normal
2010-07-27,38.07419724460306,38.20770251010295,37.678619660331485,37.91843795776367,9662340,0.004116269701746,0,0.0140798839872014,normal
2010-07-28,38.11375497421301,38.25962274356863,37.587143127632295,37.85662841796875,7984140,-0.0016313955621507,0,0.011513973965201,normal
2010-07-29,37.96541828348459,38.121177591096505,37.64895768286617,37.822021484375,15677260,-0.000914575935238,0,0.0115136170898297,normal
2010-07-30,37.72806531557062,38.61563812619501,37.72806531557062,38.13600158691406,11674980,0.008267247570469,0,0.0111962311082433,normal
2010-08-02,38.37087625629121,38.964242597282016,38.195341495972166,38.7392578125,14474040,0.0156947401109865,0,0.0116581732933074,normal
2010-08-03,38.96425235299257,39.85182543572463,38.72443400982979,39.62189483642578,24883120,0.0225283657518589,0,0.0125867001229211,normal
2010-08-04,39.80730849298082,40.86794882222435,39.61694024722487,40.75421905517578,30947860,0.0281775040464831,0,0.0128528918776127,normal
2010-08-05,40.79377658213126,41.50828560894225,40.55148732903628,40.77152633666992,30288300,0.0004245844468138,0,0.0127847644881578,normal
2010-08-06,40.54654715718912,40.89267470928413,39.970489052803785,40.128719329833984,10275780,-0.0158916831378226,0,0.0135387673376889,normal
2010-08-09,40.16086135039499,40.74433620803275,40.06691082600608,40.70724868774414,7442380,0.0143139062937107,0,0.0136259473319468,normal
2010-08-10,40.867952777059216,41.48356561090722,39.81472909455957,40.02735137939453,14448940,-0.0168431721018191,0,0.014401021826585,normal
2010-08-11,39.90373298089656,40.398203048925055,39.51310494696042,40.00510025024414,14576780,-0.0005560526828962,0,0.0141754350202822,normal
2010-08-12,40.00510099484556,40.375953552769474,39.364763150232,39.73808670043945,12690400,-0.0066968617115028,0,0.014313502651431,normal
2010-08-13,39.95319237238704,41.18936783226896,39.90374233598527,41.00641250610352,21037720,0.0314183665322835,0,0.014516791462036,normal
2010-08-16,41.139910090435166,41.827223215596334,40.78389479357702,41.02618408203125,23393660,0.0004820419475408,0,0.0143903276591972,normal
2010-08-17,41.28084204333899,41.76294969990525,40.69489610478215,41.20172500610352,15254520,0.0042696255490479,0,0.013952220183914,normal
2010-08-18,41.48109415908672,41.77530445638472,40.99404083494768,41.56021118164063,11035160,0.0086631230266154,0,0.0140065535344651,normal
2010-08-19,41.733275217322095,42.7222153704695,41.24127613302863,42.47745132446289,21873760,0.0218301304779116,0,0.0134490748567275,normal
2010-08-20,42.27472476667264,42.969454689874624,42.128853212444426,42.657936096191406,18056720,0.0042399535041983,0,0.0133981151566463,normal
2010-08-23,42.58871073445474,43.20185640891839,42.524430975965934,42.937313079833984,7349580,0.0065278850971015,0,0.0130106473641395,normal
2010-08-24,43.01889681116117,43.41447438279546,42.1461574247813,42.42800521850586,16834500,-0.011932572025044,0,0.0136399674232379,normal
2010-08-25,42.42554086675523,42.6233259110228,41.31792500181568,41.47863006591797,12710300,-0.0226302882001507,0,0.0149706965132326,normal
2010-08-26,41.81980500694892,41.86183828305276,40.89514838280992,41.530540466308594,21762440,0.0012507149950953,0,0.0149367473171514,normal
2010-08-27,41.28824762922691,41.89150167124307,41.15721337268321,41.45142364501953,10009060,-0.0019068443633289,0,0.0149812181125237,normal
2010-08-30,41.9236451715444,42.5194787171263,41.5354843699032,41.85441589355469,8077660,0.0096750814671286,0,0.0147967875391676,normal
2010-08-31,41.92117098976683,41.98050875493716,40.47484833099463,40.96931838989258,10968580,-0.0213738539283605,0,0.0151352744498029,normal
2010-09-01,41.32039626115788,41.32039626115788,40.31414776891105,41.04101943969727,11836700,0.0017485860922272,0,0.0137935874811009,normal
2010-09-02,41.81486153976478,41.81486153976478,40.08174157713539,40.341339111328125,16138320,-0.0171953131070385,0,0.0143404650015155,normal
2010-09-03,40.54654110455611,41.18935363107009,40.422923601188565,40.93964385986328,12594560,0.0147221535246213,0,0.0142480625528465,normal
2010-09-06,41.223969145621055,41.47614615319712,40.961896852001374,41.33522415161133,12372140,0.0096161403739745,0,0.014054435286089,normal
2010-09-07,41.49592837564553,42.34394652797132,41.335227107999984,41.97061920166016,19426000,0.015254809177378,0,0.0137675826513445,normal
2010-09-08,42.03242732749296,42.22279936248983,41.53548626069089,41.8593635559082,14735480,-0.0026543178803644,0,0.013799015204013,normal
2010-09-09,42.0052373000489,42.89528506986773,42.0052373000489,42.75188827514648,22820020,0.0210978517950182,0,0.0142414403360515,normal
2010-09-13,43.271077177589774,45.4714674951179,43.04856338106542,44.96710968017578,19368010,0.0505179619533651,0,0.0166395858616875,normal
2010-09-14,44.89789135138594,48.55202547618452,44.89789135138594,47.038944244384766,39111340,0.0450445330146425,0,0.0188892177405398,normal
2010-09-15,47.37023493048581,50.0403703308099,46.49502078076246,46.86092758178711,48348040,-0.0037916319246549,0,0.0190323769090353,normal
2010-09-16,47.35045776032508,47.95371188500927,45.79287619319125,46.13900375366211,30271760,-0.0155255669318776,0,0.0196421315460656,normal
2010-09-17,46.53457948487905,47.27133884705312,46.29229020221916,46.80159378051758,16600720,0.0142585967853667,0,0.0193764290861003,normal
2010-09-20,47.07354579236095,47.73613760053336,46.5840215143315,46.949928283691406,14204800,0.0031644206661924,0,0.0193796953222904,normal
2010-09-21,47.17244599544475,49.09098853183751,47.07849547382125,48.27511215209961,33069440,0.027834473354805,0,0.0200539569190289,normal
2010-09-22,48.56685056409581,49.04154137551706,47.810311965502336,48.60146331787109,16644250,0.0067374883703843,0,0.0196118588986054,normal
2010-09-23,48.665749418252666,48.94759724219978,47.46913260588126,47.731201171875,11892830,-0.0180683432005781,0,0.0192752881812408,normal
2010-09-24,47.271341553878926,48.25039402728217,47.271341553878926,47.864707946777344,12897560,0.0027931501029985,0,0.0192540625101118,normal
2010-09-27,47.86470155005521,48.94264639196266,47.82019728459438,48.10699081420898,12808070,0.0050490589469402,0,0.0191453699748722,normal
2010-09-28,48.35916929500182,48.458061789651424,47.61746426760919,48.24049377441406,10514220,0.0027712824308192,0,0.0191652777216413,normal
2010-09-29,48.75474794473091,48.77452720014952,47.46912652257917,47.87459182739258,7830860,-0.0076138664886875,0,0.0183175471577506,normal
2010-09-30,47.61746738396167,47.96359491039466,46.59391453007312,47.10321807861328,21675040,-0.0162435985908153,0,0.01905667179508,normal
2010-10-01,47.43946172502708,49.73380264485153,47.2515606760927,49.1058235168457,17170030,0.0416363099234424,0,0.019674060570634,normal
2010-10-04,50.00576128617497,50.63374044375334,49.70907997218478,50.2876091003418,12304650,0.023781073807076,0,0.0198956485584068,normal
2010-10-05,50.732633692650495,51.14799055626098,50.13927105607283,50.698020935058594,10672380,0.0081281682182119,0,0.0199010548105605,normal
2010-10-06,50.95513487988158,51.667169112772704,50.63372862619468,51.12325286865234,9622740,0.0083525650369473,0,0.0198687617257816,normal
2010-10-07,51.12326741385326,51.741355088140594,50.34200368815221,50.71285629272461,12734900,-0.0080599858151244,0,0.0200836152957927,normal
2010-10-08,50.71284747864512,51.05403302275492,49.24921657301808,49.763465881347656,8000180,-0.0188983562839322,0,0.0208542651992341,normal
2010-10-11,50.495284342322094,51.82046426601624,50.10465253868573,51.41994094848633,10573050,0.0327449554601217,0,0.0192454990285668,normal
2010-10-12,51.42488955768698,51.73640435748184,49.36789216457594,49.743690490722656,22274220,-0.0331424221671672,0,0.0189869643079117,normal
2010-10-13,49.90191941730291,51.82046573630623,49.74863490016877,51.5831184387207,14310380,0.0363108256634077,0,0.0203250905184732,normal
2010-10-14,51.91934849593999,52.07263298429732,50.49527629529659,50.91062927246094,10230060,-0.0131227285918593,0,0.0202053681984146,normal
2010-10-15,50.9304159606545,51.05897923200281,50.13926462256324,50.29254913330078,9409320,-0.0122147907552196,0,0.0204273622263296,normal
2010-10-18,50.53484400100236,50.53484400100236,49.15527570659264,50.346946716308594,11298620,0.0010810385693251,0,0.0204349948415772,normal
2010-10-19,50.77219056681224,51.11337614669655,49.62007431597728,49.9365348815918,13181990,-0.0081850793268793,0,0.0197526517044285,normal
2010-10-20,49.93652624665615,50.88096579534092,49.16515422291851,49.60523223876953,14161910,-0.0066565799612003,0,0.0197995815473688,normal
2010-10-21,49.94147928198447,50.04037179136167,48.51740677541273,49.743690490722656,26067540,0.0027873144024259,0,0.0192837084024652,normal
2010-10-22,49.94147978931792,50.08487657012676,48.65585829181717,48.89814758300781,9850150,-0.0171441172294235,0,0.0197536788254094,normal
2010-10-25,49.15033006988476,49.84258898375787,48.97232052710289,49.64974594116211,7199460,0.0152537594571482,0,0.0199922718910241,normal
2010-10-26,49.7634728727609,49.7634728727609,48.5272975653642,48.665748596191406,11621640,-0.0200178050818915,0,0.0205620097635572,normal
2010-10-27,48.70530280680207,48.8388080682982,46.89059852133109,47.4790153503418,19344450,-0.0246876370724038,0,0.0212566355541167,normal
2010-10-28,47.61747078668177,48.45806842380608,46.73731086477176,47.261451721191406,24160020,-0.0045928422841785,0,0.0209575585952962,normal
2010-10-29,47.27133747911908,47.46912625970262,44.99677593367644,45.91154479980469,17582120,-0.0289783829105023,0,0.0195012690846424,normal
2010-11-01,46.588965221478254,46.90542572795027,45.9955989424631,46.29722595214844,10438320,0.0083654385234264,0,0.0186583722933913,normal
2010-11-02,46.56424235377213,47.21200066580639,46.03515956650404,46.92026138305664,11894470,0.0133675499368299,0,0.0188751179181389,normal
2010-11-03,47.34551410865071,48.408625623816455,46.98454926024275,48.06744003295898,11534510,0.0241554309109597,0,0.0197254010952269,normal
2010-11-04,48.18116670733775,48.98220583757812,47.91415240642182,48.487735748291016,11887490,0.0087058692922736,0,0.0198585086885244,normal
2010-11-08,49.15032139223472,49.15032139223472,47.53340229285632,48.65090560913086,8941750,0.0033595284436094,0,0.0194964001956956,normal
2010-11-09,48.75474949245834,48.94265053864645,48.07732789227547,48.69541549682617,5665400,0.0009144647746603,0,0.0178119667565435,normal
2010-11-10,48.85363974408208,48.85363974408208,47.79052844094284,48.09215545654297,8022170,-0.0124658124253196,0,0.0165055383542109,normal
2010-11-11,48.26027854862173,49.20471820234495,47.97843075687058,48.32456207275391,8418160,0.00482088733736,0,0.0140020352597818,normal
2010-11-12,47.765807572702144,48.35422815784827,46.70764193433486,47.27628326416016,10087420,-0.0219312040834873,0,0.0144595548825631,normal
2010-11-15,47.27134385100087,48.744866503837294,46.48019239453166,47.711421966552734,10264080,0.0091620646114343,0,0.014586787418725,normal
2010-11-16,48.03282830676115,48.121833081395664,46.78181947676488,47.711421966552734,16693580,0.0,0,0.0145742930279597,normal
2010-11-18,47.66691389267518,48.24049719280013,45.98571495695186,47.69163513183594,13586980,-0.000414805051375,0,0.0145235318343009,normal
2010-11-19,47.43946592509333,47.55319194345747,45.21929230432939,45.65937042236328,12806640,-0.0435471657816783,0,0.0172016541548231,normal
2010-11-22,46.28240388420832,47.82515206360143,45.787933749179366,47.61252975463867,6742150,0.0418871041157884,0,0.0200216332231906,normal
2010-11-23,47.38506884912701,47.661970887760894,46.312069676913374,47.39001083374024,8962970,-0.0046844921502464,0,0.0197234425582004,normal
2010-11-24,47.657026130967154,47.963598946252056,46.677977460957095,47.05377578735352,5461830,-0.0071203512478974,0,0.0193501910758713,normal
2010-11-25,46.9746557938374,47.07354829703208,44.58142250946008,45.37257385253906,15126540,-0.0363832909987831,0,0.0204372231239838,normal
2010-11-26,45.49124497986651,46.82631261701191,43.018894709221584,45.59013748168945,7237360,0.0047835874905106,0,0.0198843964953888,normal
2010-11-29,45.6395842627239,46.282393023920086,44.50724746651255,46.08955001831055,5502960,0.0108948337444005,0,0.0200799447928172,normal
2010-11-30,45.98077625491474,47.46913240000883,44.99678175417504,47.14278030395508,5978080,0.0225946319119283,0,0.0196390518144238,normal
2010-12-01,46.87575937173624,48.1613806683225,46.87575937173624,47.48395538330078,8561000,0.007210997087633,0,0.0196189505496077,normal
2010-12-02,47.86471231465738,48.65586380487736,47.37518414703025,48.31467819213867,9677040,0.0173435382335518,0,0.0197676164440863,normal
2010-12-03,48.31467131020043,48.65585687434068,47.67680445105044,48.04765701293945,3717350,-0.0055420380188051,0,0.0190767402590438,normal
2010-12-06,48.04766055134064,48.95254177439029,46.93510278374086,47.48891067504883,7019020,-0.0116971484781256,0,0.0191309826270081,normal
2010-12-07,47.28122516099096,47.57790642156732,45.64452681250743,45.881874084472656,11905320,-0.0344260853595423,0,0.020490982882696,normal
2010-12-08,45.9758315346296,46.38129686552404,44.868215794984906,46.12911605834961,8999090,0.0053741964642015,0,0.0205591734505677,normal
2010-12-09,46.480185481485975,46.57907798414585,43.49853163345563,44.77426528930664,8969440,-0.0298107965535883,0,0.021343371498953,normal
2010-12-10,44.77426200749853,46.87575960129872,44.502301986356926,46.697750091552734,9946550,0.0420624467400774,0,0.0236177182616574,normal
2010-12-13,46.87576422896996,46.9796024911551,44.952275955025065,46.40106964111328,6747550,-0.0063734740264802,0,0.0231686640322773,normal
2010-12-14,46.48019290594419,46.83621200839948,45.52091963238499,46.2379035949707,10933800,-0.0035226257193619,0,0.0230510535634809,normal
2010-12-15,46.18350105486056,46.18350105486056,43.91882743665756,44.48746871948242,15061880,-0.0385923381517643,0,0.0244836171755413,normal
2010-12-16,44.551752120490285,46.1291128356973,44.21551232525044,45.91154479980469,7514320,0.0315090584278094,0,0.0257053594075283,normal
2010-12-20,47.35045670275333,47.35045670275333,44.309464905794925,44.4924201965332,7805740,-0.0313977641316216,0,0.0247969052608328,normal
2010-12-21,44.86821526082171,45.41707736681017,44.50230844766521,44.97205352783203,9338060,0.0107224221330182,0,0.0228427545579103,normal
2010-12-22,45.39234851861413,45.39234851861413,44.625918492564594,44.942378997802734,5833710,-0.0006600615779501,0,0.0228434949366515,normal
2010-12-23,44.89788958012787,45.06600761452441,44.17595986622589,44.413307189941406,7437160,-0.011842066538001,0,0.0229163937938963,normal
2010-12-24,44.41330857251143,44.798994684611145,44.11662723801225,44.59626388549805,8127290,0.0041109501148848,0,0.0215493193249937,normal
2010-12-27,44.650653059652576,44.96711363262956,43.9237813842966,44.25012969970703,2998880,-0.0077917836172471,0,0.0215593550887892,normal
2010-12-28,44.45285997684508,44.79898751629202,44.05728241247094,44.41824722290039,7509000,0.0037920559839843,0,0.0214025085416115,normal
2010-12-29,44.798985644135385,44.848431894488975,44.15617684452454,44.39352035522461,7005170,-0.0005568376576436,0,0.020622881024734,normal
2010-12-30,44.60614951115826,44.70010004208462,43.76060605034406,44.00289535522461,11087210,-0.0088380855616732,0,0.0205164390391067,normal
2010-12-31,44.007834949790045,45.19456383776895,44.007834949790045,44.8632698059082,4477070,0.019363980274309,0,0.0206307197826313,normal
2011-01-03,45.28356953598798,45.48630030128292,45.085780755146345,45.20445251464844,4401800,0.007576173392497,0,0.0207772802916638,normal
2011-01-04,45.19456384574328,45.88682267822871,45.19456384574328,45.54069137573242,6326080,0.0074106532968816,0,0.0207980320445794,normal
2011-01-05,45.49124446660691,45.970881017301615,44.10672682166386,44.39352035522461,5935050,-0.0255127214020145,0,0.0201542915170833,normal
2011-01-06,44.50232082899348,44.98690331570181,43.79028248852687,44.01773834228516,4606180,-0.0085008240224695,0,0.020138618244453,normal
2011-01-07,43.711149093192816,44.46274183911351,42.71231757284971,43.03866958618164,8854250,-0.0224936925462961,0,0.0196744589907935,normal
2011-01-10,42.92000401086776,43.03867577254323,39.755394776966135,40.83333969116211,15264050,-0.0526001072554542,0,0.0199074573366244,normal
2011-01-11,40.9272926230348,42.47004084791021,40.101528378593656,41.32781600952149,12749690,0.0120368873679947,0,0.0203446752382969,normal
2011-01-12,41.54537293301575,42.47497906361516,41.04101512987705,41.90633773803711,10114010,0.0139012897674399,0,0.0208144857694474,normal
2011-01-13,42.0299561842184,42.80132829051467,39.82462011242969,40.21525192260742,10418640,-0.0411907494235452,0,0.0210425965505748,normal
2011-01-14,40.249865254576136,41.81733450230997,38.92468528966848,39.33015060424805,8072450,-0.0222549090480193,0,0.0195045891161017,normal
2011-01-17,39.626830220500246,40.536657090627145,39.013688403734456,39.93340301513672,7820790,0.0152217262825975,0,0.0193127778845086,normal
2011-01-18,40.43776812049455,40.94212978431658,39.705954413685134,40.07186126708984,8383240,0.0034612319932754,0,0.0190602373995206,normal
2011-01-19,40.3932689182744,41.327817226755634,39.8641859935125,40.91246032714844,8133500,0.0207602961684889,0,0.0199437273876966,normal
2011-01-20,41.011343780317056,41.6343732758571,40.28941801940866,41.42669677734375,12111240,0.0124908525725162,0,0.0202251467083218,normal
2011-01-21,41.33769730815624,41.62449085561949,40.645438452127024,40.902565002441406,5470070,-0.0127327476208995,0,0.0202430715963505,normal
2011-01-24,41.05090552325949,41.772835179941694,40.56138118674862,40.95695877075195,6010360,0.0013289541353,0,0.0202635364579039,normal
2011-01-25,41.130027088257634,41.60471797794504,39.903739460517606,40.06196975708008,7249660,-0.0220942300131348,0,0.0205729535549794,normal
2011-01-27,40.34875931328985,40.447655596568325,38.56866771185937,38.79612350463867,8850910,-0.0321071672369406,0,0.0213945386211239,normal
2011-01-28,38.76645827532934,39.01369333604891,37.011087835217374,37.53522872924805,9707980,-0.0330404071981575,0,0.0221892412285495,normal
2011-01-31,37.470939837812544,38.34120818333184,36.53639174380588,38.09891891479492,8138310,0.0149059820248083,0,0.0219212054575829,normal
2011-02-01,38.148371415504805,38.89996435579227,36.98636736050074,37.2583236694336,11706660,-0.0223105327139361,0,0.0218095796283348,normal
2011-02-02,37.3473316785392,38.26704650496292,36.31883281011791,36.82814025878906,7861080,-0.0116131401756507,0,0.0214372783156856,normal
2011-02-03,36.778679035764135,37.77256484054243,36.447385025007,37.43632507324219,4160590,0.0163792577961112,0,0.0219458261763595,normal
2011-02-04,37.38688408846172,37.67861963295679,35.24088191998482,35.57712173461914,7507980,-0.0509387083294869,0,0.023907544934833,normal
2011-02-07,35.77490860667882,36.24465743401345,35.413947570234335,35.58206558227539,9753440,0.0001389517742014,0,0.0238527399223386,normal
2011-02-08,35.63150807201132,36.02213983654365,33.134436759883606,33.421226501464844,10528680,-0.0626505130227985,0,0.0248915114728792,normal
2011-02-09,33.149272977793515,35.85896676968695,32.93170494614253,35.201324462890625,21727000,0.0518924865640935,0,0.0281340941603889,normal
2011-02-10,35.11231966140064,36.65012183423144,34.331056069108975,35.89852523803711,11740160,0.0196125062471765,0,0.0283960978866695,normal
2011-02-11,35.94797488043309,37.82696277567896,35.206269727968795,37.39183044433594,9114040,0.040756028312336,0,0.0292152563740282,high_volatility
2011-02-14,37.49071934902992,39.65649682777376,37.49071934902992,39.37464904785156,10284060,0.0516699407932792,0,0.0313356024884598,high_volatility
2011-02-15,39.359815750530935,41.23880347459816,38.815899442776896,40.68004989624024,15025430,0.032615613698546,0,0.0320127135741052,high_volatility
2011-02-16,40.635551855005005,40.942124666703975,39.577386171811874,40.48720932006836,16082920,-0.0047516927606672,0,0.0320311548899526,high_volatility
2011-02-17,40.44765961284719,41.026188780568745,40.05208198546904,40.72950744628906,8600330,0.0059667234707654,0,0.0317082314770611,high_volatility
2011-02-18,40.94212878598525,41.59482921486291,40.15591930773047,40.39820861816406,14736990,-0.0081673855948287,0,0.0316085555362049,high_volatility
2011-02-21,40.40314767491356,41.04101449751556,40.10646639690283,40.7591667175293,7122810,0.0088953216633504,0,0.0315652233970192,high_volatility
2011-02-22,40.53665954194195,40.99157111826104,39.661445372114,40.42787551879883,9392170,-0.0081612293889614,0,0.0316127111662793,high_volatility
2011-02-23,40.353702549119774,40.72455510009991,40.07680051825692,40.34381103515625,9556200,-0.0020815342004576,0,0.0312124131168498,high_volatility
2011-02-24,40.002630931454846,40.39820473892152,38.642838187491655,39.76034164428711,53535730,-0.0145680265087726,0,0.0304905164176091,high_volatility
2011-02-25,39.75538964682096,40.53665316975823,38.44009760649568,39.95317840576172,7637020,0.0048382542265086,0,0.0294070972671938,high_volatility
2011-02-28,40.348757630086126,42.30191670264837,39.75539504519806,40.05702209472656,13085310,0.0025957627058392,0,0.0292759945169029,high_volatility
2011-03-01,40.62072075193875,41.515710453992085,40.279535164964784,40.98168182373047,10168620,0.0228211907322233,0,0.0290005489461025,high_volatility
2011-03-03,40.99157132653779,42.12885027311396,40.05207739849145,41.02618408203125,14635260,0.0010853169309452,0,0.0287611788167514,normal
2011-03-04,41.53548069009624,42.2524606930059,41.05089842214213,41.45636367797852,9916590,0.0104308973970264,0,0.0286722574838379,normal
2011-03-07,41.23880597207256,41.47614950100841,40.150969518176574,41.16463470458984,9769130,-0.0070618896281251,0,0.0256814340274234,normal
2011-03-08,40.8481741132727,42.227746106150406,40.64543956717436,41.85194778442383,7740850,0.0165588311145969,0,0.0257031148625409,normal
2011-03-09,42.02996059309421,43.20679813159808,42.02007285050509,42.69749450683594,16325410,0.0200019039645127,0,0.0196607407219339,normal
2011-03-10,42.42553000760496,42.554089498971486,41.68382496392311,42.22774124145508,7493580,-0.0110628614027987,0,0.017944098597241,normal
2011-03-11,41.63437867465082,41.92611797968424,40.80861455740765,41.56021118164063,11125330,-0.0159341328695488,0,0.0185965717885812,normal
2011-03-14,41.33769391502103,42.49475575144573,41.07562540169814,42.13873672485352,6197810,0.0138241822880638,0,0.0169504137700045,normal
2011-03-15,41.04100952946083,41.535479523791686,40.74927404360883,41.18440628051758,7410400,-0.0229077335001171,0,0.0143769195076609,normal
2011-03-16,41.481091293417045,42.02995333881865,41.238802030471696,41.91128158569336,3498760,0.0174953445682191,0,0.0130304196762092,normal
2011-03-17,41.53548240157125,42.71726546810112,41.13990486969637,42.23762893676758,10423650,0.0077564637547569,0,0.0130151945094366,normal
2011-03-18,42.81122697339981,42.81122697339981,41.54043882452241,41.79756164550781,11536680,-0.0104735007070155,0,0.0132757649393443,normal
2011-03-21,41.93105974453736,42.05467725112796,41.24868869375277,41.60965347290039,8177910,-0.0045058090059666,0,0.0131631872533733,normal
2011-03-22,41.53548402175437,41.93106156905962,41.446479262236046,41.64426803588867,3844080,0.0008315419707689,0,0.0130469996794431,normal
2011-03-23,41.55526021312866,42.96944474761393,41.55526021312866,42.79143524169922,24231790,0.027174234433084,0,0.0140820010805713,normal
2011-03-24,42.92000614272322,44.43802919718607,42.92000614272322,44.12651062011719,8865690,0.0307227782966896,0,0.015333337495163,normal
2011-03-25,44.36386159564301,44.99678277168748,43.63698988572989,44.8336067199707,22838820,0.0158972585141285,0,0.0148468746132426,normal
2011-03-28,44.89789050759517,45.38246913528397,44.41825386513231,44.754493713378906,10154800,-0.0017661503430432,0,0.0149472840357117,normal
2011-03-29,44.69019965855366,45.37257070985768,44.62097415661077,45.11544418334961,8480170,0.0080327731228102,0,0.0149377884280898,normal
2011-03-30,45.23907232996496,45.64948345408583,44.87811123815381,45.40224838256836,6533000,0.0063369966879833,0,0.0144028659012205,normal
2011-03-31,45.41213075119749,45.78792907173213,44.734709149814506,45.27862548828125,14504530,-0.0027265500561526,0,0.0144840846114385,normal
2011-04-01,45.199512225688665,45.68903655294132,44.31441032191411,44.601200103759766,5088380,-0.0150743107899535,0,0.0150847342101053,normal
2011-04-04,44.50231044992084,45.88682828403253,44.13145786283817,45.60498046875,7293170,0.0222561645420542,0,0.0154094166550374,normal
2011-04-05,45.98571253291546,45.98571253291546,44.66053270902364,45.10555648803711,4895620,-0.011011488716548,0,0.0155648514900841,normal
2011-04-06,45.14512036455649,45.41707664837468,44.31935245376224,44.551753997802734,6823450,-0.0123539180603882,0,0.0154672221781183,normal
2011-04-07,44.47264022853708,44.87810554347506,43.8001606175413,44.06222915649414,8135120,-0.011048590834541,0,0.0154665820690103,normal
2011-04-08,43.9633375989792,44.40341567814223,43.42436323811764,43.72599029541016,3159370,-0.0076602648369012,0,0.0150634852993467,normal
2011-04-11,43.53314521516121,44.20562480906704,43.53314521516121,43.78038024902344,6882660,0.0012431085937865,0,0.0148283112154129,normal
2011-04-13,43.61225863008838,45.29345762124414,43.419415604743314,45.08578109741211,7356950,0.0293811442895606,0,0.0148317565667905,normal
2011-04-15,44.89294874145959,45.56048273957195,44.4330913165363,44.695159912109375,6937590,-0.008701705411338,0,0.0147827417320087,normal
2011-04-18,44.7989873222685,44.96710910677691,44.00783596945392,44.47758102416992,14968080,-0.0048799513716573,0,0.0148483418578335,normal
2011-04-19,44.10672853599692,44.3786885822728,43.51336596367694,43.77048873901367,4428230,-0.0160254478006476,0,0.015154051768909,normal
2011-04-20,44.13145066884193,45.66925278106376,43.864436396968266,45.525856018066406,5535140,0.0393206114758837,0,0.0171539399076259,normal
2011-04-21,45.57531149969567,45.94122211630021,44.99678234635863,45.63959503173828,3325760,0.0024952231656842,0,0.0171392550336827,normal
2011-04-25,45.09567441205766,46.71753960970404,44.91766486320022,46.445579528808594,5087940,0.0175056426503936,0,0.016596190818614,normal
2011-04-26,46.381293675774,46.45051918317756,44.80887871580834,45.89176559448242,5902370,-0.0119955923458019,0,0.0157146397364354,normal
2011-04-27,45.89176148988876,46.42084426201281,44.95721345102018,45.293453216552734,4678890,-0.0131232007206092,0,0.0156999278719114,normal
2011-04-28,45.51597762324916,45.88683022602683,43.24141197487324,43.63698959350586,8504580,-0.0372573255871238,0,0.0178318044680217,normal
2011-04-29,43.810054729345474,44.22541161888739,41.64427682086535,42.53432083129883,5758810,-0.0255938768419805,0,0.0184824876274049,normal
2011-05-02,42.96945422318412,43.02384623823623,40.5811626359211,40.85312271118164,7117370,-0.040328037267328,0,0.0201217833761314,normal
2011-05-03,40.91740453617471,41.85195280927886,40.38337587368439,40.79873275756836,15754390,-0.0013322406783191,0,0.0201335039360786,normal
2011-05-04,40.8432216657766,41.59481818611431,40.675103674849886,40.83827590942383,13006030,0.0009687556071371,0,0.0200391451788338,normal
2011-05-05,40.823441976453736,42.02006224307976,39.83450197684967,41.73326873779297,28447250,0.021678845508863,0,0.0199990917174786,normal
2011-05-06,42.02996044363982,42.96450867405661,41.93600991309277,42.74694061279297,8214660,0.0239990060286423,0,0.0209049598499,normal
2011-05-09,43.01889973954396,43.10295875317344,41.812391459186514,42.415645599365234,2874130,-0.0077803340496802,0,0.0208184656435417,normal
2011-05-10,42.52442576449145,42.61343052745695,41.446480867468,41.74810791015625,4114360,-0.0158631634065016,0,0.0209504619718435,normal
2011-05-11,42.22774980125486,42.22774980125486,41.33770205941622,41.901397705078125,5270410,0.0036650537354572,0,0.0209623143526519,normal
2011-05-12,41.89645125775514,42.336529324207696,40.54654628849119,40.78389358520508,7840950,-0.0270319460867751,0,0.0216644780282458,normal
2011-05-13,40.744334859312936,41.93106379162443,40.744334859312936,41.530540466308594,7991010,0.0181418330335345,0,0.020897640060425,normal
2011-05-16,41.33769413282074,41.80249717248808,40.55643057285006,40.65532684326172,2805110,-0.021299202371638,0,0.0212306186635436,normal
2011-05-17,40.546548742460665,41.17452411795888,40.30425944652124,40.58116149902344,8310280,-0.0018259126251529,0,0.0212405154362199,normal
2011-05-18,40.595985412597656,41.115180410948106,40.50203867982971,40.595985412597656,3425380,0.0003652238173668,0,0.0210915148211793,normal
2011-05-19,40.84322448488318,41.04101325507168,40.44270496031906,40.516876220703125,6805180,-0.0019505961295069,0,0.0185159719250959,normal
2011-05-20,40.74433568885794,41.61460409327246,40.55149265783815,41.23386001586914,5735630,0.0175411797451539,0,0.0191661837115541,normal
2011-05-23,40.91740730872171,41.13991738024929,39.94330045257441,40.50699615478516,9664070,-0.0177850601146616,0,0.0185937762846592,normal
2011-05-24,40.44765946523585,41.23881094459703,40.34876317249832,40.76906204223633,5773980,0.0064488067329446,0,0.0187810885134854,normal
2011-05-25,40.5663305095277,41.93106914453346,40.5663305095277,41.68383407592773,27207530,0.0221898711110104,0,0.0197052638139853,normal
2011-05-26,41.69865822515388,42.62331475997199,41.48603596293505,42.31674575805664,12498650,0.0150695069168014,0,0.0185164189085643,normal
2011-05-27,42.12884579505294,43.612255911392936,42.12884579505294,43.32546615600586,14282700,0.0235577065419905,0,0.0184168510077296,normal
2011-05-30,43.167236864055454,43.90894193888453,42.63815406157766,42.96944808959961,4150520,-0.0082512414413766,0,0.0158539364148635,normal
2011-05-31,43.117790620804406,44.0078382976245,42.96945185633934,43.65676498413086,5871710,0.01586889911355,0,0.0160983418494927,normal
2011-06-01,43.62215423583984,44.19079562372466,43.41447769252777,43.62215423583984,1646790,-0.0007931067528006,0,0.0161170716959618,normal
2011-06-02,43.295798981250144,43.51336702357034,42.44530984037009,42.7271614074707,6177860,-0.0207303294333147,0,0.0163593787380642,normal
2011-06-03,42.722220340764544,43.45897978427177,42.722220340764544,43.07823944091797,6570940,0.0081831677053685,0,0.0155608915181167,normal
2011-06-06,42.75188155386603,43.89905195877461,42.75188155386603,43.8001594543457,10834850,0.01661947363531,0,0.0158409094085409,normal
2011-06-07,43.45402122320072,44.46274045225402,43.41446649123311,44.27978897094727,11511330,0.0108908841560313,0,0.0154118918874969,normal
2011-06-08,44.106727795343,44.70009413020621,43.74082100764034,44.03750228881836,8603030,-0.0054867464003236,0,0.0155247956438191,normal
2011-06-09,43.81499581624446,44.50230895271356,43.26613370402706,43.468868255615234,2317150,-0.0129965860473872,0,0.0143964811027319,normal
2011-06-10,43.56775474709204,43.83971477323147,43.05845121860088,43.56280899047852,8441650,0.0021587719395612,0,0.0139596795474415,normal
2011-06-13,43.24140567053933,44.20562456068868,43.24140567053933,43.869384765625,7458040,0.0070129095118756,0,0.0128201449386546,normal
2011-06-14,43.923777452016935,44.690203800999946,43.923777452016935,44.2995719909668,47162060,0.0097583243552512,0,0.012814068422118,normal
2011-06-15,44.31935765550154,44.48253370844876,43.251304105999694,43.42931365966797,2872370,-0.019840372348479,0,0.0138982106439338,normal
2011-06-16,42.52442840874031,44.36880353334826,42.52442840874031,43.518314361572266,7738440,0.0020472262444481,0,0.0138462622928105,normal
2011-06-17,43.88916890861205,44.28968849861973,43.21668924359443,43.50348281860352,39317990,-0.0003408696118203,0,0.0134690413642954,normal
2011-06-20,43.4144664357565,44.10672140063794,42.45519345226848,42.8458251953125,11444070,-0.0152327877352007,0,0.0132756500357351,normal
2011-06-21,42.75682183489804,43.8100415849564,42.75682183489804,43.03866958618164,5015600,0.004490792324137,0,0.0132545806019522,normal
2011-06-22,43.46392507806516,43.51337133644594,42.336533787949385,42.56893157958984,3598210,-0.0109743227148837,0,0.0127541842069452,normal
2011-06-23,42.62332636074255,43.167246555741016,42.17336047602593,42.92495346069336,4031920,0.0083286410232874,0,0.0124496518137016,normal
2011-06-24,43.048572728535234,44.45287000355779,43.048572728535234,44.25508117675781,10445040,0.030516871132447,0,0.0131965787692113,normal
2011-06-27,44.17595042550446,45.25389523585349,44.00783242703597,45.095664978027344,12145920,0.0188159279527706,0,0.0135737870354263,normal
2011-06-28,45.095675073558056,45.96594357268158,44.70504698437121,45.56047821044922,11846970,0.0102545131347477,0,0.0133368876645779,normal
2011-06-29,45.89176740240534,46.228007211257726,45.412130816137214,45.9263801574707,5688480,0.0079990482690015,0,0.0133801552236671,normal
2011-06-30,45.78793066100779,47.8152573233917,45.69398390699381,47.40485000610352,15457360,0.0316848611990718,0,0.0137046938084325,normal
2011-07-01,47.765818607254566,47.86471490670508,46.643372959174826,46.816436767578125,4137900,-0.0124901900252889,0,0.0142367208543998,normal
2011-07-04,47.34056401044754,48.94264977257162,46.92026520043326,48.27511215209961,7680730,0.0306817972588029,0,0.0151991290822227,normal
2011-07-05,48.45806665846624,48.54707142159637,47.32572975017468,47.87459182739258,4228260,-0.0083312298381232,0,0.0154043239584001,normal
2011-07-06,47.86470172104995,48.03281972504095,47.13783015348488,47.3504524230957,2514650,-0.0110085472094114,0,0.0156293099075444,normal
2011-07-07,47.27134586761149,48.55696751078244,47.15267408720546,48.31467819213867,5112430,0.0201590363524997,0,0.0155313746887915,normal
2011-07-08,48.359178933673874,48.55696396239446,47.27134241317263,47.558135986328125,6721050,-0.0157825326407334,0,0.0162240955995709,normal
2011-07-11,47.46913075817682,47.90426309869071,47.22684145956741,47.71636581420898,5740460,0.0033215597114963,0,0.0162136493820852,normal
2011-07-12,47.038234042107575,47.74110899810269,46.478904609760015,47.097633361816406,5885220,-0.0130516852149766,0,0.0165999503269565,normal
2011-07-13,47.50847447947517,48.874624969217095,46.99863876922796,48.53803634643555,35598220,0.030124992477448,0,0.0167310458749231,normal
2011-07-14,48.31033709325125,49.63689160326375,48.26083955155936,49.25575637817383,52633700,0.0146784964209762,0,0.0168295533041251,normal
2011-07-15,48.92907691575864,49.196368233293,48.25095251011558,48.404396057128906,5816960,-0.0174356043385381,0,0.0175954909023952,normal
2011-07-18,48.69642844865483,48.69642844865483,47.73616395189394,48.35489273071289,4026990,-0.0010232264282903,0,0.0169979127796535,normal
2011-07-19,48.21135522804923,49.98339565197249,48.15690678433384,49.56760787963867,13882780,0.0247701426506612,0,0.0174976456917397,normal
2011-07-20,49.80519966429793,50.38432897080318,48.33014840072204,48.57268905639648,7337390,-0.0202761340677359,0,0.018115014989455,normal
2011-07-21,48.468740925662544,48.755832010338594,46.83529907340233,47.11743927001953,17525440,-0.0304182263764385,0,0.0199036777476599,normal
2011-07-22,47.27583783879444,48.419247613116525,47.13229228388997,48.06781005859375,7782950,0.019969530523761,0,0.0193134835721749,normal
2011-07-25,48.10245029865301,48.349941810011295,47.19167957311573,48.19154739379883,6668690,0.0025709168777892,0,0.0190025353391449,normal
2011-07-26,48.349946586520616,48.50834101838093,45.82058278844849,46.1423225402832,11418310,-0.0434530521184526,0,0.0215897430746039,normal
2011-07-27,46.42940904791286,46.52345325427612,44.86030999560087,45.87502670288086,8626120,-0.0058096998322194,0,0.0215626139836527,normal
2011-07-28,45.9344336852613,46.32051990319186,44.94446747459983,45.38500213623047,16303020,-0.0107391874060365,0,0.0203271188531911,normal
2011-07-29,45.38499192221052,45.38499192221052,43.69214721287858,44.05843734741211,13810340,-0.0296648267706056,0,0.0211325502211485,normal
2011-08-01,44.44947726263146,45.51368774780814,44.28613195764704,44.96425628662109,7768960,0.0203509951243376,0,0.0203777961166404,normal
2011-08-02,44.67716987645123,45.50379064003953,44.17723595280872,45.33054733276367,17064550,0.0081132698831249,0,0.0205061825611663,normal
2011-08-03,44.60291837745666,45.89482430798719,44.59796749006497,45.39984130859375,11710380,0.0015274703512369,0,0.0204312786601493,normal
2011-08-04,45.60279094953497,45.835433607222186,44.5732289872824,44.72172164916992,10082140,-0.0150492831138273,0,0.0199226202612128,normal
2011-08-05,43.3605167492973,44.44948178352991,42.81603612039159,43.53376007080078,15642440,-0.0269225958505714,0,0.0204228353840834,normal
2011-08-08,41.90031619135523,44.84546384611019,41.90031619135523,43.3852653503418,8259400,-0.0034168552675599,0,0.0203438148589567,normal
2011-08-09,42.46954277289799,44.64746494470151,42.0735548636134,44.35542678833008,12620100,0.0221151886243542,0,0.0210951150953506,normal
2011-08-10,45.4394466353878,45.88987925839814,44.64747071447196,45.449344635009766,10147990,0.0243633370196292,0,0.0206536706088482,normal
2011-08-11,45.03356310011507,47.23128544737057,44.855368885956345,46.54821014404297,8778920,0.0238901517543785,0,0.0211716201258893,normal
2011-08-12,47.32037673419068,47.32037673419068,44.96425646288176,45.38994216918945,5205500,-0.0251980104216458,0,0.0215217788219739,normal
2011-08-16,45.63743154903792,46.01361969022421,43.578304212039534,43.80599594116211,3424910,-0.0355198407333667,0,0.0226876386768447,normal
2011-08-17,44.05348783642441,44.91970810287096,42.5982365803396,44.10298538208008,8423460,0.0067567742531644,0,0.0217857435679688,normal
2011-08-18,44.05349677651294,44.54352899786491,42.578445447539096,43.0684814453125,7953750,-0.0237360352847022,0,0.0219197314535426,normal
2011-08-19,42.12800528586511,43.73670010665224,41.98445975637823,42.90512847900391,9733850,-0.0038000768614545,0,0.0211546935624314,normal
2011-08-22,42.81603574508404,43.31596970540144,42.1230586887233,42.58339309692383,8447480,-0.0075270198891823,0,0.0203462925306453,normal
2011-08-23,42.73188838532607,43.45951408620706,42.37054909066873,42.57349395751953,6623180,-0.0002324918110865,0,0.0202933090048063,normal
2011-08-24,42.172548875060045,43.3110112528459,42.172548875060045,42.454689025878906,8410520,-0.0027944854232058,0,0.0183037314003928,normal
2011-08-25,42.93977826592035,42.964528928226976,41.47957982393002,41.87061309814453,8923480,-0.013853143808721,0,0.0184297111035852,normal
2011-08-26,41.87556215063994,42.31609673016071,40.68760216398207,41.03904342651367,9736230,-0.0200603305519178,0,0.0187097456910078,normal
2011-08-29,41.28158827613301,43.95449757593261,41.083594295329135,43.68720626831055,9394420,0.0625314042292246,0,0.0231519369073101,normal
2011-08-30,44.449477711364274,44.449477711364274,43.098172374592416,43.82579803466797,7366350,0.0031673437182218,0,0.0226539139853412,normal
2011-09-02,45.13750013779076,45.389938744066384,43.37041101175876,43.860443115234375,8707100,0.0007902056677271,0,0.0225530185931099,normal
2011-09-05,43.72679770411166,44.3702771337634,43.38031110440424,44.17228317260742,7426540,0.0070846689602506,0,0.0226283132924539,normal
2011-09-06,43.79114565151797,45.72652717523163,43.1130175969146,45.42458724975586,10701290,0.0279560129839362,0,0.0232935928356237,normal
2011-09-07,45.879976754829,46.548203068134846,45.43944217468704,46.38980865478516,8622580,0.0210262662175,0,0.0227535867512934,normal
2011-09-08,46.42940890732029,46.924391928607626,45.63743305212395,46.49375534057617,5880990,0.0022382157771327,0,0.0227024113670135,normal
2011-09-09,46.56304802764727,46.62739445449961,45.25134239648814,45.50873565673828,5546900,-0.0214137098395492,0,0.0229054454149635,normal
2011-09-12,44.840514103183565,45.51369137456072,44.39008147719477,44.92961120605469,7023540,-0.0128072302660506,0,0.0224374142103235,normal
2011-09-13,44.944459979554296,46.49870636898927,44.944459979554296,45.87502670288086,11632180,0.0208238187352645,0,0.0222713042149093,normal
2011-09-14,46.132421583419934,46.42446356459944,45.37015096284289,46.181922912597656,5678480,0.006667554116297,0,0.0215569934440534,normal
2011-09-15,46.181922599264,47.74606715900063,46.181922599264,47.51837539672852,18401420,0.0285280441206832,0,0.0206036144076854,normal
2011-09-16,47.716364125208806,47.97870452291157,46.37990769858045,46.592750549316406,13295440,-0.0196715252722237,0,0.0212591093060118,normal
2011-09-19,46.162114395581085,47.12237882178281,46.03341776164542,46.889739990234375,5399950,0.0063539265670846,0,0.0203308180102622,normal
2011-09-20,46.72639262846678,47.656959242701056,46.58284711551644,47.45896530151367,5669840,0.012066561299235,0,0.0203097029243511,normal
2011-09-21,47.285723904061385,48.01334949548833,47.16692904518162,47.57281494140625,5618800,0.0023960341281394,0,0.0201066371939653,normal
2011-09-22,46.62740424724509,46.92439711397319,44.95931369808424,45.23155212402344,5029040,-0.0504665842611702,0,0.0236848703353053,normal
2011-09-23,44.959311725787536,46.12252114804048,44.15248693041615,45.01870727539063,10469100,-0.0047167785370021,0,0.0237136255041704,normal
2011-09-26,45.0929538139133,45.672083059558695,43.96934398407769,45.33054733276367,4749600,0.0069030186697771,0,0.0233923853040637,normal
2011-09-27,45.63742895246422,46.57789736371101,45.587931410066055,46.360107421875,5837550,0.0224581963084711,0,0.023022698850432,normal
2011-09-28,46.05817174751905,46.216566163639264,45.01375726808173,45.7116813659668,5561930,-0.0140854605968798,0,0.0191938079043098,normal
2011-09-29,45.35528729993167,47.51836419629516,45.21669267525306,47.1619758605957,6920130,0.0312340967545896,0,0.0202597009595948,normal
2011-09-30,47.102581430896734,47.102581430896734,44.8702071696513,45.50873565673828,5165080,-0.0356836717662152,0,0.0220912328483788,normal
2011-10-03,45.02365516288452,45.02860605049519,43.75649983685037,44.1772346496582,4841940,-0.0296946967614482,0,0.0231380975757007,normal
2011-10-04,44.12773374375184,44.9444564219857,43.26151352244148,43.69214630126953,7082050,-0.0110412357792295,0,0.0222862096820862,normal
2011-10-05,43.66739439746404,44.3356205932214,42.03394922879489,42.50913238525391,8319300,-0.0274494349437417,0,0.0222925549100878,normal
2011-10-07,43.65749537512751,45.03849828080464,43.65749537512751,44.22672653198242,5758420,0.0396103465120027,0,0.0243470784705842,normal
2011-10-10,43.86044165071258,45.23154282776969,43.855490763572334,44.9890022277832,2465240,0.0170887859507775,0,0.0242949539788376,normal
2011-10-11,45.33054903226898,45.835430086176025,44.68211866298182,44.85536575317383,4466430,-0.0029748458621541,0,0.0241333308139269,normal
2011-10-12,45.38993617825898,47.01348346843845,44.9840502998192,46.64224624633789,5430030,0.0390634831526917,0,0.0252822405493816,normal
2011-10-13,46.924399152233946,47.31543247599705,46.3650658351652,46.91449737548828,7026590,0.0058200379171751,0,0.0252726483945374,normal
2011-10-14,46.449202828570485,47.50351903369223,46.25121265004262,47.062984466552734,79378380,0.003160059446575,0,0.024429612328473,normal
2011-10-17,47.55796682143024,47.55796682143024,46.280909794555065,46.73134613037109,3600140,-0.0070716367635155,0,0.0240684853902992,normal
2011-10-18,46.41950706916696,46.81054410862431,45.73643186022797,46.00372314453125,5051480,-0.0156928317152407,0,0.0242733183913964,normal
2011-10-19,46.34525685191718,47.12238000954286,46.172013557495006,47.062984466552734,3895270,0.0227644684787562,0,0.0246896425278939,normal
2011-10-20,46.53336068017791,46.825398886402645,45.72653583815258,46.70660400390625,3340830,-0.0076012315803448,0,0.0247308188641755,normal
2011-10-21,46.90954883953003,46.94914839565586,45.95918215103931,46.11757659912109,2532060,-0.0126914195689575,0,0.0220441158224046,normal
2011-10-24,46.49870485139537,47.211477812978345,46.42940753258064,46.612548828125,4019220,0.0106756445693969,0,0.0221037418990409,normal
2011-10-25,46.68185129958752,49.85964542299837,46.03342469778317,49.0726203918457,26287510,0.0514314567361071,0,0.0247369474515471,normal
2011-10-28,49.9982309213048,51.47822894610768,49.40424909068979,50.527862548828125,14336220,0.0292236679990831,0,0.0250474440638703,normal
2011-10-31,50.53280994705274,50.81495386728407,49.76558860405408,50.72585678100586,6924040,0.0039108585016967,0,0.0246724793484477,normal
2011-11-01,50.156631204312205,50.99314995484572,49.21616269450178,49.95863723754883,5910030,-0.0152403684594575,0,0.0242772525234783,normal
2011-11-02,49.42405807949061,50.27047866395118,49.2557656507724,49.661651611328125,6403350,-0.0059623699041271,0,0.0226473603050473,normal
2011-11-03,49.43889658074874,50.09227393551034,48.74097257236307,49.96358108520508,4527760,0.0060613238253526,0,0.0211808538322342,normal
2011-11-04,50.14178066345332,50.48826726154269,49.30525816409667,49.716094970703125,4098450,-0.0049656385900913,0,0.0209637086236855,normal
2011-11-08,49.70619509867631,49.99328616318212,48.6469317137681,49.43890380859375,5116230,-0.0055910823984506,0,0.0196303210577706,normal
2011-11-09,49.70619632779875,49.854692751434655,48.68653246652303,48.89442443847656,6512080,-0.0110742704303197,0,0.0185135604990519,normal
2011-11-11,48.557838817811394,49.89429538384103,48.50834126568167,49.50820541381836,11061870,0.0124750514556799,0,0.018383508036379,normal
2011-11-14,49.99328215379317,50.56251334944224,49.55274759336348,49.73094177246094,8238200,0.0044888884874847,0,0.0182932053832303,normal
2011-11-15,49.69629545628244,50.18632758368532,48.087600657694345,48.6419792175293,3763970,-0.0221403822802876,0,0.0174214894190489,normal
2011-11-16,48.02325685627334,49.30031411157525,47.68666821014156,48.63208770751953,5697750,-0.0002033740411304,0,0.0174058345366239,normal
2011-11-17,48.70632957636187,48.83997332918483,46.63730041644218,47.30552673339844,3509060,-0.027656421008757,0,0.0186018017820115,normal
2011-11-18,47.32037637889224,47.32037637889224,45.81562753149688,47.018436431884766,3686480,-0.0060873436273873,0,0.0185826841667775,normal
2011-11-21,46.82538748478766,46.82538748478766,45.3404385976818,45.69682693481445,3435290,-0.0285109263116147,0,0.0193679744404198,normal
2011-11-22,45.6374335946254,46.69669697065832,44.55837044433514,44.73656463623047,3771480,-0.0212376949413002,0,0.0191033293855737,normal
2011-11-23,44.32077800157962,44.92465786210643,43.33081200764597,43.70204925537109,12998980,-0.0233961733320673,0,0.0196426783194848,normal
2011-11-24,43.66740601137655,44.44452926192053,42.38539792652544,43.78125,11803530,0.0018106488196263,0,0.0195461361411712,normal
2011-11-25,43.65749619306346,44.79595852810271,43.14271723046555,44.26632690429688,6948910,0.0110186294527485,0,0.01955854285846,normal
2011-11-28,44.84546375507854,47.02338993912208,44.56332356650065,46.35516357421875,5015240,0.0461084167913878,0,0.0188066042135511,normal
2011-11-29,46.80559210919854,46.80559210919854,44.74646475608622,45.04840469360352,7096590,-0.0285951182607786,0,0.0180455578354904,normal
2011-11-30,44.54847575578744,46.518510011946425,44.44948065356523,46.20171737670898,8502880,0.025279398532207,0,0.0192400449247237,normal
2011-12-01,47.42926823495899,48.40933618132943,46.77589086285215,47.39957046508789,6795130,0.0255961966891491,0,0.0202021530425676,normal
2011-12-02,47.76585967052893,49.30030622072295,47.048135828534825,49.08746337890625,5674390,0.034990507124804,0,0.0218543997689212,normal
2011-12-05,49.052818128989855,49.12706633969927,48.16185092973952,48.62713241577149,5048860,-0.0094220185808349,0,0.0218809252984487,normal
2011-12-07,48.90431912336576,49.59729226273469,48.498433237555226,48.73602294921875,8956250,0.0022367923151116,0,0.0218776533531866,normal
2011-12-08,48.6073344414917,48.75583086841059,47.33028103095746,47.924259185791016,5509310,-0.016796616570978,0,0.0221434081997843,normal
2011-12-09,47.221378774700135,48.889469061411845,46.94418572779418,48.3994369506836,5436520,0.0098663493744832,0,0.0221647163278523,normal
2011-12-12,48.70632640507977,49.196358502085474,47.46391805722485,47.96385192871094,7323070,-0.0090405380260314,0,0.0220230551641785,normal
2011-12-13,47.48371318402037,48.49842971301409,47.02337890265338,48.15193939208984,10247270,0.0039137731871501,0,0.0220150816656274,normal
2011-12-14,48.15194498046767,49.04291587891058,47.8203072813219,48.33013916015625,8242950,0.0036939496613723,0,0.0214991401037022,normal
2011-12-15,47.81536298380406,48.31034604528531,47.33028169834823,47.86486053466797,5229040,-0.0096737305555953,0,0.0216004530639477,normal
2011-12-16,48.097503517535465,49.10231853521269,46.55315877171475,47.671817779541016,8547630,-0.0040412336132567,0,0.0206806986691634,normal
2011-12-19,47.32037311194861,47.71636101471124,46.0433160907807,46.305660247802734,8230880,-0.0290761958657324,0,0.0216743986947493,normal
2011-12-20,46.52840142974216,46.79569269963668,43.5585034661416,44.05843734741211,16394300,-0.0497473309154172,0,0.0235447463559615,normal
2011-12-21,45.29094692896135,47.30057680828356,42.99422598790145,46.008670806884766,17574750,0.0433130002507664,0,0.0251155965965499,normal
2011-12-22,45.86017561364632,46.28586129490936,44.77616163735781,45.79087829589844,9822810,-0.0047449670884613,0,0.0244847057496034,normal
2011-12-23,45.93442888284178,46.21656907232584,44.75636679841067,45.24640274047852,5507470,-0.0119617379015175,0,0.024692998627699,normal
2011-12-26,45.538437511165824,46.01362075376402,45.06325426856762,45.87007522583008,3109390,0.0136897790487338,0,0.0247535109504146,normal
2011-12-27,45.93937402401136,46.03342200861265,44.53362402481745,44.80586242675781,3335660,-0.0234739599866489,0,0.0230246773645093,normal
2011-12-28,44.543522637136846,45.3206458575704,43.75650141754518,44.974159240722656,10268800,0.0037490971369105,0,0.0221556658713824,normal
2011-12-29,44.65737300198716,45.11770740631287,43.78125085677641,44.14754104614258,5020010,-0.0185508556820415,0,0.0216775399567111,normal
2011-12-30,44.35047542844156,44.35047542844156,42.26659748056866,42.62298583984375,6473410,-0.0351435485917832,0,0.0218217589870183,normal
2012-01-02,42.85562956077352,42.91502510457731,41.39048031635655,41.75181579589844,4823830,-0.0206507389945902,0,0.019873144675853,normal
2012-01-03,42.12304794796049,44.90980435075973,42.12304794796049,44.54351425170898,10769640,0.0647236172745073,0,0.0256797235443127,normal
2012-01-04,44.44947318782023,44.44947318782023,43.21201573578092,43.49415588378906,6101590,-0.0238399781728424,0,0.0259859522828862,normal
2012-01-05,43.558504244680485,44.3504762938451,42.77148308294145,44.0980339050293,13980350,0.0137886172364649,0,0.0261970131869457,normal
2012-01-06,43.657502316943976,45.63743446331642,43.657502316943976,44.93951034545898,9397930,0.0189021721515807,0,0.0265274787959221,normal
2012-01-09,44.266332070881525,45.22164946006048,44.06833810562387,44.86526107788086,6601920,-0.0016535710368081,0,0.0265007446087017,normal
2012-01-10,45.14245542260473,46.50365889372564,45.06326009347854,46.181922912597656,5396280,0.0289246426486688,0,0.0274346804920459,normal
2012-01-11,46.1819198953178,46.5234556305185,45.43944532321572,46.05817413330078,4660650,-0.0026831900118122,0,0.0274009736870739,normal
2012-01-12,45.76118150036552,47.32037886445926,45.68693706393994,46.25616455078125,11423490,0.0042894901026961,0,0.0273839724269389,normal
2012-01-13,46.52345615409925,47.11248719638397,45.63743603491554,46.78084945678711,6698300,0.0112791768763873,0,0.0275292047857866,normal
2012-01-16,46.41455551389637,47.02338628212158,45.24144818882006,45.67208099365234,6325000,-0.0239867275003766,0,0.0272778395101101,normal
2012-01-17,45.93443217740607,47.444128333254326,45.93443217740607,47.20158767700195,10071200,0.032940337213505,0,0.0256698218343214,normal
2012-01-18,47.30058323467111,47.49857722747369,45.1523584202796,45.80078506469727,7883060,-0.0301262971265816,0,0.0249080853320743,normal
2012-01-19,46.2561584815177,47.02338361956297,46.033417648624805,46.95408630371094,7816140,0.0248690049659097,0,0.0254985613841145,normal
2012-01-20,47.32037900427025,49.3250618749453,46.58285531436964,48.934024810791016,16463680,0.0413027213334427,0,0.0267942618107897,normal
2012-01-23,49.19141212929972,49.49830296720791,46.949139609112535,47.25107955932617,13221070,-0.034997456928008,0,0.0280423269488412,normal
2012-01-24,47.439179604710816,49.34981471766695,46.790752936947136,49.08252716064453,13692480,0.0380276076626207,0,0.0285293851916841,normal
2012-01-25,49.290412410214685,49.30031040946593,47.71636617980137,49.05776977539063,10625870,-0.0005045304844593,0,0.0285515807888415,normal
2012-01-27,49.547798478882186,49.69629489225015,47.86485549186813,48.80037307739258,7575320,-0.0052606208149179,0,0.0281423681592645,normal
2012-01-30,48.17669661821138,48.91917112317188,47.02833620159596,47.3599739074707,5218110,-0.0299605182230462,0,0.0277746106510044,normal
2012-01-31,47.51837400430161,49.498306254480845,47.39957912668876,49.3349609375,5268360,0.040855536892765,0,0.0281560926043596,normal
2012-02-01,49.300309333046286,50.68626333605765,48.706331203996186,50.58231735229492,13715010,0.0249690792492947,0,0.0252162188883167,normal
2012-02-02,50.78525957681281,51.02285309964082,49.32506110707236,50.59221649169922,14577840,0.0001956844091055,0,0.024255792250488,normal
2012-02-03,50.61201326112938,51.47823353699223,49.49335059033156,51.34953689575195,10452210,0.0148581775641516,0,0.0242714249426125,normal
2012-02-06,51.87422474346096,51.97321984211567,50.79021066401357,51.5079345703125,4896380,0.0030799473780014,0,0.0241415723745522,normal
2012-02-07,51.676227426237325,53.30966910688055,51.18124441214773,53.01268005371094,10807900,0.0287952661050363,0,0.0245358951174839,normal
2012-02-08,52.86418367796013,53.35916665705555,52.19100652427671,52.78498458862305,7464160,-0.0043043637571917,0,0.0241915172702323,normal
2012-02-09,52.29496532390096,54.94312415633178,52.29496532390096,54.561988830566406,11212860,0.0331106975674488,0,0.0247791038838503,normal
2012-02-10,54.54713042590794,55.33910632452531,53.58191499204684,54.12144470214844,21092230,-0.0081069676751321,0,0.0250428593820435,normal
2012-02-13,54.448130919469605,56.42806295290487,53.90365036555904,56.1063232421875,9665800,0.0360180225725663,0,0.0258199643063138,normal
2012-02-14,55.96277795978944,56.37361476485358,55.19060567184869,55.423248291015625,6943250,-0.0122493699720367,0,0.0251534039987923,normal
2012-02-15,55.83408577578479,57.00719310806492,55.462848513383086,56.79930114746094,10818830,0.0245248719401516,0,0.0248118103914794,normal
2012-02-16,56.428064936571445,57.35863166548763,55.923183911922,56.87355041503906,7222870,0.0013063678286764,0,0.0231241470469977,normal
2012-02-17,57.41802658647305,57.81401448729279,56.730000535524645,57.03194046020508,8771010,0.0027810801048602,0,0.0229449438416757,normal
2012-02-21,56.90819436159824,57.90805832917988,56.363713833650976,57.06163787841797,18210240,0.0005205800241521,0,0.0217728809527021,normal
2012-02-22,56.91810272381137,57.62592867195605,55.75984414125891,56.17068099975586,9462890,-0.015737119491157,0,0.0201513260214429,normal
2012-02-23,55.83408911355159,56.82405520580307,55.00251744500352,56.17562484741211,16098510,8.801086287935078e-05,0,0.0189922842507838,normal
2012-02-24,56.31916557161106,56.99234275893424,54.111541827697344,54.6015739440918,7300590,-0.0284202320886972,0,0.0205179340717083,normal
2012-02-27,54.61642598336817,54.61642598336817,52.4929520975823,53.7799072265625,6492340,-0.0151627833656333,0,0.0209033825291726,normal
2012-02-28,53.85415585922989,56.1310770708928,53.85415585922989,54.56692886352539,12303520,0.0145280749865954,0,0.0193095112366116,normal
2012-02-29,55.04211422250322,56.012284333854616,53.581915720368734,54.22539520263672,6468780,-0.0062786558849787,0,0.017786912343794,normal
2012-03-01,53.75515296058378,56.82404982163301,53.60666032666854,54.92331314086914,6165280,0.0127885608667441,0,0.0172579664580794,normal
2012-03-02,55.43809393842235,57.05668662660665,54.27488468696276,55.98257446289063,9660620,0.019102566253129,0,0.0175472827952127,normal
2012-03-05,55.5766860877228,55.81427956990469,54.9579573883557,55.30939483642578,8292610,-0.012097689364273,0,0.0177888223425798,normal
2012-03-06,55.04210954773124,56.32906840296472,54.07194329519788,54.51247787475586,6377420,-0.014513155347716,0,0.0182508329875096,normal
2012-03-07,54.25013580072167,55.141106707282695,53.804650347441154,54.66097259521485,4649110,0.0027203465933336,0,0.017199803521981,normal
2012-03-09,55.48760143447286,55.91328717711457,54.611483061523046,55.28466033935547,7294430,0.0113455062760818,0,0.0172761785120036,normal
2012-03-12,56.527050813145024,56.527050813145024,55.12625194875756,55.62123489379883,5840870,0.0060695707294966,0,0.0157278442609504,normal
2012-03-13,55.933084468632,56.923050565421946,55.740041381871634,56.37361907958984,7809630,0.0134362513675414,0,0.0158115857240436,normal
2012-03-14,56.972543502135245,56.99729416311942,56.01227903396408,56.66070556640625,8147520,0.0050796447011638,0,0.0136823023509615,normal
2012-03-15,56.52706146545387,57.012146504631616,54.35903711712846,55.31930541992188,6143670,-0.0239589959214727,0,0.0144832873066951,normal
2012-03-16,55.29455236901205,56.12117310095812,52.98793347381814,53.374019622802734,6773730,-0.0357978473828208,0,0.0153422324745897,normal
2012-03-19,53.06218093832222,53.25027691241985,51.97321974937978,52.61669921875,4940270,-0.0142905586568633,0,0.0155015030809001,normal
2012-03-20,52.36920447178716,53.61656000734798,51.63167706077733,53.33937072753906,7998500,0.0136411762997377,0,0.015931718906749,normal
2012-03-21,52.96317642699852,54.10163873926847,52.96317642699852,53.93829345703125,7816340,0.0111659581101077,0,0.0162425234492403,normal
2012-03-22,53.94324986920004,54.00264541324612,50.68626077047659,51.24559020996094,6366130,-0.0512111097776442,0,0.0193647597380562,normal
2012-03-23,51.67622728820125,52.72558885835891,50.88920233416232,52.03261566162109,7070510,0.0152411765876747,0,0.0198477664695216,normal
2012-03-26,51.97321574839704,53.339369905466974,51.78512356519999,52.58204650878906,9089960,0.0105039941342202,0,0.0192077553076625,normal
2012-03-27,53.44826956272683,54.12144301327146,52.54740059376139,53.38887023925781,7788810,0.0152275614026882,0,0.0193038643879731,normal
2012-03-28,53.33442552813042,53.33442552813042,51.32974259399884,51.59208679199219,6770030,-0.0342339977745238,0,0.0203735824205705,normal
2012-03-29,50.750614998917264,53.08693575965342,50.5377721217378,51.933624267578125,9613000,0.0065981428414807,0,0.0204612402097379,normal
2012-03-30,52.2504090517974,54.56692985478659,51.87917176783388,53.98780059814453,4749110,0.0387916593681829,0,0.0222122667314001,normal
2012-04-02,54.076895062409406,55.41829859659937,54.076895062409406,55.042110443115234,7339110,0.0193404305040871,0,0.0222235781680818,normal
2012-04-03,55.43809635115971,55.79448471764447,54.98766000562464,55.38364791870117,8473270,0.0061858495648499,0,0.0221121938445218,normal
2012-04-04,55.27970600459171,55.27970600459171,54.329339475055335,54.5372314453125,2888280,-0.0154007720445483,0,0.0221438657383995,normal
2012-04-09,53.86404932070764,54.834215536942224,52.56719251535886,52.86418533325195,3833690,-0.0311575304745632,0,0.0231973330025981,normal
2012-04-10,53.1166225011172,54.40358127330087,52.81963346769806,54.15608978271485,5758970,0.0241443447426821,0,0.0237453884325185,normal
2012-04-11,53.80465709332136,55.863788434910376,53.23047870765357,55.27475738525391,6648900,0.0204459090178281,0,0.024185183358959,normal
2012-04-12,55.6212355058311,56.41815835823016,55.27474517463748,56.18056488037109,6446960,0.0162545389531025,0,0.0242775398732858,normal
2012-04-13,56.37856828434573,57.80906894938736,56.18552520334848,57.5665283203125,11494490,0.0243704167885132,0,0.0248730515657811,normal
2012-04-16,57.32398495456217,58.309003928350826,57.32398495456217,57.80411911010742,4895150,0.0041187447754147,0,0.0241853430141013,normal
2012-04-17,57.764513976342734,58.551538901728286,56.64585512723856,57.625919342041016,8060110,-0.0030875829554126,0,0.0225301109564027,normal
2012-04-18,58.01201477284485,58.304056750297285,57.0764970649274,57.37843704223633,4354780,-0.0043038836023869,0,0.0222157868713571,normal
2012-04-19,57.81402204160145,59.37816652373637,56.87355348658298,58.858436584472656,4576890,0.0254666093947237,0,0.0226301002729087,normal
2012-04-20,59.17026516391511,59.67019902504255,57.94270572679535,58.61588287353516,4972400,-0.0041294822006694,0,0.0226664410122819,normal
2012-04-23,58.99703027967131,59.03662605314956,56.86860167785173,57.51208114624024,3532050,-0.0190106660310389,0,0.01944056068084,normal
2012-04-24,57.61602216232179,58.254550687786754,55.76478679306732,56.39341354370117,9159370,-0.0196426620805629,0,0.0200996310673617,normal
2012-04-25,56.43796920425257,56.923054285002266,55.19061350241524,55.94793701171875,6682850,-0.0079308084642466,0,0.0202092295620504,normal
2012-04-26,55.947928322762536,58.00705943152757,55.67568993648853,57.70016860961914,8003790,0.0308385336066248,0,0.0209886391769302,normal
2012-04-27,57.8635173763814,58.50699305413391,56.8240537612267,57.7298698425293,3739370,0.0005146187935807,0,0.0190124769783819,normal
2012-04-30,57.37348879132925,58.4872006859195,57.3338892398472,57.69522476196289,3964800,-0.0006003041492057,0,0.0190610659793529,normal
2012-05-02,57.769474965800725,58.79408979304283,57.62592941905206,58.071414947509766,2873090,0.0064991349950291,0,0.0173633145094424,normal
2012-05-03,57.59621834775802,58.5812333947848,57.19528335290408,57.63086700439453,11941980,-0.0076152356668446,0,0.017125491484556,normal
2012-05-04,57.220030338506426,57.22498122558351,55.37374598288799,55.83902740478516,8603270,-0.0315852688931048,0,0.0186857580480641,normal
2012-05-07,54.94311543309804,57.39823076864977,54.77482301832727,57.13093948364258,6158870,0.0228727764986063,0,0.0189395013766107,normal
2012-05-08,57.59622658240472,57.59622658240472,54.15114509237459,54.99261474609375,11306790,-0.0381469183922424,0,0.0196412788627707,normal
2012-05-09,54.11649416282412,54.44813187792139,52.21081030238101,52.819637298583984,9033620,-0.0403158587712622,0,0.0210499689150322,normal
2012-05-10,53.33937698096453,54.83422419915708,52.83449213192558,53.62151718139648,6618240,0.0150673873712747,0,0.0207909743273082,normal
2012-05-11,53.062178286882286,54.745121311861695,52.62164370075219,53.6710090637207,6031250,0.0009225598010704,0,0.020379760737863,normal
2012-05-14,53.4829226133192,53.93830613469243,52.46820580186561,53.557167053222656,5874830,-0.0021233608067121,0,0.0193931387348158,normal
2012-05-15,53.06217820234674,54.28478686525783,53.0225824308497,53.89870071411133,5330800,0.0063567456677415,0,0.0194464622622088,normal
2012-05-16,52.96318144788311,55.383648036238135,52.92358190120729,54.76491928100586,13613820,0.0159434577240848,0,0.0199272542172436,normal
2012-05-17,54.94311434857119,55.53709245258206,53.25027335336158,53.69575881958008,5761380,-0.0197158106143158,0,0.0202934336972224,normal
2012-05-18,53.042382873177495,55.06686163661932,52.77509158599555,54.55702972412109,7350270,0.0159125522683711,0,0.0196835040317166,normal
2012-05-21,54.45802796091751,56.27956555072144,54.45802796091751,55.80438232421875,7334320,0.0226058310668109,0,0.0205483883207029,normal
2012-05-22,56.08158679806756,56.3290783483213,54.15610283920712,54.561988830566406,8009840,-0.0225149375357944,0,0.0207112572147144,normal
2012-05-23,54.230340974480086,54.33923784815108,52.42860300034438,52.745391845703125,10275240,-0.0338610548790656,0,0.0215527815571109,normal
2012-05-24,52.94338696031559,54.250141919716526,52.30980925592981,53.96305084228516,8046340,0.0228231585364397,0,0.0222926753256907,normal
2012-05-25,53.656160444965565,54.34913743240428,53.260172516023225,53.86900329589844,3658600,-0.0017443342053518,0,0.0209304030437341,normal
2012-05-28,53.98285276464675,55.24011022397608,53.71556145189915,54.92827224731445,3580210,0.0194729586466526,0,0.0215391528741007,normal
2012-05-29,55.09655687054172,55.72023651189004,54.54712543494782,55.38364791870117,4280780,0.0082561931187772,0,0.0216706295292983,normal
2012-05-30,54.943113425189466,55.042108515387326,54.26993623786629,54.6015739440918,3382080,-0.0142216771111893,0,0.0217358905119512,normal
2012-05-31,53.94325778710864,56.03208321511247,53.60171825302911,55.78459167480469,10408390,0.0214349872446408,0,0.0223780693095375,normal
2012-06-01,55.78457987724967,55.78457987724967,53.55715648554443,53.760101318359375,4369070,-0.0369661155396645,0,0.0227858198970876,normal
2012-06-04,53.29976493312196,54.44812524170846,52.66618735271842,54.16598510742188,5439500,0.0075215495350895,0,0.0221574036304546,normal
2012-06-05,54.44813302524395,54.94311605274617,53.50766451770558,54.26498794555664,4822800,0.0018260993673449,0,0.0205315447642723,normal
2012-06-06,54.651079935424754,56.36866793328748,54.55208106034704,56.17562484741211,12141980,0.0346037114812864,0,0.0197357996195187,normal
2012-06-07,56.45281591606128,56.52706034920629,55.56679584179624,55.9627799987793,7465180,-0.0037961143557279,0,0.0195829217581069,normal
2012-06-08,55.83408600681064,57.22003619299258,55.22030434474392,56.83395004272461,6441100,0.0154470323050111,0,0.0198035948047885,normal
2012-06-11,57.02699825438877,57.61602930801317,56.76465783513722,57.10619735717773,6571910,0.0047787867362014,0,0.0197722410911081,normal
2012-06-12,56.72506036213592,58.30900848816094,56.64586503286634,58.071414947509766,9029810,0.0167608994018717,0,0.0199950518329099,normal
2012-06-13,58.01695668252758,58.70003185955113,57.81401561729574,57.98725891113281,7025720,-0.001450232857719,0,0.0198132358731795,normal
2012-06-14,57.54672327439078,58.0615060353685,56.032072762299606,56.2498664855957,5855650,-0.0304196449762752,0,0.0205846551907692,normal
2012-06-15,56.34392255294582,57.98726615895414,56.34392255294582,57.52693176269531,9345020,0.022449549137697,0,0.0208618156385646,normal
2012-06-18,58.10606129179519,58.33870393494527,55.99743239224675,56.35382080078125,12353660,-0.02060317363751,0,0.0209237266256242,normal
2012-06-19,56.27957290435451,56.33897223158634,55.25001100061712,55.99743270874024,7113980,-0.0063441977950127,0,0.020290849201559,normal
2012-06-20,56.13107648783578,56.695356841234535,55.73508855234645,56.32411956787109,5788400,0.0058170097136382,0,0.018536115931327,normal
2012-06-21,55.933081476937645,57.22003657864498,55.74498928811959,57.13093948364258,6271390,0.0142229623538385,0,0.0181547723706081,normal
2012-06-22,56.52705634105405,58.10110241127163,56.52705634105405,57.91796112060547,8172460,0.0136817285459098,0,0.0182764852651828,normal
2012-06-25,58.18031048014537,58.21000825587998,56.48746928769238,56.65576171875,5685110,-0.0220338562050663,0,0.0187329315391191,normal
2012-06-26,56.77950260174196,57.66057178600512,56.67060573152143,57.46257781982422,6780490,0.0141402257971003,0,0.0188893756359141,normal
2012-06-27,57.86846918368517,57.913015844729856,55.89348412944441,56.49736404418945,11834320,-0.0169399324239805,0,0.019020368769312,normal
2012-06-28,56.63595345759729,57.41802749708822,56.27956509649152,57.0071907043457,10468240,0.0089834296068689,0,0.0185383019598939,normal
2012-06-29,57.10619675992565,58.84358457445069,57.10619675992565,58.63569259643555,7870560,0.0281661872543352,0,0.0171728499468086,normal
2012-07-02,58.72974004936804,59.59596039293859,58.72974004936804,59.28411865234375,5846580,0.0109978566752513,0,0.0172242563279163,normal
2012-07-03,59.4474534257741,59.99688481981924,58.91287091647283,59.65039825439453,13267020,0.0061593685258714,0,0.0172159122749341,normal
2012-07-04,59.71970777232521,59.7939559876389,58.774288301934426,59.03662872314453,5790360,-0.0103427479521389,0,0.0160019768832046,normal
2012-07-05,58.97722781432658,59.59595659169799,58.44264524433671,59.44746017456055,4635000,0.0069348230923571,0,0.0159601800179188,normal
2012-07-06,59.45737064047041,60.22040735064685,58.83306719029008,59.72988510131836,8223420,0.0047395829265202,0,0.0156988424661421,normal
2012-07-09,59.35826928586365,59.4821387929041,58.60514056614718,59.115482330322266,3882890,-0.0103396246394833,0,0.0159446387323034,normal
2012-07-10,59.12045114883248,59.655568443978495,58.73893464667356,59.373146057128906,6386240,0.0043491790978311,0,0.0155658256656334,normal
2012-07-11,59.328542050136846,60.73570171108265,59.11053427352089,60.16590118408203,10014970,0.0132637287553238,0,0.0157847082927496,normal
2012-07-12,59.90330355305683,60.13617886685953,59.34341087599128,59.84880065917969,3532400,-0.0052843736299079,0,0.0139779129610745,normal
2012-07-13,59.90825310610021,60.44832236850432,59.4573662641026,59.73483276367188,3259850,-0.0019060790636773,0,0.0132452535282849,normal
2012-07-16,59.55646560235055,59.94294169243602,58.69929061353787,58.94207382202149,4289750,-0.0133601516300521,0,0.0126852570022561,normal
2012-07-17,59.45736693851356,59.566372716065786,58.26821884370377,58.77856063842773,3600210,-0.0027779885743699,0,0.0125828152162387,normal
2012-07-18,58.847927008356095,59.219535550106805,57.99570792797375,58.88261032104492,2946670,0.0017686329124817,0,0.0125578902629293,normal
2012-07-19,59.46728036688428,59.7497027348998,57.11375937335558,57.47546005249024,29737680,-0.0241877313258731,0,0.0135256633388052,normal
2012-07-20,56.88089381180417,57.07908205001389,55.30527312476762,55.79579544067383,13618600,-0.0296595589875421,0,0.0146907813711155,normal
2012-07-23,55.295355070534384,55.48859122665228,54.20530476524381,54.66609954833984,12599090,-0.020454751036171,0,0.0145805170600011,normal
2012-07-24,54.824650914827,55.35976815439702,53.734596858643854,53.93278884887695,13213390,-0.0135051445903005,0,0.0142987590662887,normal
2012-07-25,53.56118110121172,54.10620624751236,53.12020590082502,53.382808685302734,5686550,-0.0102498609943615,0,0.0140354965377401,normal
2012-07-26,53.561181528151,54.00711257147802,52.74364191208447,53.650367736816406,13421790,0.0049995640188367,0,0.0138864143621251,normal
2012-07-27,54.20529917621966,54.6611380728714,51.93600881043089,52.47608184814453,13790360,-0.0221308414778551,0,0.0124150163148393,normal
2012-07-30,53.00623771836569,53.422437420848695,52.02518962220312,53.16974258422852,11029620,0.0131320041892477,0,0.0125728927289775,normal
2012-07-31,53.41253465971507,53.59090705798569,51.98060341485194,53.09047317504883,11694940,-0.0014919868799045,0,0.012315051832158,normal
2012-08-01,53.2638969228154,55.19626231140365,53.02111370692498,54.99311447143555,10405540,0.0352104867147202,0,0.0152889897516844,normal
2012-08-02,54.998070311000085,55.37463473374705,54.50259220009018,54.99311447143555,15504750,0.0,0,0.0151164113535671,normal
2012-08-03,54.53231562594664,54.9980662252653,53.91296803331977,54.2152099609375,11886500,-0.0142464903040373,0,0.0151418110130462,normal
2012-08-06,54.79988106447369,55.98902934645575,54.725558588062654,55.61246490478516,11615500,0.0254458694020502,0,0.0165106446389717,normal
2012-08-07,56.05839204873386,56.25658404518762,55.330038635380106,55.64714431762695,9071550,0.000623396292819,0,0.0164435980257799,normal
2012-08-08,55.493544356068114,56.27640062119581,55.24580531876424,55.9791145324707,8323220,0.0059479050351534,0,0.0161356203335652,normal
2012-08-09,56.14262408007093,56.35072776161457,55.49354895817,56.07325744628906,3573530,0.0016803381188132,0,0.0161726127246744,normal
2012-08-10,55.88992620975687,57.87183843307878,55.17148076068413,57.525001525878906,10363550,0.0255606579351965,0,0.0174121667640376,normal
2012-08-13,57.475453170946736,58.218670237812425,57.00970259938104,57.84210586547852,14785530,0.0054973232034472,0,0.0172680396127353,normal
2012-08-14,57.97093827492645,58.40695764637943,57.38627395992013,58.08489990234375,9162590,0.0041887460174461,0,0.0172992916038253,normal
2012-08-16,58.16913519110157,58.69434081705282,57.75293158208116,58.07499313354492,3954750,-0.000170571245615,0,0.0172907873272084,normal
2012-08-17,58.07002659022562,58.81324367344625,57.87183839219151,58.44163513183594,7209960,0.0062934057375265,0,0.0164327292858435,normal
2012-08-21,58.46641080266299,58.545689106381786,57.77274076591392,58.33758544921875,7506900,-0.001781990145738,0,0.0148125339434787,normal
2012-08-22,57.8222919882049,59.0609872217157,57.8222919882049,58.84297943115234,3652370,0.0086259545887505,0,0.0138658783263544,normal
2012-08-23,59.25917500977508,59.25917500977508,58.12948564181357,58.54073333740234,4083220,-0.0051497223009198,0,0.0134401385601744,normal
2012-08-24,58.55560066491223,58.55560066491223,57.59932780265804,57.96598052978516,18836410,-0.0098665124287071,0,0.013418854337773,normal
2012-08-27,57.92138298955694,58.07993580939032,56.69755163950048,56.97006607055664,7683810,-0.0173303226385153,0,0.0142451956977263,normal
2012-08-28,57.34168789545629,57.56960739056487,56.28631701786861,57.12367630004883,10837320,0.0026927037209061,0,0.0129639536011539,normal
2012-08-29,57.47545447633537,57.87183843307878,57.04438720689173,57.525001525878906,8854110,0.0070009854914188,0,0.0128143240537377,normal
2012-08-30,57.37637461476567,59.4573814535609,57.03944930198755,58.719120025634766,11225730,0.0205457358075866,0,0.0132626224143689,normal
2012-08-31,58.54568766962255,58.54568766962255,56.64305000923729,56.89078903198242,6871770,-0.0316319501562016,0,0.0136748124845005,normal
2012-09-03,57.20293538841295,57.57454390010952,56.63313869463602,56.955196380615234,6420270,0.0011314822436796,0,0.0136697650749884,normal
2012-09-04,56.73223868358083,57.24753632699428,56.31108308258068,56.76692199707031,6627580,-0.0033111334583733,0,0.0132070018601879,normal
2012-09-05,56.66287625506786,56.66287625506786,55.785877894398766,56.39036178588867,4180570,-0.0066555433041362,0,0.0121546911043582,normal
2012-09-06,55.93947655268821,57.07907388007256,55.91470113635903,56.81647109985352,2282300,0.0075280142627027,0,0.0122502445979779,normal
2012-09-07,57.52996924276213,57.73311332189183,56.9552127648374,57.1484489440918,5768820,0.0058259819444597,0,0.0122477036618593,normal
2012-09-10,57.07907271682999,57.57455079173372,56.44981722498926,56.623233795166016,3954490,-0.0092328577252436,0,0.012458662964987,normal
2012-09-11,56.37549939778426,58.10967280268104,56.13767201916645,57.8024787902832,3091300,0.0206122683424121,0,0.0119742514078867,normal
2012-09-12,58.07003001357338,58.1195808462006,57.193035466959344,57.93625259399414,3004220,0.002311652489741,0,0.0119217182019296,normal
2012-09-13,57.9412057986358,58.13939399934164,57.47545521054231,57.89165496826172,2401110,-0.0007700670568073,0,0.0118833016784409,normal
2012-09-14,58.565507521650936,60.53751194258808,58.16417148666682,60.383914947509766,12192310,0.0421495148214763,0,0.015190285064465,normal
2012-09-17,60.978487333753534,61.63251825006938,59.64565008496986,60.07671737670898,11043190,-0.0051003922331549,0,0.0152323897355267,normal
2012-09-18,60.06185641653083,60.527607044301725,58.515963370026,59.4078254699707,4750480,-0.0111964088149685,0,0.0154787098644578,normal
2012-09-20,58.76369413071531,60.14607830047766,58.56550216089251,59.71996688842773,4364050,0.0052404586137857,0,0.0154082267500842,normal
2012-09-21,59.952850353244834,62.03385686995598,59.64565256907596,61.68206787109375,13418520,0.0323268362651614,0,0.0168643087169525,normal
2012-09-24,61.63747475306598,62.33114483061548,60.84471057023704,61.80098342895508,6027820,0.001926022937881,0,0.0166092261224023,normal
2012-09-25,61.835666806938384,63.81757915613259,61.810891390494334,63.53020095825195,9455310,0.0275961210489725,0,0.0167236608449289,normal
2012-09-26,63.42119303992592,64.49142748696956,63.27750394582112,63.51533508300781,11405460,-0.0002340243628422,0,0.0167618141799284,normal
2012-09-27,63.63424567268947,64.20404999633568,63.43605746644454,63.88198471069336,6568980,0.0057560181107501,0,0.0167574881717877,normal
2012-09-28,64.26351651081436,64.50134391318612,63.753174605518254,64.28829193115234,5426860,0.0063401373882134,0,0.0163712436837025,normal
2012-10-01,64.26350379307601,64.62520066516119,63.35182596407447,63.92658233642578,2648460,-0.0056422557270243,0,0.0142428526542725,normal
2012-10-03,63.84235885667741,64.01081960316841,63.000043783628165,63.35678863525391,6400560,-0.0089532120816597,0,0.0145921793428574,normal
2012-10-04,63.52028690432652,64.65988797457823,63.02976467469885,63.38155364990234,8336360,0.0003908054108503,0,0.0145000438785345,normal
2012-10-05,63.64910694198318,64.47159467266442,54.195382053838,63.2923583984375,11490080,-0.0014082657551766,0,0.01431460320142,normal
2012-10-08,63.02480798716464,63.28741453544416,61.94962149965296,62.16763305664063,3808020,-0.0179301060170349,0,0.0152516038110228,normal
2012-10-09,62.35591268189317,63.609475340755125,62.35591268189317,63.123905181884766,3020780,0.0152650483498408,0,0.0154396659876619,normal
2012-10-10,62.62842476152552,62.72751885705016,62.15276629865184,62.29645538330078,3085070,-0.013195015551215,0,0.0156554393720596,normal
2012-10-11,62.43024070132196,63.02481291020776,62.05863212571885,62.83653259277344,7545960,0.0086321052790179,0,0.0152412650166464,normal
2012-10-12,62.62843228905321,63.24282407158623,61.9347621964138,62.12799835205078,7107040,-0.0113398870553673,0,0.0156298554488943,normal
2012-10-15,62.127996820788034,62.41041917823493,61.49874131566874,62.31132507324219,4395060,0.0029464456857377,0,0.0155985695087629,normal
2012-10-16,62.8959843752566,62.99012263347182,61.95953117063781,62.32122802734375,3131360,0.000158914406807,0,0.0127055723238082,normal
2012-10-17,62.529334756821896,62.623476805558845,61.49378734150704,61.98926544189453,3153490,-0.0053408745357783,0,0.012712338120078,normal
2012-10-18,62.43023717543658,63.45092079578443,61.75638669398431,63.17345428466797,5061260,0.0189229537543607,0,0.0129033582286234,normal
2012-10-19,62.82662282363812,63.069406027348855,61.994219487860654,62.276641845703125,3719320,-0.0142977605314191,0,0.0134583006990589,normal
2012-10-22,61.88521460670889,62.89599037062379,61.59288056597082,62.77707290649414,3927210,0.0080035004650858,0,0.0115458016537488,normal
2012-10-23,62.70275189376392,62.92571551540082,61.26090888123896,61.50864791870117,4066950,-0.0204121442179037,0,0.0124817957982974,normal
2012-10-25,61.54828099636084,62.21221973672563,60.95370509702495,62.00411987304688,17499860,0.0080230509115528,0,0.0108445885914938,normal
2012-10-29,61.087492150044845,61.59287812184869,60.26004467434945,60.45823287963867,7846810,-0.0252480714037828,0,0.0120956746889619,normal
2012-10-30,60.54742084164478,60.70597367859719,59.11053741060009,59.32359313964844,10991040,-0.0189456734184743,0,0.0124673250360579,normal
2012-10-31,59.45737850592003,60.05195077889991,58.575427996247285,59.82898712158203,3993910,0.0084831904049664,0,0.0125669832829463,normal
2012-11-01,59.82898058717379,60.844712204459626,59.1699938067922,60.70102310180664,4264870,0.0144702749924841,0,0.0131840491296014,normal
2012-11-02,61.04290321013972,61.28073437234461,60.46319471377527,60.67625045776367,2853200,-0.0004081924673444,0,0.0131051641581951,normal
2012-11-05,60.65147497756713,62.103222156254695,60.646519138198165,61.99917221069336,6201490,0.0215686730049924,0,0.01413718935849,normal
2012-11-06,61.4392835572739,62.32123395834505,61.4392835572739,62.13295364379883,3833180,0.0021554691661131,0,0.0141555807290209,normal
2012-11-07,61.93476253085666,62.762210051021405,61.83566842288646,62.43024063110352,5249940,0.0047732807991813,0,0.0136202759356545,normal
2012-11-08,61.97934571598284,62.43023254329025,61.82574873446807,62.16267395019531,1899020,-0.0042950611298628,0,0.0131774678485668,normal
2012-11-09,62.43023841028619,62.623474560092674,61.25100193451865,61.56810760498047,2132400,-0.0096107195672319,0,0.0130230215056683,normal
2012-11-12,61.97440156255484,62.23204851088241,61.56810967237043,61.82080078125,1626750,0.0040958872696998,0,0.0128928418535531,normal
2012-11-15,61.12217491928181,63.37164580708655,60.95371041005004,63.14372634887695,7519830,0.0211736085804039,0,0.013529968202933,normal
2012-11-16,63.32209839332442,63.32209839332442,61.04289626389456,61.7217025756836,2503480,-0.0227778860416467,0,0.0145039391225036,normal
2012-11-19,61.924850397387466,62.0338523966214,60.75552185835398,61.7217025756836,1625060,0.0,0,0.0145036168732272,normal
2012-11-20,62.12799580275178,62.633385558447664,61.13208380904331,61.60774230957031,4656560,-0.0018480631069692,0,0.0144630197757082,normal
2012-11-21,61.979350129485255,62.43023698889998,61.50864747379087,62.360870361328125,3618490,0.0121504516519896,0,0.0140627928444718,normal
2012-11-22,62.578881684108886,62.70275120147237,61.70683922341465,62.227088928222656,2649170,-0.0021475828849952,0,0.0136998182251788,normal
2012-11-23,62.28159382195999,62.62347491054522,61.58792752656648,61.8703498840332,2078850,-0.0057493535768777,0,0.0136197662647091,normal
2012-11-26,61.984304812792125,62.43023582472252,61.55324131809076,62.16763305664063,1780570,0.004793430766635,0,0.0128466443830783,normal
2012-11-27,62.32122821542952,63.12390401332417,61.71179233385927,62.93066787719727,6300020,0.0121991150581495,0,0.0130077222828757,normal
2012-11-29,62.97526170098984,65.19500510941836,62.97526170098984,64.53601837158203,8686510,0.025189881806356,0,0.0125862667924018,normal
2012-11-30,65.10582230804935,66.88954657418611,64.33287764618882,66.43865966796875,20293400,0.029055618664521,0,0.0127044219662641,normal
2012-12-03,66.39406296452523,66.39406296452523,65.2049185923039,66.01254272460938,4693680,-0.0064343457181674,0,0.0129653952457314,normal
2012-12-04,66.14633795902422,66.84000439660794,65.52699022532549,66.49813079833984,5899450,0.0073290737182922,0,0.0127855624746913,normal
2012-12-05,66.58730040855677,66.77558450263723,65.40806013156131,65.7301254272461,5805870,-0.0116164884782863,0,0.0132519531580245,normal
2012-12-06,66.06704747095883,66.39406482863964,64.62520439787174,65.92831420898438,5578420,0.0030106528982862,0,0.0125902652013862,normal
2012-12-07,66.28505002227124,66.48819782837242,65.55669671582625,65.80443572998047,3622500,-0.0018807550222241,0,0.0126379936582999,normal
2012-12-10,65.9085050102139,67.03819457676039,65.58643967950414,66.75081634521484,4118550,0.0142792787275363,0,0.012889570527002,normal
2012-12-11,66.83998834215782,67.08772737613232,65.26437171506987,66.09677124023438,7474050,-0.0098466280243476,0,0.0131204869042481,normal
2012-12-12,66.29000572979376,66.68143762752513,65.12067721620352,65.43283081054688,7602030,-0.010095766407594,0,0.0131455809249402,normal
2012-12-13,65.61120681492261,65.72021259796658,64.03063052118046,64.65493774414062,6873880,-0.011959653810333,0,0.0135616215623801,normal
2012-12-14,64.83331037336278,66.1463242729752,64.70448123275474,65.87380981445312,3310280,0.0186764605113713,0,0.0133885341001223,normal
2012-12-17,65.79949856155078,66.02741427232785,64.74412770310212,65.53689575195312,4043000,-0.0051276613918442,0,0.0121892521146809,normal
2012-12-18,65.69048124703048,66.0571377284004,64.59051936331578,65.77471160888672,4143680,0.003622164433545,0,0.0121692421810915,normal
2012-12-19,66.19587984922897,66.29497396113938,65.22969146701323,66.17110443115234,6278890,0.0060084362912959,0,0.0121251178785185,normal
2012-12-20,65.79948307511545,66.1958670062488,65.21481507560493,65.60624694824219,3632300,-0.0085729594128238,0,0.0122384687844623,normal
2012-12-21,65.20492053320423,65.53193033104182,64.11486267242637,64.36756134033203,3830170,-0.0190611189732914,0,0.0131310005008024,normal
2012-12-24,64.74906814041046,64.84321017985776,63.61442672906016,64.0801773071289,3205790,-0.0044747305909531,0,0.0130960350103156,normal
2012-12-26,64.02567983963947,64.76889697980518,63.43110763958605,64.30314636230469,4445410,0.0034734928646882,0,0.0130832351140471,normal
2012-12-27,64.47159709172563,64.85806933978847,64.15945108237919,64.39232635498047,9099160,0.0013859074459592,0,0.0128473352515254,normal
2012-12-28,64.60538835718297,65.01663608234185,64.09009446613317,64.50629425048828,3541620,0.0017683342873757,0,0.0115416243060582,normal
2012-12-31,64.32793181606753,64.76395502565688,64.06532899040036,64.4171142578125,6189920,-0.0013834571693616,0,0.0092932589039041,normal
2013-01-01,64.70448601069619,65.09591796013102,64.28828620352681,64.4072036743164,6666970,-0.0001538619986458,0,0.0092252107416021,normal
2013-01-02,64.8085309402403,65.8490303168407,64.63015853848094,65.09590911865234,12192900,0.0106362221292792,0,0.009414419932668,normal
2013-01-03,65.3981426871772,65.74001614988767,64.67474149448107,64.897705078125,5649550,-0.0030494450876767,0,0.0090986972623073,normal
2013-01-04,65.19004941709302,65.19004941709302,64.08017588463906,64.43196105957031,4909390,-0.0072024624489124,0,0.0091695115178938,normal
2013-01-07,64.5211629859228,64.79367747073744,63.95631821757807,64.25856018066406,6578740,-0.0026948524596042,0,0.0091747414108889,normal
2013-01-08,64.15945633438174,64.89276174196493,63.71848116598707,64.68466186523438,6050870,0.0066091606655103,0,0.0086388039856715,normal
2013-01-09,64.44683704843935,65.02158587135992,64.16441091580468,64.32296752929688,7824210,-0.005607347183175,0,0.0084755585443743,normal
2013-01-10,64.71934440604146,65.57156730868073,64.34773584595092,64.79367065429688,7504410,0.0072911627328009,0,0.0084239194320225,normal
2013-01-11,64.73421077309305,65.20492101664422,62.22214073624733,62.43024063110352,5782690,-0.0371581400188709,0,0.0115382577752173,normal
2013-01-14,62.62347769344762,62.72752764238049,61.72666352869438,62.28655242919922,7774120,-0.0023042328455433,0,0.0104894007547603,normal
2013-01-15,62.232048723004176,63.07436376273419,61.18658962758849,62.39555740356445,11090010,0.0017485267498855,0,0.0105217240301369,normal
2013-01-16,62.49960255497937,62.727522010301286,61.64737968191626,61.895118713378906,6056010,-0.0080527584231235,0,0.010490577774585,normal
2013-01-17,61.83566515821516,62.43023733504123,61.4739645008442,62.22213745117188,6233050,0.0052695250381233,0,0.010458286466828,normal
2013-01-18,62.05863102005885,62.47978664219933,61.360005095877,62.40546417236328,23799970,0.0029419944062567,0,0.0104567388390962,normal
2013-01-21,62.1824986475192,62.90589618612956,62.05367328907694,62.52437973022461,9689960,0.0019037179597845,0,0.0097351995977188,normal
2013-01-22,62.52438485427681,64.1693682728995,62.157728325600125,63.49551773071289,28696690,0.0154127601231568,0,0.0104030412336407,normal
2013-01-23,64.83825294686066,64.83825294686066,63.26758855621032,63.92161560058594,8382690,0.0066882600025843,0,0.0104914491003759,normal
2013-01-24,63.7184853768974,64.90267770918645,63.61938371061394,64.71439361572266,10112560,0.0123260672855041,0,0.0108624822563222,normal
2013-01-25,64.67477127717774,66.17606967489316,64.28334681100935,65.91841888427734,9563610,0.0184342561641024,0,0.0115993854719124,normal
2013-01-28,66.19586886421646,66.69134690194144,65.90849069508859,66.20082092285156,6199320,0.0042749635718237,0,0.0116050720139015,normal
2013-01-29,66.19587109703657,67.271057567919,65.63597847619552,66.85980987548828,24055710,0.0099051738533546,0,0.0117527847851425,normal
2013-01-30,66.98863152133487,67.86067773675408,66.42378684107248,67.26609802246094,29108000,0.0060583282680743,0,0.0116168345997889,normal
2013-01-31,67.0877388658184,67.73186197654594,67.0877388658184,67.41971588134766,13112340,0.0022811300024461,0,0.0115646201033762,normal
2013-02-01,67.4296105236528,67.88544945291864,66.08686915209272,66.62198638916016,6480840,-0.011902846607132,0,0.0118047409306755,normal
2013-02-04,66.6170234873516,67.48411009017052,66.2652382994578,67.05799865722656,9911110,0.0065232475009784,0,0.0118052547622128,normal
2013-02-05,66.59225956201618,67.68231752766658,66.493165445247,67.42961883544922,5166410,0.005526473455073,0,0.01178611125359,normal
2013-02-06,67.50888598382039,69.089462212114,67.49402224678401,68.88631439208984,12270310,0.0213731582906744,0,0.0123888244048,normal
2013-02-07,68.2967021429259,68.92100941183442,67.88545439670087,68.13815307617188,5075920,-0.0109202212518191,0,0.0127537530265028,normal
2013-02-08,67.8804832021166,68.27190747940946,66.85484015540207,67.22149658203125,5742110,-0.0135442210361391,0,0.009587536881931,normal
2013-02-11,67.53367761168946,67.53367761168946,66.22065589523136,66.57244873046875,5752210,-0.0097022767585457,0,0.0099664915388729,normal
2013-02-12,66.59225430263416,66.86972839222835,66.20578198547999,66.52784729003906,3029120,-0.0006701929812731,0,0.010001270587365,normal
2013-02-13,66.79045208108751,67.2264676855725,65.89858995310165,66.17110443115234,3846460,-0.0053767375505451,0,0.0098596113735313,normal
2013-02-14,66.29001767088573,66.68640169883295,65.52203259470885,65.938232421875,2784010,-0.0035254472699275,0,0.0099646025247105,normal
2013-02-15,65.84904064690994,66.79045363292221,65.80940904954187,66.42875671386719,1373130,0.0074116143405653,0,0.0100155757646507,normal
2013-02-18,66.57244704619542,66.59226284636799,65.67067315020822,65.97787475585938,1342750,-0.0068105909170297,0,0.01025806746941,normal
2013-02-19,65.97786599115415,67.0877321029042,65.94813851464596,66.8697280883789,1279380,0.0134269149332988,0,0.0101373182019487,normal
2013-02-20,67.03818001626996,67.34042192169801,66.02244852685477,66.20082092285156,2998580,-0.0100535062720537,0,0.0104668623667649,normal
2013-02-21,65.97785969584555,66.29496534900248,65.20491513880025,65.43283081054688,5663970,-0.0116687308488883,0,0.0105657222342089,normal
2013-02-22,65.3040075490774,66.43864894044539,65.15041056548209,65.92335510253906,4699340,0.0074686482213168,0,0.0098491476670885,normal
2013-02-25,66.10667736547579,66.10667736547579,64.80852735582192,65.46751403808594,4545850,-0.0069387301620356,0,0.0099121822207109,normal
2013-02-26,65.01664219241944,65.8688651987955,65.01664219241944,65.53689575195312,4319780,0.0010592272499128,0,0.0096136399579341,normal
2013-02-27,65.70038489083181,65.84902224040486,64.34772452656354,64.75897216796875,6378660,-0.0119410206927863,0,0.0097595673205014,normal
2013-02-28,64.8977213473756,65.86886177877503,64.31306080101176,65.36347198486328,20862080,0.0092913128034215,0,0.010039472863263,normal
2013-03-01,64.86303375694087,65.34860013215152,64.46664980231387,64.89276123046875,12152250,-0.0072274898759348,0,0.0098381015812313,normal
2013-03-04,64.81844029196758,65.15536172742405,64.31800263700538,64.9125747680664,13238210,0.0003052807898704,0,0.009674251044266,normal
2013-03-05,64.818445550683,65.58643052039618,64.64997725889211,65.00177001953125,10258190,0.0013731395963327,0,0.0095565007460524,normal
2013-03-06,65.19995740410776,65.19995740410776,64.54097066388866,64.87294006347656,10076230,-0.0019839120060796,0,0.0078452255908283,normal
2013-03-07,64.67475284725828,65.1553671872353,63.7085721082719,64.93240356445312,3800820,0.0009161950267095,0,0.0076606900028613,normal
2013-03-08,65.29905036976783,67.27105849715436,64.48151459281078,66.91926574707031,11006840,0.030140120343244,0,0.0101440136077478,normal
2013-03-11,66.8895486304615,67.1026006008127,65.99273441033874,66.28506469726562,9925410,-0.0095223006612741,0,0.0101352401003142,normal
2013-03-12,66.29001584166525,66.88954770694632,65.83417686824325,66.2256088256836,5145360,-0.0008973748905081,0,0.0101359028492985,normal
2013-03-13,65.80940192902298,66.19091460548272,63.93153578015012,64.45674133300781,1744700,-0.0270729066170183,0,0.0117487102897809,normal
2013-03-14,64.11485729851465,65.70039312297104,63.10904123180483,65.22968292236328,4976900,0.0119203030892087,0,0.0120980476314717,normal
2013-03-15,65.30398775872538,66.56745789697196,65.30398775872538,65.82919311523438,3231690,0.00914877942773,0,0.0121641977339141,normal
2013-03-18,65.11573209192564,65.99273046061353,64.51124819490867,64.82835388183594,4650670,-0.0153203367449163,0,0.0125412555463229,normal
2013-03-19,65.00672818026123,65.50220630291626,63.03472736900512,63.25273895263672,5546140,-0.0246046372926302,0,0.0131275507340127,normal
2013-03-20,63.148677174559,63.42119161937755,62.24195519857589,62.74734115600586,5371330,-0.0080222251707242,0,0.0130760760170139,normal
2013-03-21,62.826621485619896,64.47160476487795,61.94466733586183,62.593746185302734,6343940,-0.0024508331759811,0,0.0129038483719142,normal
2013-03-22,62.59374504900507,64.6103368482807,62.15772193115292,63.2824592590332,4845990,0.0109428139145331,0,0.0130635062201805,normal
2013-03-25,63.81261963801767,64.17927614494371,62.37573620672661,62.61356735229492,8503010,-0.0106262003462402,0,0.0131618725945827,normal
2013-03-26,62.608611758600894,63.698662044587664,62.06853867476537,63.3914680480957,5945530,0.0123472935228443,0,0.0135466811420343,normal
2013-03-28,63.421196069354814,65.37338097052796,63.13877370681638,64.70944213867188,6429050,0.0205778490738799,0,0.0141847966886007,normal
2013-04-01,64.9076261652672,65.00176820677319,63.91171798172562,64.61033630371094,2026150,-0.0015327253967898,0,0.014015583938232,normal
2013-04-02,64.90266437499443,65.40309442117213,64.10494451183558,65.03643798828125,3158620,0.0065732945713996,0,0.0140107810718502,normal
2013-04-03,65.00177344823217,65.35355866703176,64.02568098190206,64.49638366699219,3516810,-0.0083385422104882,0,0.0141372068396072,normal
2013-04-04,64.02567336048338,64.51123972601003,62.430233456215184,62.697792053222656,5399770,-0.0282829224948155,0,0.0154448772446705,normal
2013-04-05,63.02480625982684,63.48560477635704,62.35095581142211,63.09912872314453,5736460,0.0063807290210693,0,0.015552637963272,normal
2013-04-08,62.49960231339743,63.42119180929201,61.75638522188229,62.44014358520508,13614170,-0.0104985663622851,0,0.0156726818808984,normal
2013-04-09,62.72752624739319,63.78289323184037,60.94380585641572,61.31541442871094,5067960,-0.0181771250141009,0,0.0141107899877021,normal
2013-04-10,61.4293729638764,63.411285249747976,61.24604471656211,63.242820739746094,3716830,0.0309503448729993,0,0.0160958926764973,normal
2013-04-11,63.42120222704996,63.51038466369145,61.43928965745465,62.48474884033203,6420020,-0.0120591066640587,0,0.0162358016802351,normal
2013-04-12,62.4302391149209,63.60451976466067,62.4302391149209,63.25768661499024,2837780,0.012294139323191,0,0.0155225435853584,normal
2013-04-15,63.25768333006854,64.31305402248566,62.75229736962194,63.49055862426758,3003520,0.0036745640283326,0,0.0152704796605647,normal
2013-04-16,63.29235357687513,65.20985464370128,63.08920957889747,64.72924041748047,3697170,0.0193218260979888,0,0.0157989219007759,normal
2013-04-17,65.0116850885914,65.94317877926214,64.13468673115949,65.37833404541016,8172810,0.0099778820074485,0,0.0155901226738483,normal
2013-04-18,64.81844561291307,66.5922504740782,64.81844561291307,66.29000854492188,4766230,0.0138482652881597,0,0.0146861143151937,normal
2013-04-22,66.29000084280864,67.38501059149404,65.73011582234469,67.03817749023438,3169300,0.0112230852406822,0,0.0146013294424575,normal
2013-04-23,66.98367857659483,68.98540656566865,66.45847305492475,68.56425476074219,3392100,0.0225090609051621,0,0.0151400117392595,normal
2013-04-25,68.67326685644863,70.84345576722248,68.55930145133726,70.40744018554688,11319770,0.0265276107323177,0,0.015869562106281,normal
2013-04-26,70.38265496941217,71.0020025007157,68.9606278964709,70.6303939819336,3117780,0.0031616194820376,0,0.0154331977111692,normal
2013-04-29,70.71462796164461,70.71462796164461,69.366927059654,70.2587890625,4949820,-0.0052751499175522,0,0.0155557485618993,normal
2013-04-30,70.07051849365234,70.84346319167808,69.04488266293251,70.07051849365234,6103190,-0.0026832695904754,0,0.0152066431202602,normal
2013-05-02,69.76332348506435,71.83441847714707,69.48585693688067,71.09616088867188,13904970,0.0145311974038548,0,0.0153239424962166,normal
2013-05-03,70.94254508362837,72.12178528711486,70.12996136670702,71.6708984375,8013810,0.0080514462699623,0,0.0153365911875617,normal
2013-05-06,71.5470368009359,71.5470368009359,69.8525025544312,70.51644897460938,3524390,-0.0162387842889941,0,0.0157893974167684,normal
2013-05-07,70.66012213445495,72.47357353807573,70.65517007589891,72.18619537353516,7049800,0.0234028264128216,0,0.0143081992850503,normal
2013-05-08,72.3398031839231,72.81546549033678,71.34884697592415,72.22584533691406,4411020,0.0005491226933731,0,0.014381703892033,normal
2013-05-09,72.27045219018875,72.3398188373429,71.41327700169866,71.68083190917969,2488960,-0.0075745760234475,0,0.0142109318105797,normal
2013-05-10,71.47270638742599,72.68167399976033,70.9524529397713,72.38438415527344,4318860,0.0097672131893347,0,0.0129316698714983,normal
2013-05-13,72.93438022283452,72.99879479994355,71.64614160342849,71.84432983398438,3425960,-0.0074888949691453,0,0.0122249735131831,normal
2013-05-14,71.92360688591549,72.57763408356894,71.42316913790577,72.32989501953125,3283370,0.0067358367550163,0,0.0114297931429986,normal
2013-05-15,72.33980624465346,76.30858330386751,72.03261222650295,76.13021087646484,7836880,0.0512076458161701,0,0.0150580705435116,normal
2013-05-16,75.60994111617237,77.44320808994193,75.50588741607797,77.09141540527344,7841980,0.0125467554625142,0,0.0150154461676094,normal
2013-05-17,76.70001413249179,79.1774047210064,76.17480853739005,78.71660614013672,5716170,0.0208622080283475,0,0.0150712169833952,normal
2013-05-20,78.73145764544861,79.07333870320512,77.09638615940518,77.4679946899414,5318660,-0.0159892594371013,0,0.0161344641358032,normal
2013-05-21,77.46799703192745,77.57204318980193,75.59509058623544,75.81805419921875,5361410,-0.02152843298507,0,0.0174045844068769,normal
2013-05-22,75.91716058572096,76.63065031106433,75.24826207811249,76.11534881591797,3175840,0.0039134909141997,0,0.017381665657176,normal
2013-05-23,75.60997212289362,76.51669052512236,74.57937661718356,75.86266326904297,4547290,-0.0033252939191568,0,0.0170747847733624,normal
2013-05-24,76.0162477575719,77.7157415398467,75.25321482457214,77.39863586425781,3809750,0.0200445126173063,0,0.0167032343819867,normal
2013-05-27,77.42835370815318,78.67200083919164,76.22929778522965,78.23102569580078,6169770,0.0106971609481449,0,0.0167508331303544,normal
2013-05-28,78.08734430023478,78.48372069494447,76.56127098733815,76.83873748779297,4371000,-0.0179574095338717,0,0.0173924320476731,normal
2013-05-29,76.7990929830084,77.49275918579389,75.74868200153482,77.02205657958984,3209700,0.002382922558711,0,0.017319410929672,normal
2013-05-30,77.1954919900493,80.00485200070993,76.53155312905989,79.26163482666016,7707240,0.0286623837539208,0,0.0180146190290596,normal
2013-05-31,78.5828298846948,78.88011220921595,76.9774781148556,77.5869140625,6859130,-0.0213554339206929,0,0.0189649374395352,normal
2013-06-03,77.41846369407476,77.85943896086033,75.82797544936906,76.34327697753906,3504400,-0.0161588072702487,0,0.0189604609056535,normal
2013-06-04,75.80814092056849,76.96755773191768,75.57526563447763,76.03606414794922,4039190,-0.0040322164876487,0,0.0184665167609706,normal
2013-06-05,75.51086104682967,76.49191314950478,75.18385123966728,76.15003204345703,4050440,0.0014977441391126,0,0.0184621951660891,normal
2013-06-06,75.95680242240681,77.09144406703027,75.31267931095745,76.7693862915039,3468970,0.0081004445541061,0,0.0183378029882371,normal
2013-06-07,76.76938053657457,76.79910801388432,75.51086188755751,75.60005187988281,4034170,-0.0153489752620208,0,0.0187365812587677,normal
2013-06-10,75.8576833642101,76.13514982920694,73.66271193504922,74.68339538574219,4259890,-0.0121991859898065,0,0.0188933728951011,normal
2013-06-11,74.12351955797374,75.79823023163969,74.02441789931835,74.26225280761719,9161970,-0.005654998390927,0,0.018930877243655,normal
2013-06-12,73.85101618012264,74.77755785626209,73.39517721152585,73.96002197265625,7467050,-0.0040780814390988,0,0.0148616931817558,normal
2013-06-13,73.23165567039682,74.11360597491439,73.15237736966841,73.66767120361328,3032860,-0.0039606546024408,0,0.0144976029502162,normal
2013-06-14,74.60908849838529,75.50590259314467,74.12352210792903,74.98564910888672,2598440,0.0177327010078212,0,0.0142495427770914,normal
2013-06-17,74.98565523818245,75.44645381118336,73.85596575394247,74.93115234375,4101790,-0.0007270268176631,0,0.0138891754471426,normal
2013-06-18,74.86673235727994,76.46217219740373,74.3266555658929,75.59012603759766,7911490,0.0087559434922663,0,0.0132455413519971,normal
2013-06-19,75.59508649926306,76.25406562456143,75.17887920908157,75.9220962524414,4191260,0.0043820985667748,0,0.0132535207495911,normal
2013-06-20,75.21356791001935,75.31761406449576,72.4735749563489,73.1920166015625,5971430,-0.0366214130547142,0,0.0155658782087371,normal
2013-06-21,72.43888233935262,73.13255607799688,71.37855971808806,72.29023742675781,6852250,-0.0123972608273215,0,0.0148441998390436,normal
2013-06-24,71.8443120209976,71.8443120209976,68.38587760062143,68.74262237548828,6655020,-0.0503196714855125,0,0.0177727158966808,normal
2013-06-25,69.02505653177671,71.809641180908,68.5394900851487,71.18038940429688,12395730,0.0348479308788025,0,0.0197840517551888,normal
2013-06-26,71.20018864359069,71.34883355891733,67.68229930296408,68.20254516601562,11726830,-0.0427354674624043,0,0.0215339465033915,high_volatility
2013-06-27,68.72279707179423,70.36282804174628,68.67325380804243,69.57501983642578,11688330,0.0199237092175774,0,0.0208703251162697,high_volatility
2013-06-28,70.15969294663856,72.04250343579038,70.11014211886304,71.56684875488281,15418830,0.0282263680089629,0,0.0219327757971708,high_volatility
2013-07-01,71.64613803140946,72.83528247625108,70.87318582582681,71.74027252197266,4600210,0.0024203103126057,0,0.021785359305628,high_volatility
2013-07-02,71.35875202071045,71.79972718985681,70.65517408569016,70.92768096923828,3361730,-0.011391490801742,0,0.0218637761375415,high_volatility
2013-07-03,70.5362619155854,70.85831965321806,68.89623063059017,69.25297546386719,4045260,-0.023894668908623,0,0.0222927249303876,high_volatility
2013-07-04,69.64477484730637,70.50777365363513,68.89089109354701,69.39183044433594,4092800,0.002003032511527,0,0.0221490093277583,high_volatility
2013-07-05,70.20525262507758,70.20525262507758,69.2876959803931,69.69935607910156,2149950,0.0044219356172394,0,0.0221064061397321,high_volatility
2013-07-08,69.13890694088187,69.53073140043253,67.76009714666982,68.66773223876953,5298350,-0.0149116812190106,0,0.0221671847776803,high_volatility
2013-07-09,69.04962915579652,71.32119520373709,68.01304338648926,70.8301773071289,5578120,0.0310057449982652,0,0.0235152193191379,high_volatility
2013-07-10,71.22199297195637,73.05709844161773,71.18231407497211,72.0502700805664,8919190,0.0170789279146816,0,0.0239067633137136,high_volatility
2013-07-11,72.41233183466576,74.59461826002693,72.41233183466576,73.9796142578125,8080750,0.0264255012948755,0,0.024682275578718,high_volatility
2013-07-12,74.6938181150557,75.57665277426837,73.07197817837756,75.19970703125,5916370,0.0163577628379449,0,0.024632770222369,high_volatility
2013-07-15,74.9715660259591,75.61633489515464,73.99945191375993,75.13523864746094,4387130,-0.0008576633656245,0,0.0246330302556629,high_volatility
2013-07-16,72.47185611300127,73.89034475003047,69.70431502811306,70.71115112304688,10013300,-0.0606863867435345,0,0.028015864393373,high_volatility
2013-07-17,70.9244013756504,71.14263151383616,69.44143389514295,70.56729888916016,10549750,-0.0020364363225677,0,0.0279595035236586,high_volatility
2013-07-18,70.92440638763757,71.9163561273248,67.32363155704422,70.59706115722656,24207500,0.000421668309162,0,0.0268664531742816,high_volatility
2013-07-19,70.53755432676827,70.8053774559326,68.06760132322952,68.52885437011719,11289760,-0.0297336287090388,0,0.027498429045689,high_volatility
2013-07-22,67.96840065721503,69.78367070611029,67.56666217727425,69.50096893310547,6594270,0.0140858057015327,0,0.0253088202264953,high_volatility
2013-07-23,69.93246037150897,72.80415169089753,69.73407344019877,72.42225646972656,6137880,0.0411729679967143,0,0.025794824628523,high_volatility
2013-07-24,71.11287340790986,71.11287340790986,67.45257674792478,68.38996887207031,7965580,-0.0572875019971448,0,0.0272533975157424,high_volatility
2013-07-25,68.3155777813896,69.33728474981693,67.57161551490654,67.96343231201172,6731080,-0.0062563595428652,0,0.0268791725551566,high_volatility
2013-07-26,68.82146912531374,68.94050581666272,66.21264407571564,67.44762420654297,9153090,-0.00761844141162,0,0.0259963292530478,high_volatility
2013-07-29,67.15499660626664,67.7352938833024,65.18101867699008,65.65715789794922,12938860,-0.0269047330018832,0,0.0264988001564505,high_volatility
2013-07-30,65.69684683717657,67.34347977668963,64.15932142683204,64.51146697998047,8764430,-0.0176036353646749,0,0.0266208179871322,high_volatility
2013-07-31,64.27835075074582,65.43893021277344,61.74887570665607,64.70984649658203,19047880,0.0030703862561436,0,0.0262803549878626,high_volatility
2013-08-01,64.9925477837725,66.95661172426041,63.3657544957501,66.09361267089844,10898140,0.0211587339941727,0,0.0268306517759179,high_volatility
2013-08-02,65.69186959107931,66.68878391680656,63.98075781429225,64.82391357421875,7492530,-0.0193975389658049,0,0.0270381236513654,high_volatility
2013-08-05,64.82391975645132,66.04402137499389,63.583982471255325,65.5579605102539,5222140,0.011260072720141,0,0.0270964300090587,high_volatility
2013-08-06,65.14133971916134,65.14133971916134,62.49283564390077,63.30127334594727,27728770,-0.03502919964275,0,0.0268443216106489,high_volatility
2013-08-07,62.691223845591885,64.06011553584483,62.691223845591885,63.57405471801758,10043240,0.0042999974312225,0,0.0264244308439014,high_volatility
2013-08-08,63.98076434200492,65.12150816557397,63.31615976903027,64.74952697753906,6404140,0.0183209527580228,0,0.0259548098686283,high_volatility
2013-08-12,64.78423442339525,65.51828267229818,64.1493872018406,64.481689453125,27233970,-0.0041450961355362,0,0.0253965915595975,high_volatility
2013-08-13,64.47673191066143,65.64723288498939,63.30623093633347,65.37940979003906,7078480,0.0138260748262766,0,0.0258132774545233,high_volatility
2013-08-14,65.46868262052004,66.39615320255845,64.86359267571049,65.5976333618164,14761970,0.0033322446201689,0,0.0225644264292829,normal
2013-08-16,64.69992596039505,65.54308179985289,62.18533330000195,62.71602630615234,18942830,-0.0449226005507421,0,0.0243590748268471,high_volatility
2013-08-19,62.39364064742298,62.988808982481146,60.72220396021911,61.58024215698242,6598990,-0.0182759430617194,0,0.0244623666383987,high_volatility
2013-08-20,60.14687066364437,63.76252791062708,59.75009303906823,62.90945053100586,47648200,0.0213553244510711,0,0.0246120583152108,high_volatility
2013-08-21,64.48665272697822,66.85741192700068,61.302491283980814,61.95222091674805,9416690,-0.0153329417544574,0,0.0243343255109477,high_volatility
2013-08-22,61.67943229999489,63.3359864733149,61.00490620508952,62.55234909057617,15367480,0.009640334030796,0,0.0220483708060309,normal
2013-08-23,63.0880022470179,64.19898868551262,61.8976655806118,63.73772811889648,20285490,0.0187728737996444,0,0.0193746251518516,normal
2013-08-26,64.40234135864188,64.47673456364026,61.9968601573464,62.8052978515625,7390160,-0.0147372348026131,0,0.019529796871266,normal
2013-08-27,61.50088054193509,61.69927123596469,59.616174624635526,60.8610725402832,11276270,-0.0314456632221267,0,0.020469720216265,normal
2013-08-28,59.31860125744293,61.88279075408189,58.32665139098405,60.176639556884766,15672150,-0.0113095376103942,0,0.0198856102667276,normal
2013-08-29,60.3601442903793,65.44885164784297,59.14500728943279,64.22379302978516,24858370,0.0650895202011954,0,0.0249409149581655,high_volatility
2013-08-30,62.98881286226178,66.36144372596243,60.35518733062927,65.42900848388672,17746500,0.0185919649429582,0,0.0252878797945237,high_volatility
2013-09-02,64.96279243749704,66.92685643654602,61.73399845588362,62.195255279541016,6813310,-0.0506869997651584,0,0.027234707159372,high_volatility
2013-09-03,62.51266830536649,63.484778522412405,59.12019848540148,59.58145523071289,11322490,-0.042934343350331,0,0.0284597243058403,high_volatility
2013-09-04,59.50706813384644,61.89766691881012,58.62422966345927,60.36014175415039,10791000,0.0129846105693909,0,0.0285116481075383,high_volatility
2013-09-05,62.0216577987529,66.95660614551215,62.0216577987529,65.66706848144531,16316580,0.0842685766827457,0,0.0337119257963546,high_volatility
2013-09-06,66.2324880197817,67.61130527101389,64.74952784055522,67.17980194091797,10966430,0.0227750769366563,0,0.034034613671855,high_volatility
2013-09-10,68.0775158555187,70.86490009557612,67.95848671636905,70.27468872070312,9526680,0.0450390513424849,0,0.0351826163509726,high_volatility
2013-09-11,69.43648406078384,71.25175396040146,68.34534082485247,70.94424438476562,9699070,0.0094825908468303,0,0.0351465912656342,high_volatility
2013-09-12,70.94424378012391,71.50469781844743,68.62804198970824,69.486083984375,6542140,-0.0207677761026037,0,0.0355269314475563,high_volatility
2013-09-13,68.93058322389797,71.70804543888804,68.56356667472888,71.02359771728516,9724330,0.0218856819552053,0,0.0357761579674546,high_volatility
2013-09-16,72.9083113299351,73.27533548559134,69.82334680291741,70.53755187988281,56719240,-0.0068669652478821,0,0.0340069666274575,high_volatility
2013-09-17,70.82521669101781,70.98392472245426,69.540643526173,70.35404205322266,4979660,-0.0026049805429968,0,0.0335992799713827,high_volatility
2013-09-18,70.42842681320455,71.12278855741218,69.13888921056135,70.9095230102539,8162270,0.0078645023554164,0,0.0334236897548788,high_volatility
2013-09-19,74.10856938396068,77.27289169905883,73.6026728619159,76.54380798339844,17428060,0.0764584897058213,0,0.0365026429470725,high_volatility
2013-09-20,76.67771277512341,76.97033611243984,72.15441711854339,74.2176742553711,12676150,-0.0308609109863207,0,0.0376622514883141,high_volatility
2013-09-23,72.76448369474603,73.47372419627112,70.830176969904,71.3509521484375,7619240,-0.039391630729388,0,0.0390513746113013,high_volatility
2013-09-24,70.13084612831578,72.65039946723651,70.13084612831578,71.43030548095703,6775070,0.001111537214439,0,0.0387759078059452,high_volatility
2013-09-25,71.53943162670062,71.89156961354027,68.9653203492507,70.3590087890625,16265270,-0.0151113937406721,0,0.0381022444560781,high_volatility
2013-09-26,70.3589969711226,71.56917689249435,69.23809646374151,69.77374267578125,12729730,-0.0083530724999025,0,0.0380321172964306,high_volatility
2013-09-27,70.13085034989861,70.71114766354546,67.4625104383523,67.73529815673828,6823890,-0.029650324729979,0,0.0363303629049009,high_volatility
2013-09-30,67.15499929504372,68.36022225286585,66.30192185065255,67.26411437988281,6535710,-0.0069805591199063,0,0.0361899312994858,high_volatility
2013-10-01,67.29386873766089,68.39493358736522,66.16304660574447,67.95848083496094,4628340,0.0102700670270987,0,0.0340791734758268,high_volatility
2013-10-03,68.44453966505858,69.91758579807082,68.2064738200397,69.4464111328125,7855160,0.0216584495694291,0,0.0323721131635049,high_volatility
2013-10-04,69.21825861149611,70.1903727844257,68.42470328042918,68.99507141113281,7772080,-0.0065203190897324,0,0.0324968418351241,high_volatility
2013-10-07,68.76690783748933,69.4364768918509,67.16491123966046,68.12214660644531,4897270,-0.0127327057917492,0,0.0270985360112639,high_volatility
2013-10-08,69.98206530900606,71.0980088960655,68.04775855065031,68.9256362915039,5228480,0.0117258210874622,0,0.0267596760217044,high_volatility
2013-10-09,68.146945294486,71.78740665518059,67.98328024436204,71.30134582519531,5942910,0.0338870142531453,0,0.0259023787922769,normal
2013-10-10,71.12279255941519,71.76756139701725,69.46623832789632,70.00189208984375,9726880,-0.0183929312318262,0,0.0261550928671694,high_volatility
2013-10-11,70.92441445208611,71.42534640311521,69.69439875404846,69.93246459960938,8834410,-0.0009922866345846,0,0.0257255383882125,normal
2013-10-14,69.9324546315317,70.8748038298727,68.9901054331907,69.297607421875,7133190,-0.0091196042413956,0,0.0252880615497465,normal
2013-10-15,69.73406290514434,69.9324498064833,67.27402446147528,67.74024200439453,6686110,-0.0227299607318478,0,0.0257192569920303,normal
2013-10-17,67.91880570494317,68.89091229503732,66.75822622641223,67.14012145996094,7455910,-0.008898619325766,0,0.0257652104787754,normal
2013-10-18,67.46251804383736,69.86799212557179,67.31372403812716,69.5704116821289,12449790,0.0355575568364399,0,0.0270542417463725,high_volatility
2013-10-21,69.93245221105045,71.76755759944746,69.4612776281881,71.10791015625,14290600,0.0218592271348141,0,0.0208824826312071,normal
2013-10-22,70.63673747474274,71.40054298446805,70.03164755019827,70.33915710449219,9479680,-0.0108699407630661,0,0.0199717223128685,normal
2013-10-23,70.52762633785196,71.34102483735776,69.9423796127821,70.4383544921875,6758530,0.0014092791240294,0,0.0180125211043758,normal
2013-10-24,70.00189551302134,72.46193429174816,69.79358696785121,70.13581085205078,15546940,-0.0043044055288641,0,0.018025451842196,normal
2013-10-25,70.07628211812155,71.10295367400992,68.97522493107569,69.92253112792969,10615370,-0.0030455863744212,0,0.0177246933930116,normal
2013-10-28,70.41851256111735,71.00376686498574,69.99197385422215,70.2796401977539,6310860,0.005094212717613,0,0.0176585064981973,normal
2013-10-29,70.0316411203836,72.90829650987855,69.80845397119325,72.7148666381836,14602900,0.0340637128416023,0,0.0177064150750919,normal
2013-10-30,73.00749652453096,73.8556168493125,72.71983020290845,73.21580505371094,6364290,0.0068654571015338,0,0.0175430669990118,normal
2013-10-31,73.2753434545677,75.5667453523834,72.34290810623732,74.63927459716797,11466880,0.0192555241093446,0,0.0178185387079818,normal
2013-11-01,74.69381077194812,75.01123435340338,73.95480556713385,74.24742889404297,11729800,-0.0052636884108014,0,0.0174828225766077,normal
2013-11-05,73.74153168116126,74.69380998344957,72.84381847908357,73.93992614746094,8455030,-0.0041501947027491,0,0.0174203715446035,normal
2013-11-06,73.9002551928022,74.21272178080592,72.41233059160484,72.55615997314453,2706760,-0.0188920723744621,0,0.0177726032404118,normal
2013-11-07,72.61071486807919,74.0887253670756,72.41232795566486,72.87358093261719,4113540,0.0043652895419254,0,0.017661599011269,normal
2013-11-08,72.0304252330078,72.80910937890955,71.14759060683646,72.1544189453125,4263650,-0.009917641870655,0,0.0162622910668895,normal
2013-11-11,71.03352597581208,72.08499034490724,70.34907819020601,70.66154479980469,4901830,-0.0209070258585502,0,0.016425682676684,normal
2013-11-12,70.53259584590218,72.35282287202313,70.53259584590218,71.04344940185547,3325380,0.0053901491453745,0,0.0164577673907298,normal
2013-11-13,70.71609884207557,71.76756315913589,70.42843250537537,71.24678802490234,4331770,0.0028580845058794,0,0.0162953874981934,normal
2013-11-14,71.91634056127276,72.8834898345364,71.45012307365484,71.98081970214844,5307760,0.0102499527210513,0,0.0153687926147294,normal
2013-11-18,73.17613609071628,73.90026280109309,72.65040388837672,73.70683288574219,6059820,0.0236958165502674,0,0.0157598279090384,normal
2013-11-19,73.99946042917921,73.99946042917921,72.67520823152407,72.94303894042969,4052110,-0.0104166589740684,0,0.0143022988520019,normal
2013-11-20,72.94302944672381,73.88042166993556,71.98083696584462,72.7049560546875,4453750,-0.0032692945455012,0,0.013585609228474,normal
2013-11-21,72.01555659617209,72.25362243783206,70.23005143175723,70.57723236083984,6393140,-0.0297019488500911,0,0.0150349635072764,normal
2013-11-22,71.0335217390515,72.21394435559502,70.77561268670249,71.08312225341797,5308980,0.0071423235459899,0,0.0151142988771885,normal
2013-11-25,71.61875551130615,74.19783043272307,71.4798831777498,73.9647216796875,5096450,0.0397383172440717,0,0.017417300393741,normal
2013-11-26,73.80106507688107,74.38631181390757,72.91823037894115,73.98457336425781,16489240,0.0002683579490332,0,0.0173759010890206,normal
2013-11-27,73.87049838328709,74.36647325351946,73.0769355637249,74.10360717773438,2506070,0.0016076075575623,0,0.0173694086936523,normal
2013-11-28,74.098640728497,75.0757118038059,73.42907921124913,74.58470153808594,7997120,0.0064712019846435,0,0.0157645408654903,normal
2013-11-29,75.18979169558374,75.85439619071842,74.59461581005489,75.07075500488281,5737400,0.0064956559159305,0,0.0157578474034512,normal
2013-12-02,75.01618888600544,76.77690094866037,75.01618888600544,76.43467712402344,4753750,0.0180054133746416,0,0.0156849821748735,normal
2013-12-03,76.04782981604961,76.17678056132354,74.83764988910184,75.25923156738281,4328770,-0.0154979075130006,0,0.0160688040120693,normal
2013-12-04,74.70374042960499,75.5270606175384,74.0639361092807,74.302001953125,5478470,-0.0128006791927521,0,0.0163200285595729,normal
2013-12-05,75.18980239799473,76.5090899598306,74.89221441287205,75.58161926269531,7587410,0.0170752266302756,0,0.0160802659945683,normal
2013-12-06,75.81472341868101,76.28094103495435,74.55990752874176,75.17491912841797,6292180,-0.005395469082015,0,0.0161540132430952,normal
2013-12-09,77.86806205986663,78.1557284202195,75.36338721249852,75.7750473022461,7859790,0.0079513940933422,0,0.0159793175190224,normal
2013-12-10,75.8097648819363,77.05465913002234,74.84757238549774,76.62812042236328,7623780,0.0111950695309461,0,0.0150978532543011,normal
2013-12-11,76.09741920650268,76.85626770553175,75.45761496642909,76.27597045898438,4573440,-0.0046061630394804,0,0.0152162615928008,normal
2013-12-12,75.6064071658522,76.44956289526063,75.11538934104364,75.89407348632812,3013130,-0.0050193555123581,0,0.0153366817791138,normal
2013-12-13,75.24434447459595,75.5964823643574,74.78308394927741,75.2393798828125,3690440,-0.0086638356252155,0,0.0154590977684608,normal
2013-12-16,75.22946997371122,75.29394913312734,74.1780055966409,74.47559356689453,3581690,-0.0102032939606822,0,0.0148251864805494,normal
2013-12-17,75.0410026136044,75.24435413547722,73.2356543108771,73.46379852294922,3067080,-0.0136787208031368,0,0.0149690737303397,normal
2013-12-18,73.49355543431534,75.70064974519448,73.25548960658033,74.41606903076172,10754270,0.0128791523348219,0,0.015197035750787,normal
2013-12-19,75.09058062281518,75.10050223770676,71.42037018230337,71.61380004882812,6800400,-0.0383841066075181,0,0.016215018435299,normal
2013-12-20,71.68819932361944,73.04221607216137,70.92935843147966,72.72479248046875,10890170,0.0153945573873475,0,0.0164894740985195,normal
2013-12-23,72.89837671450222,73.5034665985966,72.31313006121675,72.66526794433594,4064160,-0.0008188254311845,0,0.0137612091609119,normal
2013-12-24,72.80911493457798,72.90830839839552,71.7179716966326,72.29329681396484,2905530,-0.0051321140965212,0,0.0137903147029848,normal
2013-12-26,72.11475321474522,72.90831614556116,71.62374286788243,72.0056381225586,9251520,-0.0039869881588021,0,0.0137880419203646,normal
2013-12-27,72.38256911331466,73.6968994076365,72.11473846256295,73.40923309326172,5345670,0.0193052959627584,0,0.0144578032912419,normal
2013-12-30,73.4538803348919,73.51339489677856,71.98579140855583,72.59088134765625,4467260,-0.011210406500421,0,0.0145298432841672,normal
2013-12-31,72.90335111160739,72.90830813598876,71.96595888114945,72.23873901367188,1802710,-0.0048628592278721,0,0.0137796505609494,normal
2014-01-01,72.61072450062251,72.61568909327562,71.49478094230571,71.67333221435547,3927680,-0.0078577106656458,0,0.0135130989953383,normal
2014-01-02,71.67829248534241,72.55616258267946,69.73407184467634,70.17052459716797,4561390,-0.0211903974514875,0,0.0139739810265362,normal
2014-01-03,70.1407779646667,71.05337007513758,69.09923508901318,70.68138885498047,5725670,0.0072539518338325,0,0.0133972056754559,normal
2014-01-06,70.42843337693802,71.12279518585822,69.99197305820181,70.83513641357422,4467150,0.0021728574637176,0,0.0134432425602565,normal
2014-01-07,70.62682167095203,70.92440963366842,69.43648495603901,70.24492645263672,6437940,-0.0083670703318512,0,0.0132389567831125,normal
2014-01-08,70.32922760576005,71.12278273879369,69.79853094126602,70.7160873413086,3129830,0.0066850064516978,0,0.013006667442259,normal
2014-01-09,70.47803547384599,70.97896739238031,70.09613268638248,70.44331359863281,3075830,-0.003864766786787,0,0.0130059490611538,normal
2014-01-10,69.84318435011066,70.90457026195925,69.23809440739572,69.48111724853516,3662240,-0.0137533025664104,0,0.0131881258262934,normal
2014-01-13,68.95539804877029,71.89156890234008,68.95539804877029,71.1128921508789,4724920,0.0232136231860984,0,0.0145077725743548,normal
2014-01-14,71.02359825433739,71.72788164555504,70.13084199505593,70.55738067626953,2638260,-0.0078423555010456,0,0.0144540426038384,normal
2014-01-15,70.82521489650419,72.52640511473963,70.68137794218374,72.32801818847656,5556430,0.0247852918326243,0,0.0154418711813475,normal
2014-01-16,72.44208787275265,72.90830545867063,71.7179688049031,72.55615997314453,5511820,0.0031493014092198,0,0.0151392277448605,normal
2014-01-17,72.46193115180834,73.18109319591814,71.42038090311424,72.12466430664062,3231490,-0.0059648118262956,0,0.0124530137096164,normal
2014-01-20,71.99572722224464,73.15630681575288,71.42039445063332,72.22883605957031,4993170,0.0014432870799607,0,0.0119467000315442,normal
2014-01-21,72.38258325819628,72.61072749033454,69.8332723938383,70.06141662597656,17001420,-0.0304671198227719,0,0.0137172283727281,normal
2014-01-22,69.93245875100054,71.22199647856405,69.25793260500943,70.45819091796875,13202970,0.0056472595306127,0,0.0137919947282955,normal
2014-01-23,70.13084124272653,70.58218017562926,69.7539030786183,69.96221160888672,3378700,-0.0070642351502172,0,0.0138407957888812,normal
2014-01-24,68.94050949537919,69.91262360666241,67.55177829410725,67.92375946044922,8578030,-0.0295693703541557,0,0.0142926102174635,normal
2014-01-27,67.26410409507963,67.70056436770042,64.92806688133724,65.28020477294922,16147660,-0.0396970442820681,0,0.016334762708281,normal
2014-01-28,65.17107744094858,66.46061478485929,63.98569812175848,65.4488296508789,13394590,0.0025797631290078,0,0.0164299260194202,normal
2014-01-29,66.1630436335651,66.9516494166405,65.75634818164251,65.86546325683594,5372800,0.0063456154661238,0,0.0166030139535342,normal
2014-01-30,64.48665404527792,65.46868215862405,64.25354525336597,64.481689453125,8423630,-0.0212329270353501,0,0.0166053037440152,normal
2014-01-31,64.42712905207608,65.59762998379486,64.3527358528468,65.17605590820312,5570330,0.0107108617602715,0,0.0167484775736543,normal
2014-02-03,64.6056758606075,65.27028785596575,64.4568894723687,64.96774291992188,11592230,-0.0032012768654254,0,0.0166863044837136,normal
2014-02-04,64.27835389448536,66.24737497016395,63.841893534744976,65.99442291259766,5079350,0.0156793531856287,0,0.017236834430501,normal
2014-02-05,65.9646514435386,66.59949861139178,64.51144884511731,66.21263885498047,8315420,0.0033011268480143,0,0.0171519139789176,normal
2014-02-06,66.65900835579696,67.06571131382694,64.7247097133912,65.51827239990234,10905660,-0.0105422923053968,0,0.0172285101474033,normal
2014-02-07,65.66707329651256,66.1134552443326,64.71480240299668,65.3546142578125,7183890,-0.0025010257140039,0,0.0170632514467694,normal
2014-02-10,65.6521869658158,65.6521869658158,63.88156072730478,64.20394134521484,7398960,-0.0177634454787858,0,0.01617951586222,normal
2014-02-11,64.3676139501151,64.67511592830473,63.54925849358928,64.20394134521484,4913370,0.0,0,0.0162048276028582,normal
2014-02-12,64.47672667681648,65.10165222628996,63.89148002114731,64.43209075927734,5221870,0.0035472122321893,0,0.0148051296798528,normal
2014-02-13,64.37753826629817,64.8834347419397,62.74081971661736,63.1673583984375,3892870,-0.0198241260205689,0,0.0149662112388616,normal
2014-02-14,63.28639305027461,64.80407873506073,62.54243074063034,64.12458801269531,8027910,0.0150401920238474,0,0.0157537013787595,normal
2014-02-17,64.19897907478608,64.80902595739568,63.79227610772982,64.55111694335938,4638330,0.0066295419636546,0,0.015922344087267,normal
2014-02-18,64.57591768098857,67.75016095330449,64.28329436423952,67.48233032226562,10661590,0.0444083699258186,0,0.0183846417893058,normal
2014-02-19,67.45257984558346,68.28581396398882,66.51023065434276,68.03782653808594,11179220,0.0081980325262795,0,0.0184483117740034,normal
2014-02-20,67.62123203935634,67.74026876797518,66.13827158120141,66.43585205078125,5698560,-0.0238269718419914,0,0.0190727697386664,normal
2014-02-21,66.46063468659486,67.2343542974432,65.91505928511145,66.66398620605469,4761160,0.0034280188716611,0,0.0180135327539711,normal
2014-02-24,66.27216642611097,67.53690398642125,65.66707641793077,67.21452331542969,7371790,0.0082244747812705,0,0.0156136528042135,normal
2014-02-25,67.48234484244315,67.78984686397347,66.67390331980201,67.031005859375,4379690,-0.0027340585790822,0,0.0156387871570044,normal
2014-02-26,66.96652846153783,68.53380328491924,66.96652846153783,67.98823547363281,7556790,0.0141793961032314,0,0.0158709754045778,normal
2014-02-28,67.9882280708536,68.84130535210016,67.05083597980621,67.8989486694336,9321850,-0.0013141315365645,0,0.0149626514813309,normal
2014-03-03,67.65097462737907,68.70740360634734,66.26225093518555,66.45568084716797,4502270,-0.0214852788743247,0,0.0157531306568349,normal
2014-03-04,66.55981790188986,67.34345900882828,66.00928556078645,67.12522888183594,6892460,0.0100246905515222,0,0.0158460453727209,normal
2014-03-05,67.55177994101464,67.86920357464618,66.52015123971806,67.53194427490234,7152170,0.0060407718403139,0,0.0155399958984249,normal
2014-03-06,67.75016023256387,68.58835128159302,67.25418543603844,68.18165588378906,6145410,0.0095748189092645,0,0.0156486103489201,normal
2014-03-07,69.20832382278,71.17238746173777,68.57844124331517,70.5821762084961,18562070,0.0346020976313008,0,0.0170211533598369,normal
2014-03-10,70.42843523283697,74.89220929689003,69.47120731617424,74.6343002319336,14748550,0.0558225391817694,0,0.020532748883501,normal
2014-03-11,74.97156532759095,75.1550736130308,72.85870747695445,73.8208999633789,7221030,-0.0109583013217413,0,0.0201600925131496,normal
2014-03-12,73.92505487377572,74.66405257644139,72.91326191477823,73.8853759765625,6896810,0.0008730301656925,0,0.020145125865897,normal
2014-03-13,73.9002514151836,77.03977307138169,73.71177855358064,75.81967163085938,10012070,0.0258428601597389,0,0.0205554047859366,normal
2014-03-14,75.05587874570244,75.52705336338107,72.7099197058671,74.98644256591797,8034530,-0.0110504477663733,0,0.0200137428172207,normal
2014-03-18,75.13026873494461,76.87610233936202,75.13026873494461,75.91390991210938,8311450,0.0122926025011222,0,0.0199764307505863,normal
2014-03-19,76.14701870141383,76.35532723186078,75.06579715271643,75.6262435913086,5695880,-0.003796573511174,0,0.0201613094399642,normal
2014-03-20,75.88415592450959,75.88415592450959,73.60266847083065,74.12344360351562,8131580,-0.0200715002181013,0,0.0191489744816455,normal
2014-03-21,74.74340933415041,74.8922033046422,73.2406061249324,73.81098175048828,10185540,-0.0042243354369553,0,0.0192306042370483,normal
2014-03-24,73.83081986442475,76.36525176703843,73.83081986442475,75.93871307373047,9135870,0.0284190832974244,0,0.0187846979004784,normal
2014-03-25,75.88414922548783,77.1191292804914,75.88414922548783,76.64299011230469,8287860,0.0092315398960671,0,0.0187765692038635,normal
2014-03-26,76.87611368099627,77.36216699039745,75.72049119298924,76.53388977050781,8592680,-0.0014245016653848,0,0.0188665120862291,normal
2014-03-27,76.5388386076139,77.36711565700111,75.48736683265196,76.56859588623047,14200670,0.000453371036639,0,0.018797810362623,normal
2014-03-28,77.04474010618708,78.16564823760791,76.08254757736536,77.17369842529297,10976150,0.0078716877003817,0,0.0187176066635282,normal
2014-03-31,77.40184129002172,77.8383016215575,76.21150456325765,77.47624206542969,7620730,0.0039126303590997,0,0.0186415034101307,normal
2014-04-01,77.52088816169598,77.5804027354504,74.5946313418066,75.75521850585938,8045880,-0.0224640021845132,0,0.0187202226146982,normal
2014-04-02,76.18174399440586,76.70747615218366,75.28402311158557,76.33549499511719,11482950,0.0076307000154365,0,0.0187044733604636,normal
2014-04-03,76.5090756089631,76.55867611983888,74.9467579000563,75.36833953857422,7548720,-0.0127507463861862,0,0.0191906520787854,normal
2014-04-04,74.61446378213465,75.48737686546309,74.39623361930848,74.90213012695312,5096840,-0.0062049570813345,0,0.0193376594757467,normal
2014-04-07,75.09059656122174,76.57852125584022,74.6839010800404,76.32557678222656,8463920,0.0188257657854507,0,0.0183502822014406,normal
2014-04-09,76.85626065857173,77.86804595121349,76.09741222912156,77.82341003417969,10448190,0.0194341905888055,0,0.0142863907206835,normal
2014-04-10,77.62502432248128,80.54631600945334,77.39688011992678,79.67835998535156,12244270,0.0235557444461385,0,0.014705408951234,normal
2014-04-11,78.87984198557706,80.14954404192024,78.56241836348529,79.91643524169922,7809360,0.0029834987113019,0,0.0146907304313424,normal
2014-04-15,79.85194334191699,79.85194334191699,77.62501375033293,78.44833374023438,5766530,-0.0185412900767563,0,0.0145570193055168,normal
2014-04-16,78.35410949358084,78.60706152611219,76.72731249116113,77.79366302490234,4157630,-0.0083802634410439,0,0.0144457035871004,normal
2014-04-17,77.7688724032449,79.752772170838,77.3820125540024,79.43534851074219,5776660,0.020883488787577,0,0.0148937231090109,normal
2014-04-21,80.02058788488401,80.24873966689816,78.83025116196374,79.48989868164062,15610010,0.0006864884466679,0,0.0148312639042073,normal
2014-04-22,79.66844779855143,80.02555031939322,78.91456385811033,79.48493194580078,4713940,-6.248455584856316e-05,0,0.0138730788745307,normal
2014-04-23,79.35597666689148,82.30206851152593,79.08815357555002,81.57794189453125,12931940,0.0259914370838254,0,0.0146140352380047,normal
2014-04-25,81.53828097332203,82.78814000039274,79.9214053167618,80.19915008544922,6889060,-0.0170459881290589,0,0.0143128256615283,normal
2014-04-28,80.15946510491513,82.3219160846313,79.03856449681487,81.73170471191406,7342700,0.0189290717804535,0,0.0147036222994777,normal
2014-04-29,81.44899147190851,81.79121533348409,79.79243726889489,80.05033874511719,4766330,-0.0207863180555385,0,0.0156331238678142,normal
2014-04-30,79.85195743014698,81.23572404576606,78.90960816468356,79.6138916015625,7710490,-0.0054670758714614,0,0.0157246425956737,normal
2014-05-02,79.70813984760407,80.4074587956485,79.23200055193591,79.62381744384766,5324410,0.0001246669819288,0,0.0156664058481798,normal
2014-05-05,79.17742810203752,80.51655874011387,79.1327921799627,80.10986328125,3451310,0.0060857213744114,0,0.0156910777264707,normal
2014-05-06,80.30825335457028,80.5463191829561,79.4105400137201,80.0453872680664,3659640,-0.0008051689400838,0,0.0146505788430462,normal
2014-05-07,79.3857350633481,80.97285310540406,79.3857350633481,80.35784912109375,5197290,0.0038959593994016,0,0.0146088953125444,normal
2014-05-08,80.56616128760609,81.38948141054048,80.0850650451671,80.54631805419922,9125410,0.0023426244653004,0,0.0141588458490248,normal
2014-05-09,80.62566670800082,84.81169546092485,80.40247954933028,84.3901138305664,10666260,0.0466178615197376,0,0.0169414077019812,normal
2014-05-12,84.53397161076262,85.80366627071302,84.03799666122093,84.38517761230469,9395140,-5.849456067785752e-05,0,0.0167114937881708,normal
2014-05-13,84.83650205785571,86.20043293477308,84.12725406651124,85.41183471679688,11275510,0.0120929055437066,0,0.0164568924272061,normal
2014-05-14,85.2580774466106,87.78755232031864,84.57363726965887,85.25312042236328,7268000,-0.0018599523265825,0,0.0158919360669484,normal
2014-05-15,85.10929588254612,86.79560751565982,85.10929588254612,86.28971099853516,7737350,0.0120856486376101,0,0.0160098380337749,normal
2014-05-16,87.8867521763813,94.33442597982202,87.8867521763813,89.8359375,20703700,0.0402747228028141,0,0.0170510111157033,normal
2014-05-19,90.2079156067277,92.44971666535072,89.93512790305253,90.9617919921875,10021560,0.0124544600007423,0,0.0167092460166867,normal
2014-05-20,91.229607581262,91.24944324371364,89.09691438889861,89.57801055908203,9319680,-0.0153296781361857,0,0.0171746268854433,normal
2014-05-21,89.47386545656516,89.840889592777,87.65363855244189,88.94317626953125,7427820,-0.0071121750511888,0,0.0173890057703393,normal
2014-05-22,89.27547695565848,90.22774780169505,88.025618159246,88.61582946777344,6935390,-0.0036871931250779,0,0.0174700307407815,normal
2014-05-23,88.70013850339691,89.07708422502121,86.59224543496272,87.12789916992188,10682110,-0.0169333593083953,0,0.0174486792162624,normal
2014-05-26,87.29157258202054,88.24384337475824,84.47443909950177,85.42174530029297,12403850,-0.0197764473177795,0,0.0176259565023667,normal
2014-05-27,85.30767422817446,86.68152668216138,84.3256461438833,86.35913848876953,7313570,0.0109139325924569,0,0.0173371676901671,normal
2014-05-28,86.2996218211262,86.2996218211262,84.54883124823908,85.2035140991211,7861100,-0.0134719515040639,0,0.0168857392336861,normal
2014-05-29,85.59534405664454,86.54761489982069,84.68275211126438,85.34239959716797,13534860,0.0016287171675797,0,0.0167699815739987,normal
2014-05-30,85.8036585171984,86.89480179399523,83.52713552083101,86.16571807861328,12851880,0.0096010010138023,0,0.0168042018064687,normal
2014-06-02,85.90283714425117,88.38271123945458,84.58354230928892,87.94625854492188,5267170,0.0204535331119144,0,0.0172027921272934,normal
2014-06-03,87.9809887999682,88.4025704997857,85.89293110328299,86.61705780029297,6991960,-0.0152291611111996,0,0.0177382670932646,normal
2014-06-04,86.50794419367745,86.59722361416651,85.01009782394142,85.4515151977539,3244140,-0.0135476270765257,0,0.0181645361307766,normal
2014-06-05,85.53582995286831,86.63688720871711,84.61331638609556,86.1706771850586,8721080,0.008380806545877,0,0.0182018996201484,normal
2014-06-06,86.56746451317511,90.07896807017528,85.87310260980381,89.54827880859375,17838950,0.0384479599397877,0,0.0172469706351239,normal
2014-06-09,90.25751113049296,90.95188053856832,88.91342337544947,89.29531860351562,7780810,-0.0028288446153892,0,0.0172836292473001,normal
2014-06-10,89.54826647268798,89.67226019320736,87.44037322385861,89.285400390625,4310330,-0.0001110782054931,0,0.0171542575755852,normal
2014-06-11,89.66729510285823,92.6481089710929,89.4788297949393,92.10749816894533,11215260,0.0311183682410636,0,0.0182891219661042,normal
2014-06-12,92.51914614256592,93.24327276093784,91.06098642563806,92.61834716796876,5379160,0.0055309022986769,0,0.0181925611325595,normal
2014-06-13,92.74234547985807,94.18562662812768,90.68900978061284,90.9568328857422,5769080,-0.0181022255118863,0,0.0166018928413411,normal
2014-06-16,91.26931054140314,92.54892679424962,89.78138572199705,92.29597473144533,5607740,0.0146154997698344,0,0.0166897701901864,normal
2014-06-17,92.05294807120998,93.42183612433264,90.47078686738963,92.97049713134766,6257970,0.0072816778291455,0,0.0163062079408298,normal
2014-06-18,93.73924362648614,96.412547679041,93.73924362648614,95.25196838378906,16089770,0.0242434715631443,0,0.0168950377631938,normal
2014-06-19,95.39580619618155,95.51979991565292,91.16514109325638,91.6214370727539,6941260,-0.0388604057618229,0,0.0193297107653084,normal
2014-06-20,91.8545492463852,93.441667400349,91.27425952609109,92.3306884765625,3799170,0.0077112989727305,0,0.0188613674678605,normal
2014-06-23,91.75534639395704,91.85453984943648,88.139693101099,88.78445434570312,8138740,-0.0391650014526181,0,0.0205140755861592,normal
2014-06-24,89.02749261447562,89.27052303466346,86.60713273334362,87.20230865478516,17054170,-0.0179807650347978,0,0.0208626238539688,normal
2014-06-25,88.749745144655,88.749745144655,86.87496072679095,87.66355895996094,5228230,0.0052754877920202,0,0.0206222682850199,normal
2014-06-26,87.6883703663123,88.26866013438628,84.94562957041829,85.87310028076172,11170330,-0.020635665370106,0,0.021203334328987,normal
2014-06-27,86.29962870572957,86.59721665949148,84.83153973806748,85.90284729003906,4719980,0.0003463466218098,0,0.0210905838638237,normal
2014-06-30,85.36719213112531,87.88674537677149,85.36719213112531,87.64372253417969,4333320,0.0200630141054212,0,0.0210706735580235,normal
2014-07-01,87.84706958848422,88.17441483031091,87.26677987868757,87.72307586669922,3239540,0.0009049984222686,0,0.0207705868118975,normal
2014-07-02,87.99090309793971,88.97788824119144,87.59907871437699,88.59599304199219,3367940,0.0099016437938681,0,0.0205889421526119,normal
2014-07-03,88.59102266424763,89.46890024180846,88.085133781157,88.40255737304688,4118510,-0.0021857325441612,0,0.0205469013943797,normal
2014-07-04,88.3727621983619,88.82946805981497,87.10192717957526,87.58841705322266,7110500,-0.0092521350045382,0,0.0186898411547072,normal
2014-07-07,87.1863303350385,87.73735736456447,84.66451341633797,86.46651458740234,143185270,-0.0128915393868309,0,0.0188731942150803,normal
2014-07-08,87.56857388790172,88.63091346361884,85.9601763025739,86.60055541992188,11601970,0.0015490047796555,0,0.0188837790789957,normal
2014-07-09,86.75443939288105,87.15157728741862,84.75386548671617,85.80628204345703,8149150,-0.0092140080694154,0,0.0173013741176376,normal
2014-07-10,85.78146278555116,88.08485357223354,84.65954762246592,86.02470397949219,14168790,0.0025422894756443,0,0.0172316425594037,normal
2014-07-11,87.25086275050349,87.6678617196738,84.11348918701245,85.22050476074219,28183100,-0.0093924394933164,0,0.0169561649923788,normal
2014-07-14,85.58290113308858,85.74672082613247,84.55035303868873,84.92266845703125,12144250,-0.0035010115574447,0,0.0164267699159333,normal
2014-07-15,85.67720026012418,86.81896876493694,84.92760813717987,86.53104400634766,10473960,0.0187621802706736,0,0.0170370017785803,normal
2014-07-16,87.35014823924885,88.11959389916527,85.98995344002137,87.87138366699219,20502340,0.015370956335639,0,0.0163768570225897,normal
2014-07-17,87.86642947079486,91.1428078369043,87.43454605495141,90.83502197265624,31845650,0.0331707196524764,0,0.0162343212412803,normal
2014-07-18,90.8449437743333,94.12132182561272,89.50461005327355,92.9150161743164,23693560,0.0226403550150386,0,0.0169556039875789,normal
2014-07-21,96.00772152917648,96.00772152917648,92.94480795764508,93.44619750976562,21692460,0.0057005721674592,0,0.0142015686448173,normal
2014-07-22,93.82346427085028,94.61774001416424,92.5129145967246,94.2404556274414,7184960,0.0084637116784298,0,0.0133968570348982,normal
2014-07-23,94.2404718719293,94.74682293494244,92.3391803275146,92.61221313476562,8378210,-0.0174285303885657,0,0.0142097350172887,normal
2014-07-24,92.48314596187512,93.42634193598586,92.24982770752987,93.19302368164062,11661670,0.0062518414292194,0,0.0131106038479176,normal
2014-07-25,93.19301380444458,94.578031173852,92.5973107484176,93.79368591308594,10184840,0.0064246736984161,0,0.0130896862365134,normal
2014-07-28,93.83340489321525,94.51846003136232,91.62929666448618,93.44619750976562,9022480,-0.0037116964174996,0,0.0126644584312666,normal
2014-07-30,93.6249035012606,97.00055663128764,93.19798159484776,96.72753143310548,10304610,0.0345122287204775,0,0.0144472584051513,normal
2014-07-31,96.72753677360052,97.25870276597584,94.2305422821704,94.68724822998048,16895470,-0.021318734947167,0,0.0155233550532863,normal
2014-08-01,94.12132991298472,94.61775041342288,91.49029974570736,91.8675765991211,12730690,-0.0302311813953899,0,0.0172211892258648,normal
2014-08-04,92.43348991966155,93.47597593567636,92.09095858369167,93.1036605834961,6636140,0.0133653469971397,0,0.0171913576344291,normal
2014-08-05,93.58521023637824,93.63981680338745,92.0810564789518,93.12353515625,8572900,0.0002134443656354,0,0.0167968578970899,normal
2014-08-06,92.73136742334196,93.62492599737176,91.87752340535538,92.5576171875,7794440,-0.006095607592873,0,0.016934998264226,normal
2014-08-07,92.14557307277992,94.22061475315805,91.96189990715006,93.31216430664062,8272480,0.0081191386579924,0,0.0167013721117309,normal
2014-08-08,92.63206200489816,92.84551916943076,91.24208318485222,92.4930648803711,7806640,-0.0088168103339452,0,0.0169517234954811,normal
2014-08-11,92.90509202095213,95.09430820798352,92.6370282882511,94.33478546142578,7360040,0.0197163349992557,0,0.0170247055892637,normal
2014-08-12,94.51846084802698,96.295647159747,93.59015693029691,95.77937316894533,5894510,0.0151973479644436,0,0.0170420565155928,normal
2014-08-13,95.77937206869706,96.30557658446249,94.4291077085411,95.02481079101562,10769670,-0.0079093266813128,0,0.0170356386477066,normal
2014-08-14,95.60561508785128,95.60561508785128,93.8482899828972,94.6524887084961,10196050,-0.0039258526106964,0,0.0169445840290849,normal
2014-08-18,94.31988623415256,96.74738195055632,93.82842725790825,95.9928207397461,6457320,0.0140612335972978,0,0.0156885454446831,normal
2014-08-19,96.30557511777268,97.89411917177053,95.9233292193062,97.36295318603516,12079580,0.0141723761509506,0,0.0152314275347364,normal
2014-08-20,97.69554423956431,99.50251434062608,96.80198593139647,99.28408813476562,12794890,0.0195395370152366,0,0.0156993810488213,normal
2014-08-21,99.04084200831196,102.06404832870948,99.04084200831196,101.13077545166016,18229920,0.0184291678777697,0,0.0160354621766311,normal
2014-08-22,101.26977332611116,102.74910416846734,101.15062968939672,102.33707427978516,14528290,0.0118575289765452,0,0.0153432510094917,normal
2014-08-25,102.33708416918267,104.68515861381294,101.82081017641312,103.71713256835938,5283680,0.013395299668085,0,0.0154568339908139,normal
2014-08-26,103.71712304925522,105.20142295125008,103.26538618758296,104.65536499023438,9604550,0.0090053992108272,0,0.0154770391371957,normal
2014-08-27,104.85393724151297,105.23618314243951,102.32218969478988,103.25546264648438,12311700,-0.0134665761804537,0,0.0159290192537741,normal
2014-08-28,103.65259366716788,104.18872867347994,102.55550111656385,103.01220703125,14848780,-0.0023586413555509,0,0.0143920331560542,normal
2014-09-01,103.50368035752118,104.69508659791312,103.44907379630791,104.0447769165039,4548000,0.0099738576827581,0,0.0132476904426762,normal
2014-09-02,104.04973452856476,105.43474432009704,102.76896879484684,105.06739044189452,4832650,0.0097806042589363,0,0.0104103550228725,normal
2014-09-03,105.90634477990272,105.90634477990272,104.06462901672394,104.93336486816406,5705870,-0.0012764296178806,0,0.0104327002415587,normal
2014-09-04,104.64544980782772,105.80707203639624,103.85117392559944,105.12200927734376,6666040,0.0017961402859878,0,0.0103925778698048,normal
2014-09-05,105.04257901965516,107.80763721812008,104.66529459830068,107.07293701171876,6335980,0.0183885878726455,0,0.0103272308288246,normal
2014-09-08,107.22186484770944,107.77785337509977,105.35035747099478,106.87933349609376,5022100,-0.0018097827894809,0,0.0105217854577686,normal
2014-09-09,106.78004884395084,107.88210292137484,106.233983283146,106.5616226196289,3258520,-0.002977039804322,0,0.0101400664591096,normal
2014-09-10,106.23399462392592,106.59637949399544,105.25108408432412,105.73261260986328,6615660,-0.0078100493193629,0,0.0102024799716782,normal
2014-09-11,105.5390059690382,106.5814845199965,105.03265491584357,105.7226791381836,9409870,-9.395339889461952e-05,0,0.0100249618880358,normal
2014-09-12,105.04258156614694,106.43752196895989,104.94329140563046,106.14959716796876,11011540,0.004029961965875,0,0.0095645351832402,normal
2014-09-15,105.73757592381604,105.83685851770942,103.49375294289908,103.8611068725586,8623060,-0.0217948974988804,0,0.011191155048944,normal
2014-09-16,104.29795166254124,104.66529799025896,101.6818134669064,102.00945281982422,6394990,-0.0179890120167947,0,0.0120343463662666,normal
2014-09-17,102.26261616078892,102.76896715786192,101.26977522718904,101.46337890625,5523780,-0.0053675492693576,0,0.0118750856636797,normal
2014-09-18,101.1506334912022,104.33765203904277,101.1506334912022,104.01994323730467,4184840,0.0248847082295329,0,0.0123401616525984,normal
2014-09-19,103.95044970919412,106.13470445488122,103.85116712411192,105.60353088378906,11660640,0.0151091644581242,0,0.0121327829740535,normal
2014-09-22,104.84399332174635,105.2411311807797,102.7590290302896,103.6376953125,5215180,-0.0187906890984992,0,0.0127631143066582,normal
2014-09-23,103.45402710999096,104.63054882241016,102.13851584109726,103.36963653564452,5999040,-0.0025898495893059,0,0.0124175798075213,normal
2014-09-24,103.3646819644546,104.0497447105167,102.05413208597236,102.88811492919922,6545360,-0.0046691334296227,0,0.0122613946813738,normal
2014-09-25,102.2924049166244,104.92839650550864,101.76620040939844,102.11369323730467,18165780,-0.0075553028790436,0,0.0120099699845173,normal
2014-09-26,101.761243397883,102.83847499906156,100.40104846920536,101.70166778564452,11551860,-0.0040431301239545,0,0.0120291685062742,normal
2014-09-29,101.69670229215409,101.69670229215409,98.886960489542,99.61669921875,3648130,-0.0207138886167035,0,0.0125499538719057,normal
2014-09-30,100.5747862123172,102.18318362265966,99.94929159738408,100.58470916748048,8637670,0.0096704363903459,0,0.0125444533307575,normal
2014-10-01,100.12801802727508,100.7435822030411,99.41814031490092,100.44076538085938,10765250,-0.0014320952261961,0,0.0125439114228842,normal
2014-10-07,99.97909855087131,100.58473224488004,98.886974825123,99.8599624633789,13932790,-0.0057993253597823,0,0.0125319177738334,normal
2014-10-08,99.97908493920023,100.4159373999349,99.00610500818756,99.30892181396484,12461550,-0.0055334150956793,0,0.0115278825101273,normal
2014-10-09,99.67131556359274,101.9052079969182,99.47275037720767,101.59246063232422,14513010,0.0227339119319376,0,0.0129637906534383,normal
2014-10-10,100.97192330889108,101.19531858627516,99.0061024362046,99.572021484375,7552010,-0.0200881096793184,0,0.0135459471924959,normal
2014-10-13,99.18481013062576,100.54996640536598,98.12743211935349,100.12800598144533,7820650,0.0055682108875858,0,0.0136462474412845,normal
2014-10-14,100.52515407136984,101.36906743010024,99.46281447454491,100.58969116210938,4733740,0.004600351652729,0,0.0137339397910172,normal
2014-10-16,100.0783776827175,100.22233629748138,97.54166857776296,98.45011901855467,9139900,-0.021499764868917,0,0.0142720767619531,normal
2014-10-17,98.97631512726512,99.75569132151593,97.3331645935774,99.28905487060548,11413980,0.0084853281139487,0,0.013858871714941,normal
2014-10-20,100.78328978911956,102.5406149871284,99.39331090508304,99.66634368896484,11665000,0.0037927020161587,0,0.0134054495868639,normal
2014-10-21,100.12801081836098,100.96200117628229,99.2840975045276,100.64925384521484,16427520,0.0098136945589386,0,0.0135834018780004,normal
2014-10-22,101.3988633929283,106.0354372960398,101.26979677102214,105.5390167236328,31205290,0.0474389726140351,0,0.0164310523716425,normal
2014-10-27,105.93612696287816,108.38844533587488,105.73756180161156,107.7232437133789,9601460,0.020484668631135,0,0.0167201528448473,normal
2014-10-28,108.12039359453318,108.56716904429038,106.90416480372642,107.50482940673828,4522850,-0.0020296086700088,0,0.0160842830777625,normal
2014-10-29,107.92180991679652,107.96152446438845,106.30348186999782,107.22186279296876,11542390,-0.0026355994652584,0,0.0160849482476533,normal
2014-10-30,106.82969671878416,109.2571928115319,106.72048359602036,108.61681365966795,8414940,0.0129260456211683,0,0.0161916306255342,normal
2014-10-31,109.4011474403522,111.42157484831014,108.62673270610688,111.0244369506836,6135180,0.0219241123627567,0,0.0165459645939769,normal
2014-11-03,111.12372009338485,111.28753217509666,109.0337866785664,110.25001525878906,7442920,-0.0069996770624838,0,0.0166362903374381,normal
2014-11-05,110.5032140095844,113.18388186597328,109.53518790748863,112.0123291015625,9225850,0.0158582937718874,0,0.0157596054400591,normal
2014-11-07,112.96546090179724,112.96546090179724,109.6493752121498,111.4861297607422,11925500,-0.0047087601029378,0,0.015904142287326,normal
2014-11-10,111.69460670565064,112.36477737579467,109.66921026174847,110.07627868652344,4554760,-0.0127266183206655,0,0.0163444039540204,normal
2014-11-11,110.11599862857916,110.7563777388325,109.21250968529031,109.95217895507812,4930360,-0.0011280335819723,0,0.0162211832700259,normal
2014-11-12,110.3542818940982,112.48889162151542,109.6344736629906,111.82865142822266,8980960,0.0169222673489457,0,0.0162444234977067,normal
2014-11-13,111.99245580727026,112.09173838165692,109.90748387127609,110.37908935546876,6300750,-0.0130470939529443,0,0.0162674407086521,normal
2014-11-14,110.29967182758962,110.49327551910822,107.8523148299051,108.5671615600586,5203360,-0.0165517258587444,0,0.0160072850230819,normal
2014-11-17,108.7160890928229,110.77126965213456,103.30510869299906,110.01670837402344,7230350,0.0132632665347189,0,0.0161307585523712,normal
2014-11-18,110.20534367714396,110.56772849712723,107.54452967095705,107.72820281982422,7159810,-0.0210208340628375,0,0.0171265008335055,normal
2014-11-19,107.82254110730922,108.11542741158726,105.2411557823208,106.98358917236328,10415780,-0.0069359640258301,0,0.0163005235261835,normal
2014-11-20,108.71609167093308,115.46741363565934,108.199817673525,114.8419189453125,36340260,0.0708811143642744,0,0.0221088651592415,normal
2014-11-21,119.73661215367002,125.56459101852292,117.47789756992462,119.0565185546875,63142430,0.0360417613556096,0,0.0229995058080918,normal
2014-11-24,119.62740133932012,120.52592116753812,116.75809166228991,119.1160888671875,16649780,0.0005002280857313,0,0.0230739525410392,normal
2014-11-25,118.54522135136776,119.33948963622689,114.59371069058592,115.2241668701172,22232150,-0.0332190461645858,0,0.0229441436590535,normal
2014-11-26,115.56668763779986,116.3857783883996,113.87885348461135,115.21422576904295,13614730,-8.627990298482047e-05,0,0.0226437848901338,normal
2014-11-27,115.76526488937962,115.84469399130826,113.78951332125494,114.93128204345705,17538920,-0.0024588259039033,0,0.0226493658864074,normal
2014-11-28,115.6163308280801,119.9252646848997,115.6163308280801,119.38912963867188,11910840,0.0380537529493842,0,0.0238784674871317,normal
2014-12-01,119.65224434433334,122.27334423761548,118.6941563204571,119.31468200683594,13046900,-0.0006237657768144,0,0.0238451294048864,normal
2014-12-02,118.16792789282188,121.40956060058338,118.16792789282188,120.66989135742188,10481190,0.0112942572721257,0,0.0235576699985997,normal
2014-12-03,120.6897473060555,121.98044361211724,120.19829586799264,121.19609832763672,9183740,0.0043512343437237,0,0.0234107999917434,normal
2014-12-04,121.20603328420316,122.4619765658752,119.63734265796168,121.50885009765624,6504500,0.0025772193369633,0,0.0232665339352687,normal
2014-12-05,122.31801761337096,124.00585198854174,121.54360278554816,123.15200805664062,10341030,0.0134323297744538,0,0.0232599403648619,normal
2014-12-08,123.4051628764287,124.53700094257016,122.10950514613846,123.70301818847656,7496380,0.0044642481486443,0,0.0228859597153522,normal
2014-12-09,123.26617578788384,123.49949403387204,121.57834908157945,122.31304931640624,6406250,-0.0112999421250146,0,0.0231602372415852,normal
2014-12-10,121.99533028097852,123.60869680554892,121.76697353229206,122.64067840576172,5552330,0.0026750299966638,0,0.0230033935277038,normal
2014-12-11,122.22865225470444,124.40297639994444,122.21872172408096,123.72784423828124,10368140,0.0088255827289742,0,0.022636538546727,normal
2014-12-12,124.19447480573191,124.51715266975567,123.31084693771088,123.8370590209961,6182260,0.0008823123824264,0,0.0220626296370386,normal
2014-12-15,123.3108579151074,130.60824584244756,123.3108579151074,129.947998046875,15017110,0.0481676940602397,0,0.0239213572229602,normal
2014-12-16,129.1735703171307,129.7246049339176,126.1900859255701,127.43114471435548,9913430,-0.0195581781366556,0,0.023828975800441,normal
2014-12-17,126.68651038448556,126.68651038448556,122.91371912043348,123.5739517211914,22644380,-0.0307364010464326,0,0.0251904752825413,high_volatility
2014-12-18,124.81500588371256,126.04116515617606,123.16193224207278,124.30866241455078,8615840,0.0059279094453987,0,0.0202524802234878,normal
2014-12-19,125.1079005864866,125.7085651690836,122.31801213520096,122.74493408203124,18778410,-0.0126591900509964,0,0.0190863953217725,normal
2014-12-22,123.1222072964923,125.59437912029462,123.1222072964923,124.89442443847656,7180560,0.0173602803152705,0,0.0194083473260424,normal
2014-12-23,125.49509588465178,126.28936408896196,122.91867244255036,123.55905151367188,6816650,-0.0107495842317115,0,0.0178257078260955,normal
2014-12-24,123.24632520193954,124.50226851747408,122.73997414821687,123.64346313476562,13588190,0.0006829349976031,0,0.0178184093587002,normal
2014-12-26,123.79734103016216,124.92917911221532,122.61585787047802,124.4079360961914,3524730,0.0061638465590583,0,0.0177701175017753,normal
2014-12-29,124.6511815444853,125.0979569321902,123.24631072234524,123.46473693847656,4576100,-0.0076103888219307,0,0.0160051600653725,normal
2014-12-30,123.50941971831762,124.19944389805438,122.35772054290848,123.77252197265624,3589950,0.0024897961944247,0,0.0159967294132426,normal
2014-12-31,123.52927055186254,126.38865736744944,123.12220969672852,125.48516845703124,4490720,0.0137421913346065,0,0.0160820599263381,normal
2015-01-01,125.4752507652592,125.59439441969135,124.21434594865076,124.95897674560548,2509980,-0.0042020745605046,0,0.016128684470267,normal
2015-01-02,125.19725000096363,126.98436685108533,124.92918626083328,126.24469757080078,6318150,0.0102365704319433,0,0.0162454007836467,normal
2015-01-05,126.2992998614726,126.9694705513156,125.29652835308046,125.73834228515624,3051150,-0.0040189686376717,0,0.0160616740677495,normal
2015-01-06,124.60155112017388,125.3213593626858,122.47191041201737,124.23916625976562,11345430,-0.0119946311017509,0,0.0162968750985201,normal
2015-01-07,123.8569184776853,129.46151033323946,123.8569184776853,126.23973846435548,17858870,0.0159743172670152,0,0.0164231462731975,normal
2015-01-08,129.06932371691417,134.3313837906677,127.71905941666289,133.105224609375,34548830,0.0529571925323413,0,0.0200482073568668,normal
2015-01-09,134.4703873788599,136.06886199383072,133.0952928990169,135.12069702148438,32187050,0.0150284531287798,0,0.0201728473119075,normal
2015-01-12,135.12068975727732,137.7070361797225,133.8647465665745,136.11849975585938,8434210,0.0073573970669089,0,0.0201653074885234,normal
2015-01-13,136.21778734141512,139.97569430497134,135.79087296699254,138.29779052734375,9608210,0.0158834345120917,0,0.0176388823406312,normal
2015-01-14,138.4119710775927,138.74953339055745,136.73406731963908,138.12403869628906,7592900,-0.0012571500190574,0,0.0168582565499558,normal
2015-01-15,142.77053687290137,143.36623237500513,138.20843132847176,139.03744506835938,19854090,0.0065911732500749,0,0.0147400186894853,normal
2015-01-16,137.70702771381264,138.99772389416842,137.0120421242517,138.5360565185547,13403000,-0.0036126582130675,0,0.0148924947131322,normal
2015-01-19,138.32261750471068,138.89845196190154,137.21062526602967,137.95030212402344,8775380,-0.0042371368610023,0,0.0144674396996043,normal
2015-01-20,138.20345459379905,139.13672749305962,137.27515074705062,138.57081604003906,18918630,0.0044880113438017,0,0.0142119970678546,normal
2015-01-21,138.60061186061165,140.8841340772298,137.51344973638487,137.82122802734375,13420650,-0.0054241058422741,0,0.0139449050906274,normal
2015-01-22,137.67228577139565,138.84881504076108,136.0341042386629,137.77157592773438,20000080,-0.0003603294384619,0,0.013965658316766,normal
2015-01-23,138.2133934990742,138.57577074534987,137.21061445703904,137.5382537841797,7774060,-0.0016949790689215,0,0.014053606095848,normal
2015-01-27,137.3496131408508,138.30274711694418,135.25471813412477,137.84107971191406,8433660,0.0021993375171343,0,0.0137577797896784,normal
2015-01-28,137.31982390945566,138.00488656163927,133.6909915934859,134.147705078125,37201990,-0.0271599556777761,0,0.0155772134410367,normal
2015-01-29,133.93423849545434,134.51505711874245,131.5266113041494,132.1868438720703,22504270,-0.0147250639796956,0,0.0159389505037718,normal
2015-01-30,133.0406777939729,133.92430557035385,130.7918938088851,131.27342224121094,13992500,-0.0069340648911007,0,0.0160118666255606,normal
2015-02-02,131.05501953623707,135.02638376460789,129.50618991110082,134.26686096191406,16563690,0.0225469785383785,0,0.0165537922472111,normal
2015-02-03,135.11572757581175,135.6220861797322,129.07925249923412,129.69482421875,15308210,-0.0346451345260847,0,0.0185421954688429,normal
2015-02-04,129.95793605912743,131.8840501582571,127.5800774553419,128.2254180908203,11783290,-0.0113943908609064,0,0.0185195921679448,normal
2015-02-05,127.87792669236111,129.99266776800306,126.75601148939144,127.86798858642578,9164000,-0.0027914013181407,0,0.0182249116869621,normal
2015-02-06,127.86799239739966,127.90771452322149,125.38093586429956,125.78303527832033,6082700,-0.0164399120855893,0,0.0138121721285635,normal
2015-02-09,124.20440657296828,127.39142524802584,122.73996762485636,125.71849060058594,8242360,-0.0005132746525164,0,0.0131772136630909,normal
2015-02-10,124.00583970639664,129.00479009332523,124.00583970639664,127.65452575683594,14259910,0.0152823916631881,0,0.0136354371553146,normal
2015-02-11,128.7714654420726,129.2629320035481,127.11839196133772,128.94024658203125,5616570,0.0100214947787753,0,0.013261288964226,normal
2015-02-12,129.26787789081433,129.6650233274586,126.94463389725536,128.73175048828125,10258730,-0.0016183065418315,0,0.0132583153933116,normal
2015-02-13,129.06933153451686,131.3330078294658,127.36164378224989,130.0125274658203,11458960,0.0099000252175507,0,0.013410907772418,normal
2015-02-16,131.35286985713992,131.35286985713992,127.54036397967964,128.31973266601562,5491100,-0.0131057501568303,0,0.0135873188883942,normal
2015-02-18,128.26513638228317,130.28060248153088,127.46589146731144,129.84375,6880870,0.0118067437121949,0,0.0140284862007417,normal
2015-02-19,130.0125036321315,130.73727319601036,127.5800466290363,129.78912353515625,6479150,-0.0004207977588199,0,0.0139326793159714,normal
2015-02-20,129.75439705400976,130.55859586698074,128.11124635601303,128.8955841064453,5983410,-0.0069083556624844,0,0.0139486810399077,normal
2015-02-23,132.23650977007063,132.5343651327678,129.76432995410303,130.74227905273438,17787110,0.0142253989110061,0,0.0144841141438603,normal
2015-02-24,130.7422546140656,134.4306550097348,130.41461529129717,134.0633087158203,30126650,0.0250840915036967,0,0.0157559075126301,normal
2015-02-25,134.62927215590864,135.59728323168991,132.792509884599,133.2938995361328,19251310,-0.005755680266037,0,0.0157638721132145,normal
2015-02-26,133.17970773813235,133.97398366706858,130.55860777733005,132.38047790527344,19283600,-0.0068762764311447,0,0.0146513583852052,normal
2015-02-27,131.75991324242827,133.4526935263264,131.0897426521295,132.81727600097656,6264900,0.0032941341640757,0,0.0142907197630178,normal
2015-03-02,139.3948798398067,141.474883088521,138.85378327587765,139.46438598632812,18063880,0.0488349521282831,0,0.0178222162823176,normal
2015-03-03,139.8912952494434,140.7352161858637,139.36013681136075,139.86151123046875,16279700,0.0028434564476027,0,0.017220800467699,normal
2015-03-04,142.57195827819527,144.7313751005817,139.02750901880972,140.015380859375,40130710,0.0010995523300252,0,0.0149132243483232,normal
2015-03-05,139.39486806773556,141.1819848685119,139.1963029008829,140.21397399902344,14302590,0.0014173616678752,0,0.0144941976068067,normal
2015-03-09,139.4891795835506,139.4891795835506,134.89729034909203,135.4830780029297,7265220,-0.0343228945902343,0,0.0168490807899508,normal
2015-03-10,135.80576031299947,136.18799864554606,130.95572231471195,133.8151092529297,7286630,-0.0123876814525871,0,0.0166272768480067,normal
2015-03-11,133.33855535572522,137.4985617576518,133.01091599297243,136.60499572753906,5419210,0.02063445293079,0,0.0170527210039066,normal
2015-03-12,137.7070374087767,138.0694298111378,134.51505737480312,136.0192108154297,4107970,-0.0042973866556996,0,0.0169417966258353,normal
2015-03-13,138.00489464410532,138.00489464410532,132.58397628940497,133.164794921875,3832490,-0.0212087109722389,0,0.01769967484041,normal
2015-03-16,132.74282004170033,133.4080216004035,129.46148826896885,130.55360412597656,8266110,-0.0198035187737799,0,0.0183302205557927,normal
2015-03-17,131.55142729736102,133.72078237263844,130.36994413015847,133.0059356689453,4365280,0.018609854305569,0,0.0186607184165005,normal
2015-03-18,133.01088158925558,133.88458633060966,131.46700628604688,133.32858276367188,5820650,0.0024228722169539,0,0.0183574605846886,normal
2015-03-19,134.03353756652194,135.29940380594067,130.6926220837104,131.62094116210938,7614150,-0.0128904949292225,0,0.0184872194894044,normal
2015-03-20,131.15430221130728,133.43782439256262,129.7643157210308,133.0109100341797,7948870,0.0105050215861766,0,0.0186139806222322,normal
2015-03-23,133.189619831722,133.45769115515242,131.7003582675229,132.62867736816406,4676000,-0.0028778310759687,0,0.0185429609125594,normal
2015-03-24,131.6606646999082,135.22496077065284,131.6606646999082,133.11517333984375,3243160,0.003661394337989,0,0.0183081969813361,normal
2015-03-25,132.85205241408164,133.2889048800749,130.86140135181512,131.705322265625,3687870,-0.0106476984792838,0,0.0175517353153847,normal
2015-03-26,130.52878810310415,132.9264920963282,129.06931083782024,129.60543823242188,19963690,-0.0160722752646345,0,0.0178513842690455,normal
2015-03-27,131.05500434631503,131.45213466330185,126.65671867018634,128.98492431640625,4885690,-0.0047992129396856,0,0.0178238879337665,normal
2015-03-30,129.20833253892087,131.0103414532288,128.15095440576155,130.245849609375,8516560,0.0097282835544758,0,0.0179686361569525,normal
2015-03-31,130.55362307180673,131.52164911125902,129.0941455828594,130.3848419189453,3822510,0.0010665844604238,0,0.013656250665417,normal
2015-04-01,131.34292453079593,135.90007607160996,129.5856069312688,135.130615234375,4826140,0.0357514311640718,0,0.0161910242835563,normal
2015-04-06,136.01919467523268,139.3948474613678,134.26683120382933,138.75942993164062,11079010,0.0264998828414002,0,0.0173766583155173,normal
2015-04-07,138.98781933478736,140.29836159862242,136.0291421983422,137.69215393066406,15741490,-0.0077212891204503,0,0.0174449751973293,normal
2015-04-08,137.6921619049708,138.5013298040988,135.75115578761938,136.17808532714844,3017120,-0.0110569445801864,0,0.0157973542408147,normal
2015-04-09,136.91276456343704,143.39601492630885,135.61214530849307,142.03582763671875,16092230,0.0421158529901832,0,0.0180429929145831,normal
2015-04-10,142.7705397511438,142.84996884960248,140.2784991293509,141.22171020507812,8832860,-0.0057482648444366,0,0.0176444359106204,normal
2015-04-13,141.17701128671553,144.32431494876076,140.00048215926802,143.5250701904297,8131980,0.0161786568667698,0,0.0178730271488843,normal
2015-04-15,143.65414801575048,146.47381245284762,142.0258895936684,143.35629272460938,25209020,-0.0011766361089318,0,0.0170036656540012,normal
2015-04-16,143.26696533024392,143.59955859542487,139.7920216847057,140.82456970214844,7282460,-0.0178181597654161,0,0.0168645337667086,normal
2015-04-17,140.2884219330027,141.11743559917753,136.25252125825327,137.662353515625,5857060,-0.0227109558188072,0,0.0174730688915286,normal
2015-04-20,137.22058925014804,137.70211783929648,135.04626459295318,136.1085968017578,12147920,-0.0113509004120322,0,0.0177137134412111,normal
2015-04-21,136.10858456639073,136.9922125511157,133.6810959224968,134.33140563964844,9936670,-0.0131431498965568,0,0.017724251838781,normal
2015-04-22,134.5250014583995,137.1063944062702,129.47144384037992,135.24978637695312,8498090,0.0068134151587928,0,0.017639285706055,normal
2015-04-23,135.91992414109424,137.786470031885,133.8796431983946,136.76881408691406,5056230,0.0111686737417127,0,0.0177628960828559,normal
2015-04-24,136.6149198048641,137.95524598806844,132.64850993622608,135.845458984375,8463600,-0.0067741033738277,0,0.0178502603635176,normal
2015-04-27,135.90010104494476,137.4092086806587,131.55145197336432,132.72796630859375,5945240,-0.0232162411221787,0,0.0184921664961985,normal
2015-04-28,132.2712370633641,135.27457477375026,130.3600152705956,133.2442169189453,9738080,0.0038819943680303,0,0.0180913667878064,normal
2015-04-29,132.9413811062051,132.9413811062051,130.07207171286063,132.02796936035156,6131490,-0.0091698726364608,0,0.0181960874369023,normal
2015-04-30,131.05501143464792,133.00098645205588,128.8012581324959,132.3357696533203,21565340,0.0023286130934812,0,0.018087731064527,normal
2015-05-04,129.69979018917738,133.19956411713488,129.69979018917738,132.92156982421875,6377160,0.0044168513821016,0,0.0181058741470392,normal
2015-05-05,133.82007688665826,141.92166302599122,133.24422729273223,141.30609130859375,33406860,0.0611691440998987,0,0.0212885566335505,normal
2015-05-06,142.03088700090552,142.46278563760444,133.32368080487254,134.15269470214844,23519200,-0.0519497339083958,0,0.0236756910373454,normal
2015-05-07,134.23208619469352,134.23208619469352,128.27504081490343,129.88345336914062,14546420,-0.0323411280989152,0,0.024626823125801,normal
2015-05-08,130.75714829240547,134.13281656585534,130.55858313503794,131.99819946289062,10870640,0.0161507462579022,0,0.0249035528498591,normal
2015-05-11,132.53435824210464,134.15267886440995,131.45711902873052,132.94638061523438,7095060,0.0071576116040192,0,0.0228161431024086,normal
2015-05-12,132.5939305730759,132.5939305730759,129.86361757611817,130.9408416748047,6853980,-0.0152002627298211,0,0.0229667728497474,normal
2015-05-13,131.26349198153383,134.15761631713443,130.16143806112436,133.18959045410156,9090850,0.0170279743735655,0,0.0230063686345924,normal
2015-05-14,132.28613672727337,132.42513385754384,130.5585879800113,131.73013305664062,8461230,-0.0110182219963235,0,0.0230539283852708,normal
2015-05-15,132.44497656146842,134.2122322390538,131.84928108168774,133.492431640625,7811260,0.0132894010906046,0,0.0231380600393641,normal
2015-05-18,132.80239939443842,135.86035132402245,132.544266202489,135.458251953125,5241350,0.0146187047763577,0,0.0229414273614908,normal
2015-05-19,135.4234925646954,138.35733923920623,135.234865519506,136.7439727783203,7842300,0.0094468764044748,0,0.0229096790332788,normal
2015-05-20,137.16097240564642,138.60060391562308,136.9127621659333,137.48365783691406,5331100,0.0053946923644154,0,0.0227141951859127,normal
2015-05-21,137.14609842319274,139.0970426774209,135.82066405266323,138.74954223632812,5419060,0.0091653954754811,0,0.0227510652190127,normal
2015-05-22,138.34246529850773,139.3204143177264,136.81845068361213,137.73683166503906,4437580,-0.0073256058581048,0,0.0227036737829671,normal
2015-05-25,137.5084765012309,138.4417494515934,134.82780887010628,136.5255584716797,6185290,-0.008833008917092,0,0.0227423243144594,normal
2015-05-26,136.3120937422035,137.8857532829307,135.25471572723745,137.25033569335938,3805220,0.0052946875916353,0,0.0220778658424794,normal
2015-05-27,136.50571559557417,137.31983734408,135.87029795666052,136.47096252441406,6515930,-0.0056946630037337,0,0.0221312724518056,normal
2015-05-28,136.51561908201236,137.5134290002494,135.46817924011225,135.8355255126953,15978050,-0.0046670806098223,0,0.022042994036059,normal
2015-05-29,134.7384627102813,139.49416457334928,134.7384627102813,138.92823791503906,6561840,0.0225127431965139,0,0.0225430860684899,normal
2015-06-01,138.9977240272994,139.9905649132087,137.70702784570742,138.2779083251953,5012310,-0.0046920372564551,0,0.0225928084503556,normal
2015-06-02,138.05947577033854,138.43676013749237,134.26683163831717,134.95684814453125,7370490,-0.024310404598653,0,0.0185244593812643,normal
2015-06-03,135.40366407764682,135.40366407764682,132.64356723521286,133.63143920898438,8053990,-0.0098695271288802,0,0.0145520996671685,normal
2015-06-04,134.03850418228262,136.0192171313387,133.0406941284627,135.52279663085938,7259390,0.0140543101481318,0,0.0127434585140684,normal
2015-06-05,134.7384614021475,135.62208930338926,134.0434605689593,134.6639862060547,5338380,-0.0063571823025467,0,0.0124296329416674,normal
2015-06-08,135.02636013967006,135.21500233144016,133.24918162422182,134.3164825439453,3549190,-0.0025838593936695,0,0.0123663323248138,normal
2015-06-09,133.93423676283393,135.5078963187318,131.58617763515426,132.1421661376953,4917770,-0.0163204660756024,0,0.0124435414406338,normal
2015-06-10,132.1421699704354,133.6314314238161,131.55639743466452,132.5045623779297,4191520,0.0027387186592644,0,0.0118374567509278,normal
2015-06-11,132.85204012509155,133.41796671720246,126.19007850881292,127.17298889160156,7871980,-0.0410688009993185,0,0.0148092786266771,normal
2015-06-12,126.30922095144383,131.02521524292732,125.51494519875769,130.17137145996094,7894810,0.0233035474620066,0,0.015498165992882,normal
2015-06-15,130.355059487554,130.55362466101087,124.89940294789596,128.0467071533203,9796250,-0.0164567273418887,0,0.0153797796902264,normal
2015-06-16,125.79294168394874,128.64240542943745,125.31638228365506,127.99208068847656,6120440,-0.0004267046109154,0,0.0151218246133736,normal
2015-06-17,128.6970169336557,129.26789748898628,127.13329536051486,128.577880859375,8358540,0.0045664050872691,0,0.0150978538111427,normal
2015-06-18,129.0150325208724,130.5897866655989,128.1158876994647,129.89431762695312,10091120,0.0101863810368501,0,0.015144048570624,normal
2015-06-19,130.00361614077593,132.93453133364451,125.43336470912084,131.95590209960938,4300720,0.0157466132594708,0,0.0156899842514965,normal
2015-06-22,132.8301867741024,136.476445164735,131.97077666210794,134.91162109375,6227380,0.0221521137232008,0,0.0165033996470428,normal
2015-06-23,135.0606893004911,137.56439319902134,133.8982591376244,137.15206909179688,7400000,0.0164703981206262,0,0.0168977845804479,normal
2015-06-24,137.10733176077466,138.5976288451309,135.73625359193943,137.48487854003906,5890680,0.0024236331929996,0,0.0168521406980526,normal
2015-06-25,136.6105892261627,140.5052311143452,136.03433910330716,139.75015258789062,13364180,0.0163422670931199,0,0.0171733658842297,normal
2015-06-26,138.1008727235905,138.29957598326175,136.5062589776137,137.13714599609375,5051870,-0.0188747131369133,0,0.0169906137841557,normal
2015-06-29,134.92156983517248,137.0526989753779,133.34185851617778,135.95980834960938,5329910,-0.0086221755426771,0,0.0170624130078982,normal
2015-06-30,136.90862523869694,139.4421332534937,136.51120359632725,137.68357849121094,9396850,0.0125988277127966,0,0.0163729756801705,normal
2015-07-01,137.06763451352344,142.07502741056095,136.80930657941028,139.91409301757812,9222040,0.0160704700326093,0,0.0164935915134797,normal
2015-07-02,140.48533756832998,143.00394337158838,139.3576848574835,142.60653686523438,8388930,0.0190607345355271,0,0.0167178857398961,normal
2015-07-03,143.36659466041655,145.14500932757232,140.91257070802436,141.9607391357422,16482870,-0.0045388130865298,0,0.0166717908708961,normal
2015-07-06,143.06854746028716,145.45301718725642,142.0750158807018,143.45602416992188,21559530,0.0104780020435013,0,0.0167122403268626,normal
2015-07-07,144.05707915249644,144.95622384833035,141.19571905595657,141.63783264160156,11735120,-0.0127552112103721,0,0.0165098261591411,normal
2015-07-08,139.85942911514033,141.52855470597012,137.7133975039988,140.50521850585938,11708460,-0.0080286947713172,0,0.0167092721902959,normal
2015-07-09,141.28013965021756,143.06849891871826,139.31295203490862,140.1276397705078,3897800,-0.0026909105762449,0,0.0132322314763973,normal
2015-07-10,140.48531332086563,141.37950054595703,138.43864136222945,140.96221923828125,6924625,0.0059381859105869,0,0.0125075334027844,normal
2015-07-13,141.65771555963258,142.63137213305498,139.69052753901968,142.0749969482422,4775500,0.0078631598944385,0,0.0115623668754466,normal
2015-07-14,142.0650582788698,142.12466773638965,139.88922211887945,141.22055053710938,5863765,-0.0060322091868352,0,0.0117719278533114,normal
2015-07-15,141.27022495692944,142.07498292410267,140.5846859004233,141.53848266601562,4469840,0.0022487858958033,0,0.0117869657188733,normal
2015-07-16,141.86634273864297,147.63877293979198,141.51861584272618,147.29103088378906,11094165,0.0398387890720393,0,0.0141316177343853,normal
2015-07-17,146.4465115022522,146.6452298956747,144.48925357570332,145.68150329589844,5789030,-0.0109876769535786,0,0.0144502926115517,normal
2015-07-20,146.08884743723388,147.04264423242245,144.08192496499905,146.36705017089844,4119160,0.0046947545264233,0,0.0138720544824302,normal
2015-07-21,146.04913884661218,147.99646736833924,142.67113761759666,143.1977081298828,4841140,-0.0218912593382505,0,0.0146956039146183,normal
2015-07-22,142.88970465273428,145.79081475354607,142.57176730246528,144.78733825683594,3288990,0.0110397834317241,0,0.014829520794286,normal
2015-07-23,144.85688186789676,146.06899139469388,142.69097552194816,143.13807678222656,4614385,-0.0114562968517049,0,0.0147751239814403,normal
2015-07-24,143.06851947848506,145.05558224901955,142.59162865838078,144.00244140625,3748745,0.0060205173434502,0,0.0140246996810439,normal
2015-07-27,142.96916918667893,143.96270063386945,141.69745014708204,142.0749969482422,3932575,-0.013475187939071,0,0.0142661162408395,normal
2015-07-28,142.65124551298362,145.33377736028922,142.57176117883031,144.93637084960938,4228590,0.0199397586800342,0,0.0146373556997472,normal
2015-07-29,145.44307398751872,146.50615995700016,143.29704233404976,144.25083923339844,4672395,-0.0047411011028524,0,0.014364050728834,normal
2015-07-30,145.7510542213305,145.8404684094456,141.83653805626076,142.4326629638672,12005090,-0.0126843758586909,0,0.0140755285987374,normal
2015-07-31,138.5479453805938,140.82314068892134,135.87534359155293,138.1803436279297,24718095,-0.030309677550421,0,0.0156036676051273,normal
2015-08-03,138.09094650624104,140.19722840242696,136.54102465574616,137.14707946777344,7285045,-0.007505747152865,0,0.0154030955019223,normal
2015-08-04,137.90214415477968,138.8956754308803,135.15005827515745,137.27621459960938,7329755,0.0009411383374464,0,0.0152147112009547,normal
2015-08-05,138.1008631503455,138.2200820658665,135.78593319343514,137.48487854003906,7395090,0.0015188757488235,0,0.0151508444850934,normal
2015-08-06,137.9418989887874,141.08146192065365,137.2663048986849,140.4456024169922,5928790,0.0213063055895377,0,0.015946432760505,normal
2015-08-07,140.26676478801653,141.57823359712643,139.36266267758873,140.0879364013672,4386630,-0.002549899815377,0,0.0158961217362843,normal
2015-08-10,140.68406145000634,142.37306190779225,139.49181156442847,140.5449676513672,4832340,0.0032571494465143,0,0.0158045635526342,normal
2015-08-11,140.45556215557596,141.27026537176664,139.0745537916219,140.02835083007812,3455910,-0.0036825839885521,0,0.0157702956400569,normal
2015-08-12,139.68058192860784,139.9389098062353,135.62697182208342,136.34231567382812,3933155,-0.0266761576944105,0,0.0168046791447704,normal
2015-08-13,136.7099327489464,138.10087070641515,135.7362610186315,137.25636291503906,2962430,0.0066816890092962,0,0.0138489532714429,normal
2015-08-14,137.6040894704677,142.96915259878406,137.50473027324202,142.61148071289062,4112580,0.0382735752957543,0,0.0165664022030603,normal
2015-08-17,142.83007491811065,144.0123797619711,140.18729279898997,143.02879333496094,3811935,0.0029219473365333,0,0.0165386819545877,normal
2015-08-18,143.03871796513246,143.3864600218273,138.89569381464636,140.10780334472656,2369785,-0.020633811800133,0,0.0164578905030304,normal
2015-08-19,140.02831792400528,142.81020887567266,138.5578956970143,141.558349609375,4726350,0.0102998466309722,0,0.0164299943587805,normal
2015-08-20,141.66764592073264,142.0749974539515,137.7034651347877,138.58770751953125,4078760,-0.0212086043275778,0,0.016890914675864,normal
2015-08-21,137.02783729904476,139.09438425576923,135.12025899131868,136.7099151611328,6153965,-0.0136421191190327,0,0.0169949899817586,normal
2015-08-24,133.53061281815098,134.077058114939,125.32404899031428,128.68218994140625,12484965,-0.0605155526358442,0,0.0212914755018952,normal
2015-08-25,130.7487291590686,131.24549482432332,123.57542415994158,127.0627212524414,8822655,-0.0126648880571096,0,0.0205196278873894,normal
2015-08-26,127.0627307102154,128.66231687780234,123.85362851862791,124.63851165771484,6370775,-0.0192631917529135,0,0.020707187124105,normal
2015-08-27,124.19142964693052,130.21222773059986,124.19142964693052,129.2385711669922,9747585,0.0362424443165689,0,0.0228206871154663,normal
2015-08-28,130.94744468974696,131.54355444797915,127.37072550000808,128.6523895263672,6085340,-0.0045459728293284,0,0.0220216871723597,normal
2015-08-31,127.569433743822,130.9275749389015,126.67526149144658,129.49688720703125,2913180,0.0065427314297066,0,0.022113478454178,normal
2015-09-01,128.52322954268627,128.64244846598191,120.91277496385162,121.95598602294922,11287915,-0.059996634503058,0,0.0254996258429365,high_volatility
2015-09-02,122.79054628526332,122.999194556834,119.42247533052682,120.9525146484375,8736275,-0.0082621816866534,0,0.0254432460842719,high_volatility
2015-09-03,121.15123349796916,125.1750315236926,120.21731146264534,124.60871887207033,9177905,0.0297805511518083,0,0.0259936400616029,high_volatility
2015-09-04,123.95298411141653,123.95298411141653,118.13088928847276,120.47562408447266,8481030,-0.0337311360894903,0,0.0267023887452629,high_volatility
2015-09-07,120.26697515179676,121.85662382489724,118.23023281498372,119.35292053222656,6181830,-0.0093626199104175,0,0.0265826272992563,high_volatility
2015-09-08,120.0186000129464,124.0920773679792,119.33306089927925,123.27738189697266,7786650,0.0323521309388334,0,0.0280818543445982,high_volatility
2015-09-09,124.80741250073892,127.01304575851232,124.40999843968366,126.1188735961914,6330965,0.0227879496897411,0,0.0283760191231263,high_volatility
2015-09-10,123.9529804565164,127.13227792681668,121.65791775197664,126.23809814453124,5905800,0.0009448881589273,0,0.0282923257522302,high_volatility
2015-09-11,125.78107646154008,127.56942847243668,124.68819341376276,125.43334197998048,4756570,-0.006395313723563,0,0.0264685852181214,high_volatility
2015-09-14,125.56251146368996,129.02000450764424,125.25451911639948,128.31459045410156,4755230,0.0227105086784833,0,0.0271959453285065,high_volatility
2015-09-15,127.69859039082984,128.235105839678,126.20829328194122,127.1720199584961,3677950,-0.0089443287143966,0,0.0269766821323588,high_volatility
2015-09-16,127.82775867176817,128.56296223469957,126.1983601370006,127.3707275390625,3808235,0.0015612907685209,0,0.0267886142095645,high_volatility
2015-09-18,127.76814128281303,132.73579817312327,126.09900068442424,130.62950134277344,14723015,0.0252631335676198,0,0.0273440028266311,high_volatility
2015-09-21,130.9673214478533,132.9345094504771,129.95391513616187,132.22909545898438,5114355,0.0121709077155083,0,0.0274221934350964,high_volatility
2015-09-22,133.1133560590784,133.13323093538614,126.8839164244108,127.7085418701172,5256665,-0.0347853389457304,0,0.0250137744468779,normal
2015-09-23,125.38365661484954,131.54354811381953,125.38365661484954,130.8778839111328,4600675,0.0245140536275805,0,0.0254307653978928,normal
2015-09-24,130.74876432455,131.4939130228432,127.56945108376104,130.04335021972656,9066070,-0.0063968464653285,0,0.0250381404438193,normal
2015-09-28,129.76513386911142,131.1262670055565,126.90376622968093,127.39059448242188,4238000,-0.0206099443535903,0,0.0241728926221804,normal
2015-09-29,125.39359089449312,130.55001345152334,123.99271563126798,129.45713806152344,7455745,0.0160919323895019,0,0.0244399988632134,normal
2015-09-30,129.75521163979084,130.69906347222198,127.66878955960698,128.7815399169922,4614400,-0.0052323663610502,0,0.0244238210494539,normal
2015-10-01,128.36424794738718,130.0532482177307,126.77459929646812,127.34091186523438,4805725,-0.0112496443389824,0,0.020221256773614,normal
2015-10-05,129.13922227091078,131.14616017908193,126.66533091721767,129.76515197753906,6383575,0.0188584580412571,0,0.0203941487699985,normal
2015-10-06,130.94747091060748,131.54358078820445,127.5694542972002,130.30166625976562,5290870,0.0041259784464946,0,0.0194397362366905,normal
2015-10-07,130.20231797271643,132.13970154225808,129.35781005671905,131.2455291748047,3885495,0.0072175655401283,0,0.0175134451858002,normal
2015-10-08,131.84162349745085,131.8913031031418,129.0398726255108,129.8744354248047,7332765,-0.0105017351175478,0,0.0175619366666079,normal
2015-10-09,130.34138465447984,131.54354913912044,129.91415827624007,131.04678344726562,4604335,0.0089862826546927,0,0.0163259687804031,normal
2015-10-12,131.3746537778461,133.0735991552247,130.41092709969865,131.55349731445312,3030865,0.0038592075729093,0,0.0156568186816827,normal
2015-10-13,131.26536917980548,132.09000209533556,129.35779063162576,130.36126708984375,2282655,-0.0091040187212056,0,0.0158561291337505,normal
2015-10-14,130.3513326407551,131.64292665123764,129.35780111885896,129.7254180908203,3272410,-0.0048895257008325,0,0.0158196651025449,normal
2015-10-15,130.2519865658506,131.94098709487875,129.58630711562017,129.84463500976562,4245175,0.0009185722767632,0,0.0150256388496203,normal
2015-10-16,129.45717317584695,131.5435804827253,128.19538377305827,131.007080078125,4561480,0.0089127477123174,0,0.0149595099237819,normal
2015-10-19,131.13623571504496,131.74229057144487,129.84464165844483,130.81829833984375,3275615,-0.0014420433354169,0,0.0149737766995602,normal
2015-10-20,130.94745356255817,131.5137586292551,128.56296888780085,129.96385192871094,4820130,-0.0065529751008677,0,0.0139531935396687,normal
2015-10-21,129.9439649485879,131.14614461129597,129.16901167050983,130.47055053710938,5580545,0.0038911852116418,0,0.0136853616338467,normal
2015-10-23,131.94095977327893,132.73578784590583,131.19581129770702,132.1793975830078,4309160,0.0130125375677145,0,0.0113961253528033,normal
2015-10-26,132.90472041383836,132.93452514769402,130.07314941684578,131.52371215820312,2892595,-0.0049729165249541,0,0.0101290144731766,normal
2015-10-27,131.44421345983875,132.3383856980341,130.60965068284483,131.23556518554688,3002590,-0.0021932400718664,0,0.0100270153163182,normal
2015-10-28,130.88783272935734,134.52414614935364,130.73879392258183,133.42132568359375,7530700,0.0165180675155998,0,0.0093345671499453,normal
2015-10-29,133.72932317234188,134.12672964057623,131.3150341555673,131.9409637451172,9247245,-0.0111574052128382,0,0.0092052590594537,normal
2015-10-30,132.1197949178677,137.8624049184791,131.47400560323018,136.64036560058594,22078050,0.0349978274973858,0,0.0118100972278893,normal
2015-11-02,136.7099429806685,136.9086462523088,135.12028648737015,136.41188049316406,4664055,-0.0016735636788878,0,0.0113902704160447,normal
2015-11-03,136.72979857821346,137.10734539502192,134.26584473188103,135.73626708984375,5381815,-0.0049650515518138,0,0.0109294176354038,normal
2015-11-04,136.6105947491717,136.8987122422035,133.1332341555564,133.69955444335938,2186090,-0.0151186388623516,0,0.0115831086673172,normal
2015-11-05,133.5107586556056,133.5107586556056,128.74180475098066,129.27830505371094,4656100,-0.0336276675663747,0,0.0138595534862547,normal
2015-11-06,128.86102719537575,132.2390432518993,128.59276945663163,130.45068359375,2845220,0.0090277678174901,0,0.0138246451492423,normal
2015-11-09,127.78801473901314,131.88137476573752,126.10895168393026,131.16603088378906,5847510,0.0054686801969738,0,0.0137293141288746,normal
2015-11-10,129.7750716467686,130.75867322852332,128.16555556761236,128.5331573486328,3263170,-0.0202770271482641,0,0.0144198675484463,normal
2015-11-13,129.83467893183138,133.8982339689047,128.5629599246574,133.05372619628906,4441780,0.0345660981246549,0,0.0163332535613577,normal
2015-11-16,132.33837429213386,137.00796865819115,132.33837429213386,134.94143676757812,5557965,0.0140878795811749,0,0.0165218925511789,normal
2015-11-17,135.27925928258483,135.3189938740861,133.6299932736487,134.55397033691406,2358845,-0.0028754975960971,0,0.0165563586752756,normal
2015-11-18,133.3418483210357,135.69651275460032,132.66623912401147,133.6895751953125,3512805,-0.0064448755467685,0,0.0165643370899387,normal
2015-11-19,134.31551250170526,135.9150986634198,133.1431375654996,135.5375518798828,3177785,0.0137282281149246,0,0.0167917540307743,normal
2015-11-20,135.13018456046527,137.63388764247438,134.8321373031535,135.57728576660156,5108935,0.0002931148095637,0,0.0166825403701297,normal
2015-11-23,136.78940480590586,137.90217035541497,135.12027922177282,135.9349822998047,2940215,0.0026348477193351,0,0.0166778620648303,normal
2015-11-24,135.73624696111983,136.17340317678932,134.1863404947172,134.64337158203125,2294225,-0.0095471090706009,0,0.0166603929941834,normal
2015-11-26,135.1401428410443,136.6105650417607,134.38504928817676,136.15353393554688,2337000,0.0111535839470011,0,0.0167500034013536,normal
2015-11-27,136.15353163037855,139.68057100921337,135.71639056411806,138.84600830078125,6154565,0.0195822900807174,0,0.0171836858011709,normal
2015-11-30,138.63738114214502,138.63738114214502,136.84903654051303,137.57431030273438,3403690,-0.0092012553680342,0,0.0170664772541001,normal
2015-12-01,137.80280387826855,138.2002255393103,136.4317408379117,136.8291473388672,2176670,-0.0054311618517894,0,0.0168894959501104,normal
2015-12-02,137.30605366129768,137.57431141775177,134.52416236052983,135.20970153808594,1948270,-0.0119061298628873,0,0.0152131950213949,normal
2015-12-03,134.32544345091458,135.81574056426072,133.31203716901507,134.08700561523438,2004905,-0.0083380330871856,0,0.0153123123766558,normal
2015-12-04,133.5107621362583,134.19630126768163,131.34485567523836,132.07012939453125,6317890,-0.0151558200885046,0,0.01562253427474,normal
2015-12-07,132.1297579192357,133.88829773603564,131.94098451108388,133.45115661621094,2258455,0.010402478053626,0,0.0154820075102322,normal
2015-12-08,132.73580486898166,134.72286772534315,132.5470314720135,133.92803955078125,3457820,0.0035670945763008,0,0.0133254939003759,normal
2015-12-09,133.6697141480409,134.44468262362764,132.29865106066455,132.8550262451172,1485595,-0.0080441319504842,0,0.0133825608531793,normal
2015-12-10,133.0139722725085,135.2295427763364,132.13965989715004,134.70297241210938,3082470,0.0138136446011758,0,0.0136593009321961,normal
2015-12-11,135.51766283530972,135.51766283530972,131.92108439170082,132.67616271972656,2864940,-0.0151608577337709,0,0.0132758691653572,normal
2015-12-14,131.92110903889852,134.6235158842152,131.74228064888317,133.9479217529297,4359430,0.0095397884304277,0,0.0109856279058516,normal
2015-12-15,133.91806893879246,136.88873279891232,132.636420311834,136.4317169189453,5283485,0.0183731663354693,0,0.0113051287308713,normal
2015-12-16,137.08746351672556,138.49827633892264,135.9151036971863,138.0015106201172,5965905,0.0114403845098625,0,0.0115278970761,normal
2015-12-17,138.47841102383305,140.0879270364283,136.7893955201477,139.73025512695312,7209105,0.012449183327484,0,0.0116364937183992,normal
2015-12-18,138.82615937057298,140.2866519632887,137.713408884728,139.5812530517578,5621265,-0.0010669240970511,0,0.0113319893191671,normal
2015-12-21,139.4918160546606,140.68406597861693,138.89570625276997,140.2667694091797,4170025,0.0048992143847019,0,0.0113535993647318,normal
2015-12-22,140.24688140977162,140.26674112043477,137.96175639649866,138.73670959472656,3722030,-0.0109681439009836,0,0.0116969222175495,normal
2015-12-23,139.43220620159246,140.08794062592204,138.37906524377755,139.60110473632812,2197800,0.0062111425469408,0,0.0114763093566673,normal
2015-12-24,139.29310116385048,139.9687104083877,138.498273000901,139.36265563964844,2420515,-0.0017095349907156,0,0.0112838201528277,normal
2015-12-28,138.9056067621168,141.7669817189204,138.7764428436242,140.6840362548828,5253100,0.0094369293395066,0,0.0106208472080915,normal
2015-12-29,140.68405742146075,141.97563616037348,140.08793249574208,140.32638549804688,5459480,-0.002545463956233,0,0.0103976054126041,normal
2015-12-30,140.6840591503757,141.18082487455064,139.98857500846137,140.91256713867188,2336465,0.004168572553473,0,0.0103067465781683,normal
2015-12-31,140.316414507393,143.83352362992846,140.316414507393,143.07843017578125,5821050,0.0152533358498736,0,0.0102405574729705,normal
2016-01-01,143.06853761420095,145.02579590409113,141.3298574695839,144.5091552734375,3112190,0.0099499211622431,0,0.0100047865240428,normal
2016-01-04,144.45945988050258,144.45945988050258,139.85941979511625,140.1475372314453,6112235,-0.0306471587591348,0,0.0119545818722909,normal
2016-01-05,140.7039082093579,141.63783012569996,140.08792360925383,140.63436889648438,3449210,0.0034676889233571,0,0.011827496994941,normal
2016-01-06,139.88922248944536,141.28016036887976,138.4982694499251,139.8097381591797,3008320,-0.0058809088386384,0,0.0119754915434546,normal
2016-01-07,138.59765657962882,139.69054739088725,136.93846064623747,137.4352264404297,3163480,-0.0171297594845629,0,0.0125414651520024,normal
2016-01-08,137.9419144973329,139.88924297377915,137.81276570681476,138.12075805664062,2230145,0.0049756352181375,0,0.0122441586648737,normal
2016-01-11,137.10734417273076,140.0382590052753,135.31898447759073,139.2633056640625,2888295,0.0082380656894329,0,0.0116990301199147,normal
2016-01-12,139.07452698067925,139.23349564979074,136.02439333754702,137.50474548339844,4170100,-0.0127079974700974,0,0.0120394487370716,normal
2016-01-13,138.70691541502313,139.22355597315192,135.56735264190422,136.9384307861328,3366030,-0.0041270146247711,0,0.0113951312348733,normal
2016-01-14,135.51768574368438,137.29611555544324,133.72934123499527,135.9349822998047,4452225,-0.0073547143942862,0,0.0111912691487802,normal
2016-01-15,135.0010806681701,136.92853442646663,133.33193967208538,134.24598693847656,5443705,-0.0125028596071974,0,0.0110315510123942,normal
2016-01-18,134.3254524996653,136.4714841258705,131.7621394728236,132.6165771484375,11034040,-0.0122117543510764,0,0.0112609283070781,normal
2016-01-19,133.1431510373652,134.3254559495776,131.8515722136892,132.87490844726562,5526025,0.0019460615075983,0,0.0111770318140769,normal
2016-01-20,131.14615900595544,139.09441106692245,129.67573661950112,131.6727294921875,3551885,-0.0090886256988813,0,0.0111116259599051,normal
2016-01-21,133.43129053464557,134.55397088012626,129.3578051053029,131.3150634765625,4253900,-0.0027200215805001,0,0.0109160805311564,normal
2016-01-22,133.3318891773333,136.9086077000378,131.98068608654307,135.72630310058594,5008920,0.0330408804127397,0,0.013582282544324,normal
2016-01-25,136.1138132039615,136.1138132039615,134.02739102512132,135.31898498535156,3534325,-0.0030055377441025,0,0.0133464554387708,normal
2016-01-27,135.120256834421,135.59714761371882,132.4079206295537,134.0472412109375,3278810,-0.0094425588658078,0,0.0134515046535879,normal
2016-01-28,134.1267204242323,135.12025168663405,131.19580623216402,131.7919158935547,7343655,-0.0169680001482896,0,0.0137445764999782,normal
2016-01-29,132.0403049286557,136.31249259023295,132.0403049286557,135.83560180664062,8227885,0.030221060267304,0,0.0151465783553733,normal
2016-02-01,135.7462121977018,137.30604875223693,135.02092329544533,136.6503143310547,2962850,0.0059798683449345,0,0.0149987793170335,normal
2016-02-02,136.51122870027197,137.306056971092,133.43128999596578,134.55397033691406,3006535,-0.0154598276337765,0,0.0138553683432239,normal
2016-02-03,133.53064202353744,133.53064202353744,131.48396933709515,132.24899291992188,6035160,-0.0172789292643225,0,0.0141940817696928,normal
2016-02-04,133.212692149617,135.2792392842155,132.86495009501243,134.3751220703125,2412730,0.015948851574568,0,0.0147935329532392,normal
2016-02-05,134.5241511579483,138.55790154619697,134.216158836599,137.50474548339844,9341885,0.0230231218058669,0,0.0153440222442497,normal
2016-02-08,138.05119978497584,138.05119978497584,133.19283132498785,133.74920654296875,2869680,-0.0276919757481133,0,0.0164855970647148,normal
2016-02-09,132.72583868818168,135.12025268671198,131.6130885172827,134.53407287597656,4489805,0.0058510435226954,0,0.0164190682995217,normal
2016-02-10,134.5241675754264,135.11036271930405,131.37467433971017,132.60665893554688,4981775,-0.0144302021845321,0,0.0164840744127162,normal
2016-02-11,132.53708549967715,132.53708549967715,124.19142762716614,124.976318359375,7927835,-0.0592630284788731,0,0.020908145217507,normal
2016-02-12,125.1849628315406,126.57590837901084,121.94604817872508,123.5953140258789,6502565,-0.0111116343358768,0,0.0209513096310915,normal
2016-02-15,124.5888309478874,126.45666712921508,123.60523704846868,124.24109649658205,6381475,0.0052113725410736,0,0.0209810856850074,normal
2016-02-16,125.1651052640508,125.1849725593964,122.20437797464888,123.24758911132812,3703345,-0.0080287526653615,0,0.0209143233508633,normal
2016-02-17,122.99920101218618,125.16509995510332,121.21084130517433,124.25104522705078,4779580,0.0081088254628758,0,0.021046301132554,normal
2016-02-18,125.1849527044766,126.72492936103292,124.02252282000244,126.28777313232422,4248325,0.0162591393019493,0,0.0214423509743673,normal
2016-02-19,125.69165095401884,127.15214322510136,124.2510259743608,125.42339324951172,2934240,-0.0068680566935706,0,0.0214688324938468,normal
2016-02-22,125.97979972210908,127.60919080791182,125.61219033102724,127.2117691040039,2222910,0.0141580111885692,0,0.0202114420476772,normal
2016-02-23,126.97331908348596,126.97331908348596,123.1978966383577,123.79401397705078,3176410,-0.0272341643132776,0,0.0209106998845463,normal
2016-02-24,123.26744605552716,125.17502461036976,122.5024301782354,122.94951629638672,3347355,-0.0068451722096583,0,0.0208861173004666,normal
2016-02-25,123.39660341186328,123.49596262118295,120.11795416548672,120.5849151611328,5119335,-0.0194196396184294,0,0.0209712713024094,normal
2016-02-26,122.005651472619,123.47607360965256,120.53522175554284,122.35338592529295,2932180,0.0145592687117934,0,0.0198723544225257,normal
2016-02-29,122.20437131381584,127.24158316432474,116.3922137063626,125.2644500732422,10496935,0.0235136395577519,0,0.0207597073131507,normal
2016-03-01,123.19788076228696,127.41045891695042,123.19788076228696,126.864013671875,9902315,0.0126886511413708,0,0.0209204114696041,normal
2016-03-02,128.61264492482647,131.136223331898,127.50982439387997,130.4109344482422,6218455,0.0275747448097662,0,0.0216925690302291,normal
2016-03-03,130.74872316796123,131.44419203543336,129.14913719273324,130.67916870117188,4612120,0.0020547262731565,0,0.0213511259552685,normal
2016-03-04,130.7487276404858,133.10339201521757,128.1655401471299,132.26882934570312,3582405,0.0120912121279825,0,0.020826614762082,normal
2016-03-08,132.1297468768051,132.29864539627633,128.77160588002667,129.26837158203125,3317790,-0.0229457943216244,0,0.0205428602430908,normal
2016-03-09,129.14914874793132,131.9707742113221,128.70204750161804,131.1262664794922,4064310,0.0142700820487293,0,0.0207905825203028,normal
2016-03-10,133.13319843780394,133.13319843780394,129.37765121706673,130.0731201171875,17833535,-0.0080639704632341,0,0.0206267866769661,normal
2016-03-11,130.55002348480718,130.96732002515446,127.27138190274565,127.69859313964844,21468120,-0.0184240087123672,0,0.0160698298449482,normal
2016-03-14,129.13921860765612,129.17896835683808,125.69167071040518,126.53617095947266,12830510,-0.0091445423263483,0,0.0159971562828362,normal
2016-03-15,126.75474784239609,127.76815419525975,125.5923178317968,127.07267761230467,10754985,0.0042309837073659,0,0.0159856372628257,normal
2016-03-16,126.47655597257636,129.8247520907884,126.2778451355628,129.407470703125,10768580,0.018206926367867,0,0.0162687374532407,normal
2016-03-17,130.3314476700753,130.59970540503278,128.00658772734212,129.407470703125,28952985,0.0,0,0.0162209599398213,normal
2016-03-18,129.15908967468877,131.33492599559168,128.9206366668888,130.90769958496094,9695990,0.0115263777354641,0,0.0160359685832681,normal
2016-03-21,131.1560892558316,132.13969090895088,129.67573700750327,131.88137817382812,5821815,0.0074103768151791,0,0.0159475157310747,normal
2016-03-22,131.15606557234457,133.1033936519082,130.15260438547645,132.39797973632812,5897795,0.0039095162374911,0,0.0157165362136583,normal
2016-03-23,132.33837971675428,134.28570793514706,130.17248853719678,131.13621520996094,16347850,-0.0095757908619704,0,0.0144313700449103,normal
2016-03-28,132.03039004458012,134.70299199499752,131.25543674833617,133.05372619628906,14524240,0.014516409280965,0,0.0144641080385943,normal
2016-03-29,133.14314180899487,135.51768132621828,132.92456368104237,133.4312744140625,9831650,0.0028335438731561,0,0.0133877213422122,normal
2016-03-30,134.136674640756,136.41187013451764,132.2390411065896,135.8852996826172,14137090,0.0182245983108764,0,0.013548698761557,normal
2016-03-31,134.54403663387808,138.08100641985015,134.54403663387808,135.24945068359375,19910660,-0.0046902889712541,0,0.0130039764811634,normal
2016-04-01,135.51766891746473,136.44166094831016,134.55394230339652,135.1003875732422,7351630,-0.0011027424792873,0,0.0128747817602464,normal
2016-04-04,135.41834638006387,136.96825309328295,133.97772873816598,136.5708465576172,10299785,0.0108253886296871,0,0.0116925368582427,normal
2016-04-05,135.91508489898536,136.06410852998113,132.08998332919256,132.8848114013672,14462615,-0.0273608291105187,0,0.0134447874706018,normal
2016-04-06,132.93449730483186,133.9876381073885,132.00057541272758,132.7357940673828,8418790,-0.0011220315483821,0,0.0131847829829838,normal
2016-04-07,132.5370860368646,132.73580444994258,130.25197588733204,131.64291381835938,8097120,-0.0082675831415244,0,0.012201875615685,normal
2016-04-08,130.76861097360427,133.21270513020818,130.76861097360427,132.20924377441406,5038705,0.0042927890445705,0,0.011825054050764,normal
2016-04-11,133.31204093438754,134.11681413279751,131.20575913926106,133.3915252685547,9954090,0.0089027551182621,0,0.0117935949689463,normal
2016-04-12,133.10339198670798,135.5276108300891,133.08351711550907,134.59368896484375,5928440,0.0089719260353735,0,0.0109477174716474,normal
2016-04-13,136.51122430323588,139.08448245264086,135.75614580832655,137.57431030273438,12188990,0.021903680910257,0,0.0113829768837003,normal
2016-04-18,137.3259111483252,137.3259111483252,130.6891135214163,135.7859344482422,8191005,-0.0130845754189445,0,0.0120197315276727,normal
2016-04-20,136.59069522796315,137.50474231415694,135.16000755910804,136.541015625,5438255,0.0055454159902446,0,0.0115170821757401,normal
2016-04-21,136.9086455463781,137.02786447673,135.74621549518366,136.4516143798828,10687120,-0.0006549718819259,0,0.0115260403189083,normal
2016-04-22,135.1301741214568,135.8653926728925,133.71936162552595,134.3452911376953,9875030,-0.0155567931467572,0,0.0120091534568862,normal
2016-04-25,133.35180243839875,135.68660758513502,133.35180243839875,135.20970153808594,6058445,0.0064136327427064,0,0.0119844867564475,normal
2016-04-26,135.11035135654197,140.08793861126838,134.89177321824224,139.2633056640625,10542295,0.0295395086147483,0,0.0135520510000696,normal
2016-04-27,139.57130907754365,143.02880981599813,139.29312145400203,141.5782470703125,9645560,0.0164861204859816,0,0.0135799491912251,normal
2016-04-28,142.0749995241485,142.75059364364537,138.79634265695844,139.3825225830078,7576220,-0.0156304326260947,0,0.0139981219901878,normal
2016-04-29,138.89570357036771,142.93936880007718,138.20023456821605,142.50221252441406,7450705,0.0221354116276888,0,0.0146837294014145,normal
2016-05-02,141.91603298989654,144.01238501947108,141.49875158743316,142.7108612060547,6482800,0.0014631076768845,0,0.014258562636598,normal
2016-05-03,142.8698232535302,143.65470641601974,138.8956975171877,140.57476806640625,6790965,-0.0150811294674513,0,0.0147144642688704,normal
2016-05-04,140.29656351657306,143.18772811857028,140.0481806880798,141.60801696777344,10556840,0.0073232923762667,0,0.0147436305164417,normal
2016-05-05,141.8564189825869,142.12467671846565,139.8991608165307,140.91256713867188,4879865,-0.0049231898339838,0,0.0146877226501205,normal
2016-05-06,140.29657227172777,141.08145538830954,138.31943937590864,139.68057250976562,3336315,-0.0087814160201302,0,0.0132822536514942,normal
2016-05-09,139.69052001812548,142.27369254569157,139.67064514542744,141.8464813232422,9426675,0.0153871645234193,0,0.0135558973550201,normal
2016-05-10,142.62145079623616,145.05559995524848,141.35966153810227,143.63485717773438,7884015,0.0125290098342354,0,0.013417242175798,normal
2016-05-11,142.6313599211466,146.44651671328864,141.87628154356187,145.3635711669922,20587085,0.0119636263637099,0,0.0135244578317211,normal
2016-05-12,146.18820451286498,147.787790617719,143.2672198726893,144.4097900390625,13928815,-0.0065829693132464,0,0.01371568388196,normal
2016-05-13,144.45947734110192,144.83702417096796,140.48535125017654,140.73373413085938,7147530,-0.0257853275511497,0,0.0151728981128696,normal
2016-05-16,140.7039118915472,143.06852147267026,139.69052077971105,142.7207794189453,12194845,0.0140204353282911,0,0.0147308850236985,normal
2016-05-17,142.86982224905134,144.0620569295545,140.68405614144783,140.86288452148438,12358385,-0.0131031629526603,0,0.014731876485096,normal
2016-05-18,140.68405614144783,141.80673634521244,139.14407939742495,140.86288452148438,5739560,0.0,0,0.014710544076043,normal
2016-05-19,140.73371088754928,141.18081212700636,139.4222573773868,140.29656982421875,4820755,-0.00402842909509,0,0.0147565232937744,normal
2016-05-20,141.0615831387221,141.2205518002542,139.1440748242812,139.5216064453125,3002500,-0.0055390637637575,0,0.0143144324614065,normal
2016-05-23,140.28662665390553,141.21061871284346,139.29309528219218,139.72032165527344,7189935,0.0014232478973079,0,0.0142748749703527,normal
2016-05-24,139.67067681091933,139.68060666947665,137.6041292242968,138.7764892578125,10344860,-0.006778074103245,0,0.0127697411662208,normal
2016-05-25,139.88921928047023,142.1743444529095,139.19375035670666,141.62789916992188,14539060,0.0203385419136292,0,0.013060044719116,normal
2016-05-26,142.29358590311284,146.843962096584,141.94584380611016,145.0953369140625,9680565,0.0241878324355395,0,0.0135739698583885,normal
2016-05-27,145.92988591363184,147.96661300246157,145.67155806659534,147.54933166503906,6467605,0.0167715495057931,0,0.0132033018577906,normal
2016-05-30,148.77138985571457,149.92387470042996,147.05256970438603,147.5592803955078,3645025,6.742419614980122e-05,0,0.0132085310691325,normal
2016-05-31,147.69840306490082,149.0297316962999,146.9433093885164,148.3441925048828,5838425,0.0053052026908497,0,0.0126213180437397,normal
2016-06-01,148.98002544347978,148.98002544347978,147.12212663849388,148.10572814941406,4591255,-0.0016088006120966,0,0.0126067547526814,normal
2016-06-02,148.83101008657505,149.0297133390098,146.3273066576555,148.29449462890625,8029905,0.0012737271466516,0,0.0124970268776438,normal
2016-06-03,149.02971417588705,153.4906757445164,147.65863595424122,152.86474609375,12403875,0.0303533927126355,0,0.0136404045543478,normal
2016-06-06,153.0237243165871,153.99738093184789,151.52348206440803,152.05999755859375,5788250,-0.0052783542190946,0,0.0135555163019781,normal
2016-06-07,153.00384231735157,154.7623972173818,151.1856779563181,153.41119384765625,9288805,0.008846694153596,0,0.0134506924689922,normal
2016-06-08,152.62626821630124,153.00381494857004,150.02322115087065,150.88758850097656,6138060,-0.016586745335096,0,0.0139863355272679,normal
2016-06-09,151.39430546912948,151.39430546912948,149.04957097731955,149.57614135742188,6506980,-0.0087295426465532,0,0.0140626028691861,normal
2016-06-10,149.24827704992373,150.51999593478376,147.70830046213834,149.16879272460938,7553170,-0.0027270680690536,0,0.0125494763185016,normal
2016-06-13,148.23488418536002,150.51007961688364,148.03618093424407,150.2020721435547,8149210,0.0069030332830708,0,0.0123165991994388,normal
2016-06-14,150.7186945539355,150.7186945539355,148.890600607925,149.4469757080078,3317845,-0.0050398827513316,0,0.0119020873529868,normal
2016-06-15,150.420652966959,152.62629396212265,149.62583994823305,152.11959838867188,4436055,0.0177253905816918,0,0.0123227645379035,normal
2016-06-16,152.18913597486323,152.18913597486323,148.30443963574965,149.91395568847656,5395000,-0.0146055421962154,0,0.0128922187321079,normal
2016-06-17,150.22191684501917,151.18564333746025,148.78129961366477,149.24826049804688,4071290,-0.0044504035145216,0,0.0128551121059965,normal
2016-06-20,147.40030791693502,150.38090189059096,147.0426360336929,149.41717529296875,4470035,0.0011311306411094,0,0.0128576056108206,normal
2016-06-21,149.04957530888908,149.73511435651446,147.5990128875282,148.3839111328125,3514265,-0.0069393185826376,0,0.0128643426308744,normal
2016-06-22,148.43358448899275,149.21848278143136,145.73117787923653,146.91348266601562,13434650,-0.0099590490879544,0,0.0125378813204976,normal
2016-06-23,147.24134688842173,149.04958126954895,146.6750418873569,148.48326110839844,4938325,0.0106283718597843,0,0.0115966686834488,normal
2016-06-24,145.05559779669653,146.65518410483074,141.2304954893925,145.83055114746094,10010940,-0.0180268929790408,0,0.011739784359232,normal
2016-06-27,143.67457940481825,147.95669740394106,143.67457940481825,146.92343139648438,3874345,0.0074662371208642,0,0.0118772240900215,normal
2016-06-28,146.7247230010248,148.59256705134806,146.58562919898506,147.69839477539062,3806320,0.0052607451135742,0,0.011876140511866,normal
2016-06-29,148.03616837774018,149.8245278062668,147.5692074391781,149.58607482910156,7386400,0.012699657178711,0,0.0122141217130624,normal
2016-06-30,150.99689500369035,152.3182935593168,149.87421485228535,151.68243408203125,16671825,0.0139171073449553,0,0.0125781907799334,normal
2016-07-01,151.8116193984165,152.20902594267034,149.20855650526374,149.705322265625,7826050,-0.0131202421895171,0,0.0109075629595798,normal
2016-07-04,150.1226001690488,150.27162381458257,147.2810997668787,147.82752990722656,5863470,-0.0126225879055965,0,0.0111778853228596,normal
2016-07-05,147.92688935503844,148.51306924188646,146.72470969210045,147.12213134765625,5626500,-0.0047831884360425,0,0.0109323465593616,normal
2016-07-07,147.24133988059324,149.3277617348869,146.87373814020327,148.21499633789062,4816065,0.0074008302784047,0,0.0105683213171344,normal
2016-07-08,148.05603180608134,148.57265714321562,146.56573492417365,147.72816467285156,3022315,-0.0032900378742501,0,0.0104250709286329,normal
2016-07-11,149.21848956749352,151.6129039790146,148.4534661130065,151.12606811523438,9358070,0.0227405169373131,0,0.0116390559688676,normal
2016-07-12,152.0103384717812,152.35808060421652,150.60945524352178,151.74208068847656,7707845,0.0040678653409553,0,0.0115760062506429,normal
2016-07-13,151.7023202533924,154.3451175614831,151.10619531649976,153.99737548828125,10092985,0.0147533179735548,0,0.0119176018936979,normal
2016-07-14,154.89213027491388,155.88630310701234,153.97749308976813,155.13072204589844,7779395,0.0073325695377848,0,0.0113876760781162,normal
2016-07-15,154.89213270770165,155.28979577883746,152.6353560958279,153.5301055908203,10296390,-0.0103714540980677,0,0.011118864274101,normal
2016-07-18,154.09677859424477,155.65763711702851,152.97335851529527,154.45468139648438,11794690,0.0060040535909786,0,0.0110853462198777,normal
2016-07-19,154.99156437300073,155.37929123555764,152.983345838668,154.65354919433594,8044350,0.001286719702735,0,0.0110849698786048,normal
2016-07-20,154.69329508798077,155.95588363260936,154.69329508798077,155.5283966064453,6584740,0.0056408810617254,0,0.0109233553190771,normal
2016-07-21,156.38340241884907,156.58223396769023,150.91545139140592,151.2435302734375,19245670,-0.0279370088352566,0,0.0126006468105349,normal
2016-07-22,151.51193334017097,152.08855540239773,149.77213088633758,151.12420654296875,7148085,-0.0007892623592669,0,0.0124203940040698,normal
2016-07-25,151.50200084063408,153.73888976547636,149.1259283228188,151.98915100097656,16965590,0.0057070847202327,0,0.0116272181287451,normal
2016-07-26,152.2078391939946,152.3072473573406,148.40015611382725,149.4639129638672,8745100,-0.0167541644697335,0,0.0122784847330207,normal
2016-07-27,149.54347412157472,151.1142690013153,148.23117388437117,149.9212646484375,5383780,0.0030552751073926,0,0.012246717170011,normal
2016-07-28,150.31891574864125,151.12419324351143,148.26098605840326,149.1955108642578,17177630,-0.0048526546672054,0,0.0119708898118317,normal
2016-07-29,149.42420209492508,152.33712164803927,148.98676355605622,151.81021118164062,7287990,0.0173735307595803,0,0.0122069907625808,normal
2016-08-01,152.30727458663085,152.99325626680155,148.72826149903676,149.75225830078125,8753250,-0.0136488126809073,0,0.0122375215008596,normal
2016-08-02,149.18556988529562,151.71077732533792,149.1060342398742,151.1341552734375,7478715,0.0091855705457506,0,0.0120218294449868,normal
2016-08-03,150.91543796846852,151.90961079412395,150.0803364356876,150.35870361328125,6721560,-0.0051440911270539,0,0.0120314017337758,normal
2016-08-04,151.06456200883315,151.37275316614344,149.3247595157439,150.39846801757812,6247560,0.0002644286373154,0,0.0119398018116274,normal
2016-08-05,151.07451308881562,154.29562341682706,150.4382430710712,153.96754455566406,11826830,0.0234536051537341,0,0.0129228354022931,normal
2016-08-08,154.4944599758063,155.4488726183889,152.69500948445855,153.40087890625,8299200,-0.0036872121413233,0,0.0120172313871058,normal
2016-08-09,153.65934993971837,153.67923764385213,151.1341576301723,152.05873107910156,4387675,-0.0087877835272411,0,0.0121730591875972,normal
2016-08-10,153.04296268036433,153.04296268036433,150.84583412592983,151.36280822753906,5469795,-0.0045871764638985,0,0.0117073858735396,normal
2016-08-11,151.31310693347817,152.8938381471647,150.94526782799582,152.03884887695312,5032730,0.0044564144750687,0,0.0116187488490661,normal
2016-08-12,153.48038608406847,153.48038608406847,151.1142502067357,151.6908721923828,5640660,-0.0022913584853956,0,0.0114146649260682,normal
2016-08-16,152.40669525108385,154.2757298238164,151.54175458834965,153.6593475341797,9130715,0.012893408843313,0,0.0117242845758285,normal
2016-08-17,153.30144316795915,153.42075421981676,151.33298526584898,152.23768615722656,4074430,-0.0092950990443414,0,0.0118885164093775,normal
2016-08-18,152.48626056667968,156.27405729365216,152.47630912789552,155.9658660888672,8828800,0.0241941519646795,0,0.0130805941847046,normal
2016-08-19,156.27401842681593,156.27401842681593,153.89794613941189,154.8424072265625,4980850,-0.0072293040545234,0,0.0114603811515725,normal
2016-08-22,155.09095608051413,155.48861913072008,152.86400355769092,153.66929626464844,3063810,-0.0076050055971803,0,0.0116220867801622,normal
2016-08-23,153.76872077576763,155.09097255446952,153.3114097364419,154.7628936767578,2864930,0.0070913609578875,0,0.0116566990936172,normal
2016-08-24,154.89212401948424,155.46874605919885,153.52016071223656,154.49444580078125,5708595,-0.0017360813092084,0,0.0109197274925973,normal
2016-08-25,154.6932836598763,155.88628790810185,153.5102156778485,155.2400665283203,7385560,0.0048145888699249,0,0.010938669785164,normal
2016-08-26,155.58806092610763,156.8804887473282,153.6693144850444,155.2500457763672,4269865,6.42806173525301e-05,0,0.0108374128841521,normal
2016-08-29,155.2301553905985,156.86059833341108,154.1266228691301,155.3693389892578,3810195,0.0007680989957892,0,0.0102149520638618,normal
2016-08-30,155.46874397835938,156.4927407267706,155.13071370451792,156.31378173828125,3995125,0.0060602937841194,0,0.009646107597622,normal
2016-08-31,158.07346967719974,162.04022447176283,157.70563060841076,160.43960571289062,16732220,0.0260521749133424,0,0.0109440881062681,normal
2016-09-01,161.6525013279278,162.5373145020762,160.55890519364425,161.19517517089844,5809640,0.0046983155603497,0,0.0107792417269922,normal
2016-09-02,161.45367744983852,162.19930714588742,160.71799919179026,161.77182006835938,4653795,0.0035709253188009,0,0.0107526577512654,normal
2016-09-06,163.0244553011629,163.4420060665231,162.0501701819891,162.6566162109375,5139395,0.0054545054459564,0,0.0097101842790562,normal
2016-09-07,162.8156801980364,163.64084542465483,159.55479469783523,159.88287353515625,5855265,-0.0171998229315892,0,0.010609723185385,normal
2016-09-08,160.01209550141454,163.50165144100674,159.11734612554935,162.99461364746094,8621810,0.0192756483970182,0,0.0109485883594891,normal
2016-09-09,162.9847119227455,164.11806845164006,160.77764681333903,162.81570434570312,5724665,-0.0010982421971306,0,0.0108406756172335,normal
2016-09-12,161.4437272880832,162.05017332880806,160.061827643792,161.712158203125,3707645,-0.006800959322498,0,0.0110859136524568,normal
2016-09-14,161.83146369450893,163.04435584794336,159.7238219976637,160.250732421875,10205775,-0.0090782873478758,0,0.011359616977506,normal
2016-09-15,160.44955480783895,161.40396741354596,159.72381287873415,160.7776336669922,5913325,0.0032825866739827,0,0.0111082060947044,normal
2016-09-16,161.23494846873086,163.0344141027063,160.0021838209924,160.37997436523438,21762045,-0.0024764134184387,0,0.0108360602164465,normal
2016-09-19,160.7378710199061,161.49345215062692,158.8887239449313,159.6343536376953,11289775,-0.0046599293316074,0,0.0096683198286999,normal
2016-09-20,159.46530918940564,159.72380382310504,157.37755543571564,157.6260986328125,7785335,-0.0126601460340474,0,0.0099874119091617,normal
2016-09-21,157.89452568905068,158.22258935174318,156.4132028092642,156.7611541748047,11589240,-0.0055024281842781,0,0.0099039937470413,normal
2016-09-22,158.86883465189788,159.4454567622603,157.27815192194123,158.1033172607422,10557490,0.0085253900454205,0,0.0099555013901164,normal
2016-09-23,158.21266736614342,159.7436868864368,157.68575696715536,158.30213928222656,20953255,0.0012567548602069,0,0.0099336077617735,normal
2016-09-26,157.50678923769445,157.92435516269288,155.95588209869345,156.63192749023438,5588885,-0.0106068388727553,0,0.0102336789434605,normal
2016-09-27,156.13482505642665,158.71966496601843,155.58802703924735,155.9757537841797,7136570,-0.0041980713146205,0,0.0102862998663954,normal
2016-09-28,155.68746239008172,157.43720101019804,154.79269779205393,155.54827880859375,9776355,-0.0027444126241737,0,0.0103066517885142,normal
2016-09-29,156.58219823133538,158.95827034690808,152.95347399106566,153.61956787109375,275291850,-0.0124769504917248,0,0.0105686072616404,normal
2016-09-30,153.50027300883318,155.54828170293945,152.32715639587346,154.49444580078125,12160390,0.0056789385884759,0,0.0086437488807066,normal
2016-10-03,156.87053319362172,157.61616285900783,155.71730417359572,156.69158935546875,4913960,0.0141213281942143,0,0.0092567254282062,normal
2016-10-04,157.2582413382413,158.39161285811852,155.54827813163357,157.4173126220703,5760785,0.004620846804082,0,0.0092894197039984,normal
2016-10-05,158.03370357624266,158.03370357624266,155.19036896631312,155.5184326171875,5037740,-0.0121360588550345,0,0.0094413297705525,normal
2016-10-06,155.48862278277548,157.07930536070666,154.59387331386003,155.68746948242188,6813165,0.0010863346788578,0,0.0087789383056902,normal
2016-10-07,155.60792262040198,156.08512129143577,154.12659976609993,155.61785888671875,3702290,-0.0004472175097545,0,0.0073308300434257,normal
2016-10-10,156.06524693525074,156.18455799061658,154.89213027491388,155.13072204589844,3748000,-0.0031352499721553,0,0.0073271748979079,normal
2016-10-13,154.6933054573018,154.72312942996942,152.16809785902984,153.56988525390625,8820280,-0.0101123875757993,0,0.0074675099407753,normal
2016-10-14,154.29559613038873,155.87632704291437,153.22188782097385,155.43890380859375,5165400,0.0120970109142932,0,0.0079815885926923,normal
2016-10-17,155.66754764584368,155.66754764584368,151.90957642859772,152.95346069335938,9600320,-0.0161190562147943,0,0.0085270071344129,normal
2016-10-18,154.07691305478644,155.27986894837144,153.0827401466541,154.48452758789062,8136765,0.0099602496147479,0,0.0089703379586153,normal
2016-10-19,154.8921219977214,156.08512629851256,153.5897580844485,153.89794921875,5289465,-0.0038042309189325,0,0.0089583764736439,normal
2016-10-20,155.4687590864091,155.6874783325547,153.21198241202023,153.56988525390625,8309335,-0.0021339733953142,0,0.0085902453480818,normal
2016-10-21,153.11255684483396,155.71730005588552,152.8938376018478,155.38922119140625,8837230,0.0117773318787453,0,0.009004682072845,normal
2016-10-24,155.46876907753392,156.98985246083262,154.59389203672808,156.5524139404297,4699655,0.0074577934413762,0,0.0089517497833365,normal
2016-10-25,157.06935589514336,157.67580187040923,155.20030629861137,156.393310546875,16337325,-0.0010168115095581,0,0.0089427931217016,normal
2016-10-26,155.68748085874782,163.24318573134465,155.30969030566197,161.35426330566406,22158720,0.0312282851105392,0,0.0111105480350716,normal
2016-10-27,161.45366771330524,161.45366771330524,159.26649043743546,160.37997436523438,5474240,-0.0060565013264088,0,0.0111682025532569,normal
2016-10-28,160.3700200284843,163.44201049463916,159.0676560219841,162.91510009765625,7209950,0.015683367275173,0,0.0115621674881335,normal
2016-11-01,163.02445957756967,163.02445957756967,159.86299719839482,160.1711883544922,5877560,-0.0169860363311551,0,0.0119046432388517,normal
2016-11-02,159.04774716399248,160.29046306138244,158.25240595568854,159.86297607421875,6343860,-0.0019261217071067,0,0.011905371591879,normal
2016-11-03,159.80333964672062,161.2448871575331,158.47113657967608,160.26065063476562,3982285,0.0024845074335697,0,0.0115456981556146,normal
2016-11-04,161.01623159310242,161.4536548776016,157.09918837697282,158.998046875,5471590,-0.0079096378719265,0,0.0116852145128365,normal
2016-11-07,160.57877828465325,160.64836248511773,159.06763153748312,159.4354705810547,4982960,0.0027473488638136,0,0.0113059319189458,normal
2016-11-08,159.62441077811948,162.10984322090255,157.87467179955547,161.41392517089844,4831750,0.0123327623015461,0,0.0115741889260034,normal
2016-11-09,154.85235824891208,164.9133978450239,151.51193685330213,163.46189880371094,21350670,0.012607898835669,0,0.0118062327264372,normal
2016-11-10,164.67479594238137,165.71868050483144,161.67238958434496,162.89523315429688,12885775,-0.0034726755654972,0,0.0118148854052312,normal
2016-11-11,161.65250517180408,164.13793719984614,160.5589090115163,162.16946411132812,11578190,-0.0044653895365547,0,0.0115638826893288,normal
2016-11-15,162.74607592791384,162.74607592791384,155.78686668702673,156.9898223876953,15099270,-0.0324608855477706,0,0.0137489216418161,normal
2016-11-16,158.44131871068214,158.44131871068214,152.48623318093345,153.21197509765625,23642440,-0.0243585570055175,0,0.0143818696153916,normal
2016-11-17,152.32715215736434,155.5283896719524,152.32715215736434,154.34532165527344,7943505,0.0073700198278165,0,0.0142996832367127,normal
2016-11-18,155.27986389187083,156.0851414940552,153.76871687315344,154.9418487548828,6751805,0.0038574366890333,0,0.0142963027312237,normal
2016-11-21,155.09096785480963,155.27986312745367,149.8616240152188,151.651123046875,10259105,-0.0214672375766591,0,0.0151031026002403,normal
2016-11-22,152.1482095666464,153.59970863365731,151.42246761807803,153.02308654785156,8502995,0.0090061628532973,0,0.0149956268888693,normal
2016-11-23,153.500277548564,153.8979557790282,152.10844166662267,152.33709716796875,6888175,-0.0044929926720609,0,0.0148883517083186,normal
2016-11-24,151.11428619307807,151.11428619307807,146.51126064744204,147.55514526367188,25374535,-0.0318938377031603,0,0.016376863871856,normal
2016-11-25,148.52940899994093,151.04466494914735,148.12180968448052,149.55340576171875,7835965,0.013451586111258,0,0.0148365831641357,normal
2016-11-28,148.01245378882751,149.72243224695853,146.3820109764088,149.15574645996094,11504390,-0.0026625199376573,0,0.0148287922705164,normal
2016-11-29,148.72826257527325,149.62301206117803,147.67442662470668,148.21128845214844,5050065,-0.0063521579237759,0,0.0141201496401528,normal
2016-11-30,148.33057823006197,151.11426509472892,147.13757390802553,150.20956420898438,5668925,0.0133925334404798,0,0.0143641319029942,normal
2016-12-01,150.12010824430325,150.40841171121966,147.3761964951649,148.121826171875,5755035,-0.0139963288219364,0,0.0145595605804682,normal
2016-12-02,147.1375978717201,147.93293927256934,143.1609060373493,143.8667755126953,14225185,-0.0291473836807618,0,0.0155253771473688,normal
2016-12-05,144.35391588515563,145.52704790795792,143.75742118989476,145.1094970703125,4639780,0.0086009083543432,0,0.0158208130591932,normal
2016-12-06,145.34803989644087,146.68022762042392,145.1989200653498,145.94454956054688,2480505,0.005738142390828,0,0.0159075161706092,normal
2016-12-07,146.2527518152802,147.03814160205988,144.06557482982245,146.01414489746094,10661950,0.0004767478383298,0,0.0154650920094562,normal
2016-12-08,146.36211474701406,149.4042809614068,146.36211474701406,148.85748291015625,4133075,0.0192858578058068,0,0.0159306502006595,normal
2016-12-09,149.02649528988343,149.62300503238026,147.70425882745752,148.18145751953125,4055335,-0.0045517705984217,0,0.0159281748156494,normal
2016-12-12,148.3305738145216,148.42999715917875,144.8708568326438,145.11940002441406,1977205,-0.0208807350650594,0,0.0163314630046308,normal
2016-12-13,144.7515612139779,146.80949095718455,143.7573884451178,145.33811950683594,3430320,0.0015060345080089,0,0.0151063075526101,normal
2016-12-14,145.20889370906312,145.45743693810638,143.8568179362727,144.71180725097656,4262975,-0.0043186580758405,0,0.0143188972223082,normal
2016-12-15,142.92226346766654,146.06385287509596,141.57018797395463,144.10533142089844,5216825,-0.0041997280651058,0,0.0141163866638163,normal
2016-12-16,144.155050168757,144.5527132047218,142.6041430906727,142.98193359375,18907690,-0.0078262166109235,0,0.0140403809816584,normal
2016-12-19,142.96204593287527,143.54860422055063,142.2462403320309,143.09127807617188,5084970,0.0007644510795579,0,0.0134538862684909,normal
2016-12-20,143.35971983743906,143.75739807354188,142.54450600070703,142.8328094482422,4583755,-0.0018079532967796,0,0.0131641751042065,normal
2016-12-21,142.58426245555464,144.45331219095414,142.58426245555464,143.12112426757812,5372810,0.0020165130326263,0,0.0132172831370553,normal
2016-12-22,142.8626309284106,142.9620542781709,141.47079505100612,141.7988739013672,4205060,-0.0092816219794054,0,0.0114792979363947,normal
2016-12-23,140.19825613387667,141.96788255010978,139.9994246027027,141.5205078125,5108450,-0.0019650344904462,0,0.0108903570209262,normal
2016-12-26,141.5503094131645,141.96786011360243,140.02922644375818,141.3813018798828,2428280,-0.0009841290446583,0,0.0108976156432456,normal
2016-12-27,140.60584858519422,142.3655386482441,140.2976574514696,141.6000213623047,6685225,0.0015458230491658,0,0.0109005107823354,normal
2016-12-28,141.57019348825048,142.94215673718514,140.99358664291648,141.7789764404297,6059835,0.0012630089265721,0,0.0103036284643832,normal
2016-12-29,141.17255672210223,142.16672965676491,140.84447783327852,141.8485870361328,6515615,0.0004908591834134,0,0.0099859407043951,normal
2016-12-30,141.98775819076909,143.7076727856147,141.98775819076909,143.10122680664062,4951835,0.0087920593645911,0,0.0079954065472936,normal
2017-01-02,143.16087081401304,143.35970232283591,140.82455886819676,142.12693786621094,6032775,-0.0068316726776158,0,0.0078376887262932,normal
2017-01-03,142.15677781418074,142.65386422705237,140.60585546332757,141.5205078125,6909880,-0.0042759488014683,0,0.0077006629872623,normal
2017-01-04,141.76907435607913,141.76907435607913,137.69295903159772,138.30934143066406,21293040,-0.0229518570388931,0,0.0090428840203543,normal
2017-01-05,139.75087153768993,139.75087153768993,138.42861995234344,138.97540283203125,10901015,0.0048041783488885,0,0.0076634639609741,normal
2017-01-06,138.7865403165195,142.8626400284856,137.86195164844872,142.53456115722656,18323435,0.0252875453098315,0,0.0099869399677184,normal
2017-01-09,142.76320924960785,144.00592515474065,140.59590482272282,141.02340698242188,7701630,-0.0106586211705934,0,0.0091970619436791,normal
2017-01-10,141.39125649175202,142.30589364518184,141.17253726268478,141.69944763183594,4335025,0.0047823649687881,0,0.0092809358325141,normal
2017-01-11,142.16672437941514,145.90480901383094,140.77488839050355,144.8311004638672,17887590,0.0218599905613912,0,0.0105827489764788,normal
2017-01-12,145.63638759997596,145.63638759997596,143.76733777038945,144.7416229248047,5533925,-0.0006179970327533,0,0.0105374134654251,normal
2017-01-13,145.44748814342023,146.2627019761369,144.03576454442424,144.7018585205078,5030255,-0.0002747645540228,0,0.0103678455389923,normal
2017-01-16,144.37377215960026,146.3820054204613,143.7573898910665,145.38783264160156,3709690,0.0047294021166885,0,0.010409024550103,normal
2017-01-17,145.7059727991457,146.14341128732164,144.0158819610903,144.35389709472656,3406665,-0.007136976344837,0,0.0105464905840449,normal
2017-01-18,144.1749460936505,147.48554339291726,144.1749460936505,145.36795043945312,5629255,0.0070002141317608,0,0.0106419139630829,normal
2017-01-19,145.34807043912735,146.54107484816024,144.5527291098141,144.7913360595703,4576810,-0.0039744730963295,0,0.0104421441378839,normal
2017-01-20,145.6960162440486,145.77555188263045,142.76320973199964,143.76731872558594,5575240,-0.0070974938071639,0,0.0105821191642212,normal
2017-01-23,143.65797235009606,147.1176895127622,143.55854900024354,145.69602966308594,7285995,0.0133263122365079,0,0.0109339770203672,normal
2017-01-24,146.6404848306574,148.1317439984268,145.96445462280752,147.8036651611328,6033395,0.0143623435717481,0,0.0113058681446818,normal
2017-01-25,148.62883363419488,159.24659185909863,148.1416835009285,158.1132354736328,43862620,0.0674266502273601,0,0.0184545065595779,normal
2017-01-27,158.66998127739663,159.4851950662041,155.18042512140266,156.09506225585938,18546835,-0.0128462614552713,0,0.0188792977275078,normal
2017-01-30,156.2839764174169,157.0793177692106,153.3213454311068,154.21609497070312,10917390,-0.0121103621677169,0,0.0192212757506788,normal
2017-01-31,154.49446608764296,155.1506238572591,151.7207303086292,153.92779541015625,7003400,-0.0018712014332749,0,0.0191093599499961,normal
2017-02-01,154.59386644018872,155.6775111236624,146.96856307989017,154.50439453125,24759335,0.003738908010308,0,0.0190107171666715,normal
2017-02-02,154.89212256471927,155.18042599693234,151.9990761265527,153.18214416503906,10114765,-0.00859484143505,0,0.0181767556446743,normal
2017-02-03,153.0032076986561,154.53424250438113,151.11428520158628,152.16810607910156,7812880,-0.0066418272975772,0,0.0183659887910555,normal
2017-02-06,153.10261461257463,153.8482442291943,152.16808973256488,152.4464569091797,9837780,0.0018275613931351,0,0.0177081587974466,normal
2017-02-07,152.90378178182658,156.07519548472573,152.80435843250677,153.76870727539062,14980555,0.008636140459143,0,0.0174275108958061,normal
2017-02-08,153.9774722035628,154.33537498136562,151.51191299208935,152.62539672851562,13038340,-0.0074630408255771,0,0.0176246311171389,normal
2017-02-09,153.0827469599144,154.99155720809904,152.10846171414704,153.0330352783203,6531395,0.0026672831421894,0,0.0170992800174987,normal
2017-02-10,153.3213310124634,156.3436096612089,153.3213310124634,154.8722381591797,9356480,0.0119466921436979,0,0.0171993831185367,normal
2017-02-13,155.05118803183808,158.2722980178941,154.99152492442738,157.70562744140625,9023340,0.0181296707241944,0,0.0174834111211839,normal
2017-02-14,157.85473681715186,158.34188689119793,156.27400589771892,157.13893127441406,6694845,-0.0035998511855162,0,0.0175716931829841,normal
2017-02-15,157.31790135917015,158.07346718771842,155.43891546920537,155.94593811035156,6803720,-0.0076209300075502,0,0.017587997714909,normal
2017-02-16,156.08514144367976,158.76940517338605,155.14068024598902,157.57640075683594,11281025,0.0104010282084425,0,0.0176363072368139,normal
2017-02-17,160.06182539367052,161.25482975393436,157.0991946122094,158.37173461914062,21295865,0.0050345955757045,0,0.0175358109800702,normal
2017-02-20,159.4454125150918,160.0617946962093,158.07344942048,158.48106384277344,4237005,0.000690094760106,0,0.017350627700398,normal
2017-02-21,158.89864391343397,159.186947356984,157.29802506369458,158.6501007080078,3160670,0.0010660376534232,0,0.0172525121257493,normal
2017-02-22,159.0278823976239,159.95245578889254,157.82492667546384,158.2424774169922,5532555,-0.002572628985165,0,0.0171457928527577,normal
2017-02-23,158.76939258100757,161.93086996248894,157.57638825907748,161.24488830566406,22877735,0.0187957309185708,0,0.0091942188203564,normal
2017-02-27,160.55890430842996,161.5530770905255,158.18283196601652,159.1670684814453,11908390,-0.0129698590031779,0,0.009204037985006,normal
2017-02-28,159.44545399228392,160.74781805949655,158.82905648094984,159.48521423339844,4860945,0.0019968214566326,0,0.0086737778108908,normal
2017-03-01,159.48518623264002,164.47593754432447,159.47524996657452,163.86949157714844,14842915,0.0271191107577273,0,0.0103160067379353,normal
2017-03-02,164.53560038330664,164.77420731933708,161.6027936219293,162.27882385253906,22276865,-0.0097543372853436,0,0.0107078278042515,normal
2017-03-03,162.24900118627292,162.44783271629365,159.6641609562567,160.95657348632812,6585175,-0.0081813919670326,0,0.0106857492693457,normal
2017-03-06,161.63261543893142,163.48177745137585,161.27471262459142,162.83555603027344,7197870,0.011606234154077,0,0.010645286154819,normal
2017-03-07,163.04433995089173,163.24317147783282,161.85133561937204,162.4478302001953,4748770,-0.0023839275543409,0,0.010719169877569,normal
2017-03-08,163.65080710938113,166.81226975480922,162.8852897033993,164.01864624023438,19075645,0.009623212646062,0,0.0107478610820601,normal
2017-03-09,164.2373350730336,164.5952378694079,163.0443308084099,164.1279754638672,7987745,0.0006663437649327,0,0.0104725133157529,normal
2017-03-10,166.03679313479412,166.80231043498344,164.2671667721862,164.81396484375,6763985,0.0041708903018911,0,0.0104706126437265,normal
2017-03-14,167.61752005228274,169.2976591401575,165.4303280186068,166.2554931640625,15581710,0.0087083685635986,0,0.0103609725705273,normal
2017-03-15,166.42450132026795,168.70116526294078,166.05666228135533,167.84617614746094,8591550,0.0095222212205712,0,0.0098914560313066,normal
2017-03-16,168.85028132796157,170.2719561234146,168.85028132796157,169.2877197265625,6308725,0.0085518091307523,0,0.0098302489244679,normal
2017-03-17,169.59594766223998,169.89420255969395,167.5280662550665,168.6614227294922,23232470,-0.0037064613303448,0,0.0096294077800578,normal
2017-03-20,170.00354687395242,171.39538271023446,168.61171103767035,169.92401123046875,7961440,0.0074580547578415,0,0.0095472804053833,normal
2017-03-21,170.00354801676576,171.2760879813131,169.1982704796555,170.9082489013672,7291645,0.0057755120152824,0,0.0095538724484407,normal
2017-03-22,169.6058759410259,171.97199675269877,168.711111370839,171.43515014648438,46771635,0.0030782054663847,0,0.009527726837545,normal
2017-03-23,171.6240371441456,173.68196673388613,171.40531793771714,172.6182098388672,8050770,0.0068772143673863,0,0.0095244471123008,normal
2017-03-24,173.18491739161576,176.2469717660238,171.77319368384724,174.84518432617188,11400145,0.0128186451804124,0,0.0095685013427834,normal
2017-03-27,174.8451644553221,174.9744117729228,170.73924113093702,173.2147216796875,9996530,-0.0093689307199174,0,0.0095018244137916,normal
2017-03-28,174.47731563376527,174.9644657368597,170.20236982357895,170.8883514404297,15245650,-0.0135215629593847,0,0.0095530637333621,normal
2017-03-29,171.81296612097503,171.94219828115266,169.51641400251907,170.52053833007812,12418935,-0.0021546788245654,0,0.0096334177627107,normal
2017-03-30,171.4947876900382,173.37377345271682,170.86845404585492,172.02169799804688,17671925,0.008764871125634,0,0.0079821613306651,normal
2017-03-31,171.99189641448203,174.97441484941524,171.4053380963814,173.4235076904297,12932155,0.008116004298234,0,0.0075344019245234,normal
2017-04-03,174.37788092556062,174.93463036560905,173.18487675091333,174.1691131591797,6827130,0.0042901176124301,0,0.0070316333545641,normal
2017-04-05,174.974415957142,178.27507699423634,174.49721725209614,176.9329376220703,10031640,0.0157440353690505,0,0.0073237299705164,normal
2017-04-06,175.96858422797197,178.45401620859303,175.71010476314163,177.8276824951172,9941750,0.0050442282456586,0,0.007161408673871,normal
2017-04-07,176.9627563899567,177.59902636793467,172.9860652351262,173.60244750976562,8063385,-0.0240471048484511,0,0.0094812211103334,normal
2017-04-10,174.5170787113417,174.95451715065457,172.48897296619484,174.44749450683594,4727575,0.0048559046019516,0,0.0094769640612595,normal
2017-04-11,173.5229150840665,176.76392814407285,173.20478767411464,175.18319702148438,7002720,0.0042084612038868,0,0.0094772018976992,normal
2017-04-12,175.17322992056714,175.6603800136604,173.70185854513056,174.8551025390625,5444935,-0.0018746210281346,0,0.0094400611014817,normal
2017-04-13,174.77557656581266,175.7697493390313,173.48314892665388,174.87498474121094,4689340,0.0001137002671081,0,0.0093063179389771,normal
2017-04-17,175.9685910659242,176.91305222128636,173.98024540416233,176.48556518554688,6164030,0.0091677436473585,0,0.0093299513746311,normal
2017-04-18,176.9627569766362,177.49960360957405,174.29838117560564,175.302490234375,6331485,-0.0067260919929745,0,0.0094521842425837,normal
2017-04-19,174.79546616575826,175.29255255776206,172.42933008546083,174.0995330810547,4491320,-0.0068858325149641,0,0.0095543662633913,normal
2017-04-20,174.29839377980664,177.251073229294,174.19897042546742,176.79376220703125,4990375,0.015356703077038,0,0.0100238008365461,normal
2017-04-21,176.96276510607535,178.45402436258723,174.6761645454491,175.053955078125,6303725,-0.0098896268102564,0,0.0103437787598134,normal
2017-04-24,174.57674732878934,178.64291038367384,174.23871705237002,178.10604858398438,15641625,0.01728491031177,0,0.0108995331605223,normal
2017-04-25,178.7522678001234,179.74644057412868,175.98846870197855,178.55343627929688,12482915,0.0025087678805784,0,0.010578341595003,normal
2017-04-26,178.89145885637748,183.1266295894456,178.06629359909022,179.0207061767578,18056605,0.0026135567870326,0,0.0102926956188604,normal
2017-04-27,180.5318222227656,182.79853483135136,176.96274576633735,182.26168823242188,35302185,0.0179420256790532,0,0.0102564588027344,normal
2017-04-28,182.43071478617185,182.90791349826588,179.14994140454388,179.33883666992188,6183310,-0.016166543021562,0,0.0110878895533053,normal
2017-05-02,179.35869779663966,182.9078863948453,179.14991485798225,182.51022338867188,12852815,0.0175292312483206,0,0.0115127021793541,normal
2017-05-03,182.9377476927568,183.32547451235183,181.69503158253244,182.3213653564453,5062760,-0.0010353163208565,0,0.0114787711411856,normal
2017-05-04,182.38099261951604,182.53012763775484,179.04057148726062,180.0347442626953,7517130,-0.0126210177555963,0,0.0119531559427965,normal
2017-05-05,180.73068785213263,181.33713393811465,179.0008366857947,180.60145568847656,10979005,0.003142845295792,0,0.0114948116344486,normal
2017-05-08,180.4423758523842,180.93946228723925,178.95111654781903,180.4125518798828,5339955,-0.0010465179847551,0,0.0114633940978945,normal
2017-05-09,180.93944405071264,181.2078749460445,180.0248069231487,180.3131103515625,2916860,-0.0005513415941864,0,0.0098870188911385,normal
2017-05-10,181.13830071305995,184.846561410481,181.13830071305995,184.4488983154297,9703005,0.0226776095540897,0,0.0109172267072035,normal
2017-05-11,185.5225893838156,187.00391233748243,185.02550297693213,186.26821899414065,11000005,0.0098152213622464,0,0.0110270711112938,normal
2017-05-12,186.90447916163848,191.27883324428103,186.4173290473504,189.81739807128903,21542525,0.0188748746824911,0,0.0115034088464947,normal
2017-05-15,189.8870194316356,195.14618727413364,189.7677235408027,193.52569580078125,20779135,0.0193477512286071,0,0.0119475697026631,normal
2017-05-16,193.5654517815852,193.8637066719784,190.30456603166687,190.8513641357422,11986620,-0.0139153716384532,0,0.0126262350533699,normal
2017-05-17,191.35840745242223,191.35840745242223,188.0179856937571,189.1314697265625,5935155,-0.0090525465949431,0,0.0127396148685136,normal
2017-05-18,188.485221502626,189.4694580566226,185.9302052408545,187.4711761474609,29135705,-0.0088172738763807,0,0.0128318402789103,normal
2017-05-19,187.89866192784424,188.3957483350608,186.05943615319384,186.3775787353516,6210640,-0.0058504971176569,0,0.0126933633923778,normal
2017-05-22,187.40157359656428,189.68817408025825,186.3775768218016,187.1530303955078,6930165,0.004152017292383,0,0.0123475061845161,normal
2017-05-23,187.10332823428985,188.11738879372288,185.96997178664364,186.95420837402344,6853250,-0.0010629146918255,0,0.0119316246981594,normal
2017-05-24,186.62613000780985,187.58052745580025,185.4132379081718,186.1290435791016,5071745,-0.0044234960219915,0,0.0120293305021152,normal
2017-05-25,186.1091424682681,191.3782612669964,186.1091424682681,190.1852569580078,20721450,0.0215584179015424,0,0.012795270756311,normal
2017-05-26,190.88119054766176,192.78006436523376,189.38993124650816,191.8852996826172,8166890,0.0088991622862995,0,0.0123938800879144,normal
2017-05-29,191.96482507379545,192.98882185894192,190.28467059043663,192.5812225341797,5551995,0.0036202039522521,0,0.011582470181416,normal
2017-05-30,192.2630937842696,192.3227417302396,189.9963808181624,191.2689208984375,3162900,-0.0068375993652818,0,0.0113144114626192,normal
2017-05-31,191.4677394998241,193.12800628655697,191.3782675869167,192.08413696289065,6755665,0.0042530887733365,0,0.0112930620749904,normal
2017-06-01,191.5472799047484,192.4718685373832,190.6624666809762,191.40809631347656,3786725,-0.0035257107761452,0,0.0108207709282371,normal
2017-06-02,191.9747757614101,193.36661162805865,191.5770975353153,191.9250640869141,2249620,0.002697226017756,0,0.0108210564229971,normal
2017-06-05,192.05429102795443,192.6706884692153,190.77181481203047,192.27301025390625,4172920,0.0018112858202972,0,0.0107830476630853,normal
2017-06-06,192.86952266863327,192.86952266863327,190.90106477762103,192.1537170410156,8500360,-0.0006206291511485,0,0.0107843218041954,normal
2017-06-07,192.86953565723024,192.86953565723024,191.67653125415,192.60110473632807,3319780,0.0023255739583953,0,0.0097591927102873,normal
2017-06-08,192.8596001924961,195.51403993060745,192.05430742643784,194.6292266845703,7549470,0.0104751117295363,0,0.0097875019170983,normal
2017-06-09,194.6093292561136,196.249708338982,193.9730592589549,195.87193298339844,6917105,0.0063646955362894,0,0.0090363664272301,normal
2017-06-12,196.0210439284872,196.846209150868,193.2870688013918,194.2017059326172,5963705,-0.0085637022940758,0,0.0082689949352591,normal
2017-06-13,193.5057888397677,194.8578644242,193.11806206326963,193.70462036132807,4502130,-0.0025629169193104,0,0.0076146592801167,normal
2017-06-14,192.86952304955108,193.29701007167856,191.477687198586,192.48179626464844,4776295,-0.0063328389130052,0,0.0074531102027491,normal
2017-06-15,191.3782751370751,192.81982274699,190.92094894771728,191.39816284179688,5790430,-0.0056457039522506,0,0.0072673960787156,normal
2017-06-16,192.263078871209,196.86610382993348,191.34844170757307,195.38478088378903,20987425,0.020614969148621,0,0.0082855247923358,normal
2017-06-19,196.1006055887605,197.2041381205417,195.85206236241228,196.3590850830078,4589665,0.0049742001995127,0,0.0082969167614673,normal
2017-06-20,196.84622460803945,196.84622460803945,194.93741455343724,195.46432495117188,3288840,-0.0045671680876644,0,0.0084101437704813,normal
2017-06-21,195.44443362033343,197.84039378889835,194.6888677283243,197.23394775390625,5471275,0.0090126945005515,0,0.0083876618164095,normal
2017-06-22,196.84619747814835,199.67959578252496,196.84619747814835,198.4169921875,8725330,0.0059802610836028,0,0.0072032328854697,normal
2017-06-23,198.6357110641912,199.75911591421465,195.4046497473833,195.89178466796875,7278480,-0.0128084495740061,0,0.0077429931698198,normal
2017-06-27,195.85203733210147,197.4228321422564,192.1636496497326,193.81398010253903,7889085,-0.0106635541087554,0,0.0081403670759593,normal
2017-06-28,195.60351323333447,195.60351323333447,192.4420507711283,193.3069763183593,6668830,-0.0026193574160799,0,0.0079985950951419,normal
2017-06-29,193.6052218158541,194.2514280855372,187.898664326991,188.56475830078125,13991430,-0.0248379829387586,0,0.0097412008955817,normal
2017-06-30,188.0974837000985,191.15953763010768,186.10913817436835,190.0361175537109,9607990,0.0077726532310657,0,0.0099085892658369,normal
2017-07-03,189.5092223845201,189.9764848340888,186.94425463046457,188.6641845703125,6688170,-0.0072455130223803,0,0.0099961828783906,normal
2017-07-04,189.3898954920924,191.15952164845504,187.55066996660915,190.64254760742188,7190025,0.0104315626868078,0,0.0102985514620836,normal
2017-07-05,191.0203717006611,191.5373458326844,189.70807142075444,190.8513641357422,6196350,0.0010947307034108,0,0.0103039849995631,normal
2017-07-06,191.23908078575323,191.4478637489024,189.69810990878952,190.50338745117188,4020510,-0.0018249505464336,0,0.0102892590307434,normal
2017-07-07,190.2846697235164,192.37243869199887,189.7080628433337,191.81570434570312,6117550,0.0068650615504566,0,0.010115918145048,normal
2017-07-10,191.0800117519176,193.4262601989555,190.8811802231598,192.47186279296875,1770385,0.0034149378800716,0,0.0100281875443349,normal
2017-07-11,192.8496458689989,193.05842884297263,189.93672668986449,190.6326446533203,6674495,-0.0096017260781495,0,0.0100726595680716,normal
2017-07-12,191.0007090675391,191.5975923551242,189.25981718801725,190.33419799804688,8322240,-0.0015667857824528,0,0.0100666080057044,normal
2017-07-13,191.0007210693809,192.55259949936985,190.3640526063245,191.4185333251953,13936220,0.0056808407867734,0,0.0100823806181728,normal
2017-07-14,192.7813692197478,195.6662846182325,191.74678881505167,194.4227905273437,18855700,0.0155728157165144,0,0.0105912437733024,normal
2017-07-17,195.5767957048068,196.9695032927024,194.2636583967557,194.92022705078125,12766270,0.0025552624377027,0,0.0095280070786106,normal
2017-07-18,195.3380183966025,196.3725988968444,193.25889972767445,194.4029083251953,5482015,-0.0026575303805085,0,0.0094659122098207,normal
2017-07-19,195.4772669823097,198.561138334695,194.1939877863872,197.8050842285156,24951875,0.017349270308606,0,0.0102097249776845,normal
2017-07-20,199.34703990241883,202.2219978614036,194.0845791713135,194.9798889160156,53447685,-0.0143857032625174,0,0.0105299841562076,normal
2017-07-21,195.9547818103158,199.45646565711385,193.0698813962511,198.84963989257807,10520095,0.0196525412209158,0,0.0113868765296825,normal
2017-07-24,199.87425593468743,200.630294845461,196.4820005548841,197.556381225586,11131900,-0.0065249425409907,0,0.011094650041221,normal
2017-07-25,198.9590754929742,198.9590754929742,195.5966622597436,196.5616149902344,6503275,-0.0050480737107925,0,0.0108680538619298,normal
2017-07-26,198.0637579521273,198.0637579521273,195.49718415746665,196.28306579589844,9083305,-0.0014181138482509,0,0.0108520290622559,normal
2017-07-27,197.66585102366776,199.9538835730652,195.4773040900861,198.5910186767578,12824215,0.0116896968080606,0,0.0092757917026505,normal
2017-07-28,198.30249781755,202.44085004129607,197.9642710477539,201.48583984375,6524320,0.0144715777791217,0,0.0095884527503665,normal
2017-07-31,202.5403289505003,205.26605835499413,201.5156910068681,203.2665252685547,12323035,0.0087989450680412,0,0.0093612156333639,normal
2017-08-01,203.73407731144624,203.73407731144624,201.14760349987108,202.0031280517578,10319740,-0.0062348675711279,0,0.0094741466739661,normal
2017-08-02,202.10264176686908,203.58487723224573,199.9936651482693,201.1277313232422,5595360,-0.0043429972382806,0,0.0096056167438416,normal
2017-08-03,200.92877294404187,200.92877294404187,197.76533082189388,198.24282836914065,5760575,-0.0144475002699016,0,0.0103025859234145,normal
2017-08-04,198.7601164214485,198.8794870075241,196.6809977573115,198.2030334472656,5936375,-0.0002007584179404,0,0.0102476575240963,normal
2017-08-07,198.9888993485465,199.34702625778928,197.8249906883504,198.541244506836,3096200,0.0017049326747207,0,0.0102391802811207,normal
2017-08-08,198.9590900836329,198.9590900836329,194.99980844119327,196.5118865966797,6113210,-0.0102739383687167,0,0.0102787479421156,normal
2017-08-09,196.77052215990864,198.89938358976823,194.84061676305623,197.4469757080078,5656995,0.004747149800921,0,0.0102759542480335,normal
2017-08-10,197.9443606313853,199.45645370772272,195.5867006743836,198.3223876953125,12475820,0.0044238563968885,0,0.0102550134901019,normal
2017-08-11,196.750627456364,198.45173422137813,193.69661355765123,197.40719604492188,7108715,-0.004625346800517,0,0.0098092036651656,normal
2017-08-14,197.46689839806788,198.95909158495505,195.029652562027,195.4972076416016,13331735,-0.009722484302971,0,0.0100717230337038,normal
2017-08-16,196.969493020997,199.95387927889087,192.50285612377468,199.06851196289065,15736385,0.0181029505336161,0,0.0108101335532597,normal
2017-08-17,199.55595308440903,199.55595308440903,195.37780047504287,196.77052307128903,5380385,-0.0116108544358537,0,0.0104651890997973,normal
2017-08-18,195.5767596553066,196.00451434296684,194.1840371447489,195.68618774414065,4780900,-0.0055258990685942,0,0.0100136532856213,normal
2017-08-21,196.6511396765516,197.30770825786155,192.4929023536668,192.90077209472656,4226245,-0.0143363707210673,0,0.0094005279637195,normal
2017-08-22,193.9651840947521,194.4725394145144,192.2541349577777,193.1494598388672,6030490,0.0012883700511956,0,0.0093437077833965,normal
2017-08-23,194.58197415657784,195.77572552613185,191.79654417470385,194.99978637695312,11772595,0.0095341705407943,0,0.0095874782315941,normal
2017-08-24,195.95476979890947,195.95476979890947,192.20440252638545,193.40809631347656,6683200,-0.008196017869416,0,0.0097439175104229,normal
2017-08-28,194.97988186456908,195.5668074577448,193.4876888911157,194.19400024414065,3109530,0.0040552154626851,0,0.0093739593521963,normal
2017-08-29,193.9851058305534,194.16416171906693,191.3986316810633,191.8761444091797,6573825,-0.0120075779824206,0,0.0089146915079553,normal
2017-08-30,192.9902968807177,194.2536912187694,192.1845150801731,193.25889587402344,4986645,0.0071806367201592,0,0.0088140540213967,normal
2017-08-31,193.8856098693708,195.158946717641,191.7070207785299,194.18405151367188,12623030,0.0047757090650453,0,0.0089133993269349,normal
2017-09-01,194.78091991763293,198.5810300145964,193.4876830107357,197.476806640625,9741665,0.0168147142577703,0,0.0098262253665144,normal
2017-09-04,198.56116422338417,198.6805348117674,193.62697245211487,194.60186767578125,3515510,-0.0146653754965937,0,0.0098421244724287,normal
2017-09-05,194.6018472052085,197.1684208410748,194.1541923664883,196.651123046875,4257605,0.0104754425357525,0,0.0101677166707666,normal
2017-09-06,196.3725921815513,200.54078704531327,194.9898272792425,198.1930694580078,8690700,0.0078104441144777,0,0.0103244689725723,normal
2017-09-07,198.76009813030788,199.89416413178,196.6113367024541,197.6658172607422,7573850,-0.0026638407106123,0,0.0100663086286383,normal
2017-09-08,198.16323725223643,201.10783826475893,197.27786996856588,200.46121215820312,10382690,0.0140429593044322,0,0.0104885574083476,normal
2017-09-11,200.94867308799152,201.9434684993182,199.17793847017987,200.2523193359375,6619590,-0.0010426043782914,0,0.0104591721873631,normal
2017-09-12,201.346559778642,203.8435056608531,200.3816071370448,203.2864227294922,8247545,0.0150377659110141,0,0.0108697015227293,normal
2017-09-13,203.3361480073956,203.95293139947108,202.0628112705647,202.96807861328125,5553885,-0.0015672155277908,0,0.0105768573089201,normal
2017-09-14,203.29637600729973,204.2215283861165,199.43656523605992,200.47116088867188,7420430,-0.0123783180320389,0,0.0103081255710611,normal
2017-09-15,200.53084678315983,201.286885778209,198.46167065108747,199.9638061523437,26642480,-0.0025340195016685,0,0.0099472511505171,normal
2017-09-18,200.45127078307644,203.92311215352137,200.45127078307644,202.3513336181641,4696890,0.0118690810179851,0,0.0101234896040933,normal
2017-09-19,202.93824671220924,207.9918087949987,202.062821967032,205.7933044433593,9883090,0.0168668266310385,0,0.009928647379489,normal
2017-09-20,205.82315268997164,206.310607878051,202.98799503843173,203.57492065429688,9855460,-0.0108381909902792,0,0.010412267543726,normal
2017-09-21,203.33616278832693,206.32054882834765,202.9382507214065,204.7587280273437,4619805,0.0057982519612265,0,0.0103149153817307,normal
2017-09-22,203.88330965178065,205.1268038740766,202.7393010390174,203.3162841796875,9229780,-0.0070695328656542,0,0.0102566824964629,normal
2017-09-25,203.13721175490755,203.27648249969496,197.9642788607524,198.85958862304688,9283005,-0.0221638258135952,0,0.0116307237885148,normal
2017-09-26,199.15804261722408,200.45127971578123,197.0490811570184,197.7653350830078,6688165,-0.0055178394043764,0,0.011329867992299,normal
2017-09-27,198.46166817227007,199.9638036547645,194.3830012508656,194.9002990722656,10204425,-0.014593010466009,0,0.0117930982347328,normal
2017-09-28,195.4772942695184,201.8638788561886,192.5923937082824,200.0036163330078,29040390,0.0258473070464217,0,0.0130741212587759,normal
2017-09-29,201.74451358270875,201.9434696302136,198.6407415600143,199.40673828125,8302165,-0.0029887983082259,0,0.012592369164678,normal
2017-10-03,200.17270961571128,200.9486487281336,197.99410550030584,200.26223754882807,10665535,0.0042810456948139,0,0.0120953816265684,normal
2017-10-04,200.67011054269548,206.3603409130939,200.67011054269548,204.8184051513672,11278920,0.0224960625943522,0,0.0128438283606674,normal
2017-10-05,204.7289005203906,206.3703068920302,202.98800853497804,205.4849395751953,6984945,0.0032489864814317,0,0.0127761885363408,normal
2017-10-06,205.3257543612924,207.5441589230262,204.65924329769044,206.8179473876953,5329765,0.0064661805640167,0,0.0127711613730473,normal
2017-10-09,206.3404330790216,209.66304563772653,205.94252104277555,208.8970642089844,7730920,0.0100026898166136,0,0.0126059056985284,normal
2017-10-10,209.4939299892784,211.09555096374527,207.79283859651528,210.0311279296875,8013085,0.0054141330767496,0,0.0126049164083187,normal
2017-10-11,210.2500151311298,210.3295854057618,206.5593174959231,207.6834411621093,6646800,-0.0112407450507019,0,0.0125860740814722,normal
2017-10-12,207.57398284616835,211.39399300614804,206.51950229799,210.41909790039065,5883605,0.0130862433141487,0,0.0128482567404317,normal
2017-10-13,210.4987047149313,216.62663260980847,209.40442374475367,215.3433532714844,8775575,0.0231325000196145,0,0.0132333107180174,normal
2017-10-16,215.343356815883,218.59634195406883,214.4579895361204,215.37319946289065,12871020,0.0001385885509375,0,0.0131817347142558,normal
2017-10-17,215.3731833857168,216.3679786900388,213.3040073312024,214.5972442626953,8393690,-0.0036093459627606,0,0.0131318881866239,normal
2017-10-18,214.67681747289737,221.8492827078109,214.3783758627364,218.03921508789065,13769970,0.0159119434952668,0,0.0130802149343186,normal
2017-10-19,217.6612158458948,217.6612158458948,213.0055659235955,214.4281311035156,1389580,-0.0167003032410937,0,0.0134640818805561,normal
2017-10-23,214.8758146860977,215.4428553720632,210.5086633188654,211.2050170898437,9697690,-0.0151453223845656,0,0.0140055627184671,normal
2017-10-24,212.9757226675089,214.1595315061741,210.69764810372527,212.0306701660156,6527360,0.0039016280924419,0,0.0138643404416048,normal
2017-10-25,213.18464804046133,213.8810017544852,198.6606297565473,201.0580902099609,41250615,-0.0531370624780569,0,0.0178686918082657,high_volatility
2017-10-26,203.2167885334931,204.04247047784284,196.0045224003824,202.71939086914065,18399545,0.0082288394545635,0,0.0178873921630364,high_volatility
2017-10-27,203.63460090179765,207.91222385429143,203.52517280838367,204.7288818359375,13202490,0.0098638644181843,0,0.0175815991957816,high_volatility
2017-10-30,204.52992849944025,205.72367987462232,203.0377354856195,204.708984375,7818575,-9.719404381058894e-05,0,0.0167002256038707,normal
2017-10-31,205.126802082046,205.92264141323736,203.34612505019848,203.9429931640625,4869915,-0.0037488726356178,0,0.0167110314747906,normal
2017-11-01,205.325746552194,206.32054186529453,202.45078870450843,203.8037109375,8287185,-0.0006831801732722,0,0.0166985447713259,normal
2017-11-02,203.5351355884919,205.60429656786224,202.44085462686795,202.8487243652344,6437875,-0.0046968282737731,0,0.0159351802001249,normal
2017-11-03,204.41054080332128,204.41054080332128,200.6800583040474,202.04293823242188,14712095,-0.0039802607514634,0,0.0159280570833363,normal
2017-11-06,201.9434639756192,202.7393033227277,198.8595921978384,200.89892578125,13967505,-0.0056783155449098,0,0.015866049965191,normal
2017-11-07,201.14761208003924,204.11209790422367,200.5109436779452,201.605224609375,9254445,0.0035095268080258,0,0.0156847227168636,normal
2017-11-08,201.6052304617669,203.1372086308684,200.35177859858408,201.22720336914065,7256175,-0.0018768168843532,0,0.0155932624623764,normal
2017-11-09,201.22720769999424,201.9434615859791,199.47637330057177,200.0235137939453,8242040,-0.005999706091087,0,0.0154758866116242,normal
2017-11-10,199.1779591692728,200.69999509242675,196.9695119122701,197.64596557617188,9269145,-0.0119575510323723,0,0.0152122131984272,normal
2017-11-13,196.96949193310616,198.76012671382725,195.4872413019644,197.90460205078125,10662040,0.0013077291888121,0,0.0139603264678243,normal
2017-11-14,197.76530059066545,199.59572022478343,197.46685897699223,198.7998809814453,6867825,0.0045135887738982,0,0.0140661334862772,normal
2017-11-15,198.5611413859788,201.8240686477347,198.53129874231533,201.24708557128903,6669770,0.0122347390230554,0,0.0145280947017882,normal
2017-11-16,200.94865768925897,204.22152766279888,200.56068811574664,202.430908203125,6535720,0.0058651997075491,0,0.0139960128887317,normal
2017-11-17,204.43044526599124,204.92784294303743,201.814128627329,203.57492065429688,9213165,0.0056354633235748,0,0.0137949169881094,normal
2017-11-20,203.5749144803881,207.2954544564333,202.311520168782,207.02685546875,6242135,0.0168144238227272,0,0.0141122723177106,normal
2017-11-21,207.3750408272889,208.90701895402805,204.3806971741497,204.8979949951172,12199665,-0.0103362515022737,0,0.0142108177854037,normal
2017-11-22,205.42521093185,205.982293820932,202.7591670542801,204.1817169189453,7727380,-0.0035019033567627,0,0.0075127185331862,normal
2017-11-23,205.26606909528968,205.26606909528968,202.2120552608,203.35606384277344,6169625,-0.0040519149133135,0,0.0073716164142156,normal
2017-11-24,203.93304400354123,206.2210763136017,203.12726220959263,204.9974822998047,5882820,0.0080392459566551,0,0.0072555357746146,normal
2017-11-27,204.9079411308321,207.25565875470423,203.6346043022276,206.21112060546875,4854085,0.0059028036913453,0,0.0073715675748785,normal
2017-11-28,206.12158899876653,206.91742829732303,204.1518984988528,204.8979949951172,3673385,-0.0063882313779242,0,0.0074720425295377,normal
2017-11-29,204.70895716606725,205.4948538826704,203.33613491842203,204.1817169189453,7073210,-0.0035019033567627,0,0.0075166942047473,normal
2017-11-30,202.75919324044648,203.01783456396063,198.1930710990286,199.0187530517578,14002640,-0.0256113098297694,0,0.0094295082566091,normal
2017-12-01,199.55593368210344,201.2968253736195,199.1878491167821,199.9836883544922,14397975,0.0048367482689322,0,0.0094864669861454,normal
2017-12-04,200.1528143013029,201.1476096161,197.4668699872251,198.5511932373047,11121745,-0.0071888376779787,0,0.0095356468412849,normal
2017-12-05,198.66064597657325,199.98372573093013,197.994134854491,198.9292449951172,9118205,0.0019022413957916,0,0.0095060254337082,normal
2017-12-06,198.9590777777744,201.05809665550484,198.2229237254224,198.88943481445312,8877305,-0.0002001423403044,0,0.0095021973583114,normal
2017-12-07,199.5559462590041,200.15281434037573,197.79515430124533,199.27740478515625,5137600,0.0019487815403094,0,0.0094297233066273,normal
2017-12-08,200.3119976884968,201.34657820149056,199.55595866666948,200.7497100830078,9422800,0.0073610607442402,0,0.0091457071402333,normal
2017-12-11,200.7496931205587,201.22719061087307,199.3669282707578,200.65020751953125,5423855,-0.0004957777077239,0,0.009149110887857,normal
2017-12-12,199.9538603904704,200.3318874714932,198.5014525365711,199.0386505126953,9131050,-0.008064101401378,0,0.0093033533172194,normal
2017-12-13,200.15281897942089,204.33095636334883,197.5763026969254,201.92355346679688,14278380,0.0143901480400439,0,0.009462924292458,normal
2017-12-14,202.34135250779693,204.3409007218319,200.53083300375053,203.86338806152344,7305950,0.0095609255650153,0,0.0096148990937396,normal
2017-12-15,205.4252361568265,206.3205458843083,203.0377334306267,204.9477386474609,47593060,0.0053049100578785,0,0.0096056196716671,normal
2017-12-18,204.7089867507873,206.51952158133432,198.87948536863087,203.57492065429688,9946515,-0.0067209156187475,0,0.0088960630187412,normal
2017-12-19,203.9131443347616,204.57965539035635,201.4460561443049,203.20684814453125,5162930,-0.0018096809564696,0,0.0086169889548384,normal
2017-12-20,203.20684669708191,203.35605992511785,200.6203727623976,201.48583984375,9901635,-0.0085053114459858,0,0.0087823867219485,normal
2017-12-21,200.95860460251217,201.94345747051392,200.31199369221272,201.0580902099609,10774280,-0.0021252328645484,0,0.0087537956059048,normal
2017-12-22,201.7445150495749,201.84398548436383,200.1926366166308,200.9586181640625,5060680,-0.0004948652424463,0,0.0085169336515875,normal
2017-12-26,200.9287595919185,203.07752118079927,200.3617341383756,202.1921539306641,8160215,0.0061194952432641,0,0.0085263029205005,normal
2017-12-27,202.28166532436103,203.3361458754269,200.97848595731287,201.75442504882807,2804730,-0.0021672620883537,0,0.0084372713081017,normal
2017-12-28,201.54555051666523,201.8837773035825,199.4763743000496,199.9041290283203,5178750,-0.0092133434746815,0,0.0086289728129931,normal
2017-12-29,199.60569929872665,201.3465913216438,199.4564860542261,200.98846435546875,5952110,0.0054096183834397,0,0.0065115812268033,normal
2018-01-01,201.3167298045579,201.3863727650468,198.32240127035504,198.9491271972656,6587075,-0.0101983653281569,0,0.0068430916758901,normal
2018-01-02,199.15802127034843,200.1528165965533,197.4668722516745,199.59573364257807,5361035,0.0032448392950907,0,0.0066828463546934,normal
2018-01-03,199.47638636868191,200.3319110563569,198.58106136285988,198.9789886474609,4420105,-0.0030947546488322,0,0.0067116579364395,normal
2018-01-04,199.1580210943353,199.53604817535816,198.1831259257403,199.0386505126953,3919750,0.0002997950834897,0,0.0067117552665413,normal
2018-01-05,199.45645936005883,200.292083776174,198.2826081820931,199.56588745117188,10737010,0.0026454151708685,0,0.0067239926988033,normal
2018-01-08,200.71986999229435,201.5654369657568,199.6952319554456,200.1727294921875,8902060,0.0030361965618252,0,0.0065443956083802,normal
2018-01-09,200.9486685865768,203.06758762263647,198.16323846138323,200.89892578125,6210530,0.0036212834943931,0,0.0065972823470187,normal
2018-01-10,200.4711766634297,200.83924611028232,198.9789835380833,199.40673828125,3384405,-0.0074552750331093,0,0.0065591077412094,normal
2018-01-11,199.695230684842,203.13721421020824,199.1679903461045,202.470703125,10388690,0.0152485504127186,0,0.006659628877926,normal
2018-01-12,203.43565345408751,204.1121070205499,202.1623165930279,203.60476684570312,11603980,0.0055854970463444,0,0.0064184541382452,normal
2018-01-15,203.93304016844849,207.19596759679388,203.0078878089048,206.58914184570312,17556860,0.0145513016940039,0,0.0071201411199108,normal
2018-01-16,207.62375416083623,207.71328210359167,204.43045425486528,205.574462890625,5790935,-0.0049236807582779,0,0.0070364036601545,normal
2018-01-17,204.53988941530395,205.7535410568992,203.2963951250936,204.3508758544922,8017325,-0.0059698220842117,0,0.0071681798997734,normal
2018-01-18,205.5247185223153,209.06618742141845,205.2063767348413,208.21066284179688,18241070,0.0187118732353512,0,0.0079529816814634,normal
2018-01-19,209.4442064935021,211.6725535440277,207.52425875241948,211.00604248046875,21521570,0.0133364011269119,0,0.0083109813531537,normal
2018-01-22,211.09556079206004,214.51765907169303,207.71326282509537,213.70193481445312,15949650,0.0126954457512873,0,0.0085867284731115,normal
2018-01-23,214.26896164901189,215.6218838805352,212.9359395739531,213.97052001953125,12292315,0.0012560324489108,0,0.0085647843045817,normal
2018-01-24,213.13491407165893,215.67164537303057,213.0752287764646,214.8957061767578,5840000,0.0043145742702535,0,0.0084879880962823,normal
2018-01-25,214.0799616510677,218.45707040842447,208.92692889498105,217.3329467773437,20306595,0.0112776717404363,0,0.0081462857025124,normal
2018-01-29,217.2633032463133,222.73467779415827,217.0643472077208,221.85926818847656,11075070,0.0206127591515095,0,0.008937960250255,normal
2018-01-30,221.4513781390375,222.43623093192767,215.6616623167754,216.47740173339844,13464675,-0.0245570917663444,0,0.0106337325305672,normal
2018-01-31,215.6716465442088,221.4812480583948,215.5025331471154,220.6356658935547,15715055,0.0190266085022052,0,0.0111313265305975,normal
2018-02-01,219.8696785755748,225.0227113446985,219.8696785755748,223.023178100586,19281415,0.0107629332172853,0,0.0110310651455033,normal
2018-02-02,221.83935928683377,221.83935928683377,214.4679222253296,216.05960083007807,11409100,-0.0317214043383353,0,0.0138263285443233,normal
2018-02-05,213.88099997392828,215.0847090247984,209.06619412919247,211.34426879882807,11852655,-0.0220658898561785,0,0.0150163454510968,normal
2018-02-06,206.05196827305667,208.78765551967984,202.5801269936772,205.6838836669922,16672600,-0.0271479646720971,0,0.0164471230058397,high_volatility
2018-02-07,206.32054515294087,208.90701907996552,205.12679379407268,206.1812744140625,17681475,0.0024153098610764,0,0.0164405979496105,high_volatility
2018-02-08,206.1812741482481,210.10077016796632,205.0472080818796,209.2552032470703,9196485,0.0147988205109665,0,0.016569591331559,high_volatility
2018-02-09,206.9174385637812,208.01171955101188,204.5299357290252,205.3257598876953,9492815,-0.0189567847138247,0,0.0169359688162749,high_volatility
2018-02-12,206.42005587501063,208.111205104136,205.45510307416063,207.5043792724609,3864305,0.0105546538542,0,0.0170474939711075,high_volatility
2018-02-14,208.9070275105369,209.37458254836272,206.2807683432937,207.40489196777344,5936665,-0.0004795617427246,0,0.0167448867183404,high_volatility
2018-02-15,207.61376803821045,208.40960728328096,205.5247070966928,207.3451690673828,4543530,-0.0002879946570919,0,0.0167023042098127,high_volatility
2018-02-16,207.5143304674838,211.2945409160454,207.0865605440554,208.9468231201172,8278030,0.0076948967830494,0,0.0167062691424722,high_volatility
2018-02-19,210.6976622016037,210.6976622016037,208.220616268084,210.1405792236328,5940840,0.0056969468682224,0,0.0162313660064363,high_volatility
2018-02-20,210.140571991974,211.9709917649936,207.2556564133723,208.07139587402344,4176755,-0.00989546142796,0,0.0160921634318086,normal
2018-02-21,208.4494080643166,211.0557821670824,207.42477008240056,209.9117584228516,17860140,0.00880597422407,0,0.015944581318044,normal
2018-02-22,209.40442449396303,214.37840132279828,209.0363550660285,213.38360595703125,25711650,0.0164042684242673,0,0.0164052630717027,high_volatility
2018-02-23,213.3836002215584,215.5323617969088,213.37365773274217,215.0449066162109,11364270,0.0077553614527561,0,0.0164723112097294,high_volatility
2018-02-26,215.0747300164318,220.76496006084247,215.0747300164318,219.8795928955078,9089990,0.0222332172057218,0,0.0170383038948304,high_volatility
2018-02-27,219.8497740427485,219.8497740427485,216.48736087646017,217.4722137451172,5170600,-0.0110090020342505,0,0.0165416949532708,high_volatility
2018-02-28,216.8653948980335,217.89997542412752,215.78107156659289,216.97482299804688,4434510,-0.00228976571284,0,0.0155948692922282,normal
2018-03-01,216.4873575132181,219.60107179171845,216.0695452910168,217.9994506835937,7402970,0.0047112192270954,0,0.0149982838789968,normal
2018-03-05,216.8653897372159,219.6209771506149,215.034969907254,218.85498046875,12045605,0.0039167778458075,0,0.014802114993873,normal
2018-03-06,219.8497722952301,220.03878584038264,213.94068548900265,215.36325073242188,12020755,-0.0160831800779295,0,0.013441191041252,normal
2018-03-07,215.3135197735664,218.37749144087843,213.54278516794832,215.8905029296875,14829560,0.002445207516426,0,0.012417295104525,normal
2018-03-08,216.6067413533843,217.4821509247802,213.7417259358687,215.3334045410156,8758330,-0.0025838024699211,0,0.0105551422408161,normal
2018-03-09,215.87059089622144,217.2434133362786,214.20928448366,215.36325073242188,8224955,0.0001385949534951,0,0.0105660178224648,normal
2018-03-12,216.36799098752624,219.8497747505439,215.572151662962,218.974349975586,6277370,0.0166284588041056,0,0.0106882505339802,normal
2018-03-13,218.84503313071977,220.54612466804167,214.66688054357533,215.6517333984375,6900820,-0.0152898384789903,0,0.0103304213358134,normal
2018-03-14,214.87578408027696,215.8805218653378,212.88619348694107,215.2239685058593,6045500,-0.0019855611779666,0,0.0101924750784374,normal
2018-03-15,215.8705954504593,217.2533604086122,214.60720107939585,215.9999237060547,6840855,0.0035988545704803,0,0.0101847083142473,normal
2018-03-16,215.2040589362201,215.273686710668,210.1803398719208,211.0458068847656,13624550,-0.0232028503162755,0,0.011643652759364,normal
2018-03-19,211.831725660162,212.0107815382487,207.9619723302166,208.70806884765625,9400115,-0.0111387283964488,0,0.0118240615124929,normal
2018-03-20,208.48919109269656,209.1954872223783,206.63887131363327,207.97189331054688,4935780,-0.003533533502682,0,0.0117676528542086,normal
2018-03-21,209.8620543645636,211.2846045689384,208.0216767142284,209.1259002685547,8705805,0.0055335219720626,0,0.0116254669510097,normal
2018-03-22,209.12587016003704,210.79711898576792,208.5289869054922,209.5138397216797,8826575,0.0018533336762383,0,0.0114590014091446,normal
2018-03-23,207.0965079430553,208.27037445853352,204.6095193366911,206.6786956787109,9807460,-0.0136244053301108,0,0.0111464086924517,normal
2018-03-26,206.91741417876045,207.09647003954785,204.6990249981256,206.7880859375,39086245,0.0005291368796971,0,0.0109425750242262,normal
2018-03-27,207.51431722721225,210.4987032936858,207.51431722721225,208.877182006836,10743090,0.0100519038791064,0,0.0098051327096176,normal
2018-03-28,207.72323325449872,210.2997497992728,207.0368219726721,208.4693298339844,29636940,-0.0019545020318405,0,0.0096017397993218,normal
2018-04-02,208.7180226994947,218.9445183075929,208.7180226994947,218.1685791015625,13330135,0.0454761312776366,0,0.0143313814130155,normal
2018-04-03,217.76070133001508,219.86967784518976,216.3679938779521,219.5115509033203,6725650,0.0061367922572035,0,0.0143581303135042,normal
2018-04-04,220.62569408364243,221.202677162597,213.8809833576892,214.5375518798828,6525390,-0.0229200647512728,0,0.0152341204501125,normal
2018-04-05,217.2434078047208,223.03310869958463,215.7710997954281,222.4959259033203,9938470,0.0364240008070728,0,0.0169275501647622,high_volatility
2018-04-06,222.0383193753087,223.43104197475856,219.2528893557813,222.67498779296875,6466925,0.0008044636062072,0,0.0169273628302878,high_volatility
2018-04-09,222.8142461833193,226.3159298760208,221.83935104330823,222.4859619140625,9255470,-0.0008492474031758,0,0.0169095182527132,high_volatility
2018-04-10,222.8341646437964,225.7986506196368,220.92415933980288,221.57077026367188,5992515,-0.0041219640639411,0,0.0169561199997102,high_volatility
2018-04-11,220.8445636041907,224.6247888999567,220.8445636041907,224.0478057861328,4416230,0.0111174047417348,0,0.0167393685364184,high_volatility
2018-04-12,223.55042107514467,226.28610839544183,221.54093013873828,225.7389678955078,6722045,0.0075198746504563,0,0.0163327772200084,normal
2018-04-13,226.59448643777577,230.2055984607612,226.2363595001296,229.02178955078125,14760390,0.0144378274813954,0,0.0165185316128561,normal
2018-04-16,228.30552942667447,233.7769037702332,227.8081317590783,233.19992065429688,8126910,0.018078964324383,0,0.0168551302990464,high_volatility
2018-04-17,233.9758508098553,234.27429243481856,230.91187947368425,231.7574615478516,4562910,-0.0062047137624379,0,0.0158168063249411,normal
2018-04-18,232.28470815936976,232.28470815936976,229.0317231995904,229.5888061523437,4448050,-0.0094014909013724,0,0.0157298883936021,normal
2018-04-19,230.7925242379895,231.90669018725643,229.0217897060306,229.5788726806641,3303645,-4.326729488646208e-05,0,0.0156521133884641,normal
2018-04-20,228.97205259564203,231.58836932303817,227.81808630270805,229.36997985839844,6090280,-0.0009103098767333,0,0.0157055308484713,normal
2018-04-23,230.53388436813688,234.2046665305308,229.44954587917323,232.58316040039065,6770770,0.0139115078235318,0,0.0158247277207495,normal
2018-04-24,233.2695769045964,233.2695769045964,229.5291365163596,231.9862823486328,4961760,-0.0025695981063664,0,0.0153166743760536,normal
2018-04-25,231.5883581963461,232.881595174268,228.9322564599737,232.35435485839844,6258845,0.0015853559105707,0,0.0152994438589905,normal
2018-04-26,232.5831489910116,237.3084267638384,231.00142807431465,235.90576171875,15984510,0.0151688125060402,0,0.0154161267266472,normal
2018-04-27,236.76128733220787,240.14358536520487,234.46331256033008,236.51258850097656,9081330,0.0025690243221632,0,0.0153248920706347,normal
2018-04-30,238.5419746888738,242.49131351542664,237.43775122287136,240.95933532714844,17153405,0.0186267513219062,0,0.0126572043197819,normal
2018-05-02,245.1175873117744,256.3388785218001,243.3667528236094,250.0617218017578,44457135,0.0370795884263914,0,0.0145562546231378,normal
2018-05-03,249.6936296737578,251.32509341982976,243.893971035508,245.42596435546875,14888205,-0.0187124436981935,0,0.0141326811826186,normal
2018-05-04,246.7490468493699,246.7590045182701,241.5562287735221,245.4060821533203,9572795,-8.101427891915591e-05,0,0.0123386848338368,normal
2018-05-07,245.7144560316032,248.44020080600163,244.6002900762276,247.7139892578125,11527340,0.0093604948961543,0,0.0123375279237343,normal
2018-05-08,248.2014398873613,248.2014398873613,243.8840317103259,247.0773162841797,13371440,-0.0025735024762463,0,0.0123888835606415,normal
2018-05-09,247.047495311312,249.7533401157233,245.2966608058468,248.9276580810547,8356080,0.0074610154173475,0,0.0121973667188386,normal
2018-05-10,249.59413864468607,250.6884195637369,247.2862214054679,248.2014312744141,4922335,-0.0029216850866085,0,0.0122802099563645,normal
2018-05-11,248.69883999854312,253.1555189610927,248.3108704153203,252.14083862304688,7081180,0.0157471754478555,0,0.0125006864755799,normal
2018-05-14,252.2801297356156,256.2891541457348,249.942354379126,252.9963836669922,8371965,0.003387379999971,0,0.0123293003171115,normal
2018-05-15,253.4738759968382,259.53219163964656,250.53923254435009,255.43360900878903,19896975,0.0095873337348644,0,0.0119961066522737,normal
2018-05-16,253.07593161323288,257.264011546958,251.68322419143243,254.94615173339844,6905970,-0.0019101753678478,0,0.0118307010163458,normal
2018-05-17,255.66239115564224,257.8509529510555,251.6832099703404,252.81727600097656,11007855,-0.0083853546368404,0,0.0117686666654542,normal
2018-05-18,252.28007519839943,258.0598330284772,252.0811040098505,257.5325927734375,16842745,0.0184792874222372,0,0.012090321784196,normal
2018-05-21,258.6368334292377,258.6368334292377,252.5884910568045,254.0010986328125,9994395,-0.0138076936362052,0,0.0127878207476665,normal
2018-05-22,254.0309466889789,255.5131972571789,250.4198346328133,251.22561645507807,6788225,-0.0109871866064956,0,0.0130931925071302,normal
2018-05-23,250.68841221811624,251.673265016404,247.1071431146803,249.7632598876953,7563955,-0.0058378969659971,0,0.0131975794785411,normal
2018-05-24,248.79831027586243,254.5780685325924,247.93282804402327,253.7623291015625,7862165,0.0158846080053001,0,0.0134621321847171,normal
2018-05-25,254.259751951398,260.00966813340904,253.17542861139668,257.8211364746094,5328215,0.0158679582529268,0,0.0134924227367925,normal
2018-05-28,258.6467830498099,260.5766883981888,256.61739209774004,258.0797424316406,7639045,0.0010025413379395,0,0.0135084030513622,normal
2018-05-29,258.0698456709791,258.8258695592873,254.3592477611501,255.51321411132807,5472950,-0.0099944894171581,0,0.0134336709542865,normal
2018-05-30,254.0409077815379,260.3180646070641,252.73772817806085,259.2934265136719,10222160,0.0146862143894228,0,0.0111823420359691,normal
2018-05-31,260.01961741268605,278.5427022552617,258.9352941076704,265.5307922363281,33424490,0.0237704709171318,0,0.0111130058035845,normal
2018-06-01,262.0290866497047,265.41138473609146,260.0693386143175,262.2280578613281,11663440,-0.0125162372565661,0,0.0116828851017792,normal
2018-06-04,265.4113774108761,265.4113774108761,257.2540740581094,259.43267822265625,7310235,-0.010717334857679,0,0.0119945365876934,normal
2018-06-05,259.43272644430374,261.1636608961603,258.0897464501481,259.5819396972656,10427190,0.000575172542625,0,0.0119476214572448,normal
2018-06-06,260.0394823314796,262.8149696867287,258.64677499938534,261.7704467773437,5151345,0.0083955496958658,0,0.0119699809793567,normal
2018-06-07,263.42180865291147,265.5506853720293,259.94002476776257,260.7259216308594,10246015,-0.0039982154942972,0,0.0119981041060968,normal
2018-06-08,260.23843506991585,263.6107750719937,258.8954554540257,262.29766845703125,9240235,0.0060102511141852,0,0.011622298778983,normal
2018-06-11,263.4218088865444,264.5857328584605,262.4270134899053,263.2925109863281,6556110,0.0037856252125463,0,0.0116251874393173,normal
2018-06-12,264.4166025470901,265.1428141110172,262.6458679670485,264.4762878417969,4888760,0.0044859750833605,0,0.0115051705229526,normal
2018-06-13,264.89410011418295,264.93390042795994,261.1636176146261,263.7500915527344,7476990,-0.0027495663787382,0,0.0115207051734899,normal
2018-06-14,263.6108288172932,266.2171879621356,262.52650545177653,265.142822265625,7921145,0.0052666008399508,0,0.0112940656834074,normal
2018-06-15,265.1328554730932,267.5004733502934,263.0935370743261,266.60516357421875,8291175,0.0055001430528882,0,0.0106763139764528,normal
2018-06-18,266.60511719905566,266.8040883852378,260.9845303149282,261.6908264160156,9018440,-0.0186050206980148,0,0.0110896897051387,normal
2018-06-19,261.6908871777493,263.0537520791911,258.6866158647808,259.2934265136719,8084725,-0.0092034137732586,0,0.0109907819489532,normal
2018-06-20,260.4373514060635,264.2971613458614,258.4577188234432,263.5411376953125,5626690,0.0162491347505753,0,0.0113111384402506,normal
2018-06-21,265.01346827642703,265.01346827642703,260.8552311076631,261.4222717285156,4577330,-0.0080724768052471,0,0.0111063805806406,normal
2018-06-22,262.2778150230472,263.4218237218609,260.32802443627565,262.904541015625,6336050,0.0056540050968862,0,0.0106351371215502,normal
2018-06-25,262.8249439471683,265.6103587872067,261.6311773821549,264.2176513671875,5256485,0.0049821961083624,0,0.010672817782101,normal
2018-06-26,263.023887871148,267.02298465948337,262.6558184442852,264.5857238769531,8185110,0.0013920961417364,0,0.0103442672895572,normal
2018-06-27,265.0134565775769,266.5653347860132,262.6458389532659,263.4615783691406,6542350,-0.0042577519145794,0,0.0099569362995211,normal
2018-06-28,262.42698986176106,268.57484793210324,261.054197839348,266.42608642578125,21541805,0.0111893111819965,0,0.0087539031245779,normal
2018-06-29,265.80932789596085,270.5843334007108,265.6700419756895,267.19207763671875,11526965,0.0028709357688709,0,0.0082415954358045,normal
2018-07-02,268.3659428178852,269.4701814930391,265.0134871936613,266.1972961425781,6508435,-0.0037300429908322,0,0.0078608337353183,normal
2018-07-03,266.0082360535373,269.98741693798434,264.13801618044863,269.221435546875,7436185,0.0112964727773468,0,0.0081692505005428,normal
2018-07-04,269.6093816743446,272.5539972973276,267.8684900904906,271.6288146972656,6738890,0.0089022610161189,0,0.0081914622389507,normal
2018-07-05,273.17078002435824,274.0760473392822,271.28067513285106,271.5791015625,9070555,-0.0001830353844871,0,0.0080919611090819,normal
2018-07-06,270.22623933043025,273.92684910556164,270.22623933043025,272.81268310546875,5210920,0.0045319701327706,0,0.0080604695016659,normal
2018-07-09,273.5488557525128,276.1054569114312,272.0765476005165,275.5782165527344,9378320,0.0100860787205805,0,0.0082561021977882,normal
2018-07-10,275.78715446908166,276.27459452643745,271.81789996615555,273.001708984375,7380115,-0.0093934407498617,0,0.0086355458218547,normal
2018-07-11,273.08135340496125,276.66445125279364,272.1159080178265,276.0871887207031,7236090,0.0112386618114603,0,0.008830165305013,normal
2018-07-12,277.669678094832,278.7844127403635,275.1415996402751,276.6544494628906,7998395,0.0020525355867988,0,0.0088022630828276,normal
2018-07-13,275.7486859556445,281.05366799283496,275.7486859556445,279.5507507324219,7195995,0.0104146003926057,0,0.0089684677359609,normal
2018-07-16,280.6356337250669,282.06887251764954,278.3265537807842,280.3669128417969,7525645,0.0029152953747102,0,0.0074882084995168,normal
2018-07-17,280.36695456793484,281.82008870264946,277.3312920255203,278.8043212890625,7246275,-0.0055889699786257,0,0.0072051016422276,normal
2018-07-18,279.48111704109687,280.26741504752545,277.13221614747715,278.396240234375,6865075,-0.0014647549045303,0,0.0066383745515687,normal
2018-07-19,280.2773633306036,280.2773633306036,265.5170011218,268.2142944335937,30066400,-0.0372591563720963,0,0.0109492296728128,normal
2018-07-20,266.74126493562824,272.0263226430327,264.9497312760567,265.4075622558594,16529215,-0.0105196517945014,0,0.011203681644014,normal
2018-07-23,264.7506411133546,268.9309265437886,263.2178657389632,266.1540222167969,9788330,0.0028085568009981,0,0.0111681320567774,normal
2018-07-24,267.13935100603203,268.52283692077344,259.8039718804929,261.2173156738281,15629820,-0.0187224841143827,0,0.0119491633076987,normal
2018-07-25,260.57036168655776,262.262389250776,257.58445213152044,261.7448425292969,15585390,0.0020174577686722,0,0.0119315603681584,normal
2018-07-26,261.0978909254578,263.2577123651059,257.6541501494023,261.0182800292969,18322485,-0.0027797024559577,0,0.0116269148190027,normal
2018-07-27,261.3765252062812,264.1534292824581,259.90349609896384,260.9883728027344,9429105,-0.0001145856146971,0,0.0115933755436048,normal
2018-07-30,260.3513925272076,260.3513925272076,255.8924537191673,259.8238830566406,8601690,-0.0044718290460403,0,0.0116031635805851,normal
2018-07-31,259.535244194988,261.48602975206404,256.22086788643173,260.1423645019531,9138695,0.0012250083025007,0,0.0112447564850099,normal
2018-08-01,259.74425160649406,263.9742897877562,259.74425160649406,261.306884765625,8422445,0.0044664833683079,0,0.0110666517044037,normal
2018-08-02,260.6997371445445,260.9684884246161,254.1406932736192,254.83741760253903,10325285,-0.0250697565167525,0,0.0122001359186776,normal
2018-08-03,258.1816334590611,261.56565812598336,256.65882084023406,260.6698913574219,13728745,0.0226290589472215,0,0.0134131336269161,normal
2018-08-06,261.55571456219843,261.56564693888254,254.5985403085749,255.3549652099609,9478805,-0.0206002251096997,0,0.0136770498956079,normal
2018-08-07,256.19100707217376,258.5598332657347,253.6330860503313,255.5341033935547,8756960,0.0007012801875951,0,0.013646420217389,normal
2018-08-08,256.3900523178724,258.71905763340146,255.3051757205257,256.44976806640625,7585360,0.0035769316190572,0,0.0133202688786441,normal
2018-08-09,257.1863088848404,257.1863088848404,252.826891737146,254.2501678466797,7113895,-0.0086141143416522,0,0.0132917864988337,normal
2018-08-10,253.4141003128376,256.7682817881363,253.2050799981338,255.8924102783203,7697420,0.0064383886976919,0,0.0130895283248249,normal
2018-08-13,253.80230683165576,257.0370421148044,253.80230683165576,256.22088623046875,9906555,0.0012828254975367,0,0.0130463895511752,normal
2018-08-14,256.78821851576714,258.53996181919814,255.7929153432254,257.3854064941406,8026645,0.0045346884401862,0,0.0131975528319842,normal
2018-08-16,252.8070001501497,253.2051153353804,247.38260101899783,247.9101104736328,28747470,-0.0375083750341191,0,0.0151501110072886,normal
2018-08-17,249.2238708112119,253.59325047341488,247.8304526542684,251.4633026123047,16269850,0.0142308421332391,0,0.0138409754590785,normal
2018-08-20,251.46331757433623,254.84734197804457,251.1050078573573,253.7525177001953,5273715,0.0090623874510695,0,0.0139895702124813,normal
2018-08-21,252.6576973097278,253.32454856242555,250.86614869726824,251.49317932128903,5717355,-0.0089435831008222,0,0.0140129112295029,normal
2018-08-23,251.6126330885808,251.6126330885808,246.43705987495264,248.3679351806641,15759965,-0.0125046128741397,0,0.0137074754902224,normal
2018-08-24,248.60680774340548,251.6026646147592,247.3029631089861,249.72154235839844,11071805,0.0054352102225507,0,0.0137881141747053,normal
2018-08-27,250.82631265942416,255.7829175267936,250.4779657090617,253.7823638916016,12497515,0.0161305981275337,0,0.0143923269488919,normal
2018-08-28,254.67814499495952,257.7834855986638,253.8321313418924,255.81277465820312,8043980,0.0079687632689209,0,0.0145431996797449,normal
2018-08-29,255.2255415890481,257.7834775947668,253.8022655855812,256.5094909667969,7367820,0.002719837824114,0,0.0145417867411394,normal
2018-08-30,255.1957065880844,255.1957065880844,251.49317787270093,254.409423828125,11864215,-0.0082207916167176,0,0.0146310779953509,normal
2018-08-31,253.91176300020504,257.58441851643283,253.91176300020504,256.24078369140625,7848165,0.0071726895940784,0,0.0146977671085289,normal
2018-09-03,257.1863129320647,257.7835008621919,251.8116823093998,252.6278381347656,10383735,-0.0142001534868141,0,0.0139415839863348,normal
2018-09-04,252.8069857249153,253.8620045739856,249.0447412468133,250.3386383056641,10007445,-0.0091028557313945,0,0.0129488796444644,normal
2018-09-05,250.21920081073955,252.0107494821893,244.3668287334976,246.4669189453125,11312730,-0.0155867730902015,0,0.0126145117290215,normal
2018-09-06,247.23328466118247,251.73205893824144,246.4669122067514,250.9955291748047,14738165,0.0182073455054805,0,0.0133792910543855,normal
2018-09-07,250.2191796626493,250.8163675650328,246.45693536414333,247.8205108642578,7261450,-0.0127303893016295,0,0.0135876320423098,normal
2018-09-10,247.034216314328,247.13375269511928,241.85864344269007,243.5207977294922,12189100,-0.0175023871235762,0,0.0139653873283725,normal
2018-09-11,244.2473723895416,244.37676665121447,239.6192190925093,240.146728515625,11436865,-0.0139522451480527,0,0.01404900307396,normal
2018-09-12,240.0670952795145,245.5910303055745,238.87273464371987,244.92417907714844,10526440,0.019698584146214,0,0.0149323029326912,normal
2018-09-14,246.8351791065813,247.76080373841307,244.5559415947448,246.74560546875,9606245,0.0074091790110095,0,0.0150146955641141,normal
2018-09-17,244.376759356166,246.6161912434509,243.1823987203713,244.92417907714844,9308395,-0.0074091790110095,0,0.0125931668845643,normal
2018-09-18,244.4365119045416,245.61097759063247,240.96291341847845,241.9183959960937,11353325,-0.0123482268314969,0,0.0123450424934053,normal
2018-09-19,242.25676696680603,245.640806598148,242.25676696680603,244.2274780273437,10385120,0.0094996153188677,0,0.0123659115459522,normal
2018-09-21,244.24738887342176,248.02954391086,227.5263079704252,234.9313507080078,22665640,-0.0388067311602347,0,0.0148191366092258,normal
2018-09-24,234.89152624483097,235.4787514155343,227.7850628803323,228.6609344482422,17288950,-0.0270530760877028,0,0.0156244448820031,normal
2018-09-25,228.1234796182512,237.1011183102357,222.97776413996465,235.5583953857422,18880355,0.0297185754070694,0,0.0172646023254284,normal
2018-09-26,236.10581833002257,236.61341747748352,231.16910794272908,232.7815093994141,12230885,-0.0118585604157033,0,0.0167663525026798,normal
2018-09-27,233.2990388167368,234.3241997870843,226.7200847675567,227.41680908203125,19836580,-0.023315788573198,0,0.0170171178776252,normal
2018-09-28,228.32251832170425,231.50750029733263,225.60534519134887,227.2476043701172,17108015,-0.0007443059747771,0,0.0169424111227673,normal
2018-10-01,216.9760745716897,225.0977514666214,199.49855466456987,223.34600830078125,52675400,-0.0173180154842897,0,0.0171247194583023,normal
2018-10-03,222.33082361185768,226.6404880952311,216.1997525324774,218.6183319091797,14809870,-0.0213947429479768,0,0.0171146815066003,normal
2018-10-04,215.98078294276087,217.88181559882503,210.3274683564734,213.89064025878903,17195555,-0.0218625751690373,0,0.0173464005712575,normal
2018-10-05,213.13418671626405,216.7670366409108,207.112600446802,209.4515686035156,18835195,-0.0209723210550478,0,0.0175760249685739,normal
2018-10-08,209.0236021971556,222.31090488798068,207.8491518085574,219.82264709472656,20339050,0.04832853514963,0,0.0216401291193548,high_volatility
2018-10-09,220.1610386982442,224.24178740924145,216.08030517436669,220.64874267578125,15574240,0.0037509657554117,0,0.0210317189796111,high_volatility
2018-10-10,221.6540054038277,228.24292249299648,221.40517961976704,226.48123168945312,16926305,0.0260900417665528,0,0.0221809058521326,high_volatility
2018-10-11,218.96669458628617,222.9479072151277,217.97139142907577,222.0620880126953,11416085,-0.019705060688425,0,0.0222541999806883,high_volatility
2018-10-12,223.3460021661928,233.5279634766134,223.3460021661928,232.3335876464844,31383075,0.0452171981933089,0,0.0247412165486386,high_volatility
2018-10-15,232.90093539526777,235.6479666017972,230.4126775384807,232.99050903320312,15909195,0.0028235022764988,0,0.0242577299945385,high_volatility
2018-10-16,233.1995184483796,235.2299300820449,231.457738030244,234.04551696777344,18427010,0.0045178944250459,0,0.0242041395309601,high_volatility
2018-10-17,235.8868397938065,236.6134068201026,233.34881379657568,234.0952911376953,23964220,0.0002126461493965,0,0.0241851271772646,high_volatility
2018-10-19,231.90562535106065,240.06710784101296,231.0297537516589,238.66372680664065,17833920,0.0193273008199756,0,0.0245245571358153,high_volatility
2018-10-22,239.90786162094795,242.69471344384,230.41267636993675,231.70657348632807,21713015,-0.0295837586524934,0,0.0252182752050384,high_volatility
2018-10-23,228.9197265825593,234.85174009285805,227.63579218971216,233.7867584228516,11187685,0.0089376093755006,0,0.0238354880176553,high_volatility
2018-10-24,235.8868508476367,237.88740474822143,229.7060114911945,234.31427001953125,21549170,0.0022538374749512,0,0.0229863331230277,high_volatility
2018-10-25,233.49812318817573,237.7181987905008,231.9056320861266,236.0460968017578,18069465,0.0073638628179004,0,0.0220522127497478,high_volatility
2018-10-26,235.88683677244347,237.4793278212828,229.3775611235874,230.6316375732422,9211060,-0.0232053161972407,0,0.0225172124425154,high_volatility
2018-10-29,229.33773979493168,229.4969919367539,218.6581417230716,226.55088806152344,18556500,-0.0178522041444537,0,0.0222570205451218,high_volatility
2018-10-30,226.9291026377624,228.123463298432,222.01230298400503,223.70431518554688,9753165,-0.0126444326754429,0,0.0224309836894993,high_volatility
2018-10-31,224.7593296926954,225.93377993735464,220.36007708872228,222.77867126464844,13824200,-0.0041463853054564,0,0.0221111249387038,high_volatility
2018-11-01,223.6844312422364,224.2915667599404,219.1856568354312,220.8677215576172,13346585,-0.0086147957306303,0,0.021643886771909,high_volatility
2018-11-02,222.59953866600992,228.12347406789527,221.4549461428166,225.57550048828125,19503550,0.021090939270361,0,0.0214369756887123,high_volatility
2018-11-05,225.9337970256136,225.9337970256136,222.05212112513144,224.8290100097656,7019100,-0.0033147588207018,0,0.0207655760556567,high_volatility
2018-11-06,224.6299449433693,226.92909252985112,223.176795826416,224.00289916992188,10531665,-0.0036811632855444,0,0.0179239671772602,normal
2018-11-07,225.73476360942908,226.7897825472424,225.4063117385232,225.7944793701172,817830,0.0079662077202105,0,0.0179834208090012,normal
2018-11-09,225.3366172964353,226.7001928799432,222.1018821994535,226.0432891845703,8184035,0.0011013237799826,0,0.0170008866527259,normal
2018-11-12,226.73004129946148,231.29847872401177,226.5608416008248,229.6562347412109,11436895,0.0158570332929368,0,0.0166991632106306,normal
2018-11-13,228.9197061004533,233.17960202509207,226.9290999604493,232.0847625732422,10588105,0.0105191015719565,0,0.0134182030188729,normal
2018-11-14,232.92085573578424,233.89624860523327,223.42565484080936,224.91860961914065,13534490,-0.0313640591227537,0,0.015104102713099,normal
2018-11-15,226.7300467827875,232.10467739022647,225.3366133454782,231.3582000732422,15245955,0.0282285574372398,0,0.0164899913331934,normal
2018-11-16,233.2990522701071,233.49812504979093,229.4671442551267,232.62225341796875,9310215,0.0054487488107426,0,0.0165446702581393,normal
2018-11-19,233.8962462081049,236.6731353850083,231.9056398573977,233.94601440429688,10028470,0.0056744730821822,0,0.0159629721588206,normal
2018-11-20,232.9009082562639,234.5531149255545,231.33827521447105,232.8909606933593,9025805,-0.0045200168945216,0,0.0145192713165517,normal
2018-11-21,232.89096911819595,235.8868258696842,232.8710588045477,234.234619140625,7162860,0.0057528947720166,0,0.0144362612066286,normal
2018-11-22,233.09999655849032,235.28966046859392,232.42319770089068,233.02037048339844,6285445,-0.0051973822325805,0,0.0144737332505078,normal
2018-11-26,233.52796835219416,234.89152872261235,229.5268456868137,233.01040649414065,12281895,-4.276107824452424e-05,0,0.0143622701179768,normal
2018-11-27,231.5274098907172,234.68251899922043,231.5274098907172,233.60760498046875,8688795,0.0025596903579092,0,0.0133523997571157,normal
2018-11-28,233.3288940136007,236.42428720332168,230.4325735897965,230.9600830078125,9754780,-0.011397911233197,0,0.012953963512748,normal
2018-11-29,232.00516002828908,242.83404749175284,230.31313259879525,241.45057678222656,33036205,0.0444199063854506,0,0.0157759551590225,normal
2018-11-30,240.66429139225147,246.5166632632166,238.41489667794585,245.6308441162109,15027475,0.017164974036536,0,0.0159287549108803,normal
2018-12-03,246.83516338826507,247.6314088882318,242.53544680071653,244.06822204589844,9089565,-0.0063819904184398,0,0.0158367355833836,normal
2018-12-04,244.247380740751,246.0986451602856,240.86335619142216,243.9089813232422,7825650,-0.0006526564241493,0,0.0154142518482081,normal
2018-12-05,243.16249527006445,244.52605564226425,239.4699293142605,241.1619415283203,14282635,-0.0113264639594419,0,0.0157130175050647,normal
2018-12-06,239.8680311598625,239.8680311598625,233.12982536824816,234.9412841796875,15486500,-0.026133036007196,0,0.0170026489762601,normal
2018-12-07,235.0905801198488,267.9256335904228,234.12513493509704,254.7279052734375,169038095,0.0808603089537651,0,0.024445889153162,high_volatility
2018-12-10,247.651344740166,256.768325521339,236.48404183645383,238.5443115234375,94740175,-0.0656408517023559,0,0.0292394167521366,high_volatility
2018-12-11,236.68308145140887,246.63611250330067,233.0999841978799,242.59518432617188,50392955,0.0168390604276327,0,0.0292635038282799,high_volatility
2018-12-12,244.7251450399476,251.01545309326303,243.69002125214672,246.26785278320312,32819995,0.0150256299864626,0,0.0293437902889114,high_volatility
2018-12-13,246.83516163647977,253.16528977625487,244.56587184930748,251.69224548339844,21138660,0.0217873170622402,0,0.0284647089459463,high_volatility
2018-12-14,251.6922575720054,253.1453916208391,248.2485020982142,250.0101928710937,13357645,-0.0067054045830463,0,0.028073720960935,high_volatility
2018-12-17,250.81638033371868,252.01074101216952,240.27612418603192,243.34165954589844,36928205,-0.0270352263146476,0,0.0289053441624012,high_volatility
2018-12-18,241.8387556277832,246.765503192906,241.6596083502358,246.2579040527344,18392330,0.011912915012318,0,0.0289777836559365,high_volatility
2018-12-19,246.5962897711826,247.96981290450785,243.27198107311133,243.9786529541016,15160015,-0.0092986436402711,0,0.0290588590718662,high_volatility
2018-12-20,242.81414481529148,246.71573104612943,241.97807869023217,246.0986328125,11504770,0.0086516683942265,0,0.0290840720025451,high_volatility
2018-12-21,246.83518991049883,247.4124675803248,243.58054424275272,244.28721618652344,11040145,-0.0073877534126527,0,0.0291185691424286,high_volatility
2018-12-24,244.84456308147952,247.52193085568368,243.05301446053247,246.5365753173828,7699145,0.0091657124907778,0,0.0291513452660404,high_volatility
2018-12-26,245.7403311136374,248.98502896314105,240.96288834836903,248.45751953125,11896120,0.0077615223178835,0,0.0291720860105161,high_volatility
2018-12-27,250.2689578885732,250.5476415376294,245.90954069998307,246.8849334716797,13268690,-0.0063495116699057,0,0.0290618380827611,high_volatility
2018-12-28,247.68120528584376,249.0049451659052,245.84983587122545,247.1039276123047,8700670,0.0008866360042647,0,0.027405711894082,high_volatility
2018-12-31,246.2379684177763,251.31402004602896,245.54125932041907,250.11965942382807,11621760,0.0121304333495944,0,0.0272737425669346,high_volatility
