Date,Open,High,Low,Close,Volume,ret_1d,is_outlier,vol_20d,market_regime
2010-01-04,187.365579702134,189.42454211644312,187.365579702134,188.6997833251953,11031470,,0,,normal
2010-01-05,190.083425019698,190.24813951022088,187.7856157777542,188.76980590820312,11613740,0.0003710104644625,0,,normal
2010-01-06,189.1774932942228,190.659948974578,188.1891936962897,189.9022521972656,14527930,0.005981163071639,0,,normal
2010-01-07,189.91870487328424,190.24813384451951,187.867973711652,188.8397979736328,8576510,-0.0056104518105284,0,,normal
2010-01-08,188.930398607445,189.74575230153204,187.7856159320414,188.2756500244141,10453820,-0.0029919133413729,0,,normal
2010-01-11,189.17748552328848,190.4705200979288,186.3978859493932,186.72320556640625,14145340,-0.0082797763449082,0,,normal
2010-01-12,186.70670336127952,186.9537813566304,180.87572047877936,181.4522399902344,22917720,-0.0286348576352963,0,,normal
2010-01-13,180.77692318319143,180.77692318319143,177.7378922588366,179.20387268066406,21719690,-0.012468367279161,0,,normal
2010-01-14,180.2004070709245,181.10634306374595,176.70428007320086,177.67611694335938,20723990,-0.0085617861145781,0,,normal
2010-01-15,178.55325131083652,179.40977428116193,175.98365726603768,176.5231170654297,20611920,-0.0065104824620974,0,,normal
2010-01-18,179.12972309373578,179.79270293329984,176.477778601662,177.5978546142578,19222170,0.0060699079385857,0,,normal
2010-01-19,178.7014667892947,180.11803397093013,177.6472790122976,178.97325134277344,12277070,0.0077146102247187,0,,normal
2010-01-20,179.8709405674251,180.08508068833484,177.28077505564627,177.88198852539062,16830720,-0.0061160162277591,0,,normal
2010-01-21,177.81198655227567,178.00142013988133,173.96584632489896,174.93768310546875,19265470,-0.016690530641485,0,,normal
2010-01-22,172.9651985077959,173.4881704443025,169.08610773520965,171.9110107421875,27193180,-0.017452850445248,0,,normal
2010-01-25,169.292014291049,176.00011785858925,169.292014291049,172.26104736328125,15378040,0.0020340799523923,0,,normal
2010-01-27,169.6585129595495,170.35032135555917,162.33684268450554,163.6998748779297,38068910,-0.0509763234338862,0,,normal
2010-01-28,172.9528684124514,172.9528684124514,163.97579598352195,164.98468017578125,27952460,0.0078179021313191,0,,normal
2010-01-29,163.89340037723323,170.26795223257554,161.01497508046094,169.37847900390625,46487190,0.0262831094969975,0,,normal
2010-02-01,176.9060596468177,176.9060596468177,165.993558450272,166.4671173095703,22047160,-0.0173379353876343,0,,normal
2010-02-02,167.20423093472888,168.43960844001896,162.58802794178655,162.93394470214844,24086260,-0.0214529248340165,0,0.016207086782791,normal
2010-02-03,163.58866771016545,166.0264719022128,163.3580649505639,164.61814880371094,30450710,0.0102836707657925,0,0.0166020876128183,normal
2010-02-04,164.38758699311393,164.4452314139196,159.77550551839582,160.42613220214844,35357120,-0.02579494108305,0,0.0168289559991688,normal
2010-02-05,159.77213573681104,159.77213573681104,154.23391823345375,157.10650634765625,26878830,-0.0209096413989602,0,0.0170402521800347,normal
2010-02-08,157.28862611723522,161.24567580585452,155.9351206451855,160.31436157226562,18885130,0.020212687714741,0,0.0182333110684883,normal
2010-02-09,159.85490634508764,162.09005779848482,159.35820040799638,161.45262145996094,13836980,0.007075086605262,0,0.0185432544508818,normal
2010-02-10,163.08348505526956,163.08348505526956,156.87472293387606,158.26962280273438,19731930,-0.0199116819590852,0,0.0181118706759358,normal
2010-02-11,159.26715266133522,160.59996732845508,158.19925122006276,158.749755859375,12427940,0.0030290477873862,0,0.0181895020465864,normal
2010-02-15,159.3582457288274,159.3582457288274,156.1545281555592,156.87474060058594,13325010,-0.0118814435353176,0,0.0182286394535299,normal
2010-02-16,158.44761390563073,159.35823745809512,156.87473245874818,158.99398803710938,8070150,0.0134187340754117,0,0.0187495234585901,normal
2010-02-17,160.18607087014982,162.46261709698658,159.54450380438146,161.99488830566406,13468360,0.0186983906478044,0,0.0193530027967384,normal
2010-02-18,162.0817789253062,162.25562980092323,159.54860631786275,160.79864501953125,13103230,-0.0074118508519056,0,0.0191409138903568,normal
2010-02-19,159.35820686282722,160.1032531668856,156.46492813623323,157.7273712158203,15863020,-0.0192848862084478,0,0.0193933392714523,normal
2010-02-22,158.94431519219975,160.18606765463883,158.1288972365944,158.64215087890625,11528650,0.0057829983523545,0,0.0193931569480848,normal
2010-02-23,158.52209565035906,160.1446448383211,157.83499122778846,158.27374267578125,10625770,-0.002324959880954,0,0.0191710797044119,normal
2010-02-24,157.78536241294825,159.77216144033122,157.28865634022245,159.0478057861328,8173590,0.0048787398741989,0,0.0192297015680238,normal
2010-02-25,159.35819756122513,159.77211495748804,157.57007137774775,158.41860961914062,21615960,-0.0039638649022331,0,0.0157407513411325,normal
2010-02-26,159.35820300411817,168.21603306033336,158.53036818331756,163.43942260742188,43215190,0.0312014603047989,0,0.0172739677583049,normal
2010-03-02,164.78467763053115,166.47761119582083,163.43117205342926,164.46182250976562,19347350,0.006236043509098,0,0.0161872866494761,normal
2010-03-03,164.6646340996291,167.71106030389478,164.6646340996291,167.42132568359375,15843680,0.0178350822486326,0,0.0162833074655704,normal
2010-03-04,167.4710164051912,169.26741676835726,166.56039288848987,168.27401733398438,14301070,0.005080162724834,0,0.0154800212987384,normal
2010-03-05,169.29224054207756,170.45120437328086,167.31371559553585,169.474365234375,12685070,0.0071079715914503,0,0.0154024887104642,normal
2010-03-08,170.5340027371946,174.88013630209883,168.3071246609527,171.0265655517578,38664790,0.0091172207126648,0,0.0140727390173771,normal
2010-03-09,168.26158221181086,172.0240902174437,168.26158221181086,169.25912475585938,14305280,-0.0103880753157383,0,0.0132994637204028,normal
2010-03-10,169.7227406441246,169.7227406441246,167.75248923919085,168.65069580078125,12767630,-0.0036011360166678,0,0.0128024027906816,normal
2010-03-11,168.8783217934893,169.93794946871174,167.08192155296763,169.3543243408203,11979800,0.0041634266623766,0,0.0127645526842035,normal
2010-03-12,169.0439137289045,170.75339511858118,168.76659606250658,169.53233337402344,12033430,0.0010505521272232,0,0.0116488980072645,normal
2010-03-15,168.83693590517854,169.27155683395955,166.48588767352268,166.8170166015625,8997490,-0.0161461632813573,0,0.0124460858860004,normal
2010-03-16,166.97845602840758,167.63658332119076,165.36831093030028,166.87911987304688,12857170,0.0003722145114259,0,0.0119954351719074,normal
2010-03-17,167.22679261004546,169.04388364261294,166.86254323384983,167.82696533203125,10777370,0.00566376313217,0,0.0117671945250139,normal
2010-03-18,168.05047688556357,169.74754087800082,166.43620143197984,168.02149963378906,14269070,0.0011584648661928,0,0.0111497782028647,normal
2010-03-19,168.87832893929829,171.0182878321157,168.32368104143617,170.4056854248047,12889130,0.0140900337817191,0,0.0112483219924977,normal
2010-03-22,167.6490046567526,170.02075648112455,166.39483513599794,168.9569854736328,11151560,-0.0085378203059223,0,0.0103537904891074,normal
2010-03-23,169.0438897382752,170.2566648759366,167.10675903875511,169.58612060546875,13650500,0.0037167252546597,0,0.0103394673036965,normal
2010-03-25,169.26327111935436,170.66645743196116,167.6531386996625,169.66891479492188,13646480,0.0004880941030052,0,0.010277359873865,normal
2010-03-26,170.1076425647154,172.02408223996898,169.29636795858843,171.59774780273438,13422710,0.0113040842156477,0,0.0104229087360676,normal
2010-03-29,171.775764159381,174.25926918337203,171.61019968413353,173.43557739257812,11231550,0.010653156300215,0,0.0103623418642337,normal
2010-03-30,173.43556578546966,175.66244382903025,171.7757526633549,172.40077209472656,11929880,-0.0059843818479983,0,0.0084917959104539,normal
2010-03-31,172.60360168203508,173.75429185464492,171.63917944164223,172.04067993164062,9997220,-0.002090876647709,0,0.0085118079606971,normal
2010-04-01,172.18964470591632,174.50758475715506,171.8005613251268,174.060546875,7681450,0.0116722491532463,0,0.0080150645642133,normal
2010-04-05,175.0870663340763,177.3387780795043,174.2592315050736,177.01177978515625,11075350,0.016813073585026,0,0.0086600819598482,normal
2010-04-06,177.47953855146045,177.798250467187,174.84702941250137,175.79489135742188,12359300,-0.0068983573893088,0,0.0088350445433303,normal
2010-04-07,176.35369792484977,176.7427814049941,173.51422979503087,174.74769592285156,13004150,-0.0059747293923519,0,0.0088244535171255,normal
2010-04-08,174.259268555129,174.6566258206423,172.81470051354535,173.5059356689453,11497010,-0.0071313858860548,0,0.0086296705950946,normal
2010-04-09,173.84536190701755,175.91494954876774,173.31140475855304,174.350341796875,12367190,0.0048549233761416,0,0.008587092457644,normal
2010-04-12,175.08709792780246,175.08709792780246,172.18967550346528,173.18307495117188,8614120,-0.0067174618542482,0,0.0087631414868495,normal
2010-04-13,173.59696598856493,174.8387182669263,170.78233254364883,173.344482421875,17619090,0.0009315708314767,0,0.0087632299342472,normal
2010-04-15,173.567984184121,174.59450392140496,169.54057581793978,170.04141235351562,13016220,-0.0192388330398802,0,0.0091044317744455,normal
2010-04-16,169.70614555037938,170.1076459609762,167.65724922822668,169.5157470703125,9466180,-0.0030961838886245,0,0.0091490847402147,normal
2010-04-19,168.87417205753343,169.28395891213202,166.56037508711358,168.2532958984375,9250600,-0.0074752679496548,0,0.0092513893089922,normal
2010-04-20,169.07698814813426,174.39168617558877,167.30542213898278,173.70872497558594,24993280,0.031909344501793,0,0.0116708307979922,normal
2010-04-21,174.67318968178924,175.41823614905496,172.73605876149037,174.32550048828125,15633000,0.0035443419827618,0,0.0113126262006254,normal
2010-04-22,172.36350106579013,186.1717804118467,172.36350106579013,184.0359649658203,65306760,0.0542069561697129,0,0.0161530398937421,normal
2010-04-23,184.6071776383341,189.90531580036352,183.0342964241636,187.14035034179688,31784560,0.0167276716504138,0,0.0163896681876713,normal
2010-04-26,187.42180942812536,188.6635617325478,185.52607313468047,186.3911590576172,12145600,-0.0040114007517493,0,0.0164843836613336,normal
2010-04-27,186.42840744287085,186.67676042655256,182.877001461022,183.5972137451172,11094760,-0.0151031687872009,0,0.0169777619643691,normal
2010-04-28,182.45482123484985,186.41601457403075,180.6749811127883,184.7893218994141,18684250,0.0064720732175178,0,0.016909088188409,normal
2010-04-29,185.435015472842,189.1602724801089,185.02109802759009,188.2496490478516,21393940,0.018552626782057,0,0.0170989724862953,normal
2010-04-30,188.7463519378204,191.9666291037699,188.7463519378204,190.45997619628903,19146310,0.0116730713951627,0,0.0171010754311535,normal
2010-05-03,189.5741929942751,190.8159453501328,188.50214830952893,190.1660919189453,13160890,-0.0015442154931673,0,0.0170885071031734,normal
2010-05-04,190.81595220407223,191.71828925011803,188.17515674467856,188.754638671875,13397620,-0.0074498947204304,0,0.0170238619192119,normal
2010-05-05,187.09070459380595,189.1602920340029,185.47642891680417,188.43179321289065,16717010,-0.0017118618833231,0,0.0169008097525429,normal
2010-05-06,188.74634356091124,192.05768292162887,187.28107235690163,191.3623046875,17751300,0.0154324127273604,0,0.0169489236479252,normal
2010-05-07,188.3490121011845,189.72320852344896,183.64277241301843,184.2884826660156,16085350,-0.0376661440099646,0,0.0192718096871082,normal
2010-05-10,186.26283709205703,192.47987212934163,185.612983717692,191.05186462402344,14791690,0.0360425633135212,0,0.0206416555591063,normal
2010-05-11,191.5609744523598,193.6264309411125,188.84154663817307,189.3961944580078,18377970,-0.0087038457884194,0,0.0207035305590777,normal
2010-05-12,189.57420152486787,193.63058768383183,188.9119310455908,192.4053955078125,20204040,0.015763493086939,0,0.0208351605688621,normal
2010-05-13,193.0511274107905,194.45844444229928,190.915311507167,191.8714599609375,17762910,-0.0027789125620225,0,0.0201315431571406,normal
2010-05-14,191.643778986468,193.20838643922968,183.08396916832712,184.1311798095703,33008880,-0.0411772311161691,0,0.0226805366245052,normal
2010-05-17,182.95149626979125,188.08406965689105,177.2684056504487,186.32492065429688,25703050,0.0118435975818398,0,0.0225711579709544,normal
2010-05-18,186.08901266342951,190.2364738430408,184.71894683311243,188.74636840820312,18901340,0.0129121128006479,0,0.0217690877948075,normal
2010-05-19,187.09070336117884,188.1668913493428,181.29585856680603,183.29507446289065,20415020,-0.0293068646897527,0,0.0230206829416415,normal
2010-05-20,183.94489684572,188.91190582966428,183.8703947425825,187.7115478515625,17039960,0.0238091815843821,0,0.0202664899554621,normal
2010-05-21,183.9449067136812,188.74635151542512,182.9804846422008,188.01785278320312,15706440,0.0016304553169357,0,0.0199277430525535,normal
2010-05-24,188.9119151133889,191.3126438193289,184.02355120866807,184.70651245117188,15195470,-0.0177687737340512,0,0.020315659508159,normal
2010-05-25,183.77932976735568,183.77932976735568,176.99108677977767,178.40667724609375,17355820,-0.0347024982451387,0,0.0214977973497244,normal
2010-05-26,179.78920029369488,180.9647371165541,178.11698267873123,179.93821716308594,16500270,0.0085479060327413,0,0.021542940286812,normal
2010-05-27,179.64016896458318,186.09728355509947,178.58881513006415,183.72967529296875,21781920,0.0208519673369114,0,0.0216604470666799,normal
2010-05-28,185.7661271407117,186.99133175984693,182.3844290005468,185.3853302001953,13567960,0.0089710035427801,0,0.0215841202107689,normal
2010-05-31,184.60716494556928,188.29102736992544,184.60716494556928,187.8191680908203,11989040,0.0130431032096147,0,0.021822372587454,normal
2010-06-01,186.3539102405526,188.4152236380625,182.2975243834655,182.9225311279297,14423360,-0.0264168920336258,0,0.022535250996081,normal
2010-06-02,183.13363981606244,187.67017158634968,182.9515151253065,186.94581604003903,12342500,0.0217560850278664,0,0.0231305533133309,normal
2010-06-03,187.508752374473,190.89459416163712,187.508752374473,189.3506774902344,12587190,0.0127819112486697,0,0.0230425185864311,normal
2010-06-04,189.574206997642,194.375652321314,188.6635834833776,193.7754669189453,19478740,0.023099369438059,0,0.021863971019934,normal
2010-06-07,186.3621706510356,192.05767825525,184.8431008299988,189.3051300048828,14925200,-0.0233399440425925,0,0.0210888977654649,normal
2010-06-08,189.4086021813816,193.00554534883253,187.80260067021857,189.0609130859375,14018340,-0.0012909031205055,0,0.0210013296640252,normal
2010-06-09,190.83144178065268,192.83579318341364,188.5765432667077,189.7875061035156,18141760,0.0038358027731471,0,0.0206945961626309,normal
2010-06-10,189.24469602103736,195.2577639695,189.24469602103736,194.3265686035156,24496840,0.0236350297780116,0,0.0213852546336988,normal
2010-06-11,219.65246096543896,219.65246096543896,194.2639336227796,195.4164428710937,15063270,0.0055927987231241,0,0.0189960260049973,normal
2010-06-14,195.8423309326172,197.09087391122225,194.2555538177121,195.8423309326172,10187660,0.0021770156134133,0,0.0188811081554473,normal
2010-06-15,196.25159007919925,198.29352194589544,193.7544909742926,197.4458465576172,15305340,0.0081544506153869,0,0.0187725597009004,normal
2010-06-16,201.8554160724012,201.8554160724012,195.87574897871684,197.237045288086,14141550,-0.0010580711417942,0,0.0172760996990862,normal
2010-06-17,197.01152215042083,197.26206924412915,194.0509223057645,196.3308868408203,10331080,-0.0046048469629722,0,0.0166907929683585,normal
2010-06-18,196.2473810278372,198.7611735564685,195.4247592026559,198.1473388671875,15597620,0.0092094556625026,0,0.01676199736284,normal
2010-06-21,198.3477893926685,200.66532162401933,198.3477893926685,199.41677856445312,8879250,0.0063861095900517,0,0.016071315491455,normal
2010-06-22,198.3478005225789,199.93457782941684,196.26827583686008,196.63992309570312,8514510,-0.0140227445199423,0,0.0139924438982728,normal
2010-06-23,196.2599007105528,196.92802207015336,194.46433650352168,196.22232055664065,10849420,-0.0021259497602281,0,0.0140480443427332,normal
2010-06-24,196.25991589883523,197.5961587214463,195.2577401535549,196.8904571533203,12123400,0.0033992140571585,0,0.0134991717586363,normal
2010-06-25,196.27245748366468,196.6775050845497,190.83146459371383,192.1510009765625,13022720,-0.0243659926756754,0,0.0147801646124333,normal
2010-06-28,191.0819979993511,193.295136643024,189.9963022947101,192.3890075683593,10718170,0.0012378770317793,0,0.0145409938094753,normal
2010-06-29,192.50175374673307,194.4977584059997,190.509928908372,191.34507751464844,14208420,-0.0054409168725388,0,0.0131323136223022,normal
2010-06-30,190.3971745302346,193.0863540455219,189.9963067698052,192.251205444336,10610400,0.0047243920513837,0,0.0123285157700344,normal
2010-07-01,191.3409334046542,192.00069531967048,188.24252589002035,188.93153381347656,14219900,-0.0174181840833851,0,0.012704701646956,normal
2010-07-02,189.1611491588113,190.40552510291664,188.5222610190688,189.1653289794922,8907340,0.0012366947140796,0,0.01148450741661,normal
2010-07-05,189.16949159504253,191.5830703708492,188.2048960488364,189.7875061035156,6192550,0.0032836681796446,0,0.0102615254444179,normal
2010-07-06,189.8292648593168,193.6709404804789,189.4409238483228,193.1531524658203,10143910,0.0175783529458781,0,0.0109674320948788,normal
2010-07-07,192.8358352022564,193.67098392594457,191.33257769430423,192.42662048339844,8912210,-0.0037685215523639,0,0.0109982962107247,normal
2010-07-08,193.3368897358225,197.66713293783693,193.3368897358225,196.8278045654297,17562290,0.0226143692379681,0,0.0108880435685484,normal
2010-07-09,197.512625715604,198.6442483962791,197.10339835167204,197.8383331298828,9803290,0.0051209398338407,0,0.0108772513104446,normal
2010-07-12,198.3519672233263,201.43783459447576,197.93439293405777,200.4941253662109,14948170,0.013334748564862,0,0.0112415708062798,normal
2010-07-13,200.51918598726584,203.5340729735208,199.60886431909955,202.865951538086,17615470,0.0117604772740858,0,0.0113873979176054,normal
2010-07-14,203.52571375845773,207.0333353726504,203.52571375845773,205.82237243652344,18159640,0.014468103423276,0,0.0117381309553429,normal
2010-07-15,206.32344997306367,206.53223710868843,203.27515014692884,203.7637176513672,8162390,-0.0100524513446202,0,0.0119636834959968,normal
2010-07-16,204.1938539477772,205.8432777017536,202.782450627974,204.5279083251953,9528070,0.0037433614484161,0,0.0118487870029235,normal
2010-07-19,203.68856694091727,205.69709826082243,202.6070510566112,205.0498504638672,7630370,0.0025486853717398,0,0.0117979047744204,normal
2010-07-20,205.04987625450968,205.85580442232285,203.7971532241552,204.5279083251953,5076900,-0.0025486853717398,0,0.011276276996602,normal
2010-07-21,205.07492311039903,205.7054644266377,203.2751787673841,203.50485229492188,5055340,-0.005014588399911,0,0.0113497144096591,normal
2010-07-22,202.7030826138181,207.73486040660936,201.91804091712663,206.8036651611328,11585880,0.0160800168940573,0,0.0117881869332018,normal
2010-07-23,207.20035871771125,209.10031655663,206.7827844460056,208.51988220214844,14843460,0.0082645292827008,0,0.0100035261891707,normal
2010-07-26,208.62012400487188,208.98341160898303,200.61105194412224,201.2833404541016,15780730,-0.0353208255461154,0,0.0133365732007606,normal
2010-07-27,202.10177118541185,204.3525026656993,200.485760764858,203.37120056152344,23112370,0.0103193139998438,0,0.0133232244439558,normal
2010-07-28,203.3294623776871,206.9498373711872,202.3690465305348,206.39028930664065,16576370,0.0147361011377187,0,0.0135752351800653,normal
2010-07-29,205.61357188470427,207.35068240993223,203.4505401836359,206.53640747070312,15800230,0.0007077196572735,0,0.0126771676732096,normal
2010-07-30,205.4465456786729,210.6244641999521,204.64897727498595,209.02932739257807,26944870,0.0119978603481127,0,0.0127614896456529,normal
2010-08-02,210.45328825640664,217.1386575404793,209.7893465827454,215.99868774414065,20585770,0.0327977678340394,0,0.0141809844489688,normal
2010-08-03,217.0509282242291,218.53749165798604,215.3848109064936,217.1845550537109,16001370,0.0054751437951505,0,0.0139380892772329,normal
2010-08-04,217.96960039339228,217.9737802141822,214.88372026167173,216.7335968017578,9779810,-0.0020785413672248,0,0.0138816325150927,normal
2010-08-05,217.1386561746274,222.3750292079289,216.30350749703268,220.95529174804688,22437960,0.0192914464347699,0,0.0136902199712002,normal
2010-08-06,220.06160217315767,221.7235393241464,217.80669131104628,218.7545928955078,12794400,-0.010009860158739,0,0.0141393547356009,normal
2010-08-09,219.22650871112629,221.7444939876591,218.4748800643164,221.38536071777344,8402850,0.0119543755580888,0,0.0140999716162468,normal
2010-08-10,221.32275841782288,223.4022704618876,219.1471869452103,219.6148681640625,13309390,-0.0080294836605681,0,0.0142904355957739,normal
2010-08-11,219.22647839040548,221.06381526112304,216.35356554894304,217.10519409179688,9961780,-0.0114934115289226,0,0.0144643656331677,normal
2010-08-12,216.2951650910188,233.424073989234,215.1593750326024,232.538818359375,64002190,0.0686751702968537,0,0.0203396263500585,normal
2010-08-13,232.5053787271252,240.49775741290264,232.5053787271252,238.03823852539065,40721170,0.0233741550626227,0,0.0206653313144321,normal
2010-08-16,237.76680825797484,238.4015038407028,234.6391554520628,235.6288299560547,15501900,-0.0101735143135561,0,0.0210212978532358,normal
2010-08-17,235.9294828691948,238.5226284844428,234.80620696668527,235.3824615478516,12544710,-0.0010461253694566,0,0.020988221901776,normal
2010-08-18,236.1340995863168,236.7395874513709,231.01045449276285,235.0692901611328,15230490,-0.0013313647226951,0,0.0208929601323546,normal
2010-08-19,235.0985040919596,235.91277905134257,232.3926308600033,234.3176422119141,10875610,-0.0032026822216817,0,0.0209069833919013,normal
2010-08-20,233.84161651946087,236.6560633261245,232.1796789006602,232.74757385253903,9755310,-0.0067231479433145,0,0.0210985302902419,normal
2010-08-23,233.00641590638904,237.3909452379609,231.3778662456935,235.7832946777344,13250210,0.0129586480229653,0,0.0188218009758037,normal
2010-08-24,233.54930367004337,238.42656849363863,233.54930367004337,237.6665802001953,19905960,0.0079556276406798,0,0.0188132952474952,normal
2010-08-25,236.8481360031616,238.3931659318712,235.0943189350781,235.80838012695312,9216230,-0.0078492413298834,0,0.019050867079778,normal
2010-08-26,236.3470350731489,240.9236582137388,235.92946080623523,239.3660888671875,22642910,0.0149746059752988,0,0.0190832372220332,normal
2010-08-27,238.9861316179615,239.3118263259352,232.5888901448012,233.3739318847656,12367930,-0.0253521075455065,0,0.0203899300931025,normal
2010-08-30,234.39694885342607,236.388760592692,232.70577832510293,233.8415679931641,9183040,0.0020018011589089,0,0.0193573067038884,normal
2010-08-31,233.0064301583905,233.0064301583905,228.9643145000694,231.0354919433593,13063890,-0.0120724826948013,0,0.0196804082990026,normal
2010-09-01,231.7537153627129,232.69743727251404,228.60103478259828,231.8789825439453,11380730,0.0036442651097905,0,0.0196428548023686,normal
2010-09-02,233.0022838862924,234.24249283330883,229.74938920437748,230.4258575439453,10757500,-0.0062864571579659,0,0.0193831336915251,normal
2010-09-03,230.6388277453175,232.92294700687265,229.7786256788508,231.6201171875,6371210,0.005169452255429,0,0.0191801860686124,normal
2010-09-06,231.7537704541473,239.8547232556996,231.7537704541473,238.77737426757807,15331120,0.0304330257030551,0,0.0200660727090561,normal
2010-09-07,238.94019855567325,239.05710610618024,236.196732355712,236.93582153320312,8915520,-0.0077423201614665,0,0.020057277550609,normal
2010-09-08,235.9336568572984,242.69418572317468,234.60995347639977,241.8506774902344,24261960,0.0205311913028909,0,0.020050770536288,normal
2010-09-09,242.19304192466151,250.10189848560063,241.9466619264836,249.21246337890625,32230550,0.0299852986738509,0,0.0148044109057141,normal
2010-09-13,249.79712403734564,264.40804429879387,249.79712403734564,262.9507141113281,49114260,0.0536608165784944,0,0.0181249727502412,normal
2010-09-14,263.4100556744026,264.40806441561483,257.43456817706056,259.6936340332031,24448530,-0.0124640102035575,0,0.018232656448289,normal
2010-09-15,259.3971248095553,260.9588484002648,254.16490731193943,255.5804901123047,18165620,-0.0159652157705636,0,0.0187839665971638,normal
2010-09-16,255.8060303390225,262.4037252965183,255.5554959298557,258.4618225097656,32196770,0.0112106046651776,0,0.0188018728801143,normal
2010-09-17,262.2367327348852,262.2367327348852,257.2258397526899,258.2906494140625,13313900,-0.0006624955322473,0,0.0187538894098124,normal
2010-09-20,258.89607925362344,260.8753774590753,256.8082076467394,259.6393737792969,13964290,0.0052081453226877,0,0.0185543938483101,normal
2010-09-21,260.1487728855984,261.3179757562814,257.7017937550421,258.7916564941406,9449940,-0.00327032137809,0,0.0185643840339844,normal
2010-09-22,260.2156105838113,263.81512478821395,258.74576626009986,262.9632568359375,19799750,0.0159909916659914,0,0.0187258121390071,normal
2010-09-23,263.7398885158684,264.32450266589547,261.08830219881696,262.1907043457031,13751230,-0.0029421964019746,0,0.018579380430719,normal
2010-09-24,261.8274594543047,263.90697142146587,260.8461445058832,262.3536071777344,10802760,0.000621121356918,0,0.0184629678180629,normal
2010-09-27,262.65422408411763,267.235001736351,262.65422408411763,265.63153076171875,12317840,0.0124168862489879,0,0.0171226673321013,normal
2010-09-28,265.49372068882946,268.0785064874996,264.1867111605709,266.4708557128906,14599770,0.0031547524259201,0,0.0171087554437233,normal
2010-09-29,266.4123869449668,269.33540686442564,266.0950264186946,266.888427734375,14836720,0.0015658192132779,0,0.0165922343868112,normal
2010-09-30,267.1639951241624,273.48607526934643,265.1596438584795,270.6257019042969,30806190,0.0139059949824371,0,0.0166346790868124,normal
2010-10-01,270.5380561064818,274.5968663176582,269.00138564669186,273.2731628417969,16451380,0.0097351990169354,0,0.0163069083414137,normal
2010-10-04,273.5111123999775,275.594803666953,271.0223608890317,272.2291564941406,12102230,-0.0038276926983256,0,0.0165270277402018,normal
2010-10-05,271.8408703203951,273.51952716844426,270.3543068262836,271.2562561035156,9620340,-0.00358023014895,0,0.0158412907399781,normal
2010-10-06,271.8408787095876,273.753376206067,269.29783992040853,270.0285949707031,7865720,-0.0045361078753014,0,0.0157065399417685,normal
2010-10-07,270.2541180090683,271.1644270120771,267.91568641248784,268.9095153808594,8527160,-0.0041529117229437,0,0.0155176987943797,normal
2010-10-08,268.7508073351146,272.91821614983826,268.50027295161766,271.2061462402344,9432630,0.0085042699705946,0,0.0144242652793151,normal
2010-10-11,272.0914111598801,273.38590681746854,271.0182676077072,272.676025390625,6559420,0.0054051513569772,0,0.0085672134356215,normal
2010-10-12,271.8408813060446,272.74283061972625,267.3811906434848,270.0578308105469,7547160,-0.0096482460435503,0,0.0083403276055909,normal
2010-10-13,270.583929070295,276.85172252231627,269.16834627271464,276.0666809082031,15432970,0.0220063097800942,0,0.0083677388141098,normal
2010-10-14,276.85177731248245,277.67438649862675,271.2729904505687,272.3795471191406,6700620,-0.013445946571533,0,0.0090180958369598,normal
2010-10-15,274.0121934553815,274.0121934553815,263.09261799772617,264.3787536621094,14198900,-0.0298137395102697,0,0.0115713332066989,normal
2010-10-18,265.99486637052905,268.03263127899254,261.6395688696813,264.5542297363281,17299680,0.0006635096927736,0,0.0115323111847406,normal
2010-10-19,265.9781291040289,267.5816001060975,259.37210077359094,260.28240966796875,11811670,-0.0162790250741178,0,0.0121333270481716,normal
2010-10-20,259.3136295971642,261.7272211851684,256.89170385446863,258.4241943359375,12889050,-0.0071648337111831,0,0.0116511774693381,normal
2010-10-21,259.5641260597897,268.03672333106925,259.401291483196,266.8382873535156,12952060,0.0320404107119305,0,0.013759020909867,normal
2010-10-22,267.2475927263424,269.0849301210226,264.82566651460314,267.765380859375,12025260,0.003468342962642,0,0.0137709419162798,normal
2010-10-25,267.9991668335719,271.62370851240604,267.91564688053285,270.5213317871094,9432490,0.0102398032271073,0,0.0136844526737649,normal
2010-10-26,270.0870394284086,270.0870394284086,265.0761480642945,265.64404296875,14037350,-0.0181937274725525,0,0.0143182500963909,normal
2010-10-27,265.52717905629805,268.4000926160874,263.6272208658684,266.237060546875,8411000,0.0022298886722325,0,0.0143232206839149,normal
2010-10-28,267.08057372973144,270.2541544342479,264.3329525519908,266.274658203125,19709480,0.0001412087471077,0,0.0139392376983949,normal
2010-10-29,265.5939196573965,266.2745677311694,260.40347473235823,263.12188720703125,9741720,-0.0119109514301749,0,0.0139176688210958,normal
2010-11-01,266.82997574298844,268.7508073142154,264.59178362821507,267.1181030273437,8783170,0.0150735197607714,0,0.0144123032326365,normal
2010-11-02,267.1640181771662,270.58813235680134,265.3016532073168,267.40203857421875,12948750,0.0010623942915612,0,0.0144050565831278,normal
2010-11-03,268.5002960277726,274.4298566517009,268.17457581452027,273.3107604980469,13392290,0.0218561763092894,0,0.0152223262919836,normal
2010-11-04,275.4319812789348,288.04272946679134,274.4423322872584,286.7440795898437,19974730,0.047980644568434,0,0.0184799744132204,normal
2010-11-08,292.71958314904793,293.5547317457642,285.05710496886127,286.0509338378906,17527910,-0.0024202238987589,0,0.0184767266012633,normal
2010-11-09,278.1044735241095,279.6077307538795,272.3502876491032,273.3065490722656,39874860,-0.0455758297162152,0,0.021369022967323,normal
2010-11-10,273.17710817918504,274.9225656693612,267.9991767399039,268.46685791015625,23510530,-0.0178665834860272,0,0.021643906382661,normal
2010-11-11,269.0848510890357,271.7573109393502,264.41634864645664,265.2389831542969,23159970,-0.0120962292919468,0,0.0211317383109962,normal
2010-11-12,264.7629677610381,265.1596684253159,250.7157628319004,252.7827606201172,27246230,-0.048100776613869,0,0.0234168654730611,normal
2010-11-15,253.2171094147739,265.1346728182848,251.379771983002,264.1993103027344,38057580,0.0441733153749694,0,0.0248784334816302,normal
2010-11-16,264.90078979782777,266.2453668270821,255.6724078466832,257.27587890625,31881610,-0.0265548136433197,0,0.0255730332794446,normal
2010-11-18,259.56418296558576,259.8147428456064,247.62156779929344,255.97723388671875,43440440,-0.0050604575344772,0,0.0253514518573273,normal
2010-11-19,256.22361266255564,256.22361266255564,248.46091971719585,249.788803100586,22096350,-0.0244727371645838,0,0.0258690636099171,normal
2010-11-22,250.6489433958807,254.72029233067428,248.9201798852196,253.8726043701172,22722140,0.0162168103680322,0,0.0250105864053625,normal
2010-11-23,251.7137847686597,251.7137847686597,239.71688319837887,246.6527862548828,44970820,-0.028850959591371,0,0.0256414524987623,normal
2010-11-24,246.83232761457484,248.5485517960774,235.03585415293207,238.10086059570312,34672020,-0.0352872560911663,0,0.0263128818390058,normal
2010-11-25,239.77116055735976,240.856843508262,231.7537291541443,235.6705780029297,46879080,-0.0102593939245219,0,0.026184939443425,normal
2010-11-26,236.43893112312813,243.0032130166215,233.15262309845463,239.08218383789065,40665000,0.0143723842624199,0,0.0265240345127925,normal
2010-11-29,239.86302169632708,242.2807931990435,237.265721790158,240.50192260742188,18550930,0.0059207254696689,0,0.0266186564381013,normal
2010-11-30,239.8880688421352,250.53621318736216,238.45579209253555,249.8931579589844,31774970,0.0383053746268666,0,0.028259190350849,normal
2010-12-01,250.46105461656225,260.85866465598906,248.46088293811133,258.9085998535156,28775250,0.0354416447481229,0,0.0292775087646435,normal
2010-12-02,260.8628081072968,265.04270476814224,257.8144958189622,258.8292236328125,20127970,-0.0003066270908727,0,0.029272652936478,normal
2010-12-03,258.3114629135726,259.3136514714327,254.55329405166776,256.4532775878906,16717370,-0.0092219816422494,0,0.028781086901961,normal
2010-12-06,257.2007409866599,258.0609431108943,245.1161385211892,246.5651092529297,31659450,-0.0393204008597978,0,0.0271891638243358,normal
2010-12-07,246.61934596061903,246.7863858580835,238.017326462111,239.22830200195312,38866190,-0.0302077590221401,0,0.0276198956103559,normal
2010-12-08,238.0173700506037,238.852518717448,233.17351797759304,234.2592010498047,34752920,-0.0209901353751327,0,0.0264246633664731,normal
2010-12-09,235.0943235817317,235.2613634912169,222.69236216045067,224.3960723876953,43130530,-0.0430155283415771,0,0.0275095967809375,normal
2010-12-10,224.1538839799229,229.2107027452386,221.77370532121589,228.2001800537109,52261980,0.0168105556780657,0,0.0280897225395426,normal
2010-12-13,229.29006551306009,232.1713387242888,225.0725747704886,229.2357788085937,42073330,0.0045278492173119,0,0.0265087101385596,normal
2010-12-14,229.5990877205361,234.2592061692128,228.8766667769624,233.23196411132807,24181790,0.0172824367941109,0,0.02449471483479,normal
2010-12-15,232.4218540577665,232.4218540577665,222.9846847121979,225.3272705078125,30594750,-0.0344796314737623,0,0.0249014667152111,normal
2010-12-16,226.24174779528025,232.0877879217045,223.6026751940889,230.7473907470703,45922940,0.0237696846315618,0,0.0258148082652764,normal
2010-12-20,229.6658599691372,229.6658599691372,224.65496847890148,225.5277099609375,24810450,-0.0228805319105598,0,0.0257545916386695,normal
2010-12-21,226.2626326678996,230.9185964805933,226.2626326678996,229.14390563964844,19613340,0.0159071813913396,0,0.0257411874984107,normal
2010-12-22,229.49880903701023,232.83940320341043,227.99555185681447,229.2440948486328,18938400,0.0004371371435247,0,0.0251465608028276,normal
2010-12-23,230.08341608407773,231.1607648056504,228.4214786935189,229.3526611328125,11988360,0.0004734716711007,0,0.0240257331090507,normal
2010-12-24,229.3317937950008,231.2526252390805,227.9955510359097,230.11265563964844,11545630,0.0033081722263155,0,0.023967910875293,normal
2010-12-27,230.87686002616925,231.4489348262068,229.2984168061779,229.7660980224609,10204450,-0.001507169792168,0,0.0236864988123908,normal
2010-12-28,230.9186030443311,230.9186030443311,227.5780084252449,227.8703155517578,9764330,-0.0082851506520116,0,0.0236498477450844,normal
2010-12-29,228.4131372131376,230.7682623315611,228.099956494838,230.10012817382807,9241550,0.0097378783849233,0,0.0218362138399134,normal
2010-12-30,229.7493956780641,232.20891453664288,228.9810477160574,229.6366424560547,21062540,-0.0020163097859828,0,0.0197727695937506,normal
2010-12-31,229.9998866004748,236.1340532136994,229.92054647530097,234.8354034423828,19624140,0.0223866135678774,0,0.0207438888807857,normal
2011-01-03,236.5725418807113,238.184398097219,235.1068774523523,235.68728637695312,11060070,0.0036210107771905,0,0.0208005952850497,normal
2011-01-04,236.71452936564583,236.71452936564583,227.75755522519367,228.4632568359375,31035310,-0.0311304728245485,0,0.0201434924234756,normal
2011-01-05,228.4131719572337,228.5301050101408,223.98689399333384,224.92225646972656,25213120,-0.0156205801159607,0,0.0193873646301892,normal
2011-01-06,226.6593492086799,226.6593492086799,218.2327019909333,219.00938415527344,37167080,-0.0266402367725202,0,0.0197006651976211,normal
2011-01-07,218.6335701255488,220.6462814111753,214.3951805727115,217.21798706054688,44430600,-0.0082131809373331,0,0.0174190392933811,normal
2011-01-10,217.12606295025537,219.9781021143544,211.7936572950872,212.72067260742188,29547190,-0.020921489117585,0,0.0173604095157797,normal
2011-01-11,212.6496995895833,219.5271356666944,211.71015747063083,218.2117919921875,34477870,0.0254862051984696,0,0.0184684561812782,normal
2011-01-12,219.47704432920824,224.57145594327744,214.6081391511462,222.95962524414065,41769810,0.0215245882851427,0,0.0187296928837143,normal
2011-01-13,223.3187286931368,223.3187286931368,213.3762857119484,213.85650634765625,28050330,-0.0416854433216178,0,0.0194381671833499,normal
2011-01-14,214.357612610387,216.1364578044771,208.0689316282541,208.85397338867188,26839080,-0.023669943183993,0,0.0189374057525022,normal
2011-01-17,209.12120861012232,211.710174420297,207.95200564360533,210.1400909423828,16030680,0.0061390921853599,0,0.0186028234031202,normal
2011-01-18,210.45744040005025,213.96507460140245,210.45744040005025,213.34288024902344,11847170,0.0151262298206136,0,0.0185606413935583,normal
2011-01-19,213.9567377846484,214.2866123309642,207.72235608041024,208.93331909179688,22819750,-0.0208854842009129,0,0.0189269804555933,normal
2011-01-20,208.0355268088165,212.5453242696512,205.70545501747853,211.71435546875,28013320,0.0132228326245034,0,0.0193188640231328,normal
2011-01-21,211.20073236280547,217.72325373879968,210.62447778054107,216.87974548339844,29086400,0.024105045378004,0,0.0202693154515905,normal
2011-01-24,220.47922419982007,226.10811744977988,220.1451698665568,225.07672119140625,36693320,0.0370982955026244,0,0.0221646889528676,normal
2011-01-25,226.24174058165625,228.61355944177564,222.81762637658457,223.64862060546875,41470240,-0.006365164944234,0,0.022135755409848,normal
2011-01-27,224.5756057277052,226.48810292348827,220.6879904908448,221.60665893554688,29786890,-0.0091721584417943,0,0.0220596102512113,normal
2011-01-28,221.28932506123653,223.37301673565224,216.34107981210724,218.82147216796875,28302770,-0.0126478019859481,0,0.0221907591194507,normal
2011-01-31,215.46830809912345,222.56707018766048,214.7166795635613,220.6796264648437,26079810,0.0084557939637228,0,0.0215816655792046,normal
2011-02-01,221.53152790773464,222.1495297218896,215.9026089590047,216.6417236328125,26786520,-0.0184670498477164,0,0.0217833782473172,normal
2011-02-02,219.20147950438337,219.94474859156472,213.7980664157358,214.94639587402344,21956200,-0.007856270374134,0,0.0208723395251574,normal
2011-02-03,215.05078485448809,222.06602866113613,213.89827559952943,221.4605407714844,21769030,0.0298557525884799,0,0.0218833515470376,normal
2011-02-04,221.14735677303884,225.07256570166845,219.64409936749087,220.963623046875,29249880,-0.0022463417426239,0,0.0210290113271338,normal
2011-02-07,222.1244871034324,224.4712527672284,220.024076018431,222.4376678466797,17458040,0.006648831477614,0,0.0209694903672673,normal
2011-02-08,222.4835753078328,224.2373924128736,219.1429810074548,220.3289031982422,25097770,-0.0095254733810214,0,0.0204863793578653,normal
2011-02-09,220.0616620894242,220.0616620894242,214.2156217303124,215.55186462402344,19473280,-0.0219198927718506,0,0.0203383271709197,normal
2011-02-10,215.30967734968831,215.8859319730022,206.80786997526133,208.29443359375,28514130,-0.0342489268121388,0,0.020957408628843,normal
2011-02-11,208.62011867696228,217.30567159012656,207.5386027906881,216.5206298828125,26488500,0.0387332061610639,0,0.0209402994725286,normal
2011-02-14,217.97379607580737,226.0663884748004,217.97379607580737,225.33981323242188,26170250,0.03992371286476,0,0.0218657664400814,normal
2011-02-15,226.32525407713203,230.58451672352723,222.99301956214973,228.56344604492188,28975160,0.0142042910992516,0,0.0219852455705623,normal
2011-02-16,228.19183638159063,231.5867177903774,227.4694409321931,229.7535858154297,17009500,0.0051935335712558,0,0.0218371728974457,normal
2011-02-17,229.83289132061745,232.83940571341915,228.83070286520945,232.2172241210937,16081310,0.010665875886989,0,0.0210942078733147,normal
2011-02-18,232.38429437938493,235.0734740830492,228.7973196718702,230.58872985839844,26082690,-0.0070375109474287,0,0.0211791513845162,normal
2011-02-21,230.61795169560529,233.7580931695112,229.2023686707472,233.1609649658203,18315610,0.0110933182909391,0,0.0207329296658288,normal
2011-02-22,231.67024118833112,231.9208010870139,226.6593490552596,227.7701110839844,19700870,-0.0233922162369157,0,0.0199908623454743,normal
2011-02-23,226.32527126734595,227.23558018562457,217.9236783655099,218.61268615722656,31528330,-0.0410352278594254,0,0.0220257895600228,normal
2011-02-24,219.17641648034743,220.47924635167016,209.81022731210933,211.17987060546875,37517520,-0.034591370058008,0,0.0232150236781143,normal
2011-02-25,212.96289431854223,218.7922407578507,211.60995765603963,215.68966674804688,31609310,0.0211304089258819,0,0.0236555078625324,normal
2011-02-28,216.3034838961471,222.32907788913428,215.7731563879897,219.68167114257807,26445970,0.0183389025757865,0,0.0239585784511117,normal
2011-03-01,221.89898398917347,226.99336984800289,221.10140283677404,225.9369201660156,18161160,0.0280762968446461,0,0.0243508175894563,normal
2011-03-03,224.6549563732307,227.0894214940003,221.78204336803395,224.02859497070312,28700950,-0.0084821461760702,0,0.0243646849940631,normal
2011-03-04,226.15823139071023,227.82852859592,224.90968830769003,225.8784637451172,17552410,0.0082233837553733,0,0.0235321787995441,normal
2011-03-07,224.18732940672,224.18732940672,218.0573407244036,219.1555633544922,15342560,-0.0302152709822181,0,0.0245437899783143,normal
2011-03-08,219.47705790031168,221.7236098371771,218.82564296424715,220.6671600341797,13918430,0.0068736904707824,0,0.0245472453019728,normal
2011-03-09,222.1244944899017,222.5671222689417,218.57511261506872,219.4227752685547,15533520,-0.0056551535591546,0,0.02448669657005,normal
2011-03-10,218.4122267109232,218.4122267109232,215.0507587826341,216.28260803222656,14394580,-0.0144144264788215,0,0.0241921456737067,normal
2011-03-11,215.29297408678505,216.7210711185697,213.2969566124172,214.2281646728516,13732700,-0.0095442859279009,0,0.0229406164830663,normal
2011-03-14,214.8419919046697,217.89027940383625,214.28243109060816,217.30984497070312,12226670,0.0142825550248506,0,0.0214496763233705,normal
2011-03-15,213.7980182926829,215.84414233430857,210.4950044105602,214.00680541992188,14295940,-0.0153163765859307,0,0.0195339073368317,normal
2011-03-16,215.1551655067497,222.0326022316836,215.1551655067497,220.80911254882807,18196070,0.0312907686090264,0,0.0206484602293026,normal
2011-03-17,219.2265048751175,222.98467353011955,217.8652085955428,218.6001434326172,20404270,-0.0100543522687956,0,0.0206610275562988,normal
2011-03-18,220.1451710315597,220.64626527746253,215.46833388098656,216.3243560791016,11578130,-0.0104653020322755,0,0.0204925699867855,normal
2011-03-21,217.8401426049461,218.34959646858107,214.5162422330573,215.6854705810547,10688970,-0.0029577381086207,0,0.0204762709464618,normal
2011-03-22,216.75445782800924,219.81943867773936,216.7210447503429,218.85484313964844,11912100,0.01458750159924,0,0.0206203081012287,normal
2011-03-23,218.6335787147294,221.14735889494065,216.72108111313483,220.70057678222656,12688430,0.008398233338779,0,0.0202001122878979,normal
2011-03-24,221.1473431603428,222.62557252107788,219.81945992027977,221.3770294189453,8893740,0.003060336715464,0,0.0179474875831083,normal
2011-03-25,222.81762559663747,227.0768883496609,221.1473284767625,226.396240234375,15233710,0.0224194760558082,0,0.0165307595736048,normal
2011-03-28,225.90768822106352,230.5135448189704,225.5945075072636,229.60321044921875,15428240,0.0140659076879101,0,0.0162060202859373,normal
2011-03-29,228.98103082038384,233.25283312448147,228.92256430315865,231.1607818603516,15582890,0.0067608466375439,0,0.0158365577253687,normal
2011-03-30,232.16299548208352,239.7461604903967,231.7788341890202,238.52682495117188,22426060,0.0313682838155733,0,0.0161302530229413,normal
2011-03-31,240.49773575391987,241.23267057654604,230.3339663992719,230.94363403320312,48157790,-0.0323081053609346,0,0.0177944369250158,normal
2011-04-01,230.9436639240909,231.67023919927365,225.91607803562547,227.1228485107422,31112850,-0.0166826182711279,0,0.0181681939644504,normal
2011-04-04,227.74504318885727,231.6702264852875,227.68657666753705,230.776611328125,15845550,0.0159591381376857,0,0.0169850425990821,normal
2011-04-05,232.5471681036857,234.1506393516322,228.997786092146,233.5284576416016,17637000,0.0118537518518291,0,0.0170874443922897,normal
2011-04-06,233.74135209446789,235.8459170117277,231.766234167396,233.6202392578125,21141460,0.0003929439084435,0,0.0169825258507212,normal
2011-04-07,233.340502302267,236.7646164917296,231.7537251374072,234.9189453125,15238690,0.0055436532245334,0,0.0164758633721211,normal
2011-04-08,234.25920478549,235.92114250326387,230.6430222145424,232.0251922607422,12049980,-0.0123945879820466,0,0.0166121589463577,normal
2011-04-11,232.1462524111027,233.6745631023589,230.70979583026565,232.52207946777344,11324650,0.0021392328693492,0,0.0164371747312382,normal
2011-04-13,231.16077831300524,236.3386841210748,230.4174838569505,235.42837524414065,15569850,0.0124215421348345,0,0.0159390116340268,normal
2011-04-15,235.34485642084675,237.93382208067365,233.4240249078816,234.52224731445312,13672440,-0.0038562734427767,0,0.0147546275009563,normal
2011-04-18,234.84378765543096,237.5162477825874,229.4027824980656,229.79530334472656,10581700,-0.0203615274700332,0,0.0154009128028167,normal
2011-04-19,230.08343339874847,231.2234030527621,226.7511987259627,228.2753295898437,11032690,-0.0066364408638994,0,0.015254400313243,normal
2011-04-20,229.8370854079873,234.0086745486196,227.45693201645787,233.4365997314453,19305390,0.022358032418186,0,0.0158017236481911,normal
2011-04-21,235.51190379178905,240.105221064324,234.61410885747225,238.9485321044922,17996100,0.0233376631503423,0,0.0162270299971653,normal
2011-04-25,239.85469416398624,247.20817165563497,239.85469416398624,243.76318359375,12606890,0.0199490130558732,0,0.0165788607678886,normal
2011-04-26,244.2392164952815,246.33542213513084,240.97378243453247,245.01171875,14745840,0.0051088460796897,0,0.0165727717423488,normal
2011-04-27,245.5336946363323,246.7697237709429,242.2933139081556,243.0658416748047,15225750,-0.0079736809999184,0,0.0162893934712491,normal
2011-04-28,244.6149908119189,244.8738848082565,237.6081081425815,238.4975433349609,18966690,-0.0189733502405635,0,0.0168332855471282,normal
2011-04-29,238.5142807946465,239.5999638498697,232.58890007663672,234.2257843017578,11658890,-0.0180734694641513,0,0.0173634838165651,normal
2011-05-02,234.6767652612548,235.42839393165264,223.9868729814061,224.8804626464844,20646010,-0.0407165564288645,0,0.0181185116881556,normal
2011-05-03,223.8282044666853,227.80349482737267,215.05078373965955,215.77735900878903,51171950,-0.0413218531287844,0,0.0189789992462028,normal
2011-05-04,216.462183611303,220.80496684575232,214.0068445075765,218.4581756591797,22676620,0.0123474496946496,0,0.0190194492783284,normal
2011-05-05,218.3913762860678,220.72144820184369,216.0529702145932,217.33908081054688,17188540,-0.0051358621096806,0,0.0185535221398812,normal
2011-05-06,217.3891811073149,222.4418456785484,217.3891811073149,221.3060302734375,14598950,0.0180877776447045,0,0.0188659292527883,normal
2011-05-09,221.89896367418183,222.55871262991909,217.30564698567136,219.0803375244141,10878290,-0.0101079954419631,0,0.0189217165063333,normal
2011-05-10,218.8590473321592,220.39571774869376,217.8944516866517,219.3935546875,9979430,0.0014286698566312,0,0.0188437004522597,normal
2011-05-11,220.2620702373508,224.5463863731475,218.1408112725539,223.40223693847656,22769520,0.0181067293228576,0,0.0193075864459809,normal
2011-05-12,222.06598574686424,223.8031089361423,219.72340027165512,220.6002960205078,14504050,-0.0126214510318307,0,0.0194270620684148,normal
2011-05-13,220.846677854408,223.81980456264665,218.3996987944701,221.28512573242188,18406430,0.0030995829529025,0,0.0191568426802956,normal
2011-05-16,220.47922173236915,221.9156782873667,217.9821356722844,218.4999237060547,13822430,-0.0126663662952628,0,0.0192761241036089,normal
2011-05-18,198.76536545342748,200.2644556510689,194.46017546906228,196.74012756347656,58824570,-0.0247157643588851,0,0.0259423785342253,normal
2011-05-19,197.4625606126021,198.65681713646177,193.14066354261985,193.9465789794922,34026530,-0.0143009534124427,0,0.0250048100708798,normal
2011-05-20,195.61332504264547,199.59836001857155,195.47794939914485,196.3282623291016,26997180,0.0122053110474054,0,0.0243563276639804,normal
2011-05-23,195.7825243758365,195.7825243758365,189.37348347789447,190.3464813232422,24033650,-0.0309420687472785,0,0.0237326444641202,normal
2011-05-24,190.36764849782887,191.8821232209756,187.4909869734702,188.0070953369141,24855500,-0.0123662940865933,0,0.0233743404771543,normal
2011-05-25,187.66020050385487,188.6585668658181,183.17598219150528,184.2716522216797,34547150,-0.0200686636564286,0,0.023387340601576,normal
2011-05-26,184.84275012506149,187.21177224047145,183.3748035763632,185.1473388671875,40873720,0.004740894793163,0,0.0237125928190373,normal
2011-05-27,186.45031002849603,189.71195185583244,186.22187813477728,189.0689239501953,26039190,0.0209596911580103,0,0.0248238852760839,normal
2011-05-30,189.68233838180595,190.70608612310505,187.4063851823672,189.2931365966797,13539840,0.0011851752387919,0,0.0239093518716739,normal
2011-05-31,190.5368596499553,194.9533900826369,190.206889579014,194.42459106445312,20564070,0.0267475804662611,0,0.023853055800702,normal
2011-06-01,195.3426241738316,197.72855902553096,194.68268392271472,197.0686187744141,25424640,0.0135076054696119,0,0.0238993667447996,normal
2011-06-02,195.2748865117469,198.81148783146207,194.0903690711205,197.4916076660156,19906680,0.0021441038670522,0,0.0239550014000431,normal
2011-06-03,197.5339656324201,199.33611712562472,194.6826849703249,195.6556701660156,15729010,-0.0093397612010175,0,0.023354021827653,normal
2011-06-06,194.85186172900927,196.4509494183695,192.26286384243863,196.049057006836,13405530,0.002008589357179,0,0.0234033095533967,normal
2011-06-07,195.73177404050685,197.703138262558,195.02952741899347,196.29864501953125,12526900,0.0012722798939481,0,0.0234008798297675,normal
2011-06-08,195.78253433748648,196.5440126347815,193.4219813091748,194.16653442382807,14453350,-0.0109209829656231,0,0.0227466955560389,normal
2011-06-09,194.1665325944111,195.38910914352044,190.8456723619815,191.5140686035156,19949120,-0.0137549444777489,0,0.0227628114651602,normal
2011-06-10,192.04287499876773,192.47860486603503,188.27782863449693,189.7669219970703,14751640,-0.0091646784301522,0,0.022639303975319,normal
2011-06-13,189.43275223285485,189.69079998238743,186.98335132353048,187.8251953125,17059570,-0.0102848746656967,0,0.0226179653280622,normal
2011-06-14,188.7600909622024,190.0715021176792,187.8928528802064,188.6966247558593,15920730,0.0046288472692195,0,0.0149293538949592,normal
2011-06-15,188.9716213414316,189.1619812409305,184.0855106921762,184.6566162109375,20552870,-0.0216425936405686,0,0.0147118125404175,normal
2011-06-16,183.73440245826083,188.26514902104327,182.8671642860261,186.598373413086,23779200,0.0104605996560085,0,0.0147675216460569,normal
2011-06-17,187.82941692685185,187.9394112571956,185.18965627966287,187.24562072753903,12198680,0.0034626634174008,0,0.0144530914172618,normal
2011-06-20,187.8294249105151,187.9817128419569,179.37287452833158,184.4620361328125,15482450,-0.0149775587309886,0,0.0131764070899923,normal
2011-06-21,185.12196016706832,186.9748739653733,181.1623064634066,181.7799530029297,16470300,-0.0146467699375794,0,0.0132841768961463,normal
2011-06-22,182.90519581332,183.142109608314,179.64356766874636,181.10305786132807,14625190,-0.0037306564728032,0,0.0125776927666454,normal
2011-06-23,180.7646666489557,183.5905786551596,180.72237305199505,182.8671722412109,9463560,0.0096938048687569,0,0.0127416157640112,normal
2011-06-24,184.187041838527,194.437273300422,183.9035998966025,193.42198181152344,27608460,0.0561141818441157,0,0.0174354305572447,normal
2011-06-27,192.4828612511656,197.11936787657604,191.38295660484647,196.79786682128903,22791310,0.0173029088442087,0,0.0178062663617455,normal
2011-06-28,197.2293305603423,198.76073035384155,196.2774923882372,198.07540893554688,17301420,0.0064706661615039,0,0.0168724556779283,normal
2011-06-29,198.9976326920384,201.9081443892189,198.4138365433429,201.32858276367188,18677540,0.0162905020454564,0,0.0169926859420415,normal
2011-06-30,202.0435402834481,205.8508933808367,202.0435402834481,203.45225524902344,27865900,0.0104930459709882,0,0.0171225342524043,normal
2011-07-01,204.62406401520323,205.55474249916875,201.70508323832192,204.7763519287109,18739400,0.006487057985554,0,0.0169608020303186,normal
2011-07-04,206.90002121048727,207.20460997290863,204.9202007098156,206.11317443847656,9574540,0.0065069910077335,0,0.016986846873602,normal
2011-07-05,206.3585337333348,209.69208497179616,203.86260482808257,209.2605895996093,15940790,0.0151549070866883,0,0.0172160044905358,normal
2011-07-06,208.981390314632,209.5948023935765,206.15125668828912,206.7688903808593,10108580,-0.0119786175379879,0,0.0172632126766862,normal
2011-07-07,206.9507762434408,210.4535402089189,205.6012801988902,210.06857299804688,13821540,0.0158323175448229,0,0.0170046190008659,normal
2011-07-08,209.9332205190371,212.7887353573313,207.95762160971432,209.69631958007807,14722650,-0.0017736286294338,0,0.016767858133053,normal
2011-07-11,208.9644577892484,208.9644577892484,204.83560361708223,206.028564453125,12102030,-0.0176455653013647,0,0.0171961520328726,normal
2011-07-12,203.39723821552488,205.1740079848068,201.734697290492,203.07150268554688,13952420,-0.0144566745692156,0,0.0177175925142022,normal
2011-07-13,204.3025564239847,206.57427490843315,204.07411163651503,205.69012451171875,8140370,0.012812639325217,0,0.0167768486011165,normal
2011-07-14,205.00481383499817,210.6100836432976,204.162956986786,208.73602294921875,15270140,0.0146996192307788,0,0.0168707455135417,normal
2011-07-15,208.5583128461689,211.4349740662016,208.5583128461689,209.3959350585937,13043910,0.0031564803629517,0,0.0168729312132115,normal
2011-07-18,209.2690482629564,210.15319872583973,207.58536034929065,209.552490234375,6776210,0.0007473721041391,0,0.0162177199396402,normal
2011-07-19,208.96445546772367,212.95794685145225,208.6429544302266,212.58990478515625,11027960,0.0143907222081862,0,0.0155214007645939,normal
2011-07-20,213.5501753155516,213.94783318206024,208.181807027816,209.0998077392578,9809450,-0.0165532932664627,0,0.016270732566045,normal
2011-07-21,209.23519347662528,209.78091766617723,206.78155834035468,207.7122497558593,7842670,-0.0066579797017052,0,0.0165466442245328,normal
2011-07-22,208.98138701319704,212.1118748439187,208.13954304695736,211.38424682617188,12400210,0.0175238450703325,0,0.0120906155437026,normal
2011-07-25,210.8850645563908,213.63481966093752,209.17176077068808,212.5941467285156,13838330,0.0057073813431465,0,0.0117134865229203,normal
2011-07-26,213.04257348450952,214.03248380167915,205.5167014495864,206.9550323486328,25320140,-0.0268833990423562,0,0.013552338825414,normal
2011-07-27,206.77310975903268,206.8492537203201,201.4089755394634,203.4776306152344,18543260,-0.0169454590616791,0,0.0137686535662338,normal
2011-07-28,200.98592849576988,202.6357788101097,198.4096212914292,199.3868408203125,19799270,-0.0203092141040155,0,0.0143078316961369,normal
2011-07-29,199.50530327381952,201.02824708250097,197.5339389145448,198.3884735107422,11077080,-0.005019765530986,0,0.0142216231563045,normal
2011-08-01,200.1060211335964,201.62050887635053,196.85284827241105,198.4138641357422,11195130,0.0001279761867589,0,0.0141016267301524,normal
2011-08-02,197.67780825695243,197.8554904476088,191.93716172191995,192.6605682373047,13644640,-0.0294251453699851,0,0.014770779851184,normal
2011-08-03,190.3676422729603,193.557361493882,190.23650115220505,192.7958831787109,12104420,0.0007021023851994,0,0.0146881891160965,normal
2011-08-04,193.6589157543877,195.44414198328107,190.5580435977526,191.0233764648437,11950660,-0.0092362187150625,0,0.0140055163089331,normal
2011-08-05,186.5603012171049,189.8600020609734,184.48741156338588,189.0858459472656,20169060,-0.0101946871278117,0,0.0140378120987398,normal
2011-08-08,185.19811363351664,191.6579180293823,184.4451043203572,187.5755920410156,15078220,-0.0080192015817024,0,0.0137497275136334,normal
2011-08-09,183.17597908044883,193.6673463902877,182.5414202614635,188.0155487060547,29536660,0.0023427435768974,0,0.0136344396073058,normal
2011-08-10,192.48283465950232,193.4896700141116,190.71029939103613,192.24169921875,14737300,0.0222287651447183,0,0.0143822217052795,normal
2011-08-11,191.63676354442995,193.18508861367368,189.6061804854955,190.058822631836,13660260,-0.0114198133923331,0,0.0138292731468736,normal
2011-08-12,192.7282098649071,192.7366789121301,181.90687186554987,185.8834381103516,22806370,-0.022213816602524,0,0.0142297349623867,normal
2011-08-16,184.4450871138994,190.15611618738023,183.20558538379032,185.8791961669922,27203690,-2.2820708529991407e-05,0,0.0142116715166622,normal
2011-08-17,186.56032162807293,188.9631816290681,183.01948493626364,183.6201934814453,18874550,-0.0122275213138829,0,0.0134269194010088,normal
2011-08-18,184.78352415339376,184.86813716054075,175.14246972811986,175.84893798828125,22263180,-0.0432441388235966,0,0.0155508946357542,normal
2011-08-19,173.4460561553393,178.43791309527003,171.4450762744856,172.38845825195312,28269740,-0.0198749111030895,0,0.0157410391478369,normal
2011-08-22,173.09071682782195,175.5528080162953,169.80792857652418,174.45713806152344,20180230,0.0119286758225607,0,0.0152818657926895,normal
2011-08-23,175.87434242257908,176.15354989070008,172.35466549899493,174.605224609375,17086370,0.0008484819480543,0,0.0150627602325665,normal
2011-08-24,174.86750392006346,176.0689467903969,167.3627915100969,168.34848022460938,31650290,-0.036491448173165,0,0.0157713924228653,normal
2011-08-25,169.21568697678453,170.0194589078978,165.11643592696134,165.8102264404297,36511880,-0.0151921979170577,0,0.0157374828086954,normal
2011-08-26,166.16979218992128,166.88050785588487,157.92899685654154,159.72691345214844,31415580,-0.0373783540917997,0,0.0167432347598525,normal
2011-08-29,162.87011516662707,164.98531146749235,161.74059466150618,164.02078247070312,21877780,0.0265275760953018,0,0.0187150317191954,normal
2011-08-30,167.0751063615896,167.84504082098343,162.6712666433542,166.99896240234375,29507680,0.0179944570599026,0,0.0196046456798618,normal
2011-09-02,168.4542291875236,170.99246460726448,165.83983689348943,168.66151428222656,29550280,0.0099062331810948,0,0.0193790336431267,normal
2011-09-05,166.9185717528307,170.5694019287679,166.00057105506286,169.7698516845703,26481160,0.0065498737775628,0,0.019539280945907,normal
2011-09-06,168.66996770546854,168.9576441934449,163.47928100326266,167.49815368652344,32404740,-0.0134713777591466,0,0.0195949693787479,normal
2011-09-07,167.81122683939168,172.8242451387808,167.79853617676577,171.56358337402344,25046770,0.0239816179949725,0,0.0207202366637467,normal
2011-09-08,172.32081079952772,172.60001826063598,170.1548518516823,171.2335968017578,24303920,-0.0019252589768941,0,0.020716177295913,normal
2011-09-09,171.75392802262053,173.2726373147869,164.13922185412997,165.2137451171875,36514780,-0.0357886269411711,0,0.0217752848291164,normal
2011-09-12,163.37776306699092,163.37776306699092,156.98563330371283,157.65826416015625,34519740,-0.0468102549636757,0,0.0224491143542553,normal
2011-09-13,159.06272732918706,160.7083558912375,153.8170442226975,155.07347106933594,40065080,-0.0165307940381715,0,0.0224961728407483,normal
2011-09-14,155.5091958863852,156.8290759837393,153.01326745509323,154.55735778808594,42356430,-0.0033337362506999,0,0.0223599754079644,normal
2011-09-15,156.33838083688048,161.16102560119674,154.83236217206124,160.5899200439453,37918130,0.038288759922195,0,0.0247078709139944,normal
2011-09-16,161.89711724447164,165.7425422664891,159.07120539802509,164.61302185058594,57707590,0.0247433620233463,0,0.0256844733736341,normal
2011-09-19,163.16624552338374,163.5046717627202,161.1821903882001,162.18902587890625,16373720,-0.0148349157747249,0,0.0242294402251698,normal
2011-09-20,162.10862633739814,169.20722358531629,160.92410883326747,168.4288330078125,23820310,0.0377508231057399,0,0.0256333500207822,normal
2011-09-21,168.7926585682813,171.2462810225138,168.42885101484768,170.02793884277344,32603240,0.0094494651426142,0,0.0255726363060235,normal
2011-09-22,166.02176075283924,167.00743653631696,163.2931523946269,163.93194580078125,27418300,-0.036511392607708,0,0.0267461092630185,normal
2011-09-23,161.685591728275,167.6842846462762,159.9088218767032,165.00643920898438,37517600,0.0065331215749333,0,0.0256305899178943,normal
2011-09-26,165.15873424784732,166.7578218941449,162.59933936305072,165.09950256347656,24401740,0.0005638393326572,0,0.0254127107227487,normal
2011-09-27,167.9508053066879,169.79101559043852,167.32046808833428,168.98724365234375,17630570,0.0232748927463761,0,0.0243407866716897,normal
2011-09-28,170.0617470556313,170.29019182322926,165.91596833623794,166.6224365234375,22320190,-0.0140928370521598,0,0.0239498665492372,normal
2011-09-29,165.49295109158166,165.983665234949,161.74058229620832,165.1841278076172,25805020,-0.0086696158503318,0,0.0236822174946732,normal
2011-09-30,163.69079952728418,164.0250041314495,161.20756133042917,161.6898193359375,23917760,-0.0213809734219427,0,0.0239868189853782,normal
2011-10-03,159.24466661879015,159.48580209705068,156.60914027367727,157.5059814453125,20078410,-0.0262163694275816,0,0.0244781089629257,normal
2011-10-04,156.5244915003457,158.45354906548545,148.06370817600268,151.21112060546875,50595240,-0.0407864249563116,0,0.0257766912628114,normal
2011-10-05,152.30254905514025,153.32630947133651,144.67938827385478,145.3900909423828,62754520,-0.039256597569218,0,0.0258980084101576,normal
2011-10-07,149.16362613481212,150.42005308897058,147.43339733708837,148.25831604003906,29985040,0.0195357185601503,0,0.0266098419641398,normal
2011-10-10,148.90559268202003,149.32017582586715,145.71165126821606,148.57562255859375,32689920,0.002137940431707,0,0.0258047645487949,normal
2011-10-11,150.33117687704163,152.80173672161047,148.35982592051866,149.29473876953125,39354610,0.0048283931628274,0,0.0239503225389632,normal
2011-10-12,150.62309988476804,159.06273697052825,148.6771299201488,158.39010620117188,53725530,0.0591385519741036,0,0.0273851700269359,normal
2011-10-13,159.14737613053185,163.62736038284427,158.63972385015785,159.68463134765625,41069620,0.0081397994948835,0,0.0274084921010612,normal
2011-10-14,158.30552294935222,161.304869849777,158.15745662157445,159.5027313232422,23597460,-0.0011397697113304,0,0.026015683504365,normal
2011-10-17,161.0933309548005,163.54696619428694,159.32926462455976,160.0526580810547,24612620,0.0034418277326819,0,0.0253625856986646,normal
2011-10-18,158.20821613493155,159.53655260597736,155.50922377761324,157.92477416992188,18018620,-0.0133840672939529,0,0.0253241965487532,normal
2011-10-19,159.7353939074217,162.74320978326625,159.57463692171893,162.30747985839844,15555360,0.02737375327776,0,0.0245765708960736,normal
2011-10-20,160.0780387984237,164.13921790595845,159.62961825654278,163.7204132080078,21594800,0.0086676154126665,0,0.0245582648091491,normal
2011-10-21,164.25767281369025,166.4574819885513,163.81348678325332,164.8372344970703,21746120,0.0067983539464782,0,0.0232176546194492,normal
2011-10-24,167.10050951365014,168.28501429045286,159.54925605866475,161.4952392578125,25165530,-0.0204828654891455,0,0.0236168776330085,normal
2011-10-25,162.43012616283414,165.83136491521785,154.5785197139446,155.6614990234375,66183590,-0.0367918923502381,0,0.0249215467345157,normal
2011-10-28,162.87008816269332,163.2212050099628,159.92996062791156,161.58404541015625,28314390,0.0373416407172477,0,0.0258804676118183,normal
2011-10-31,162.3539875112528,162.5951229594051,158.89352987158912,161.28793334960938,29915310,-0.0018342387264764,0,0.0257297002584257,normal
2011-11-01,160.1203579523819,162.5316868689547,159.57041208515895,160.8733673095703,20925820,-0.0025736565380212,0,0.0256779356867623,normal
2011-11-02,159.65498127373726,162.85315638811696,159.48576818659996,161.55020141601562,16533380,0.0041984219907931,0,0.0252598880619355,normal
2011-11-03,161.177964242974,164.13923917657195,161.04682310015397,163.69505310058594,28629820,0.013189325578728,0,0.0246401479382249,normal
2011-11-04,166.21208967134564,167.5996576522452,165.2433263434516,166.35169982910156,25322200,0.0160989561813753,0,0.0226532219749453,normal
2011-11-08,167.2697054474215,169.5541146594239,165.83137467765204,168.98724365234375,24294080,0.0157190099253075,0,0.0202360737194445,normal
2011-11-09,170.31559190086605,170.69632461537944,156.71064908862513,157.54403686523438,94152450,-0.0701182123976584,0,0.0264196132725401,normal
2011-11-11,157.52288171605628,157.78517688355095,150.71196043121262,152.15452575683594,54231820,-0.0348083970668309,0,0.0277442932563981,normal
2011-11-14,154.4939387617296,154.57853886537453,147.25149598076575,148.32601928710938,28123030,-0.0254839371569941,0,0.0283562832885993,normal
2011-11-15,147.6406675298008,149.22282986435113,145.38163995406194,146.34193420410156,34040170,-0.0134667855435814,0,0.0247627075164673,normal
2011-11-16,146.20235713339588,150.60196244296154,145.3647348294643,149.41322326660156,31890660,0.0207698793672097,0,0.0252437804956868,normal
2011-11-17,149.22284502670908,152.19258850801995,147.7675891288326,148.6940460205078,28578790,-0.0048249654765841,0,0.0252404455773662,normal
2011-11-18,148.07218982991895,149.4174644220288,144.1125487485986,146.088134765625,35137650,-0.0176807100971876,0,0.0253758667729468,normal
2011-11-21,145.77931152915895,145.90199651252368,139.9879038234342,141.48123168945312,28185380,-0.0320430323065252,0,0.0260511941589222,normal
2011-11-22,142.25964002101836,144.59481205877108,140.8974531047959,142.94496154785156,28518380,0.0102926018432008,0,0.025182331312054,normal
2011-11-23,141.63351097913198,141.63351097913198,137.67810501112345,140.0428924560547,29181030,-0.0205109215199144,0,0.0251115238881417,normal
2011-11-24,140.11058925027697,141.15971821162657,137.8261672251134,139.9329071044922,31828920,-0.000785677600656,0,0.0249359564593214,normal
2011-11-25,139.51832046497302,143.74449077519657,138.33381589051362,143.0380096435547,41738460,0.0219473238724594,0,0.0256303120179645,normal
2011-11-28,145.61009537662363,151.2745834569238,144.77670765011155,150.568115234375,25489820,0.05130517807501,0,0.027569110004569,normal
2011-11-29,151.27881882156473,152.04028420905337,147.82258291549988,149.01132202148438,30152190,-0.0103932849390968,0,0.026038378856442,normal
2011-11-30,148.03835106110407,151.8710855008211,146.20236232877804,149.11709594726562,80068770,0.0007095863650983,0,0.0260559798190859,normal
2011-12-01,153.64785921770175,156.75296573223517,153.14020695875757,154.33740234375,24461390,0.0344092540037817,0,0.0274327111595354,normal
2011-12-02,154.3670187941069,160.6703009983351,152.4464169960752,159.64231872558594,32783180,0.0337946746417063,0,0.0285638068105009,normal
2011-12-05,159.46040725730762,162.19323704887535,158.2166708971239,161.6898193359375,29149520,0.0127439996121285,0,0.0285526682120762,normal
2011-12-07,161.99866068219114,165.8187048115107,161.93942898694343,164.5961151123047,33426470,0.0178148815708789,0,0.0286080626570637,normal
2011-12-08,163.29312323545483,163.61463714301533,157.37057472432434,158.03897094726562,32063030,-0.040653031795137,0,0.0296797706966776,normal
2011-12-09,154.85347825146616,159.47730604904604,153.98625314369264,157.8401336669922,37919700,-0.001258945613249,0,0.0251794177763571,normal
2011-12-12,159.29116507318685,160.47143500578065,149.1636067946312,149.988525390625,41127410,-0.0510239147908464,0,0.0265842964201845,normal
2011-12-13,148.74058402137857,152.9625069385437,147.78027678316238,151.26612854003906,31436850,0.0084819324269638,0,0.0259972663488736,normal
2011-12-14,150.94037029370492,155.67417962632567,149.84470039551144,151.0376739501953,43558460,-0.0015114241465177,0,0.0257841412068913,normal
2011-12-15,148.6136749980795,149.92087756793725,146.07967416441682,146.9468994140625,44368240,-0.0274580090105445,0,0.0261475517749104,normal
2011-12-16,148.23293906271664,150.79655568506342,140.88474992865406,142.06503295898438,50521620,-0.0337863616987741,0,0.0271625611941346,normal
2011-12-19,140.87207767146433,140.87207767146433,135.10605032457542,137.7500457763672,41792820,-0.0308441509976811,0,0.027709344027469,normal
2011-12-20,138.08000957473757,139.51834045267717,132.92739457246682,133.55349731445312,33988040,-0.0309386538306757,0,0.0276493275244321,normal
2011-12-21,136.63322704719255,138.3338402521859,134.97914196468582,137.36085510253906,29947570,0.0281093153187352,0,0.0283737138425821,normal
2011-12-22,136.21862856075316,142.06079914416617,134.36994923876412,141.38816833496094,34376160,0.0288976329839405,0,0.0288238611674667,normal
2011-12-23,141.71814206118742,143.13954767723592,138.58765434096685,139.38719177246094,26774370,-0.0142534618304734,0,0.0290116446152653,normal
2011-12-26,139.02340147579025,141.71815963973629,138.94302297930324,140.9270782470703,16405640,0.0109869680547518,0,0.0286729050529203,normal
2011-12-27,140.8720773870723,141.2105036401648,138.19846609318577,139.06570434570312,15426610,-0.0132960664630319,0,0.0260166184809242,normal
2011-12-28,137.8346376138647,138.33382078002143,135.58406593271218,136.2355499267578,17801920,-0.0205611422454063,0,0.0262469970538815,normal
2011-12-29,135.3725450079725,138.50303252925548,134.52646660167267,137.8134765625,36163040,0.0115157794482252,0,0.0264697708312848,normal
2011-12-30,138.57919787681195,139.59872406298092,135.84213329356632,136.98434448242188,20779220,-0.0060345063364231,0,0.0248830306953276,normal
2012-01-02,137.82619105460907,138.41845636953693,136.33709744968004,137.71197509765625,14464990,0.0052977216305176,0,0.0232487975696993,normal
2012-01-03,139.09529004942962,144.6794129045348,139.01068995170525,144.31137084960938,21341020,0.0468088956639025,0,0.0258982313730816,normal
2012-01-04,144.84862639408226,145.00938336335682,141.7350639307117,143.49913024902344,22241630,-0.005644288542963,0,0.0253022514299691,normal
2012-01-05,143.49494730065453,145.40284591868448,142.14545079197174,143.194580078125,21344840,-0.0021245690050699,0,0.0240284652469712,normal
2012-01-06,141.7181438160192,144.47635498234283,140.28403461158433,141.52777099609375,21137420,-0.0117084459107976,0,0.024057986815715,normal
2012-01-09,140.59284006544507,140.59284006544507,137.49619015766373,138.52418518066406,26127920,-0.0214510266572593,0,0.0219239448100568,normal
2012-01-10,139.5817993516068,144.5736571104606,139.51833313888736,144.05331420898438,28087310,0.0391385359916123,0,0.0238296373532179,normal
2012-01-11,144.34097491596415,146.6846027028079,143.26645177249355,146.11351013183594,24529370,0.0142003176767238,0,0.024119183946525,normal
2012-01-12,146.4307789493565,150.29735010330364,145.55085027944196,149.2820587158203,25162480,0.0214537416786226,0,0.0238435569763792,normal
2012-01-13,150.33545647941648,152.2856741387213,149.75589477148714,150.27200317382812,20468290,0.0066094784733525,0,0.0224296276331704,normal
2012-01-16,148.58829060834805,155.24693667001097,147.92835046192576,153.6816864013672,21265790,0.0224364854142393,0,0.0213609746540966,normal
2012-01-17,155.50922163816944,158.41973357078265,155.2596300447218,156.01686096191406,22716470,0.0150805926378572,0,0.0196418214330335,normal
2012-01-18,156.5244935727971,158.30126325848664,153.98625854188688,157.82322692871094,21712160,0.0115115052790457,0,0.0190799721681757,normal
2012-01-19,159.06275190404884,161.8082724000863,158.64816880728938,159.4265594482422,17022890,0.0101077840807892,0,0.0183922555819967,normal
2012-01-20,160.58570240059643,164.47765576708446,160.34456692888574,163.53428649902344,26377250,0.0254392978525652,0,0.0182321854731348,normal
2012-01-23,163.4539057945768,166.43210569869368,162.53168333752163,164.18153381347656,16830570,0.0039500574333972,0,0.0182391703813396,normal
2012-01-24,163.46235629305497,174.12295007939602,163.01393574095982,172.66769409179688,51131380,0.0503961747682906,0,0.0198786592955956,normal
2012-01-25,173.8902455153085,176.4877122137436,172.59152507622187,174.1229248046875,33818960,0.0083926102685198,0,0.0184778617610538,normal
2012-01-27,174.6643966926366,175.13819844890662,170.73012506835877,172.65072631835938,21060520,-0.008490883470575,0,0.0190533606698968,normal
2012-01-30,170.48478536699568,174.18637810139074,166.69012349887345,167.9676971435547,20774550,-0.0274989487023198,0,0.0206194393733775,normal
2012-01-31,170.89515590684482,175.3920649254585,170.23098122645644,174.4275360107422,29751020,0.0377377069735347,0,0.0214721946544948,normal
2012-02-01,173.53068344923108,176.6950083743946,172.81151165162208,175.7854766845703,27568480,0.0077549801412812,0,0.0198360041632513,normal
2012-02-02,177.25343571235524,178.81021696576462,167.7181279424907,175.35821533203125,55330560,-0.0024335425816328,0,0.0197165141731801,normal
2012-02-03,175.1382410069531,179.16556982400627,172.30387300534787,177.9429931640625,24481860,0.0146324093325844,0,0.0195281860603103,normal
2012-02-06,180.37968839226616,185.0754131244788,180.37968839226616,182.9771423339844,31648070,0.0278980038876781,0,0.0191227932889208,normal
2012-02-07,184.6058691356361,185.14735885675228,181.5176748786916,182.16915893554688,21732080,-0.0044255396500041,0,0.0178525585470732,normal
2012-02-08,182.8798527363459,185.12196838636285,181.50075363470103,184.2547302246093,24978160,0.0113835034894123,0,0.0168194590670968,normal
2012-02-09,183.11674802316296,185.4603888841741,182.54987702547027,184.7835235595703,18499690,0.0028657934045783,0,0.0169428034510236,normal
2012-02-10,185.121983078542,186.898740227538,181.9195727763653,183.75979614257807,22965380,-0.0055555479928646,0,0.0172022345142959,normal
2012-02-13,183.937469353572,184.48742815041803,177.3380670724911,180.1512756347656,56126600,-0.0198325308844129,0,0.0184769404623276,normal
2012-02-14,180.08780175648445,187.65173219238807,180.08780175648445,186.1499481201172,36543090,0.0327556034913012,0,0.0190064000375636,normal
2012-02-15,188.4216729660803,191.00644940902825,188.04094023604293,190.4226531982422,26676630,0.0226935705422581,0,0.0191975606928226,normal
2012-02-16,189.71192713846133,201.15089737307648,188.6035536323991,198.8580322265625,42827580,0.0433450720711396,0,0.0206009790323349,normal
2012-02-17,201.1128403051292,209.1125134130244,201.1128403051292,204.5013885498047,50345570,0.0279836012016589,0,0.020920156266085,normal
2012-02-21,204.7509551792467,209.404385978775,204.3279160156532,207.49647521972656,27876680,0.0145395871991897,0,0.0207048186282708,normal
2012-02-23,190.73569956899632,196.55248910362047,190.1138313714348,191.25604248046875,44543300,0.002436076397398,0,0.0280533585624386,normal
2012-02-24,192.90587895081296,194.85186189067653,185.71421241098,186.61105346679688,36297520,-0.0245865440613428,0,0.02880944766432,normal
2012-02-27,187.39792562123168,187.82942099478805,178.61562694077338,179.60977172851562,29408220,-0.0382399601393483,0,0.0301938537630196,normal
2012-02-28,180.97615667861425,190.79067085330223,180.26968847519456,188.7812347412109,44586320,0.0498022938351558,0,0.0311545776130556,normal
2012-02-29,191.63675728861668,193.49812718356583,188.08323059641705,190.1603546142578,35696060,0.0072788313595282,0,0.0302444584751481,normal
2012-03-01,189.001237191178,189.33120728299232,184.99083344607075,187.72366333007807,22623660,-0.0128966822718732,0,0.0304726127969434,normal
2012-03-02,188.37090175569207,193.0750957762767,184.9527505677561,190.08843994140625,31101180,0.0125184316384006,0,0.0305083155306563,normal
2012-03-05,189.07314005689173,189.07314005689173,183.1505912889651,184.1108856201172,19686120,-0.0319512219025348,0,0.0314210770316429,normal
2012-03-06,181.99147710062653,191.4675530201789,178.9371334243373,181.72496032714844,44398420,-0.0130438782765409,0,0.0309549240942572,normal
2012-03-07,180.6377599223989,183.0744701359672,178.1841374341106,181.1919403076172,35286120,-0.0029374239770083,0,0.0309463826612477,normal
2012-03-09,185.2911855203248,189.7754040076377,185.1304285448913,188.37091064453125,22974790,0.0388560350408422,0,0.0320797858915124,high_volatility
2012-03-12,195.05068387265467,196.6751528250396,192.9947066807979,195.5117950439453,36567100,0.037207762189138,0,0.0330824349799724,high_volatility
2012-03-13,198.09236665070057,198.828450826774,195.9940826402963,196.92477416992188,18007900,0.0072010884954858,0,0.0330353594973084,high_volatility
2012-03-14,200.55020150384027,200.89286223133595,197.3224102639764,199.2345428466797,22802380,0.0116609391753854,0,0.0326145835429339,high_volatility
2012-03-15,199.50529215858683,200.3513705707012,193.41353017339003,194.538803100586,27417960,-0.0238510930187878,0,0.0325383890458296,high_volatility
2012-03-16,194.59804948576328,199.2472465802784,187.40638243955024,188.4978179931641,40578470,-0.0315452137751766,0,0.0329978295622811,high_volatility
2012-03-19,188.67548834064607,189.26774065475607,181.90686095622823,182.545654296875,22683990,-0.0320861289195448,0,0.0320179833594879,normal
2012-03-20,182.75291560519253,186.3783642747732,180.9000020341301,185.0669403076172,26379790,0.013717296862393,0,0.0314146071507128,normal
2012-03-21,184.77508335721743,189.4369712510945,184.13628995758063,188.9166412353516,23060820,0.0205882669721084,0,0.0316408476191283,normal
2012-03-22,188.4216714242453,190.84145634863413,181.91532596792703,182.8037109375,30745480,-0.0328929067555758,0,0.0265634766686691,normal
2012-03-23,184.106660728382,186.5433576849028,179.97779410102814,183.32403564453125,30728320,0.0028423142588156,0,0.0265673135433858,normal
2012-03-26,182.64296698050245,182.66834830343063,178.52256869680016,179.15289306640625,20093020,-0.023015681136008,0,0.0264996273129713,normal
2012-03-27,182.3299102733152,183.7597849531448,177.4818842553631,180.14279174804688,38470940,0.0055102314229733,0,0.0251240945835014,normal
2012-03-28,179.36861953478692,179.48706999354613,174.5840472493464,175.9208526611328,24367160,-0.0237156307897379,0,0.0227421312431228,normal
2012-03-29,173.44607770238835,175.98007846245653,173.2049422520289,174.4063720703125,25090990,-0.0086461451955779,0,0.0226223250200181,normal
2012-03-30,174.94360874777567,178.51406010539625,174.94360874777567,177.36761474609375,25032100,0.0168364503198983,0,0.0230030798214094,normal
2012-04-02,177.6764775631547,180.9719567975561,177.6764775631547,180.24855041503903,20297730,0.0161122358247638,0,0.0231429570608296,normal
2012-04-03,181.2299821967605,184.7158338201343,181.2215260608046,183.81475830078125,21628480,0.0195917680796533,0,0.0225720139929408,normal
2012-04-04,181.90687160927564,184.3604940157662,180.77312955442184,182.9687042236328,15237090,-0.0046133790868925,0,0.0223952114326097,normal
2012-04-09,181.73766116043444,181.81380512565264,176.83463788906442,177.7145538330078,13896030,-0.0291364900959454,0,0.023343229911854,normal
2012-04-10,178.52256821200922,182.499134684942,177.25768495236596,182.00840759277344,19318620,0.0238742486251934,0,0.0222108967310433,normal
2012-04-11,179.8043502719614,184.4027843004267,179.123263358293,182.6302490234375,25933200,0.0034107301692154,0,0.0202966570437872,normal
2012-04-12,184.0262741240877,189.01389666074127,184.0262741240877,188.4681854248047,33620420,0.031465603312565,0,0.0216446195223218,normal
2012-04-13,190.3676676440762,193.21049199729973,185.7396170912073,187.17794799804688,27182620,-0.0068694571073892,0,0.0214156976282119,normal
2012-04-16,187.1525286585448,192.30514271768604,186.22185021852653,191.64520263671875,20681450,0.0235860016662137,0,0.0216248363710169,normal
2012-04-17,194.3442193673744,198.8030564592396,187.92248696473547,194.9618530273437,55740650,0.0171581543106738,0,0.0206967128924451,normal
2012-04-18,196.54824108879663,197.96542502380072,192.5039872754977,193.9000244140625,18500350,-0.0054612257665977,0,0.0192132261732232,normal
2012-04-19,194.3442034424601,194.4965042658044,190.71875444583551,191.9794158935547,19747410,-0.0099545307664214,0,0.0192484657951048,normal
2012-04-20,191.63678306827592,193.53200358379567,189.3692988517936,191.25181579589844,19024070,-0.0037971903735485,0,0.0187641841066757,normal
2012-04-23,191.6367410992951,192.8635520916353,184.61428840193057,185.56190490722656,21607120,-0.030202421467159,0,0.0185193685557375,normal
2012-04-24,185.71846016257007,187.4571452353556,184.0305248226332,185.3504180908203,17626560,-0.0011403602749853,0,0.0185170847104859,normal
2012-04-25,185.22350368142023,186.72952237869603,180.273952202216,183.74710083007807,24860580,-0.0086878251040873,0,0.0178214949542945,normal
2012-04-26,185.1219910520036,185.1219910520036,180.806985242626,182.9517974853516,19133070,-0.0043376437472764,0,0.0178340995262672,normal
2012-04-27,182.0760562957209,183.48900557515688,177.76106450519862,179.83395385742188,25322120,-0.0171887698505761,0,0.017417233963867,normal
2012-04-30,180.2993007590788,183.58631048677967,179.96086167448303,180.90000915527344,17221600,0.0059104964357015,0,0.0172922249610346,normal
2012-05-02,181.4838336029248,183.50596064974084,179.8212924914278,181.111557006836,13934080,0.001168735451662,0,0.0169275567519012,normal
2012-05-03,179.45326978048865,180.02859701096585,175.60360970669004,176.33123779296875,22939970,-0.0267489193147394,0,0.0176185895857742,normal
2012-05-04,174.9097906267463,175.05362241096566,168.03118175370346,168.89840698242188,24320340,-0.0430668670988927,0,0.0192419705592384,normal
2012-05-07,164.64687284668832,172.6000051760411,158.72432364947124,171.6016387939453,38693170,0.015878345040666,0,0.0197591843559527,normal
2012-05-08,172.26158273248265,173.35301828514434,162.68820271898915,165.43795776367188,30371610,-0.0365794901174627,0,0.0203349545395808,normal
2012-05-09,163.80078960081715,165.40833345757957,158.72854062203874,159.3250274658203,34001410,-0.0376499333830793,0,0.0206149777688685,normal
2012-05-10,159.90882162727078,163.5215801010943,155.02694552148483,155.9449462890625,41622790,-0.0214432770297179,0,0.0207250683012118,normal
2012-05-11,155.59382134855386,159.46886218775205,154.07089047099004,156.8291015625,36830270,0.0056536508357218,0,0.0188650056302189,normal
2012-05-14,157.45517342915576,160.38259705492226,153.43630159004107,155.65725708007812,29719730,-0.007500167244248,0,0.0188614515955106,normal
2012-05-15,154.49393508729912,158.36050701449673,154.4093220755333,157.40443420410156,26559600,0.0111619869992942,0,0.017904428426854,normal
2012-05-16,155.17077697305416,156.08454321533478,152.48870993244108,154.63775634765625,28987000,-0.0177331812296559,0,0.0168010638917771,normal
2012-05-17,155.27230781944684,157.53979167962575,154.2062407988011,156.38490295410156,28710190,0.0112349691052031,0,0.0175207883712506,normal
2012-05-18,153.99049606886413,165.57753249773887,153.99049606886413,164.18572998046875,88722070,0.0486779918852873,0,0.0219950695276957,normal
2012-05-21,165.83138426567103,171.75393370373072,165.83138426567103,170.01947021484375,38849830,0.0349146742568073,0,0.0239813286331028,normal
2012-05-22,172.17696775612256,172.6000069889386,163.38621301461086,164.03346252441406,41395000,-0.0358425143737504,0,0.0243132148281492,normal
2012-05-23,163.56388050252977,167.00741283552688,162.48935733271568,165.4083251953125,34534760,0.0083466682370225,0,0.0245081880901854,normal
2012-05-24,168.68202931038027,170.06042409260692,165.87352545815142,169.3841552734375,32104050,0.0237521284170991,0,0.0253581810931426,normal
2012-05-25,169.06109551870446,173.8510427874836,168.35896954164747,172.894775390625,29159720,0.0205139312636726,0,0.0259464078707766,normal
2012-05-28,173.93720511311025,181.51842344932464,173.7606088152229,181.02737426757807,35316050,0.0459650841660259,0,0.0278776360400521,normal
2012-05-29,182.20761802324137,185.21426382843023,181.32027228261475,182.6512908935547,48415290,0.0089305619189401,0,0.0279176011214186,normal
2012-05-30,181.0445531205315,182.46603862534863,179.36462765617577,180.76026916503903,32384070,-0.0104071471805902,0,0.0280224082840417,normal
2012-05-31,179.1923437175429,179.963391377252,175.53096169446812,177.12904357910156,40737620,-0.0202931469083038,0,0.0277349566841121,normal
2012-06-01,177.465043979099,179.2354368630545,173.76489564050263,174.7340850830078,26260160,-0.0136132222275877,0,0.0260457304084252,normal
2012-06-04,171.62840393675992,176.95247919419435,170.0647759363024,176.2503662109375,29318990,0.0086402150025683,0,0.0258881396763345,normal
2012-06-05,177.81395969732907,181.7768730892172,177.55551968324946,179.4292755126953,32970970,0.0178756025180808,0,0.0245178481464606,normal
2012-06-06,180.91539373403023,186.7736091126082,180.5707982422508,185.9336395263672,33459450,0.035608711312423,0,0.0234057400426487,normal
2012-06-07,188.065836201556,188.58272936852504,185.7871603733238,186.769271850586,35579490,0.0044841813623834,0,0.0224018255559706,normal
2012-06-08,185.35639739993243,188.8067159184845,183.62908228312853,187.759994506836,29803650,0.0052905076108009,0,0.0224048433859003,normal
2012-06-11,189.5303841136605,191.0724664549406,185.69670397318345,186.4978942871093,28149690,-0.0067445739520728,0,0.0223761739916315,normal
2012-06-12,185.65362504733463,190.55126033799905,183.7238564165604,190.06021118164065,38566440,0.0189209745795988,0,0.0224819450354962,normal
2012-06-13,190.3918905126256,193.3209912623226,188.324291529954,191.77459716796875,31091980,0.0089797863840939,0,0.0215580142569679,normal
2012-06-14,190.564191412324,191.14139602839217,184.7146001007573,185.24441528320312,33236270,-0.034644592495594,0,0.0238266531962584,normal
2012-06-15,186.8123355485374,188.6559486445376,184.96441073752376,188.07443237304688,28244050,0.0151616845509643,0,0.0219548094082346,normal
2012-06-18,190.9087789724536,192.27856349897377,179.33019420347532,179.8772430419922,53583960,-0.0445631662195431,0,0.0237186219772832,normal
2012-06-19,179.87723323130822,182.31959616315388,177.12474232891384,180.97134399414065,37168690,0.0060640631235466,0,0.0219052673535585,normal
2012-06-20,182.09562269394988,183.2328113262859,180.62246204671067,182.3842315673828,25115340,0.0077769259055555,0,0.0219009375581837,normal
2012-06-21,180.9325992214412,188.23813030018488,179.6231128951421,187.6652374267578,34033180,0.0285440994363606,0,0.02214308406842,normal
2012-06-22,184.9644130090641,188.195044395385,183.3706427457628,185.89483642578125,35627920,-0.0094786053428279,0,0.0220614538668772,normal
2012-06-25,186.1791500716193,189.5303914676603,181.05321711329324,182.20762634277344,43573040,-0.0200342773210806,0,0.0202571839181068,normal
2012-06-26,182.03531976870605,183.65493409633635,180.5793797290084,182.0439300537109,26383570,-0.0008988090631767,0,0.0201563967876822,normal
2012-06-27,183.3361717137856,184.22351739882168,181.1996512130117,182.0697631835937,19443200,0.0001418959539609,0,0.0200118218585407,normal
2012-06-28,182.4660650623605,183.02173734682032,178.6797613608812,180.76890563964844,27841960,-0.0071704767403755,0,0.0195077699669267,normal
2012-06-29,183.49988006407705,186.94588720143057,183.2414268996807,185.99822998046875,25872690,0.028517706348011,0,0.0201102219205167,normal
2012-07-02,186.9286377440655,189.29776745149564,186.084369747241,187.97537231445312,23629020,0.010573798487659,0,0.020142760219249,normal
2012-07-03,189.0995999516429,189.8749461283359,187.5618164508816,188.4405517578125,23044680,0.0024716259351595,0,0.0198451938021795,normal
2012-07-04,188.6774885889945,192.10627492885047,188.6774885889945,191.6669006347656,33471910,0.0169763909749196,0,0.0186052667624308,normal
2012-07-05,191.24480851710013,192.9462668556576,190.5728380972661,192.41213989257807,18782280,0.0038806605642154,0,0.018600692329378,normal
2012-07-06,192.6059560931604,192.6059560931604,190.0214507957144,191.481689453125,21904250,-0.004847445779446,0,0.0186297370491524,normal
2012-07-09,189.3580745624264,191.16722022864604,188.8928562872038,190.3444976806641,21137340,-0.0059566115326346,0,0.0186133642714634,normal
2012-07-10,190.7192439669724,192.52838958721853,190.56416683068144,192.0287170410156,17667680,0.0088093526818155,0,0.0182350471434643,normal
2012-07-11,190.8226365003832,194.0575797591195,190.40049591300064,191.14138793945312,24675290,-0.0046315235776681,0,0.0181563358567443,normal
2012-07-12,189.0910099906484,192.8686901553468,189.0134648482681,191.35675048828125,19749170,0.0011260842861675,0,0.0162420373438673,normal
2012-07-13,191.41706941159435,192.4164145624467,187.0449508084565,187.67384338378903,17027690,-0.0194339089017772,0,0.0165633363523164,normal
2012-07-16,188.2381102578853,190.9001471976945,187.6565940158661,189.4829864501953,18541930,0.0095936586541487,0,0.0129444155015627,normal
2012-07-17,190.822650319296,191.542010112409,187.9883151572528,189.452865600586,13473830,-0.0001589759823978,0,0.0129315834835525,normal
2012-07-18,189.09961290641493,189.75434943057743,186.2782002499408,188.2811889648437,20777200,-0.0062037318550922,0,0.0129970797322564,normal
2012-07-19,190.74939829313809,191.0207734392713,185.5674659529631,185.92068481445312,20951570,-0.0126163743498031,0,0.0116984748680397,normal
2012-07-20,185.30902607978047,187.2474049586675,183.24572577018844,183.6721649169922,19267410,-0.0121677009752367,0,0.0118222980617851,normal
2012-07-23,181.94916715690684,182.96574605859223,179.7738804941225,180.3252410888672,15895700,-0.0183903407064454,0,0.0116849939097206,normal
2012-07-24,180.484603881836,182.19037354566703,179.2268056316348,180.484603881836,16448600,0.0008833617239281,0,0.0116887417038277,normal
2012-07-25,179.73510395415315,180.4630739426012,177.55550570386202,178.3610076904297,17127660,-0.0118358475823612,0,0.0119615543937387,normal
2012-07-26,178.76159167605624,179.51971733164305,173.07567555009894,173.79934692382812,24636420,-0.0259081743052496,0,0.0131433329903981,normal
2012-07-27,176.6940182472628,178.0982571931392,166.39906158159351,167.21749877929688,42134890,-0.0386061022485106,0,0.013514457654506,normal
2012-07-30,168.10053721563582,175.7463656219844,167.21750313675423,175.03562927246094,34443090,0.0456941960980543,0,0.0174091337551484,normal
2012-07-31,175.5740327492796,176.17276953941231,169.56075512363827,172.73968505859375,48379270,-0.0132037984034916,0,0.017475737923386,normal
2012-08-01,173.16185392714593,176.15987637410717,172.75263533256145,175.17776489257812,19820020,0.0140155070947605,0,0.0172971953899065,normal
2012-08-02,174.88482718653748,174.88913890114708,172.089258662939,173.2781219482422,21311770,-0.010903312789483,0,0.017236081436526,normal
2012-08-03,171.52930661684016,173.5409190382753,170.14659995364573,172.76126098632812,20063360,-0.0029872978150686,0,0.0172433118635192,normal
2012-08-06,175.29834269669578,175.50079609944945,173.2307441053373,173.87255859375,16064040,0.0064119618575437,0,0.0174333875355904,normal
2012-08-07,174.12670807646143,178.49452772131104,173.2695181472436,177.5770263671875,25271900,0.021081857162656,0,0.0181295460886426,normal
2012-08-08,178.58930215161317,179.9633983925342,176.8835324939249,177.53826904296875,22909420,-0.0002182802310883,0,0.0181471769677793,normal
2012-08-09,178.09395165575876,179.23543882701134,169.14294914338325,169.608154296875,42898490,-0.0456953841365086,0,0.0203761965032296,normal
2012-08-10,169.11276652673752,171.783413596575,161.6177052439138,162.6299591064453,108902910,-0.0420133712938053,0,0.0217378338512683,normal
2012-08-13,162.99613188034704,164.63299312686988,160.11010884476326,164.24961853027344,53428630,0.0099099043786505,0,0.0217507742599328,normal
2012-08-14,164.63298030465597,166.2655165631655,163.5173240339441,164.5769805908203,36635290,0.0019910929929194,0,0.0217923966949783,normal
2012-08-16,165.23604740807536,165.73140831259843,162.82383974571076,163.20721435546875,27216820,-0.0083577806979544,0,0.0217933789397223,normal
2012-08-17,163.2545734339824,165.16710827466213,162.16477430073013,163.43118286132812,28632600,0.0013713546408968,0,0.0218329877117412,normal
2012-08-21,163.92653219297878,165.23170666119813,162.75057771350515,164.98617553710938,19716500,0.0094696839635188,0,0.0220693734611954,normal
2012-08-22,163.685319020137,166.52827719010753,163.4268658873265,164.73204040527344,25303710,-0.0015415295235357,0,0.0218666261055084,normal
2012-08-23,164.89570815623176,166.2611939386427,163.69390977658935,164.7061767578125,21831520,-0.0001570166797089,0,0.0218543241877482,normal
2012-08-24,163.68533062187714,164.02562748995516,162.2681565786552,163.15550231933594,18012150,-0.0094593915684075,0,0.0218191960717952,normal
2012-08-27,162.84535949057428,163.6336409361293,158.3612545474556,158.90399169921875,20736720,-0.0264035539422788,0,0.0218450967618391,normal
2012-08-28,158.7101573132399,160.19623987130817,157.67204617830544,158.87814331054688,24599940,-0.0001626799362277,0,0.0203225506173605,normal
2012-08-29,159.29165264809254,159.9636228953563,157.18097619730383,157.6461944580078,18804350,-0.0077842675986818,0,0.0168634904713689,normal
2012-08-30,156.9656167324232,159.11937111444183,156.37549013502587,158.490478515625,21627450,0.0053412725382555,0,0.0169118622169525,normal
2012-08-31,158.43015163489957,160.65713923276616,157.53850739824617,158.2880096435547,27903670,-0.0012782995513189,0,0.01637721284175,normal
2012-09-03,159.37781418164514,160.67006672906388,158.73168790793576,159.43812561035156,15997080,0.0072397002488786,0,0.0165387336428409,normal
2012-09-04,160.23931787109373,162.11308671722932,159.46397159119695,161.5315704345703,17181080,0.0130446863716349,0,0.0169812693271637,normal
2012-09-05,160.25225618850698,160.84238281597493,157.4049990602202,157.67636108398438,19033670,-0.0241560214012963,0,0.0174252375132919,normal
2012-09-06,157.39638584578086,160.66578379904172,157.39638584578086,159.7181396484375,19561570,0.0128660498224686,0,0.0168687224840717,normal
2012-09-07,162.65152011668033,163.8576172127425,162.19061356210668,163.00042724609375,24267990,0.0203421873983513,0,0.0177957279637584,normal
2012-09-10,163.59915255079972,164.11605878152855,159.92484866347831,160.33837890625,19432850,-0.0164663717327515,0,0.0152300612282773,normal
2012-09-11,158.9556828556559,161.2602026615864,158.94707257054284,160.0411834716797,18557340,-0.0018552714012765,0,0.0121189967166659,normal
2012-09-12,161.10082707986138,161.7038756751298,158.95138442243294,160.18763732910156,19625090,0.0009146826151775,0,0.0118647694467918,normal
2012-09-13,159.72241534990243,162.39307596885266,159.72241534990243,160.89405822753906,16407420,0.0044002635344337,0,0.0119115664868209,normal
2012-09-14,165.3221781348918,170.1465931221132,164.63298726140872,169.84506225585938,37985040,0.0541404980185955,0,0.0170190453533867,normal
2012-09-17,172.81725338728077,179.95478527483436,172.81725338728077,179.15359497070312,53902050,0.0533568873898842,0,0.0205272820111737,normal
2012-09-18,179.1923704140577,185.81732121196865,177.52105485595845,185.17550659179688,44354080,0.0330605492727107,0,0.0214780545642087,normal
2012-09-20,181.6907205947694,186.07577465641336,180.91537424903456,182.926986694336,31870400,-0.0122169662263535,0,0.0217996248253279,normal
2012-09-21,184.00813935922093,193.19175035720124,183.9392176478576,190.6675567626953,42035570,0.0414442776211796,0,0.0231976351996609,normal
2012-09-24,190.8226415027545,194.0791171322924,188.16490276598768,189.379623413086,29149940,-0.0067777810084912,0,0.0231031140684698,normal
2012-09-25,190.66758616230683,193.4071555976937,187.1181897798988,189.22886657714844,30847570,-0.0007963732873976,0,0.0218009527254122,normal
2012-09-26,188.49656808026515,192.9763741364819,187.07078386763564,192.0287170410156,28369700,0.0146877120248536,0,0.0217348282754517,normal
2012-09-27,192.9763886499192,195.12153270254984,192.13212063030832,193.6009826660156,27464560,0.0081543218182371,0,0.0213576075025006,normal
2012-09-28,195.5092053691987,196.25009738531767,191.75305728790508,193.028076171875,22346820,-0.0029635998658701,0,0.0215384919057554,normal
2012-10-01,193.1831598895509,196.3104023474383,192.9936284502276,195.5738220214844,15900770,0.0131022636801869,0,0.02138669190338,normal
2012-10-03,196.5042453137646,198.3478585573004,194.10064803804727,197.8783416748047,25948710,0.0117144914674263,0,0.0213733534809021,normal
2012-10-04,199.006906167915,202.36675776710592,198.51154528598568,202.0824737548828,24480430,0.0210234941249005,0,0.0214915962665371,normal
2012-10-05,202.45293024572425,203.5341192499714,173.1877120006937,201.54405212402344,39747760,-0.0026679215348988,0,0.0201247721882605,normal
2012-10-08,201.6344697511436,201.6344697511436,194.81137805961228,195.5135040283203,18144560,-0.0303785271019947,0,0.0222668430837109,normal
2012-10-09,197.6198742813196,198.66229712150545,194.46677490689297,196.6420745849609,19485380,0.0057557445761338,0,0.0221526817077304,normal
2012-10-10,194.52708372572903,195.03105485160512,191.12415468816408,191.5592041015625,21841000,-0.026188275289753,0,0.0228455429358176,normal
2012-10-11,191.856424618083,196.74113764543768,188.7894806908245,195.3153533935547,29460140,0.0194185285590657,0,0.0228138728846354,normal
2012-10-12,195.53505681169432,197.6672789399818,193.41575668407336,193.98866271972656,17758970,-0.0068157314323746,0,0.023039543121521,normal
2012-10-15,193.6655896590064,195.5307351023993,192.1838056461077,195.082763671875,14254380,0.0056241798391081,0,0.0230267032962961,normal
2012-10-16,195.59964290887183,196.8531294022157,191.589353731331,192.0157928466797,15137550,-0.0158462745508751,0,0.0211484045052724,normal
2012-10-17,193.510524032646,194.3461818040418,189.71131120451287,190.7967987060547,21075700,-0.0063686424515871,0,0.0181309113436593,normal
2012-10-18,191.97276218182284,196.74116472368263,190.13344739894185,196.2673492431641,24274450,0.028268775938681,0,0.0177423316619916,normal
2012-10-19,195.56091445278207,196.4094942769975,192.4595026217728,194.5055694580078,19700000,-0.009016959147881,0,0.0176127047226913,normal
2012-10-22,191.85641380419136,194.6907615790616,191.70564838714984,193.05821228027344,13785660,-0.0074690359342604,0,0.015239615698462,normal
2012-10-23,192.97638550992025,195.3842812427324,192.1622600737232,192.5197906494141,14004630,-0.0027928044480303,0,0.0151636231073594,normal
2012-10-25,192.95913786693856,193.8680289526635,189.0996141160538,189.474365234375,28767350,-0.0159452174479488,0,0.0156202096729949,normal
2012-10-29,187.1913839932899,189.91373228684253,185.8129761332585,186.74771118164065,21364870,-0.0144951716814878,0,0.0155451985552064,normal
2012-10-30,186.85971621575268,189.5131430681737,177.94747994674313,178.7012939453125,45981440,-0.0440429048628647,0,0.0180392972716523,normal
2012-10-31,178.50314434394204,182.1731498907564,177.25828125981914,181.7983856201172,25377620,0.0171826387071138,0,0.0186525200547627,normal
2012-11-01,181.9491557933422,183.03465634476035,180.78182467453664,182.2506866455078,14382330,0.0024848367573104,0,0.0183183028311042,normal
2012-11-02,184.3613488615296,185.99819670070968,183.0777067001707,185.4339141845703,17604300,0.0173154223235885,0,0.0186041696152071,normal
2012-11-05,184.61119524824664,185.5502421006528,183.34479983115057,184.7705841064453,12145950,-0.0035835911830766,0,0.0177065767173403,normal
2012-11-06,183.5817012447152,187.5919905067815,183.5817012447152,187.2172393798828,15070250,0.0131546808834848,0,0.0181398849698954,normal
2012-11-07,186.8037215851689,192.089029631825,186.4720350270096,190.9949188232422,28982660,0.0199771741651835,0,0.0177301636756494,normal
2012-11-08,188.58270931602704,195.2938146516036,188.00120620820385,193.1745147705078,27559100,0.0113471772785551,0,0.0178884794509468,normal
2012-11-09,192.68347379386165,195.50488660927783,185.05056818952588,185.65792846679688,62456180,-0.0396881157131323,0,0.0191065528824423,normal
2012-11-12,186.5237445129801,189.09102926639684,182.98728340847347,188.6947326660156,31728480,0.0162246519467963,0,0.0189345173032739,normal
2012-11-15,185.3951570111277,187.9796620246996,184.2235142124896,185.54161071777344,17207000,-0.0168513647551487,0,0.0192075557703962,normal
2012-11-16,185.5416313008592,186.94157167184648,181.01013674006447,181.64334106445312,18348140,-0.0212340734890785,0,0.0195653904401838,normal
2012-11-19,182.9829467997437,182.9829467997437,179.5714075974161,180.38983154296875,18300990,-0.0069248600709856,0,0.0193714864120181,normal
2012-11-20,181.77688075933463,182.53500655388743,176.86632310251383,178.0293426513672,18897210,-0.0131718568076815,0,0.0194908455605291,normal
2012-11-21,178.41701320297628,178.70992063570748,175.83250801787557,177.55551147460938,23015420,-0.0026650823380975,0,0.0180114761561932,normal
2012-11-22,178.12409123864626,182.16884813168053,178.12409123864626,180.7818298339844,18180930,0.0180076434775884,0,0.0186957312078679,normal
2012-11-23,181.77688458827228,181.90180603329568,178.7874722118888,180.01080322265625,13757250,-0.0042740772090503,0,0.0186750963624186,normal
2012-11-26,180.613827980222,181.74670483049744,179.19235541898172,180.2175445556641,13539140,0.0011478350162157,0,0.0187037023894669,normal
2012-11-27,181.0618144164725,182.9011158512385,180.4846098431183,182.2205352783203,15647840,0.0110529838111297,0,0.0187174210115692,normal
2012-11-29,183.3405045274611,184.533679767637,181.4021255106887,183.6592559814453,20991170,0.0078644852922069,0,0.0185961524432089,normal
2012-11-30,185.13673762203788,188.41044719829367,184.8438301553637,186.97174072265625,21590680,0.017875315192354,0,0.0159964374888344,normal
2012-12-03,187.8073620187446,190.391867000654,187.24739119751976,189.8792724609375,18628530,0.0154309757981154,0,0.0159150336106321,normal
2012-12-04,190.21961524369948,193.7689987362967,189.7371763004892,192.93765258789065,22339070,0.0159786310261322,0,0.0162121315615485,normal
2012-12-05,193.66559245338013,196.6808485227084,193.4243730194717,195.7159576416016,23558250,0.0142973192956752,0,0.0160839301489992,normal
2012-12-06,196.5085556428138,199.69179779301228,192.9763931878819,198.76568603515625,23499050,0.0154622614427939,0,0.0162553359402743,normal
2012-12-07,199.5582798596074,201.5569703798228,198.14972912474383,199.54104614257807,25831160,0.0038932863754048,0,0.0161015288290232,normal
2012-12-10,200.0751712213659,200.4542209492989,198.2401682866816,199.8899383544922,13614690,0.0017469466024682,0,0.0156095296842869,normal
2012-12-11,200.7040848865481,201.4665092832233,196.6550288642112,198.903549194336,20557710,-0.0049468770303189,0,0.0155362054930192,normal
2012-12-12,199.0068869670769,199.69177922139,196.97374248782813,197.70602416992188,18423190,-0.0060388288334944,0,0.0123383519354089,normal
2012-12-13,198.3607824125356,200.2991613937656,194.2772592930405,194.9233856201172,18254110,-0.0141746138767695,0,0.0125133077823272,normal
2012-12-14,195.2292238759448,200.4714546650374,194.16956725833847,199.8899383544922,20181840,0.0251603197405829,0,0.0127722176349817,normal
2012-12-17,199.7607223214032,202.3667599096709,199.1749074293824,201.9618530273437,18967760,0.0103119263228395,0,0.0114021576049222,normal
2012-12-18,202.4529109096256,205.20971387589603,196.33624323671987,204.4085235595703,41036170,0.0120417246812101,0,0.0111169095089064,normal
2012-12-19,205.4681495043611,207.4625279854253,203.55130301913985,204.37403869628903,21278390,-0.0001687198356643,0,0.0102691792681772,normal
2012-12-20,204.0423746819513,206.6570355411355,201.8110883956585,205.1450958251953,18314370,0.0037656752764894,0,0.0100523054474419,normal
2012-12-21,202.89225591815915,204.748790986864,200.5145160138027,201.1132659912109,15685940,-0.0198492515505526,0,0.0113896801677874,normal
2012-12-24,201.591390673688,203.22823858763587,200.29913816936948,200.8418884277344,10549750,-0.0013502879698199,0,0.0112781545363867,normal
2012-12-26,201.30709466962853,205.0373984970526,200.1268415823101,204.24913024902344,15353080,0.0168225016944782,0,0.0115039891696322,normal
2012-12-27,204.2491468496836,206.5450432144406,203.5470208247404,205.7567749023437,19723060,0.0073542913871609,0,0.0114524770301024,normal
2012-12-28,206.2434985471459,206.5321073962114,204.098367760268,204.99432373046875,11036230,-0.0037124772160987,0,0.0116481080206864,normal
2012-12-31,204.1759457010993,206.47615414483184,204.0596476795901,205.5112762451172,10006870,0.0025186150344831,0,0.0112896912036372,normal
2013-01-01,207.1825578227617,209.69382960646308,206.5493535191497,209.03909301757807,17202300,0.0170203777346475,0,0.0113742798661459,normal
2013-01-02,211.0679343812586,212.27403160524767,210.0470568835475,211.1153106689453,14660120,0.0098831978583051,0,0.0111383901328862,normal
2013-01-03,211.92939643081644,213.85916477296269,209.879018388878,212.92874145507807,20103090,0.0085530823139539,0,0.0109448921859708,normal
2013-01-04,211.92945170894205,214.7680986818142,211.1239495953568,214.2296600341797,13705950,0.0060910547313257,0,0.0106342147182049,normal
2013-01-07,214.5139207390112,215.2892670015656,212.0801810946611,212.5841522216797,10264490,-0.0077106968801183,0,0.0109379777181854,normal
2013-01-08,212.61862600711203,215.3754288675217,212.18787514937696,214.8025360107422,16123870,0.0103812485185059,0,0.0110488581836947,normal
2013-01-09,214.85850122643384,218.8214139819331,214.85850122643384,217.33963012695312,22474110,0.0117420768691172,0,0.0109996794099747,normal
2013-01-10,218.81710150240315,219.8293685430332,217.3137853701201,218.743881225586,21504650,0.0064403074907213,0,0.010724966146936,normal
2013-01-11,219.59677072418697,219.6829261494933,213.9323998653092,214.6043701171875,14156720,-0.019105359304091,0,0.0112348433871652,normal
2013-01-14,214.6000982972764,217.0941364814639,213.238923909696,215.3539123535156,17721580,0.0034865847510801,0,0.0101626723121816,normal
2013-01-15,215.8061816649273,216.8744485340821,212.8081593488776,214.50100708007807,12219330,-0.003968345384254,0,0.0101772309963394,normal
2013-01-16,213.65242494233573,214.81545751371905,208.8280100886745,209.5516815185547,14390080,-0.0233440346037721,0,0.0115129813448467,normal
2013-01-17,208.9572568909882,213.8635026342801,208.74188144854136,212.77801513671875,14091240,0.0152790410376564,0,0.0119241629350164,normal
2013-01-18,214.08319142801457,216.8959942020446,213.4887530990433,214.6905517578125,16073730,0.008948257396236,0,0.0120201389157734,normal
2013-01-21,214.94470460299007,216.35756706534303,214.52256397781173,215.3280792236328,11849060,0.0029651177273706,0,0.0108341692519673,normal
2013-01-22,214.5139050041421,216.15075283634656,211.4469613169969,212.31277465820312,12954000,-0.0141022753559472,0,0.0114850351276918,normal
2013-01-23,212.87710424143543,214.69056188550928,211.25316490326736,213.68690490722656,15042750,0.0064513429509798,0,0.0110431305115856,normal
2013-01-24,213.6524381394348,214.02718930466963,210.25380736001028,211.856201171875,17650270,-0.0086041343557141,0,0.0112305089905254,normal
2013-01-25,211.90360523571613,217.5119773917396,210.89564967654923,216.5557098388672,12460930,0.0219400864473868,0,0.0120440108076384,normal
2013-01-28,217.5291852551917,218.28731097867217,213.91088064439808,214.6474609375,18349860,-0.0088508688619466,0,0.0123203217299949,normal
2013-01-29,214.5612899774502,218.3906711723301,211.50296959575385,212.1404724121093,46331240,-0.0117483047880551,0,0.0121743825365168,normal
2013-01-30,213.39397655378565,214.25547828645776,209.0520136051265,209.8704376220703,23715290,-0.0107582843506461,0,0.0122329478477889,normal
2013-01-31,209.86182094015592,211.6408109216996,208.1517395271092,210.0341186523437,25528120,0.0007796106811319,0,0.0120592597505107,normal
2013-02-01,209.4310768042528,211.24884598890424,206.8465716021212,207.82437133789065,14516810,-0.0105766328401983,0,0.0121420295929378,normal
2013-02-04,208.2680618606864,209.28032911309583,202.02217375938343,202.67691040039065,18596650,-0.0250802176940663,0,0.013184721208602,normal
2013-02-05,202.45290654363035,205.0890997340717,200.566215651714,204.3051300048828,22375350,0.0080014749048951,0,0.0130737046037613,normal
2013-02-06,205.4681674250476,205.7179971486001,201.76370727005065,202.3409118652344,13866580,-0.0096606542978259,0,0.0127172155994989,normal
2013-02-07,201.07448402229224,203.6589890258974,199.8813089446645,200.43698120117188,13760530,-0.0094540682486945,0,0.012553963088405,normal
2013-02-08,199.86837241522835,201.8412053072161,196.08638089405213,196.9521942138672,17646650,-0.0175388587938902,0,0.0124617380470048,normal
2013-02-11,197.2752994281499,199.17060073516896,196.19411047622413,197.65866088867188,14811360,0.0035805777790605,0,0.0124648431933395,normal
2013-02-12,198.23154742248795,198.8001285567806,196.3190125872572,197.8352508544922,13296820,0.0008930098406692,0,0.0125186679390697,normal
2013-02-13,198.3176973901658,200.1483885827849,193.1917646799268,194.2427978515625,27599120,-0.0183257060805326,0,0.0121565239395952,normal
2013-02-14,193.83789901053905,195.47474712177183,187.3766357101877,190.8872528076172,60922460,-0.0174259575484025,0,0.0116448983277762,normal
2013-02-15,190.1334637220453,193.6397827099396,189.9740879763185,192.41213989257807,21127420,0.0079566790810723,0,0.0115824107506449,normal
2013-02-18,192.5456432809842,195.4575234351408,192.5456432809842,194.9320068359375,18380120,0.0130111814712678,0,0.0121707328341889,normal
2013-02-19,195.46181845629025,196.42239763322664,192.71793750490883,195.8624267578125,13692360,0.0047616936163876,0,0.0121571599749293,normal
2013-02-20,196.85314243106004,197.0383621453924,193.5449789910708,194.0144958496093,16094270,-0.0094796313373546,0,0.0119543162230025,normal
2013-02-21,192.9246801566556,193.2305095593786,189.5432835766836,190.43923950195312,19310510,-0.0185996862012798,0,0.0123236901753641,normal
2013-02-22,190.4780282875644,191.72289138985377,188.6731812013425,189.185775756836,18284310,-0.0066037181425508,0,0.0105203896731797,normal
2013-02-25,190.39186843734305,192.89021801385235,189.62082076452296,191.3309020996093,16887440,0.011274927971951,0,0.0112469026957843,normal
2013-02-26,190.21957977239435,190.90878376795013,188.55257607054187,189.3925323486328,16446360,-0.0101826487371061,0,0.0112083347070599,normal
2013-02-27,190.6029554743002,192.3431927357028,189.2719368130764,190.684799194336,14100300,0.0068000468223496,0,0.0114734304034361,normal
2013-02-28,192.4594708760203,192.69208001134632,176.6940005810463,179.26988220214844,58729590,-0.0617294066903735,0,0.0170393205246695,normal
2013-03-01,179.79541019583115,181.6864128216656,177.9862644322654,179.85140991210938,21676800,0.0032386173196448,0,0.0172051299993558,normal
2013-03-04,179.8298742132146,181.65625365761363,178.89082734551548,180.87228393554688,18279980,0.0056601590988352,0,0.0168967064778942,normal
2013-03-05,181.94916985640936,184.2752219892032,179.31297656287816,183.3749542236328,19059400,0.0137418182429662,0,0.0171877851589916,normal
2013-03-06,184.44753148876265,187.3723204899385,184.05984518161424,186.8252716064453,21540750,0.0186408167861165,0,0.0179662977741381,normal
2013-03-07,186.2782268691398,187.1181832138854,184.8050530474172,186.6142120361328,11774640,-0.0011303549947445,0,0.0179294084451018,normal
2013-03-08,187.57046552494413,191.16292608694025,187.4713880956825,190.3488006591797,19462340,0.0198147334731819,0,0.018338875995814,normal
2013-03-11,190.34019434034693,191.3395395021176,188.98333174461408,189.935287475586,14154810,-0.0021747601831076,0,0.0182966758415627,normal
2013-03-12,190.13342065677824,191.9425794668492,188.07443214021728,190.12049865722656,21840370,0.000974652685528,0,0.0182973626971479,normal
2013-03-13,189.27192328517248,191.0853807061676,187.04924729324688,187.7513732910156,21052580,-0.0125394695139258,0,0.0180697836854923,normal
2013-03-14,187.72121918542885,194.82860836239007,186.53235575293152,194.27294921875,33666130,0.0341455198821032,0,0.0193423305453487,normal
2013-03-15,195.04397128752748,195.8882523821915,192.7609971382687,194.8716735839844,22161680,0.0030771327808825,0,0.0192790281295131,normal
2013-03-18,192.7782536777315,194.63047721470463,192.4035025131488,193.82066345214844,11219240,-0.0054079414136181,0,0.0190957761207061,normal
2013-03-19,195.21628376995923,195.5350351814547,186.95878447520423,189.8361968994141,40393960,-0.0207717375950755,0,0.0195877505532479,normal
2013-03-20,189.48730288412537,190.3617266142552,181.8027090299935,182.67282104492188,23048180,-0.0384648891738041,0,0.0212094999415321,normal
2013-03-21,183.155270733536,185.99821589010512,179.21388985238943,182.5909881591797,32310360,-0.0004480755281486,0,0.0208933780072978,normal
2013-03-22,182.91836478960752,183.4998811264976,178.8477767223253,179.5326690673828,20894740,-0.0168914222922955,0,0.0211352231442991,normal
2013-03-25,183.0605045616008,183.07342656153577,176.85768168336796,177.31858825683594,22640640,-0.0124091434548114,0,0.0209787269241857,normal
2013-03-26,176.60786876622683,178.14995120217694,174.6350354308469,176.6337127685547,16268370,-0.0038698793087075,0,0.0209251075368927,normal
2013-03-28,176.5087756911641,179.19235828926057,174.97100510698164,178.56776428222656,18801120,0.0108899920308171,0,0.0210505432278564,normal
2013-04-01,179.6231061905461,180.7387493254,178.02502420229308,180.1055450439453,11155370,0.0085748793918494,0,0.0160539051184571,normal
2013-04-02,179.38190125689678,185.0505845332808,178.81761864397583,184.400146484375,15282510,0.0235650651031766,0,0.0168765515198594,normal
2013-04-03,184.0382924831217,185.82160723269115,180.10553529413312,181.3116455078125,23043560,-0.0168907564500191,0,0.017313974480575,normal
2013-04-04,180.09264984163775,180.65693249293216,177.24969115196726,178.12411499023438,15062340,-0.0177367665212759,0,0.0174409500884802,normal
2013-04-05,178.1240769814992,179.53693916612113,175.9186348538427,177.18504333496094,16152430,-0.0052859534849751,0,0.0167989219210149,normal
2013-04-08,177.24536600786303,178.45146314000002,174.77284716877304,175.20359802246094,10811270,-0.0112459141004208,0,0.0169027513083201,normal
2013-04-09,176.19861198046365,177.98623834219077,170.57731921893725,171.28805541992188,18252900,-0.0226020410642879,0,0.0165258951255428,normal
2013-04-10,172.21418948442775,174.76855208835326,170.24135631915829,174.2947235107422,18994350,0.0174010057257287,0,0.0172816463803841,normal
2013-04-11,175.298368748477,176.60785506186332,172.9895504165198,175.9488067626953,18848870,0.0094454024498311,0,0.0175197974440105,normal
2013-04-12,175.7463414233699,180.65689833404608,174.02333807608196,179.347412109375,20632180,0.0191316925377602,0,0.018116427001459,normal
2013-04-15,177.72778837644867,185.94650811851847,177.6933209498857,184.9040985107422,18089020,0.030512529642876,0,0.0177463039458807,normal
2013-04-16,185.05056616495668,189.00916749335096,184.3613621819111,188.07443237304688,14838250,0.0170004971122441,0,0.0182416075678334,normal
2013-04-17,189.0996434983041,195.5479849425049,189.0996434983041,193.42007446289065,24644810,0.0280265739155964,0,0.0193872210306956,normal
2013-04-18,194.1307740789055,199.2265635799721,192.54561423519337,198.1152191162109,21382190,0.0239844009071044,0,0.0194588811212416,normal
2013-04-22,198.69675714257315,203.3144069100786,198.69675714257315,200.4800720214844,14450260,0.0118660742167744,0,0.0170356591681042,normal
2013-04-23,201.5914114529969,201.875708610708,195.2163036994249,197.0685272216797,18770200,-0.0171633282249299,0,0.0176961953528385,normal
2013-04-25,198.92071327583315,201.8498265897753,197.62846088171867,201.12185668945312,20535590,0.020359454380797,0,0.0173592415737033,normal
2013-04-26,200.29914999750903,201.1218857179664,196.1768611103888,197.10728454589844,11550470,-0.0201628044434514,0,0.0178636851950537,normal
2013-04-29,198.31770330482968,198.9595310574824,194.88031968198,195.86672973632807,13964420,-0.0063136944707453,0,0.0179378422120492,normal
2013-04-30,196.5946859131536,197.49926533001928,191.714284551711,195.06982421875,14814500,-0.004076910246991,0,0.0179986530504029,normal
2013-05-02,195.9916444122621,200.4585287981185,195.1430646787681,198.0980224609375,20143690,0.0154044037377323,0,0.0181458244268348,normal
2013-05-03,196.8531415335709,197.5767998179932,190.0472832551509,190.71925354003903,36583570,-0.0379595011610094,0,0.0199186848304497,normal
2013-05-06,190.00849214232585,192.33455713863285,188.06581483967625,191.7788848876953,19604120,0.005540597205222,0,0.01944355848439,normal
2013-05-07,191.2534009764868,195.0440036655788,191.1284795338549,194.42372131347656,12903980,0.0136968406300326,0,0.0189600285371237,normal
2013-05-08,194.6993927209073,195.81934760901603,192.248419225504,194.2427978515625,14795230,-0.0009309959364172,0,0.0188679851550566,normal
2013-05-09,194.69937398303048,200.4541987272156,193.3209660771741,197.36572265625,22585460,0.0159495559663884,0,0.018644865628348,normal
2013-05-10,197.275288479252,200.1268571397746,196.7454601759644,197.5940399169922,18603240,0.0011561546659191,0,0.0174480700630477,normal
2013-05-13,198.5761390916609,199.76070391270665,195.39719575954268,196.2242431640625,12807580,-0.006956519470223,0,0.0175442185807325,normal
2013-05-14,195.8408763887772,199.74778985424183,195.2507498122893,197.5466461181641,19822490,0.0067166363059207,0,0.0175260054854833,normal
2013-05-15,199.0155128740729,206.1401359678408,198.5976840029913,205.2743225097656,27233960,0.0383725038551929,0,0.0187801689175465,normal
2013-05-16,204.6324999625244,210.1288850745207,204.3482028209929,208.4274139404297,22683930,0.0152436028613065,0,0.0180599308185808,normal
2013-05-17,208.5222127192829,209.7541671946016,205.72664343581067,208.9012756347656,16893270,0.0022709289335693,0,0.0178866973877171,normal
2013-05-20,209.34491697188884,212.9632215497158,206.9757872530712,207.7769775390625,18149490,-0.0053964938925208,0,0.0171947750514966,normal
2013-05-21,208.48340879023087,209.25875505233608,202.78888209869527,203.3747100830078,19350270,-0.0214151410796903,0,0.0173552831108918,normal
2013-05-22,205.03741102456857,206.94994591013307,202.0695312652472,203.57286071777344,15125760,0.0009738387185134,0,0.0171765797291934,normal
2013-05-24,188.84119235712456,189.3580986964809,183.2758980780292,185.3262634277344,34747060,-0.0121974646924014,0,0.0244936845855293,normal
2013-05-27,185.56746188382587,188.0916687135576,184.9471796049724,186.26528930664065,22382280,0.0050540862452441,0,0.0242707734638446,normal
2013-05-28,187.5652443844152,189.8841174117764,186.43216433582893,187.0733642578125,21430960,0.0043289180231864,0,0.0243069882376853,normal
2013-05-29,187.54331437796404,187.90782842404244,184.2845880239743,185.00924682617188,16838910,-0.0110950554772371,0,0.024384575936945,normal
2013-05-30,184.4558769992024,186.20382084908243,182.6157089635872,183.4501495361328,24345150,-0.0084628407395248,0,0.0240361611545933,normal
2013-05-31,182.86603428753105,183.48966328145795,179.36576410307072,179.77859497070312,20767490,-0.02021690008947,0,0.0230164243879524,normal
2013-06-03,179.8971786482359,182.8704402750685,179.19010422349197,181.8076171875,21804450,0.0112230137423727,0,0.0231614164657277,normal
2013-06-04,181.8207744621356,183.05047482204407,177.51680979972727,178.14923095703125,18890680,-0.0203275043725863,0,0.0231455630441125,normal
2013-06-05,177.95600450403126,179.57218607722314,176.7262906440315,178.4610595703125,19682800,0.0017488485388161,0,0.0231742643975342,normal
2013-06-06,177.71442882456313,181.55725911165,176.24317111981847,179.95864868164062,24860940,0.0083566711988911,0,0.0228865694268346,normal
2013-06-07,178.7465307483663,182.2599760702015,176.9898080874487,177.7935028076172,18938650,-0.0121043146791564,0,0.0229026040192305,normal
2013-06-10,179.1856910933214,179.80054127437035,175.76886644142556,176.68675231933594,14601870,-0.0062443764835693,0,0.0229004131340667,normal
2013-06-11,176.11143820217166,177.95600226762542,174.09120455970557,175.45266723632812,27831190,-0.0070090996165745,0,0.0227281287462446,normal
2013-06-12,178.2194965667086,178.2194965667086,173.09426605474707,176.2036590576172,31892330,0.0042711756156643,0,0.0203883060677285,normal
2013-06-13,174.78949703338364,178.81678936271877,174.37228347081978,177.32357788085938,21107870,0.0063357074220222,0,0.0199548887349762,normal
2013-06-14,178.83438320251364,180.8546036641955,178.39080641457332,179.69956970214844,18141370,0.0133102120418548,0,0.0204039165992791,normal
2013-06-17,180.28806293150635,182.17213837466085,174.98714897499917,181.451889038086,25618850,0.0097041451440764,0,0.0207632034093775,normal
2013-06-18,181.2059149311595,182.259945671364,178.94413756301228,179.50189208984375,15409980,-0.0108047956329393,0,0.0205033391963455,normal
2013-06-19,179.53704790556648,180.2529145236448,178.193156162237,179.69515991210938,15403450,0.00107611039589,0,0.0205052465476791,normal
2013-06-20,176.46276043691685,177.41139214510412,174.5611143283797,175.45704650878906,26521840,-0.0238675954468945,0,0.0113242941542215,normal
2013-06-21,175.1452321953357,176.4495992197663,172.71218112297734,174.71484375,26461690,-0.0042390830953227,0,0.0111351419643315,normal
2013-06-24,174.18340932074307,174.5391579331439,169.52370964187563,171.144287109375,21810540,-0.020648195634755,0,0.0116349352340454,normal
2013-06-25,171.1047770227455,171.23652585134238,166.9984354302398,167.57376098632812,30781170,-0.0210833665514016,0,0.0120315139706719,normal
2013-06-26,168.11835557011275,169.14605013509814,166.19475548859785,166.89305114746094,20557680,-0.0040704234562305,0,0.0119620348372925,normal
2013-06-27,168.77710728108443,169.52371969784008,166.97647745725425,167.98658752441406,19891950,0.0065309450774222,0,0.0122109162548103,normal
2013-06-28,170.226414895574,171.9260417895072,169.5237232069166,171.61422729492188,15660360,0.0213649532091331,0,0.0128973143022678,normal
2013-07-01,172.42232026473343,177.51681831964652,171.71962856703345,177.04249572753906,15135150,0.031140699352151,0,0.0146485070004385,normal
2013-07-02,176.65164355707793,178.219508343714,174.11756254444458,174.78512573242188,16265170,-0.0128324260763985,0,0.0142266571471845,normal
2013-07-03,173.56421675633607,173.56421675633607,166.25624352743588,166.77886962890625,25313640,-0.0468885655187776,0,0.0175169594812116,normal
2013-07-04,167.05992980406225,168.9484011918183,164.48192819327252,166.88424682617188,28494530,0.0006316382936697,0,0.0173285815015535,normal
2013-07-05,168.74199587369938,169.32171756894925,165.85657568403914,166.4011688232422,17580390,-0.0028988867711818,0,0.0172174950495721,normal
2013-07-08,165.0440751869344,165.29880745754485,162.50561168481158,164.53463745117188,15419820,-0.0112804424870169,0,0.0172992837994201,normal
2013-07-09,165.74677058865487,167.98659452959538,165.18461990646892,166.41871643066406,22886230,0.0113858905579746,0,0.0175929249303369,normal
2013-07-10,167.5078887857566,168.9791466039349,163.8451238723365,164.8069305419922,19184670,-0.0097323297607578,0,0.0175819192152846,normal
2013-07-11,167.8548418828429,169.34805334194633,166.88863913727226,167.8855743408203,15679190,0.0185079713808526,0,0.0181365293287893,normal
2013-07-12,168.2940037264165,168.64094673487796,165.24608942701832,166.30889892578125,14990890,-0.0094357461849226,0,0.0177872472760612,normal
2013-07-15,166.15960255682805,168.395030417234,164.07789060173354,167.96902465820312,23207480,0.009932689322512,0,0.0177964991454961,normal
2013-07-16,163.3752060811073,163.3752060811073,157.8854478122529,160.53370666503906,30413700,-0.0452756544741648,0,0.0200330893666185,normal
2013-07-17,161.26710167017305,161.53059927529418,157.2354140763738,158.69349670410156,24112260,-0.0115292827524191,0,0.0200108009651272,normal
2013-07-18,159.24690519033126,160.81916600847777,157.3145130251986,160.2350616455078,20494950,0.0096672242521842,0,0.0198581413464812,normal
2013-07-19,160.65228515047357,160.65228515047357,157.98646864599328,159.09759521484375,14077470,-0.0071240520940101,0,0.0198663350974667,normal
2013-07-22,158.7198787094849,161.16172196634395,158.63205062417728,160.2745819091797,9686870,0.0073706609849866,0,0.0196680895110214,normal
2013-07-23,161.4428110881432,164.23161092154078,160.9772806671297,163.45864868164062,14172240,0.019671563801423,0,0.0198370768882112,normal
2013-07-24,159.86174050409872,160.4765906716457,156.90605020221375,158.21481323242188,26278990,-0.0326063580283904,0,0.0210408418612322,normal
2013-07-25,157.57799274079906,159.51039808853434,157.1476043337629,157.94252014160156,29959130,-0.0017225167940297,0,0.0209315403624628,normal
2013-07-26,159.07123268209176,160.14283451262938,153.86254333821896,155.05271911621094,26165140,-0.0184659878439861,0,0.0203703796370528,normal
2013-07-29,155.22839225225695,155.4699362271116,152.20682750544034,152.83924865722656,16545080,-0.014378475732065,0,0.0185749494824524,normal
2013-07-30,153.20816411159052,155.821280795522,150.93321168480904,151.3679962158203,27908980,-0.0096727736591537,0,0.0185392702744898,normal
2013-07-31,150.8848810062068,151.06055056000565,148.44303802103755,150.05921936035156,30356230,-0.0086839211089913,0,0.0160325789917024,normal
2013-08-01,150.8980768735354,151.34165361581756,146.2471554307761,147.8457794189453,23616550,-0.0148603124012636,0,0.01610590443068,normal
2013-08-02,148.26737799809672,150.10754584336163,146.2471444927265,147.6173858642578,25310950,-0.0015460038814607,0,0.0161226967061408,normal
2013-08-05,148.26739945911632,148.7944082306719,145.42150384288587,147.76234436035156,17653750,0.0009815061285394,0,0.0161440127854734,normal
2013-08-06,146.2471580807392,147.24848943779543,143.44078726263626,144.17422485351562,25454280,-0.0245827387072372,0,0.0161818925231633,normal
2013-08-07,144.49044580720292,151.86867597669112,143.69992593287594,150.735595703125,30640510,0.044504817091461,0,0.0198578044544294,normal
2013-08-08,150.0460461190654,150.90683632399873,144.9295949184008,146.17247009277344,22000410,-0.0307400536252151,0,0.0199128724278924,normal
2013-08-12,146.17249159824166,146.65998909501738,138.3419064118754,141.0077362060547,54399680,-0.0359724709427728,0,0.0209462737261403,normal
2013-08-13,140.07225873349734,142.90936159794006,138.34188613313762,142.2901153564453,40050290,0.009053283688269,0,0.020906978460277,normal
2013-08-14,142.6458730563074,144.3455134693893,141.24050298545876,142.68101501464844,22630340,0.0027434351182691,0,0.0191173319791264,normal
2013-08-16,141.49520853329292,141.76749837248337,136.40950286533004,137.95541381835938,33161930,-0.0336809297090052,0,0.0200784906417939,normal
2013-08-19,137.72705183219014,137.72705183219014,133.59875648331814,134.43319702148438,27358320,-0.025863145443072,0,0.0200978066027204,normal
2013-08-20,131.75418292402014,137.1692739449968,130.75285166990673,136.50172424316406,24469990,0.0152698471261718,0,0.0208061684391205,normal
2013-08-21,144.05125849028877,145.00866912579454,133.77443358341785,135.9703369140625,32616310,-0.0039004953428918,0,0.0205284389516177,normal
2013-08-22,134.62642484305712,138.06959913786767,132.83456048997795,137.4415740966797,39523490,0.0107621601234804,0,0.0199806319632995,normal
2013-08-23,137.59967204314862,139.37396541126498,135.4520858890342,136.94529724121094,22294020,-0.0036173552634508,0,0.0191884513234921,normal
2013-08-26,137.99934725615313,139.20709406883253,135.71999856291433,136.78282165527344,17001610,-0.0011871312722542,0,0.0191968939088889,normal
2013-08-27,135.44330210412858,135.4652691770216,131.88593636017205,133.5109100341797,23246040,-0.024211227004546,0,0.0194162123606008,normal
2013-08-28,131.75418257980851,132.80821335990126,127.59953777522254,131.56533813476562,25272130,-0.0146796014388224,0,0.0194219599643885,normal
2013-08-29,132.89607630630644,133.91497869947128,129.33871012156777,130.68260192871094,20084810,-0.0067320989421224,0,0.0194157288695564,normal
2013-08-30,130.55960082169656,134.0379168734776,129.14543883385127,133.41867065429688,21562390,0.0207205863926311,0,0.020397649478029,normal
2013-09-02,133.5109143087668,135.26763686546113,132.6632988918169,133.1903076171875,13421710,-0.0017130937932989,0,0.0203045379967698,normal
2013-09-03,133.9456859561114,134.79331469417934,128.33735455882902,129.61537170410156,21050700,-0.0272076041093631,0,0.0208632962060732,normal
2013-09-04,129.6461402930276,132.76431235545274,127.86306782925806,131.2447509765625,23858020,0.012492522399838,0,0.0212360709215064,normal
2013-09-05,134.91627704326032,144.4464874114646,134.68351187627192,143.88873291015625,41009330,0.0919764046622653,0,0.030022970939634,high_volatility
2013-09-06,143.87557598784525,144.75393724124757,140.26551070025255,143.57254028320312,24826830,-0.0021998981007751,0,0.0281275605679777,high_volatility
2013-09-10,145.8123332050192,148.89097963076415,142.3823343108655,143.48028564453125,21510870,-0.0006427711801828,0,0.0273271965728971,high_volatility
2013-09-11,142.5492426956013,149.1237772493155,140.73982064815198,148.44744873046875,28928540,0.0340333715155409,0,0.0270847466611944,high_volatility
2013-09-12,149.32143655650418,149.9977785807307,144.57829040344888,145.66744995117188,19021980,-0.0189047313571446,0,0.0274515655575656,high_volatility
2013-09-13,143.87561960236084,148.0917575773196,143.26515191287882,145.90463256835938,17630960,0.0016269230404653,0,0.0274493388218264,high_volatility
2013-09-16,149.05792667663826,149.7606184761341,143.6384384550672,144.60902404785156,22536660,-0.0089194919452957,0,0.0263329215226567,high_volatility
2013-09-17,145.1052698186368,145.80796147012285,142.92693776148568,143.4934844970703,16469200,-0.0077440847800849,0,0.0256128456481972,normal
2013-09-18,144.49043281752282,147.4065987459952,143.7789623140435,147.00694274902344,13959810,0.0241901852813741,0,0.0259089266850804,normal
2013-09-19,153.1861983128349,159.6860796754991,153.11154511129735,158.78575134277344,33437450,0.0770760024780532,0,0.0305660916658827,high_volatility
2013-09-20,159.31719100325432,162.0137534638328,148.65388441226807,153.498046875,50467260,-0.0338679747217671,0,0.0319336111459948,high_volatility
2013-09-23,150.12509365587627,150.55109935995333,144.34548894464973,145.33802795410156,24899540,-0.0546255864092426,0,0.0346256041880868,high_volatility
2013-09-24,142.29453104650463,145.29412899821594,140.20842295245868,144.4860382080078,27959960,-0.005879375109222,0,0.0346711495042325,high_volatility
2013-09-25,144.0731941374009,149.51464834326455,144.06881144514452,148.67581176757812,31710460,0.0285852941052597,0,0.0345207652632828,high_volatility
2013-09-26,148.0258474824035,149.1106243321856,146.1856793031853,147.22215270996094,16402440,-0.009825486666493,0,0.0343891275949682,high_volatility
2013-09-27,147.61301979074935,148.3201076926642,142.940144075858,144.11276245117188,16454000,-0.0213466232130166,0,0.0348180474781174,high_volatility
2013-09-30,141.7499373473045,142.99720866587614,140.24353767557454,141.8465576171875,16838130,-0.0158501725192738,0,0.0349031730518317,high_volatility
2013-10-01,142.50092567449764,144.78467008918273,141.76748819662396,144.34548950195312,12547570,0.0174637654721605,0,0.0350282544163088,high_volatility
2013-10-03,144.3147486610515,146.24714063149253,142.75126678838055,145.82553100585938,17636560,0.0102012553590808,0,0.0342633395721109,high_volatility
2013-10-04,144.92959871322,147.3890127658688,143.1728763045749,144.9866943359375,20201430,-0.0057689390145432,0,0.0343214587062491,high_volatility
2013-10-07,144.1610279783255,144.49041341925087,142.2989065745005,143.44076538085938,11363520,-0.01071980983144,0,0.0276556330638872,high_volatility
2013-10-08,147.14743799330844,147.52074414154887,140.31818579833018,141.20094299316406,26710340,-0.0157381617195202,0,0.0278731254137405,high_volatility
2013-10-09,139.7384765185536,142.10127023057893,138.2408691025166,141.32830810546875,34175100,0.0009016066155078,0,0.0278758187512478,high_volatility
2013-10-10,141.4381078860457,144.01171318997223,141.24048465626151,143.43199157714844,17336910,0.0147753864952759,0,0.0269273482470027,normal
2013-10-11,144.92958181427076,146.8531947718783,143.2607010817426,145.17552185058594,15976780,0.0120825093133962,0,0.0267774949709053,normal
2013-10-14,144.60022033950898,146.59848681606283,144.37185124018907,145.56202697753906,10581410,0.0026587921388232,0,0.0267821313360931,normal
2013-10-15,146.15931046443902,148.75048694194294,141.512785227523,142.54046630859375,23221460,-0.0209763645305987,0,0.0271241941738872,normal
2013-10-17,142.79079164533965,143.5944862518966,140.53779300676345,142.40870666503906,19848640,-0.0009247940716594,0,0.0270740705489127,normal
2013-10-18,143.0850435378895,146.85322083946832,142.9093739668712,146.21202087402344,16838070,0.0263566266367396,0,0.0271816662844174,normal
2013-10-21,146.4316002282026,148.88222205689445,145.98362744249778,146.8224639892578,14555250,0.0041663628671857,0,0.0202735793023288,normal
2013-10-22,146.68634185991735,148.60995531377466,145.80798053141484,147.14747619628906,13665340,0.0022111943775726,0,0.0190355911914083,normal
2013-10-23,148.61872221074347,152.3868995140474,148.00387201053337,150.7751007080078,32879400,0.0243540039716183,0,0.0154165045052709,normal
2013-10-24,150.90248323942114,153.2652774252048,149.99337602172716,150.9288330078125,21267920,0.0010190938594414,0,0.0153116048408357,normal
2013-10-25,150.63894931895592,152.80850260585538,149.32140748817787,151.1615753173828,14223140,0.0015408788177744,0,0.0139945996781885,normal
2013-10-28,151.5173067134212,152.73822824300282,146.80929015421677,147.16062927246094,13060010,-0.0268245936115594,0,0.0151447127579073,normal
2013-10-29,146.77416278739926,153.27403034644365,144.5431178200951,152.87437438964844,30146060,0.0380917953608328,0,0.016510011092719,normal
2013-10-30,153.54192165776678,154.4598208973503,150.61699068426452,151.17034912109375,14466420,-0.0112091608809157,0,0.016262610937577,normal
2013-10-31,150.89808827071536,158.40368448546997,149.82210364608397,157.819580078125,33459510,0.0430451415065933,0,0.0183206868916256,normal
2013-11-01,157.4901835154738,166.0102854311286,157.1651807211439,165.04408264160156,34197760,0.0447601234178387,0,0.0204019838664336,normal
2013-11-05,164.4555621633011,167.58252586120392,161.63603024357346,164.7761688232422,21888850,-0.0016246053788133,0,0.0202948921843876,normal
2013-11-06,163.55086342047207,165.60184285336504,158.45636544784298,158.94386291503906,23159300,-0.0360369239124986,0,0.0221257060401607,normal
2013-11-07,159.0536740792721,160.56445666601465,153.4497244051287,153.9416046142578,31283760,-0.0319777367651337,0,0.0232036240395542,normal
2013-11-08,153.6253705144323,155.29426485774744,151.9564895738456,153.21253967285156,17637190,-0.0047472340788106,0,0.0232816655099929,normal
2013-11-11,151.9301401028109,153.97232724273192,148.90417929035806,149.7034912109375,18516020,-0.0231694930713022,0,0.023898441411644,normal
2013-11-12,149.74744002745558,150.81464588480657,146.59850859090164,146.94546508789062,24334250,-0.0185950803861727,0,0.0242091711946843,normal
2013-11-13,145.64108072021446,152.59770040305173,145.16237543413732,149.0623016357422,60408150,0.0143028181864108,0,0.024400396278807,normal
2013-11-14,151.34602199589315,152.90951728165115,149.8220781617512,151.3504180908203,18331450,0.0152334475381232,0,0.0240094915642472,normal
2013-11-18,153.3047941455137,155.4699515536022,152.1409680926782,155.25914001464844,18948610,0.025497794086478,0,0.0245041043091547,normal
2013-11-19,154.94291722678707,160.74010676633668,154.85508914450838,160.16038513183594,28702840,0.0310801282724932,0,0.0247492158626191,normal
2013-11-20,159.77391067605888,161.1529443121086,156.5239766367727,157.7273406982422,23355560,-0.0153078697109645,0,0.0251452676958951,normal
2013-11-21,156.5635099090837,157.10370694833202,154.15241236355308,154.8507080078125,23675930,-0.0184063718965363,0,0.0256225313307913,normal
2013-11-22,155.259138451005,156.42736058748974,152.39568544005357,152.65480041503906,17754460,-0.0142823127396578,0,0.0253472131689509,normal
2013-11-25,152.9666095617537,159.1239306322317,152.839256827775,158.6891326904297,22735900,0.0387679822406017,0,0.0267454293151052,normal
2013-11-26,158.10503654160658,159.81783842359462,156.4361554058705,156.8094482421875,16048660,-0.0119157853792151,0,0.0269395711098658,normal
2013-11-27,156.8753046711102,157.99081366685607,154.3192705418456,154.9165496826172,13691010,-0.0121447799561869,0,0.0263102769262279,normal
2013-11-28,156.08479200023135,157.283759935733,154.65745496389897,154.9077911376953,18432410,-5.653877872280333e-05,0,0.0249468628153173,normal
2013-11-29,154.67940863423527,160.4765843609276,154.67940863423527,159.8134307861328,23401810,0.0311770332604117,0,0.0256751967017487,normal
2013-12-02,160.4766039033728,162.80426934756872,159.19420393428436,160.05059814453125,17459790,0.0014829263712679,0,0.0238626856757676,normal
2013-12-03,159.41818526238583,160.72255237324157,158.56617370026564,159.29083251953125,14806910,-0.0047583369120385,0,0.021503008915431,normal
2013-12-04,158.71987543217872,161.15733594621688,157.84151418086316,159.6289825439453,15426920,0.0021205966839445,0,0.0215206792169966,normal
2013-12-05,163.37519018504574,165.36467785199642,162.163047388348,163.0194549560547,23662450,0.0210172858268435,0,0.0204695229940348,normal
2013-12-06,162.6725262231883,163.9988604955617,162.0620720285259,163.335693359375,14500680,0.0019380022281332,0,0.0189164686331285,normal
2013-12-09,167.8548430914594,168.99670201370026,165.57549453671723,166.08494567871094,18775040,0.016691826956908,0,0.01906350816293,normal
2013-12-10,166.42751310699887,166.76567738338662,161.29349022306482,161.90834045410156,18864240,-0.0254690029868021,0,0.0192423063802936,normal
2013-12-11,161.6184673348695,161.87758229101914,156.48004874601173,157.80198669433594,20710400,-0.0256893771573585,0,0.0197381704038968,normal
2013-12-12,157.22666540841047,157.9293570963682,155.60608781284847,156.0847930908203,15817310,-0.0109415932477627,0,0.01982228504441,normal
2013-12-13,154.41590430598828,155.46993508363673,152.8436302253207,153.15106201171875,16462210,-0.0189746373268704,0,0.0201213203152279,normal
2013-12-16,151.96527771807723,154.7584735117663,151.72373373115818,152.14096069335938,13021320,-0.006617303625072,0,0.019293505522324,normal
2013-12-17,153.73080787042642,154.1524175674189,150.43255669855742,150.9288330078125,17632770,-0.0079990429522611,0,0.0177925393334042,normal
2013-12-18,150.63893312039906,156.2516601798547,150.63893312039906,154.89019775390625,23581260,0.0259080431645912,0,0.018654138326314,normal
2013-12-19,155.67196149081542,156.20776239254317,150.4193649380071,152.04872131347656,18373200,-0.0185154598535728,0,0.0186595393688144,normal
2013-12-20,151.51733160437564,154.41592671561412,151.0825470286455,153.81863403320312,15023660,0.0115732028526434,0,0.018580029403288,normal
2013-12-23,153.27404731166075,155.7158906607972,153.27404731166075,154.4554443359375,13320010,0.0041314612757004,0,0.016286201839937,normal
2013-12-24,154.51691886901233,155.64561633189192,153.88889376967478,154.5257110595703,13339310,0.0004548285461245,0,0.0160977087790477,normal
2013-12-26,153.97671070854204,155.61924175345337,153.44968866281448,154.0162353515625,16332130,-0.0033024758998054,0,0.0158878671121047,normal
2013-12-27,154.15240850695835,156.47128180821878,154.15240850695835,155.47872924804688,10695570,0.0094509116434702,0,0.0160368006647673,normal
2013-12-30,156.41856155951584,157.11246099902618,154.16116687893236,154.99562072753906,10861570,-0.003112069711741,0,0.0142863673725417,normal
2013-12-31,154.54327323002818,155.73344894533398,153.68686566866498,155.16250610351562,10753080,0.0010761310289488,0,0.0142821402372155,normal
2014-01-01,155.64559502860894,155.9003272707936,154.70135946120106,155.03514099121094,5904780,-0.000821186882975,0,0.0142627236779122,normal
2014-01-02,155.10981582054558,158.63205314476272,152.14974258433062,153.063232421875,19451900,-0.0128006874780588,0,0.0144602945542674,normal
2014-01-03,151.69298987360145,152.4835230646238,150.2876198718886,151.04739379882812,13759590,-0.0132574660306801,0,0.0135806374301052,normal
2014-01-06,151.245032709016,151.42948107443553,147.7403663360185,148.2805633544922,13907830,-0.0184874762498381,0,0.0138898188725781,normal
2014-01-07,148.69777131951852,149.49708328014663,145.36878805225973,145.93093872070312,17352910,-0.0159726901998107,0,0.0131247158167878,normal
2014-01-08,146.18127483578502,147.38462546866432,145.01744885113217,145.55763244628906,14248790,-0.0025613798648391,0,0.0123563413120295,normal
2014-01-09,145.19311944787853,146.04951363762726,143.17288586252403,144.03367614746094,14791100,-0.0105249731024841,0,0.0114746284502917,normal
2014-01-10,144.0117313680279,145.456639487568,140.53781075021834,141.25367736816406,20473070,-0.0194897302171215,0,0.0118768089080023,normal
2014-01-13,141.4293521848966,144.49922081320395,141.4293521848966,144.1610565185547,15564850,0.0203737184719408,0,0.0126711689981929,normal
2014-01-14,143.6120791105631,144.84177962564698,142.58879404651793,142.95330810546875,10197000,-0.0084130624277438,0,0.0127042852839229,normal
2014-01-15,143.34857891337631,145.6323239322152,143.34857891337631,144.11276245117188,13624980,0.0080780055154843,0,0.0128862785327481,normal
2014-01-16,144.41576387058788,145.0833270207492,143.388082781909,143.71746826171875,7241970,-0.0027467193907861,0,0.0110451463567965,normal
2014-01-17,143.5725517222357,144.4465169501302,142.0310233108212,142.43067932128906,11207380,-0.0089939258764539,0,0.0105698935716222,normal
2014-01-20,142.43067278476417,144.5694803646144,142.0002709310749,144.2137451171875,9468650,0.0124411196772848,0,0.0106356069679196,normal
2014-01-21,145.27215795963446,146.92348130027602,144.59581608460363,145.7640380859375,12351890,0.0106925966687727,0,0.0109703463283782,normal
2014-01-22,145.28094867528586,145.62790512964844,143.63402129428098,144.65292358398438,9821920,-0.0076518941387515,0,0.0109897771008362,normal
2014-01-23,143.96340147200814,146.07147648374576,143.71307870538266,145.6586456298828,9241310,0.0069285979333519,0,0.0112253075718578,normal
2014-01-24,144.84179177832672,146.2383966123813,142.1188794371142,142.3999481201172,16616560,-0.0226262059328474,0,0.0116672195492526,normal
2014-01-27,140.35332708460828,140.88912794063046,139.04896019592402,140.0546875,15688040,-0.0166066633175683,0,0.0119753502685762,normal
2014-01-28,140.80568214497643,142.99720239699192,138.627350177244,140.21279907226562,18296910,0.0011282906267355,0,0.0119767643964319,normal
2014-01-29,141.67966148835197,142.45261021548183,137.90270572117544,138.2233123779297,17594550,-0.0142906790515624,0,0.0121035681195598,normal
2014-01-30,136.585184506987,136.84869558208024,132.63695468422776,133.2122802734375,20955320,-0.036926634808708,0,0.0139116119190152,normal
2014-01-31,134.43317773341332,135.17977667508245,132.8960457089604,133.84906005859375,13174950,0.0047687994910736,0,0.0140642463156926,normal
2014-02-03,133.9500839189789,134.30142304029798,130.43663909487452,130.73089599609375,14150230,-0.0235717662515062,0,0.0143441662298317,normal
2014-02-04,129.47042743614404,133.68656361347874,128.83800633940746,133.10684204101562,18002040,0.0180111480054412,0,0.0151291886479306,normal
2014-02-05,133.41427723041005,134.38047987600424,131.85079542406876,133.66021728515625,13227190,0.0041487583907224,0,0.0152506697493238,normal
2014-02-06,133.69536953213552,135.08316848961118,131.1788597678319,132.18019104003906,16116300,-0.0111348123939984,0,0.0152644510430648,normal
2014-02-07,133.51531313202932,134.80210921444476,132.0616262588813,134.178466796875,18203400,0.0150046802606578,0,0.0154052368498269,normal
2014-02-10,134.42002818892618,134.6396185195242,132.39539837139276,132.99269104003906,10494640,-0.0088765834785542,0,0.0144727037968349,normal
2014-02-11,133.0673159461871,134.1696634602158,133.02779130341318,133.4845428466797,7118720,0.0036915150913037,0,0.0145328180243695,normal
2014-02-12,134.1345622472869,135.26764244589876,133.339632927077,134.60887145996094,15539930,0.00838763762839,0,0.0145458778307571,normal
2014-02-13,134.6527815893199,134.8987216657934,131.40723035452322,131.802490234375,13251910,-0.021068808916036,0,0.0150693757988926,normal
2014-02-14,131.95620603568065,133.05415759153206,127.81033988856744,129.5670623779297,45823350,-0.0171059126306065,0,0.0153088586814066,normal
2014-02-17,129.11910739812072,130.42787052258083,128.52621085707324,129.43531799316406,16601150,-0.0010173218944107,0,0.0148016101660755,normal
2014-02-18,129.73396732095648,132.61499144579238,129.21573734667822,131.837646484375,13981720,0.0183899332958947,0,0.015332767001113,normal
2014-02-19,131.7454047953966,133.07172541847967,131.578514018422,132.4612579345703,9753850,0.0047189950244277,0,0.015469958183715,normal
2014-02-20,131.49068288286264,131.8464181343128,129.67686466836287,130.0501708984375,10363320,-0.0183699037327453,0,0.0155288761607306,normal
2014-02-21,130.43662574461638,132.1933479768671,130.43662574461638,131.93862915039062,9430050,0.0144165778019917,0,0.0156085695815875,normal
2014-02-24,131.8200451656823,133.28252396665502,130.80553912304197,132.67645263671875,10295950,0.0055765936955536,0,0.0154390108810358,normal
2014-02-25,133.2473935176451,133.59874604497287,131.67513284137982,132.2812042236328,9445490,-0.0029834858214794,0,0.0154126198622089,normal
2014-02-26,132.63254598286065,134.81087808464954,132.21971513175532,133.54603576660156,31769610,0.0095162639328227,0,0.0154068615392001,normal
2014-02-28,134.3189779610669,135.21491003688027,133.33521781678672,134.67471313476562,13109410,0.0084160829081261,0,0.0131200961035809,normal
2014-03-03,134.38926698221695,136.90138061354924,133.08050393629674,133.36598205566406,16179310,-0.0097652446260454,0,0.0132754759701841,normal
2014-03-04,133.33524331243598,136.5720024442082,133.07173225119467,136.17674255371094,17249460,0.0208565257340955,0,0.0128662421606272,normal
2014-03-05,137.02435425011367,138.95674630899256,135.2676317597276,138.48243713378906,25001030,0.0167898902715384,0,0.0127891241289525,normal
2014-03-06,139.08848942066766,139.08848942066766,137.20000496142424,138.5526885986328,22604310,0.000507166491352,0,0.01278253691747,normal
2014-03-07,139.13242082203442,146.1988490851437,138.98310101337248,144.89886474609375,51525570,0.0447853381756955,0,0.0156084142253561,normal
2014-03-10,144.40258537331584,150.28761652080655,144.0512462314041,148.63189697265625,44180640,0.0254367445775631,0,0.0161399082583885,normal
2014-03-11,149.7706988786138,152.61546189009863,147.64820501054433,148.42364501953125,25625230,-0.0014021080761219,0,0.015883373524693,normal
2014-03-12,147.05000694534556,148.35274725303924,145.1180600263771,145.7915802001953,17206710,-0.0178925821196642,0,0.016722999768465,normal
2014-03-13,146.2258147371948,150.30241861769568,145.59659467535175,146.41192626953125,29306490,0.004245992861759,0,0.0166967695974475,normal
2014-03-14,144.985124715221,147.89191575642198,144.80787047500633,146.59359741210938,17043720,0.0012400528397931,0,0.0156307916659126,normal
2014-03-18,146.66892074542318,151.45448737279017,146.66892074542318,150.77210998535156,29193580,0.0281053767835812,0,0.0154857196979961,normal
2014-03-19,151.5431124537564,152.3850159295353,150.351149464052,151.44119262695312,17798490,0.004427890691768,0,0.0153741032448763,normal
2014-03-20,151.1886506946386,151.1886506946386,148.2198178430031,148.7028045654297,14052620,-0.0182476682647578,0,0.0162121451433099,normal
2014-03-21,150.47966847504338,151.70263889547823,149.68206495987283,150.84744262695312,16902930,0.014319298525895,0,0.0163134388336183,normal
2014-03-24,151.62730865844762,154.19291082833055,151.62730865844762,152.9256134033203,16494770,0.013682603883649,0,0.015283659854571,normal
2014-03-25,153.56367916944666,154.8841473546086,153.1471561017311,154.50306701660156,16789650,0.0102623311220506,0,0.0152214211107596,normal
2014-03-26,155.455764477323,157.21490593717988,154.33913581504038,156.6388702392578,20279380,0.0137290189088501,0,0.0152651959108274,normal
2014-03-27,157.74663083523058,164.28691682293407,157.74663083523058,162.79806518554688,48585150,0.0385676025983974,0,0.0164314548413681,normal
2014-03-28,164.52620830625958,169.79477574802328,164.52620830625958,168.5540771484375,33298740,0.034746062048077,0,0.0173068928514283,normal
2014-03-31,169.71057721220012,171.81977826927567,167.0696540006568,169.94985961914062,25924470,0.0082468191928466,0,0.0173085939118889,normal
2014-04-01,170.8626501101873,171.35449408256667,165.5010342479689,167.81849670410156,22272160,-0.0126204315147768,0,0.0175050250086246,normal
2014-04-02,170.15368326369787,171.9261174643614,167.30006311882164,171.47415161132812,19202730,0.0215495171648987,0,0.0175252166520285,normal
2014-04-03,171.3943788703996,171.748873818043,166.92785071088957,168.0444793701172,20425470,-0.0202038332627365,0,0.0188428768754736,normal
2014-04-04,168.29262769438495,169.47129810081236,165.73589614070227,168.62939453125,20800500,0.003474672642965,0,0.0187784663174714,normal
2014-04-07,169.24087929002107,170.6588320475091,168.23944964794765,170.3663787841797,22630300,0.0102479121635017,0,0.0168868271626669,normal
2014-04-09,171.04433441719496,176.53444227835948,171.04433441719496,175.91409301757812,26631730,0.0320444806971353,0,0.0173034557254504,normal
2014-04-10,176.80032210450537,180.78829929483257,176.37494165719866,179.72926330566406,28796540,0.0214558578408246,0,0.0173748703892312,normal
2014-04-11,178.57274417410974,179.87548438215066,175.8609220341387,176.7249755859375,20895560,-0.0168569119510735,0,0.0172900532679272,normal
2014-04-15,176.80032304458234,177.66439018278786,172.6040842599886,174.05747985839844,16863520,-0.0152091252330732,0,0.0181349991761378,normal
2014-04-16,174.23030760065555,176.76931123397793,172.82121197004682,173.64540100097656,19376260,-0.0023702941392667,0,0.0182303385839927,normal
2014-04-17,174.33217261195392,179.19307336167626,173.94223497124065,178.77655029296875,21513800,0.0291214091142082,0,0.0182892629905575,normal
2014-04-21,179.1931150744611,184.2268358004997,179.1931150744611,183.6330718994141,18872420,0.0268028884843145,0,0.0187054814131775,normal
2014-04-22,183.80142620811304,184.06729404997708,180.80602152273875,181.54600524902344,18364100,-0.0114304981033965,0,0.0182265930906014,normal
2014-04-23,181.2313983270155,184.1559174837563,180.86362417766503,183.0215606689453,23265390,0.008094869731928,0,0.0182016872603402,normal
2014-04-25,182.56073843394367,187.12918689886848,181.0453011115621,184.7984313964844,22655730,0.0096617072927669,0,0.0181771856809861,normal
2014-04-28,184.33316004008347,187.78940138179505,183.5754481925929,186.6550445556641,16889200,0.0099965607565293,0,0.0181766697895089,normal
2014-04-29,187.85589844040973,188.31229976251385,182.5607452032648,183.0747528076172,16514320,-0.0193676770922825,0,0.0192421876416366,normal
2014-04-30,183.4424933139545,186.7968280822261,182.02011873986723,184.2090759277344,22114870,0.0061768400233672,0,0.0178271648340231,normal
2014-05-02,185.6625046822325,186.5309937579021,180.7971673524948,181.5150146484375,15446470,-0.0147330191258143,0,0.0170711822096083,normal
2014-05-05,182.07327938780207,183.43362572405903,180.3451589476149,181.1914978027344,13172760,-0.0017839047295353,0,0.0170780419955963,normal
2014-05-06,182.54298113823867,182.8930406534973,180.85031687805127,181.8694610595703,9841880,0.0037347119171586,0,0.0166671323776132,normal
2014-05-07,181.8251511566657,184.77625556611704,181.14276023947028,183.9609375,19519520,0.0114342560685853,0,0.0162556067462245,normal
2014-05-08,184.9092090684372,186.46008913235084,183.55773327892425,185.37448120117188,19363440,0.0076545629338129,0,0.0152805759460046,normal
2014-05-09,184.3331653163876,193.6561734254484,184.3331653163876,192.59713745117188,27635400,0.0382226347817971,0,0.016989006702571,normal
2014-05-12,193.9042988628662,200.7104395132255,193.9042988628662,198.7519073486328,26436870,0.031456713620158,0,0.0178650731404885,normal
2014-05-13,202.0575076882214,205.95685769070832,200.3205161458697,201.71188354492188,32756640,0.0147830099442565,0,0.0170245277837887,normal
2014-05-14,202.2347288135309,205.2345821927472,200.92756677376383,202.28347778320312,28870930,0.0028297088254198,0,0.0166891895367205,normal
2014-05-15,202.94372380591315,204.09580878531395,201.37955110438293,201.9910430908203,21093980,-0.001446713697196,0,0.0159207556111496,normal
2014-05-16,208.2610201067308,222.17462597955404,203.91856169226864,214.2164001464844,79653680,0.0587633644419556,0,0.018884236596313,normal
2014-05-19,217.03455280442057,229.9556126975971,217.03455280442057,227.5894012451172,36044700,0.0605564139780323,0,0.0216828580325086,normal
2014-05-20,231.364697825946,231.7457646766316,222.4759281396226,223.91603088378903,23419880,-0.0162720142528147,0,0.0223306405323098,normal
2014-05-21,224.0356933190833,224.2129340406824,217.3004377175168,217.94737243652344,23542300,-0.027017496647562,0,0.0235672535107589,normal
2014-05-22,219.3387208861732,224.921891031432,218.9842394735786,222.58670043945312,20116860,0.0210630677998979,0,0.0232338658169477,normal
2014-05-23,223.3266797219315,246.1024670037148,221.3105414945921,244.0198516845703,89947940,0.0919328907436378,0,0.0295425154249042,high_volatility
2014-05-26,251.1539268281348,251.23368312364707,232.98647583709004,239.447006225586,43472930,-0.0189174573483494,0,0.0304598047937877,high_volatility
2014-05-27,239.03048837883048,239.27862809653,231.89645121106983,233.0175018310547,21141040,-0.0272185580989123,0,0.0317589471534831,high_volatility
2014-05-28,233.6954712901453,234.48419048344832,229.54354614124097,231.3203887939453,22103120,-0.0073098518484906,0,0.0312608185573383,high_volatility
2014-05-29,232.0067335421792,235.5453519490968,229.96555875694224,231.87747192382807,38177620,0.002405379841865,0,0.0313072010991468,high_volatility
2014-05-30,232.01117459383323,233.5308961285982,225.5979818149148,226.60073852539065,23614930,-0.0230194861453902,0,0.0317247872798093,high_volatility
2014-06-02,227.20240422751527,236.3564771378157,225.21472120340457,235.73252868652344,22338560,0.0395082015247698,0,0.0321830077229034,high_volatility
2014-06-03,237.6444414504033,239.59647687986475,233.6512584141873,235.777084350586,31312470,0.000188991541056,0,0.0322473467235594,high_volatility
2014-06-04,233.7359070524083,240.10005530870083,233.7359070524083,239.1151428222656,19581210,0.0140584042355911,0,0.0322460654411502,high_volatility
2014-06-05,239.2800349268145,242.7116693122884,238.0767214870241,240.47442626953125,21508380,0.0056685431653109,0,0.0322668043429208,high_volatility
2014-06-06,243.7812995633552,245.53723907971496,242.0298210957565,244.2091522216797,23003760,0.015411291145412,0,0.0317274076325311,high_volatility
2014-06-09,245.56397435367165,246.14333945177088,240.40311224901563,241.3613128662109,16762200,-0.0117300050712358,0,0.0317938351765537,high_volatility
2014-06-10,241.9094821979476,242.30167366869247,236.30295034701803,237.6132202148437,15604840,-0.0156508077128565,0,0.0322631858899106,high_volatility
2014-06-11,239.14629966975284,243.66985705070533,237.45276060746272,240.4253692626953,20880260,0.01176549989668,0,0.0322469139417375,high_volatility
2014-06-12,240.4031370875949,241.5529725067276,237.9965370772586,240.7775115966797,17608610,0.0014635922221239,0,0.0322055559275306,high_volatility
2014-06-13,241.3746966607408,241.5529754198873,230.50037239079413,232.4524078369141,18537170,-0.0351878120958906,0,0.0313727327404469,high_volatility
2014-06-16,232.7197792730205,233.0807706087507,227.02858262384933,230.0234832763672,17379420,-0.0105041016855658,0,0.0285362665456446,normal
2014-06-17,228.5483223140736,238.1970543014,227.60350479442303,236.49905395507807,22808210,0.0277628028212229,0,0.0288683470286439,normal
2014-06-18,235.31357994397072,239.26220659421185,232.340970934967,235.4517364501953,25021300,-0.004438256044299,0,0.0280742080058638,normal
2014-06-19,235.93752247499,237.84051337446044,231.3382084445556,232.2340087890625,21446630,-0.0137604298041384,0,0.0280311334252179,normal
2014-06-20,232.37215038484385,233.8651327289008,228.86027160862025,230.2418365478516,15397210,-0.0086153021111794,0,0.0184573886042133,normal
2014-06-23,230.32205649740249,233.93643062367272,228.8067960950372,231.7660217285156,17948990,0.0065981159540449,0,0.0181720379303064,normal
2014-06-24,231.76606096280875,238.32633309067504,231.76606096280875,237.3815155029297,17354830,0.0239402811702236,0,0.0179801927575772,normal
2014-06-25,237.452776784656,241.0448729652387,235.9553333350246,239.9396209716797,23118070,0.0107186955072533,0,0.0179973862315332,normal
2014-06-26,240.661605733906,242.2259105234189,235.2645529188669,236.4322052001953,17973090,-0.0147258043413973,0,0.018372281662251,normal
2014-06-27,236.69513613099053,237.97866687686027,234.2439530984848,235.219970703125,10927310,-0.0051403861926191,0,0.0175604796832189,normal
2014-06-30,236.20494503484545,241.2811295329214,235.80829246670507,239.43605041503903,15140470,0.0177652464439139,0,0.0156798167610967,normal
2014-07-01,240.5724506054218,241.4637898275253,238.56693735568905,238.896728515625,9828620,-0.0022550080266716,0,0.0156941775147575,normal
2014-07-02,240.66605637831705,243.24647369125296,239.9797077530364,240.8621520996093,16497960,0.0081934265676348,0,0.0154839812222409,normal
2014-07-03,240.6616503533484,242.4888853365338,238.63385855456417,240.32293701171875,14368590,-0.0022411971018936,0,0.0154423207942479,normal
2014-07-04,240.7507445423234,241.9718750015201,237.10070910912103,240.49224853515625,15306300,0.000704268648433,0,0.0150124275839391,normal
2014-07-07,240.403103537377,241.88719101762203,238.43325139461592,239.2978515625,13937420,-0.0049788415380973,0,0.0148277087214094,normal
2014-07-08,239.14632587813284,240.39422267275023,228.18286325097785,229.5376892089844,17690110,-0.0416417777149629,0,0.0171837674681648,normal
2014-07-09,230.85687442334512,233.0763005347446,226.89041733197595,230.1660919189453,18223190,0.0027339479341845,0,0.0169272375877351,normal
2014-07-10,230.2463256633993,236.378744724786,223.28050648844663,226.90826416015625,37386490,-0.0142553739251134,0,0.0171130409613618,normal
2014-07-11,225.6425540870636,226.72998919694297,214.9910514295657,216.1720733642578,22975720,-0.0484710866755477,0,0.0186207337008195,normal
2014-07-14,215.70410928838496,217.56700514987537,210.9265301254053,214.90635681152344,16142970,-0.0058723429493188,0,0.0185594491597282,normal
2014-07-15,216.3414172878363,225.0498061517445,216.3414172878363,224.4035797119141,20244400,0.0432437423571956,0,0.0201796052322049,normal
2014-07-16,226.221936955014,230.5360298829889,226.0392107503533,229.39065551757807,21653240,0.0219803435256924,0,0.02090623896314,normal
2014-07-17,227.9154427332777,233.78937870746825,225.7851424770198,231.94876098632807,16169410,0.0110900200386998,0,0.02086537838004,normal
2014-07-18,230.10814667595776,230.411198760242,226.1907068191913,228.4056854248047,13962750,-0.015393119581212,0,0.0210657005176001,normal
2014-07-21,228.2719864836529,230.14380434172648,223.9578941937393,224.90272521972656,12814270,-0.0154553935097956,0,0.021256416126183,normal
2014-07-22,225.33058035557377,227.20238474667875,223.142340716778,224.9918670654297,10256470,0.000396278810185,0,0.0204082016006847,normal
2014-07-23,226.57846149372816,229.337171488378,224.350113104528,226.431396484375,15629540,0.0063777585901245,0,0.0202808868126306,normal
2014-07-24,227.20238118676565,229.15887747050985,225.5222115095117,227.92437744140625,12997790,0.0065718822832137,0,0.0201860345938719,normal
2014-07-25,226.62304063791143,228.8068330310577,221.3284824681254,222.8838653564453,13895680,-0.0223630433980766,0,0.0206955094006737,normal
2014-07-28,223.2983475616793,225.6871305960613,220.60649879843123,221.9123077392578,12536680,-0.0043685589988351,0,0.0201279168938762,normal
2014-07-30,222.0326445373444,223.4320402886441,216.62220798361227,220.1162567138672,24264520,-0.0081264472658748,0,0.0201470029044996,normal
2014-07-31,219.00207428923693,221.23042265115583,216.95199107611973,217.41995239257807,18349440,-0.0123250985752152,0,0.02001034158662,normal
2014-08-01,215.2584388202825,221.49781385855155,214.81276917469185,217.2372131347656,20333530,-0.0008408432349549,0,0.0200233895206958,normal
2014-08-04,218.6455500444364,220.0716848750889,217.5670234230766,219.394271850586,13946260,0.0098805346775643,0,0.0202658381215038,normal
2014-08-05,220.74464249070544,221.40868594475023,217.62495481015915,220.5084381103516,17961890,0.0050655229756513,0,0.020379854165417,normal
2014-08-06,218.82381590539063,219.6884161846051,215.8021759772448,216.2612152099609,12928410,-0.0194489555190706,0,0.0187679826722549,normal
2014-08-07,215.2584337521081,218.2889818304681,214.39383357195825,217.13916015625,15579810,0.0040514323340712,0,0.0187913876482747,normal
2014-08-08,214.99102960876704,217.96809951199225,213.03008593122536,215.52137756347656,32789900,-0.0074783345895115,0,0.018636561446048,normal
2014-08-11,216.5954529827457,217.48233124662576,214.36710470103023,215.2094268798828,12536370,-0.0014484719222167,0,0.0151888147993618,normal
2014-08-12,215.7041295498646,217.3887604308311,214.0997159487633,216.5196990966797,12331020,0.0060698996703933,0,0.0151897821484192,normal
2014-08-13,216.1497767396916,217.1569944845769,209.68756691963893,211.15382385253903,20923880,-0.0250946413368211,0,0.0124840624339131,normal
2014-08-14,212.2279016714957,212.4507365058417,209.4736527824016,210.57891845703125,15800260,-0.002726398469691,0,0.0110133835628518,normal
2014-08-18,209.9104187369261,216.52861618795563,209.82127936085308,215.8110809326172,16556210,0.0245429072683149,0,0.0123331504928045,normal
2014-08-19,216.9698121985037,219.4477343807128,216.53751209113503,217.6873474121093,15948060,0.008656447512398,0,0.0122957441264436,normal
2014-08-20,217.93245618757703,218.22659978507457,214.6790732226261,215.2361602783203,16065950,-0.0113240019716363,0,0.0120980391717925,normal
2014-08-21,215.1693118752231,220.77584395691184,214.82169007562024,219.94244384765625,27963970,0.0216300480448001,0,0.0132174749787732,normal
2014-08-22,221.02985713172777,227.20237059012,221.02985713172777,225.0364227294922,26474960,0.0228963746513199,0,0.0141918262942786,normal
2014-08-25,225.50883486394096,229.7337742908989,222.0950038345026,223.38299560546875,26784130,-0.0073745005217906,0,0.0141785619662052,normal
2014-08-26,222.8214780297366,223.6370475875325,219.7374377549427,222.4783172607422,14312180,-0.0040581210352463,0,0.0132903816004248,normal
2014-08-27,223.7306177439893,225.97678291109463,220.5173298841651,223.28048706054688,14200130,0.0035991242705692,0,0.0132748216105957,normal
2014-08-28,223.9044558201189,224.95178234116585,218.64555877082256,219.33189392089844,14700480,-0.017842690649739,0,0.0137683296943322,normal
2014-09-01,220.7847661585593,224.34567630199103,220.41931374120668,223.2225799560547,15193550,0.0175833101030224,0,0.0140018548507572,normal
2014-09-02,224.3634762479892,225.8653808433276,223.191362852598,224.7957763671875,16508080,0.0070229393728213,0,0.0140484076949846,normal
2014-09-03,224.87153092114823,225.44643495756085,222.24653024350977,223.28048706054688,15715840,-0.0067635588261047,0,0.0140319067285356,normal
2014-09-04,223.3696509857888,223.63704191549115,220.69563288269043,221.600341796875,12428860,-0.007553273338126,0,0.014117143249698,normal
2014-09-05,222.03263651653305,225.5088545254357,221.5958753407441,224.2386932373047,16913550,0.0118355820446796,0,0.013541380725619,normal
2014-09-08,226.1505857912596,229.25245603929548,225.3216332523124,228.708724975586,17875080,0.019738171288381,0,0.0141199088691262,normal
2014-09-09,228.806793982852,230.84794125909409,227.46977152095943,228.8379669189453,12975200,0.0005649344606188,0,0.0139311661098684,normal
2014-09-10,227.2024005290038,228.4413753130665,225.11666966227912,227.28707885742188,16289770,-0.0068003020333984,0,0.0140717535891215,normal
2014-09-11,228.4725770257677,232.54154346387173,228.4725770257677,232.0245513916016,15981320,0.0206293079941524,0,0.0146195595982856,normal
2014-09-12,232.1938915247709,235.402718498622,230.6340477237408,234.45790100097656,16374410,0.0104328540901654,0,0.0130407825007603,normal
2014-09-15,232.978249807674,235.66118956587675,231.257971640464,233.8205718994141,17437540,-0.0027220106494789,0,0.0130406415589063,normal
2014-09-16,234.33310569173656,235.67011469401143,227.29153038672587,228.4591827392578,15687360,-0.0231964714319889,0,0.0136741753415005,normal
2014-09-17,230.26861318009296,230.68308272943773,226.12835153428864,228.392333984375,13044950,-0.0002926498125219,0,0.013620407352425,normal
2014-09-18,227.6480379304335,234.2439429088597,226.75669868465928,233.5665435791016,20121200,0.0224021064898751,0,0.0139163683650697,normal
2014-09-19,234.06570402549025,234.5915909447251,227.73718959830643,228.8959197998047,15558510,-0.0201996181694994,0,0.0142795385132588,normal
2014-09-22,227.3806542950098,233.976559483969,226.6051798779189,231.8863677978516,14346980,0.0129800561556869,0,0.0136749636896672,normal
2014-09-23,232.6306344007768,233.9498263527764,227.2157508920903,227.8441467285156,19379150,-0.0175856294674678,0,0.0142040839538966,normal
2014-09-24,227.32272866034697,229.3594422879311,218.88620518947425,221.6181488037109,23106290,-0.0277059777825066,0,0.0155653414529186,normal
2014-09-25,222.38915237899965,222.8259135264377,210.56107621780407,211.93374633789065,28369080,-0.0446821418990959,0,0.0184270969460912,normal
2014-09-26,210.34718637555704,219.2783972212677,209.46921653724684,217.9547576904297,28118450,0.0280137991666755,0,0.0192655069377371,normal
2014-09-29,218.46727311734608,220.8738865649953,216.23892481382669,218.3513946533203,13845560,0.0018181594278399,0,0.0188118265019931,normal
2014-09-30,217.13470503230195,220.69561476240807,215.7308483635913,217.994857788086,18632180,-0.0016341927658878,0,0.0187143517481563,normal
2014-10-01,217.9324750670065,218.7346750563973,215.008883033514,216.0027313232422,10544750,-0.0091804217636113,0,0.0187576367754036,normal
2014-10-07,214.33591449839847,216.01163683618472,210.29814831278333,210.92654418945312,13002440,-0.0237811115586454,0,0.019367195066424,normal
2014-10-08,209.11264329347537,215.6862703362705,209.11264329347537,214.92417907714844,13589310,0.0187753694143983,0,0.0196963271466696,normal
2014-10-09,216.23892101059428,222.70113097714253,216.23892101059428,221.0120391845703,17279230,0.027931865507293,0,0.0202523033253496,normal
2014-10-10,218.8059595846373,222.22871270852207,216.87621605477204,218.48507690429688,12525220,-0.0114994616998762,0,0.0203603097696339,normal
2014-10-13,217.219393184173,222.3356858625177,216.70241473786564,221.5379333496093,13926640,0.0138761171974239,0,0.0206435326860064,normal
2014-10-14,223.24039018204016,226.7567167138043,222.1529551276744,224.9339294433593,17315970,0.0152128806834967,0,0.0203747431173252,normal
2014-10-16,222.85711408648584,227.71937184103925,218.59206566119616,219.8399353027344,19073950,-0.022906997421888,0,0.020703809243495,normal
2014-10-17,221.76521043063497,225.9500411805911,220.61537516973104,224.786849975586,14633000,0.0222529050172317,0,0.0214741963736019,normal
2014-10-20,229.69814250816856,231.19112491617744,227.5366284410547,229.02517700195312,18824230,0.0186793209922324,0,0.0213366984085868,normal
2014-10-21,229.9655357986184,232.372162751536,229.0385353247109,230.33544921875,15022310,0.0057047804949679,0,0.0213726530972365,normal
2014-10-22,232.5504303321173,232.96043881555929,228.63746474121905,229.5421600341797,14511170,-0.0034500047641143,0,0.0207460188889818,normal
2014-10-27,231.03515919418103,233.5219762749641,230.0546805164358,231.5521240234375,13429580,0.0087182894689625,0,0.0203314387398696,normal
2014-10-28,232.4612701421057,237.4795145716406,232.28301860947008,236.8065490722656,22963480,0.02243855323188,0,0.0207410112917241,normal
2014-10-29,238.61155664860567,238.7898081990192,234.51139016783583,235.64784240722656,17372970,-0.0049050617757231,0,0.0203311306769554,normal
2014-10-30,236.195980312657,236.4767543539068,233.7091633780385,235.13528442382807,15544270,-0.0021774705026826,0,0.0191562907721067,normal
2014-10-31,236.38321697644548,241.53515755970423,235.8484079024406,240.9112091064453,20770240,0.0242674117563783,0,0.0160898798185374,normal
2014-11-03,241.19641782500867,244.53894016958608,240.1490778361312,242.7518005371093,17780640,0.0076110857320115,0,0.0152740112760972,normal
2014-11-05,243.60302289178443,249.5571901642772,242.8052840007364,247.9616851806641,26605100,0.0212347145975311,0,0.0156476885139292,normal
2014-11-07,247.3466821355828,247.88149121293668,243.3356548577085,244.4498291015625,18163030,-0.0142641490797785,0,0.0162312010850209,normal
2014-11-10,245.92051418507725,246.81185350956213,243.60302650111305,244.1824188232422,12068890,-0.0010945258163053,0,0.0159384010114205,normal
2014-11-11,244.9311136615961,246.2324613158368,241.1072607635614,244.2581481933593,17405950,0.000310086327131,0,0.0143943306965743,normal
2014-11-12,245.3856648897134,247.0346478097657,243.8302823759213,244.7662048339844,16233230,0.0020778385381863,0,0.01417852326218,normal
2014-11-13,245.66200370656176,246.210195855889,240.215933811206,242.3818817138672,16859020,-0.0097889829625952,0,0.0136777027025767,normal
2014-11-14,243.33561875364447,250.1900198609582,242.4442794908107,248.4920196533203,50846690,0.0248962249531254,0,0.0138410927089028,normal
2014-11-17,249.0402010489006,263.06097837213827,248.8797664993548,262.10723876953125,49164120,0.0533429973480972,0,0.0173312570076044,normal
2014-11-18,263.5645798396488,265.5299710200079,260.6365269861008,262.5662841796875,32898390,0.0017498330188487,0,0.0173144887376928,normal
2014-11-19,262.8559166267856,264.5494556148569,258.8047953191278,259.4242553710937,20735930,-0.0120387881347152,0,0.0164512151233342,normal
2014-11-20,262.7223024223109,266.2876602159979,259.6026143528348,264.81695556640625,18099509,0.020574080426007,0,0.0163802876587353,normal
2014-11-21,267.3126629507977,273.6411777127979,264.9506191372286,272.3041687011719,21009207,0.0278808551764999,0,0.0168137691297789,normal
2014-11-24,274.3542689169134,276.1815310909284,272.7944248959723,275.2901916503906,18631463,0.0109060748701699,0,0.0168059686243197,normal
2014-11-25,276.2260694510026,276.27065274108026,268.2931543797459,271.3682861328125,26776620,-0.01434889594546,0,0.0173943961728827,normal
2014-11-26,271.76934277398243,275.2010044642857,270.6106125831604,272.97265625,11131807,0.0058947422028587,0,0.0174028726388767,normal
2014-11-27,273.6411847305748,274.9781937764896,270.83347117445726,272.6161499023437,15378080,-0.0013068684488244,0,0.0171910884428236,normal
2014-11-28,274.8890590211972,287.45694970439064,274.53252870992964,286.4764709472656,27760604,0.049591645480417,0,0.0193778017965472,normal
2014-12-01,287.7243399978183,291.4234201733628,283.0893915586064,284.8720703125,18449916,-0.0056162035466424,0,0.0195041946663291,normal
2014-12-02,284.2480757443038,287.72429331002144,277.6967269465005,284.06982421875,23776383,-0.0028201355293422,0,0.019371671311821,normal
2014-12-03,284.9166278149191,287.81348080437465,281.97521873700265,283.4013671875,13699078,-0.0023559163903073,0,0.0195163546128409,normal
2014-12-04,285.0949157836006,286.1199506649936,279.92513088369486,285.4960021972656,13809486,0.0073638747088686,0,0.0192563347719641,normal
2014-12-05,285.2285920935108,286.3873223682833,281.66323469234186,283.0447998046875,11391988,-0.0086228378749613,0,0.0189668712491908,normal
2014-12-08,283.98073077556074,283.98073077556074,278.3652763830482,278.90008544921875,9814223,-0.0147515872985728,0,0.0195237955980291,normal
2014-12-09,278.7217785906073,280.2370389089924,272.3041254729951,273.2400207519531,14926558,-0.0205029952014523,0,0.020413741188806,normal
2014-12-10,270.5214675868464,282.7328264277156,270.3431888528056,281.61865234375,15381613,0.0302032532951121,0,0.0211146080867799,normal
2014-12-11,279.5239930058835,283.93610595298986,276.71627982108583,279.9250793457031,13151866,-0.0060318655068138,0,0.0209735002281619,normal
2014-12-12,279.5685631407357,282.4654158360597,275.4238408784985,277.5184936523437,11727933,-0.0086344188415372,0,0.0208241368934698,normal
2014-12-15,274.79987611934746,281.66319913066906,274.131371691031,276.8053894042969,15117938,-0.002572880812905,0,0.0175646249179743,normal
2014-12-16,274.6216613988039,277.206540094429,261.1624316645264,263.4799194335937,20951938,-0.0493375359508405,0,0.0210777721716804,normal
2014-12-17,262.4102601976425,273.10633080788483,255.8143554282959,268.96160888671875,28290440,0.020591493529058,0,0.021343904704719,normal
2014-12-18,277.0282553920638,278.6326825215035,271.4128284428195,273.7303161621094,18921827,0.0175747225913802,0,0.0212152380927283,normal
2014-12-19,277.6967664119059,278.09788000405763,270.5214954526651,271.1008605957031,14130478,-0.0096524431567175,0,0.0204183644804321,normal
2014-12-22,273.0172398318494,275.1118928045537,270.3878049950665,274.26513671875,11565161,0.0116043598145418,0,0.0204389799486512,normal
2014-12-23,274.17598830595574,278.5435456616264,272.9726747483939,273.8194580078125,12836868,-0.0016263139429817,0,0.0201712316681498,normal
2014-12-24,272.7498428956076,276.2706442318936,271.8585035397396,272.5270080566406,14866629,-0.0047312555031782,0,0.0201601996474365,normal
2014-12-26,273.5074594866226,276.13689400304946,272.79437175219823,274.22052001953125,7373519,0.0061948789591106,0,0.0202059395554899,normal
2014-12-29,275.86950060916087,276.49344897095096,273.6411524620756,274.1313781738281,7699059,-0.0003251264262313,0,0.0165478579153542,normal
2014-12-30,274.7108115318071,276.98371610110377,272.74985398853664,276.0923767089844,8113742,0.0071280340797965,0,0.0166545138264638,normal
2014-12-31,276.35971492505195,278.9446204302931,276.3151588445537,277.9641418457031,6305857,0.0067566112655175,0,0.0167539098763331,normal
2015-01-01,278.49892836185114,280.77183231426653,276.93908484899407,279.8804931640625,6138488,0.0068705827268633,0,0.0168438992037378,normal
2015-01-02,280.1925509422308,283.7133253155532,280.1925509422308,280.9947509765625,9935094,0.0039732874290328,0,0.0167761872274327,normal
2015-01-05,281.88607573413924,282.3763015069824,278.1870227893152,278.7663879394531,9136716,-0.0079618775001684,0,0.016760598245585,normal
2015-01-06,276.31518502414184,277.2956637016277,266.2430617409654,267.3126525878906,15329257,-0.0419551550513039,0,0.0189203669960759,normal
2015-01-07,267.40176598309256,269.67467011334315,263.07876532606303,267.53546142578125,15046745,0.0008331668185483,0,0.018424418103625,normal
2015-01-08,271.8585184684651,273.19552757568704,269.49647448601024,271.7248229980469,8939749,0.0155377504203357,0,0.0173769566279782,normal
2015-01-09,273.3737769368078,274.39881170180155,269.1844713041171,270.25408935546875,11953948,-0.0054272858930284,0,0.0173697101509562,normal
2015-01-12,271.1008542341908,274.3542373778488,268.38228013367944,273.7303161621094,8536142,0.0127807859598627,0,0.0175822714565317,normal
2015-01-13,274.6662058799674,276.9836935511088,271.1008486017552,271.9476318359375,9484804,-0.0065338563700336,0,0.0176268816458672,normal
2015-01-14,270.9671465815206,273.6411644754172,269.4073028100809,271.5910949707031,8855660,-0.0013119098926601,0,0.0134568863366882,normal
2015-01-15,285.1394718735011,288.5265779530642,279.8805747937943,285.4960021972656,30729523,0.0499304183342266,0,0.0168237137018059,normal
2015-01-16,285.2285562869111,285.4959471778241,279.07832098227755,281.1729736328125,21598514,-0.0152579817051492,0,0.0169265023905182,normal
2015-01-19,282.15344244435744,283.4013392163271,278.54352918670435,279.1228942871094,9975658,-0.0073178783274423,0,0.0168545940869955,normal
2015-01-20,279.88056734783106,285.05032490868007,279.88056734783106,283.5796203613281,13104643,0.0158407654190551,0,0.0170146793257785,normal
2015-01-21,285.1394589790268,292.0027830075833,284.3372589864535,290.7549133300781,22617660,0.0249877584968638,0,0.0177674005896216,normal
2015-01-22,291.3788043901078,292.0027527649977,286.83296863431025,289.373291015625,12232626,-0.0047631710241509,0,0.0177681329909206,normal
2015-01-23,292.5821095935631,296.4148574981887,289.3732828446939,291.8690490722656,17127278,0.0085877205522839,0,0.0177988148165843,normal
2015-01-27,293.6071583360467,296.0583413973247,287.5460620105842,294.1865234375,13734088,0.0079087600339322,0,0.0178101898381734,normal
2015-01-28,294.4985207686497,299.490026653173,292.5375904864747,298.2421569824219,19428852,0.0136917642106526,0,0.0179399753138873,normal
2015-01-29,296.63771369890384,297.3508014731303,289.7744172816464,291.46795654296875,14911660,-0.0229756901903215,0,0.0188937285036513,normal
2015-01-30,292.983255135608,294.58765508450784,273.64118036594226,275.3793029785156,30252827,-0.0567806427650694,0,0.0230088055371042,normal
2015-02-02,275.8695317462208,278.0087407685695,271.947644004995,274.0868530273437,17639807,-0.0047043928754435,0,0.0229956601705619,normal
2015-02-03,278.0978387700288,278.0978387700288,266.55498490201313,267.6691589355469,23743882,-0.0236933016845455,0,0.0235010162171775,normal
2015-02-04,269.8084477182265,270.03128256860447,260.1819658609873,261.2070007324219,21477507,-0.0244385370923989,0,0.0222266786465021,normal
2015-02-05,261.2961300035979,265.4408526199687,257.7753558247534,259.20147705078125,15722348,-0.0077075362743439,0,0.0222684701054763,normal
2015-02-06,259.3797773467682,262.811439635131,254.65568918978943,258.7558288574219,15985714,-0.0017207916492125,0,0.0219015018118926,normal
2015-02-09,258.04272646554256,260.984135264854,247.79232455067643,249.1293334960937,17088719,-0.0379126980629784,0,0.0232945917324618,normal
2015-02-10,247.34664279008643,259.2014439783385,245.74224301475687,256.0817565917969,22589681,0.027524581933104,0,0.0240760938295223,normal
2015-02-11,259.2015148381468,261.60814236057377,252.87302617088093,254.8785400390625,17366588,-0.0047096370684016,0,0.0240667803435454,normal
2015-02-12,257.507926978125,257.5970663514221,248.05972464050288,253.4077606201172,20957180,-0.005787224727392,0,0.0240687040536817,normal
2015-02-13,256.7057274417989,274.4879579837389,254.3436836539053,273.5966186523437,70540056,0.0766549335598245,0,0.0276625956297395,normal
2015-02-16,276.8499662858636,279.1228704089803,271.5910703450048,273.3737487792969,21372131,-0.0008149248977682,0,0.0274897889735574,normal
2015-02-18,273.46290392434065,274.44338265762167,269.1844858901379,272.4824523925781,13472484,-0.0032656849072063,0,0.0274588425766482,normal
2015-02-19,272.8389516527573,273.9085424388554,264.54948025254123,269.4964294433594,17762135,-0.0110190756976553,0,0.0272372783590608,normal
2015-02-20,269.0953434807187,273.1955099181628,264.7723422064735,269.4518737792969,15792502,-0.0001653429981969,0,0.0264688479389906,normal
2015-02-23,270.2540570969093,271.5019265401911,262.41025579346984,264.3266296386719,12440505,-0.0192042265608805,0,0.0266924021806485,normal
2015-02-24,264.63859965142007,266.5104173877571,260.3601824268039,264.0592346191406,15046698,-0.001012120347819,0,0.0265299837487125,normal
2015-02-25,266.51043400737376,267.98113831995425,262.9450770306865,263.435302734375,12845169,-0.0023656441216255,0,0.026365698298211,normal
2015-02-26,264.7277667469959,264.7277667469959,256.75026929270047,257.9535827636719,18707345,-0.0210281504472193,0,0.026176492679986,normal
2015-02-27,259.6025730267139,268.2931312653765,258.5775382645084,267.3126525878906,18316053,0.0356392998422538,0,0.0275682069391709,normal
2015-03-02,272.6606967206644,272.6606967206644,264.4603911720722,269.1844787597656,15085595,0.0069779823890234,0,0.0247227684974094,normal
2015-03-03,270.5214993106315,272.2150386765557,267.1344205787831,269.71929931640625,14387971,0.001984846846434,0,0.0247172229073124,normal
2015-03-04,279.8805569953796,280.7718963488681,260.2710912186333,261.9200744628906,38674148,-0.0293423881254533,0,0.02502295196327,normal
2015-03-05,262.72224092205886,264.0592497817131,258.2655447232114,261.8754577636719,16803823,-0.0001703592206556,0,0.0244118672256392,normal
2015-03-09,260.27109311730686,262.0537718372884,257.3296841099447,259.0677795410156,13199803,-0.0107793141660517,0,0.0244733440082941,normal
2015-03-10,259.156895417981,261.38524361590004,254.1208339309873,256.34918212890625,14064427,-0.0105492167547911,0,0.0245848895348643,normal
2015-03-11,257.1959226827911,259.2905753033885,252.91750528024207,254.1653747558593,16329314,-0.008555370904828,0,0.0230606530846636,normal
2015-03-12,256.83944016696825,257.9981976965888,255.0122052953813,255.6807098388672,9969794,0.0059443019797074,0,0.022244710690285,normal
2015-03-13,258.48838799358583,259.4242833453701,249.57499530415183,250.2434997558593,13414248,-0.0214949959960666,0,0.0227397772073061,normal
2015-03-16,250.91203512430835,253.0066881047263,249.5750260561504,251.0457305908203,15132928,0.0032006732690605,0,0.0227272851348877,normal
2015-03-17,253.05125645775124,253.1403958402526,249.12936844137536,252.33819580078125,11350496,0.0051351184745076,0,0.0138444744703572,normal
2015-03-18,253.2294873021537,257.10681849430136,251.3576694299257,256.0817565917969,12394230,0.0147265205811999,0,0.0144578440219724,normal
2015-03-19,258.48840456684275,258.7557954840635,250.1098203418762,251.00115966796875,11046649,-0.0200391958689589,0,0.014936337820279,normal
2015-03-20,251.17941096017384,251.7142199955961,246.72271433418413,248.01516723632807,11482652,-0.011967656806326,0,0.0149609314391527,normal
2015-03-23,249.0401996778081,249.5750087082006,243.82585923413697,244.89547729492188,13058026,-0.0126584062768069,0,0.0150462271403868,normal
2015-03-24,244.048723860884,246.3662118078641,239.77030549839816,241.15187072753903,17585259,-0.0154045922175996,0,0.0148775281182236,normal
2015-03-25,242.35516828394591,242.53344703783347,236.2049320960874,236.5614624023437,15824629,-0.0192188465353115,0,0.0152007253146904,normal
2015-03-26,235.7592253992821,237.0070948760264,227.4697678730311,228.76220703125,22253318,-0.0335249906733201,0,0.0164113527028363,normal
2015-03-27,231.6145241111911,236.1603600122277,228.1828623426872,234.95704650878903,19423101,0.0267196498211887,0,0.0176946631855883,normal
2015-03-30,236.2940406433953,240.08223245634568,234.5559182250826,238.789779663086,12303870,0.0161808652477137,0,0.0157946580980008,normal
2015-03-31,239.68113342136863,241.8649255969218,237.09625487989868,238.0321502685547,19482636,-0.0031778321614694,0,0.0155285968806077,normal
2015-04-01,237.6756166099154,244.80633094106767,234.5559290900363,243.7367401123047,12383589,0.0236829591486946,0,0.0168302348513157,normal
2015-04-06,245.51943851961136,245.78682944801352,241.73124622530835,244.8063507080078,12925445,0.0043787838773594,0,0.0159353852545092,normal
2015-04-07,245.38569855187737,246.32162113833084,240.9290020492896,242.4888458251953,12933524,-0.0095117800138151,0,0.0159732566475107,normal
2015-04-08,242.35516916113764,247.2129796062096,242.31061307326385,244.13784790039065,9913899,0.0067773034577056,0,0.0160543712742187,normal
2015-04-09,245.11828644536016,251.1793822841306,242.889938386766,250.33262634277344,13471276,0.0250575227151577,0,0.0171090392604621,normal
2015-04-10,250.46633379811897,256.1263435786999,249.6195506146365,254.7001953125,16880558,0.0172966099232541,0,0.0174953012275431,normal
2015-04-13,256.5274232934122,257.15137164421213,252.5609799823741,255.1904144287109,11985436,0.0019228409305318,0,0.0174477038686789,normal
2015-04-15,256.1709156433442,262.45487418290355,254.87848994765304,258.4884033203125,17289500,0.0128408417628751,0,0.0169123444504003,normal
2015-04-16,258.7112503200223,262.2766077749063,255.3687277060685,260.62762451171875,15043998,0.0082418310592542,0,0.016974581142947,normal
2015-04-17,259.37974379669424,262.8559617268619,257.77534389092995,260.0482482910156,16819018,-0.0022254784217681,0,0.0169799216998497,normal
2015-04-20,259.3797298136004,261.474382556522,253.89799869598724,256.39373779296875,13788536,-0.0141528829856509,0,0.017024267452828,normal
2015-04-21,256.1708722439409,260.2710378698647,251.1348113692958,257.7752990722656,15487948,0.0053739704460813,0,0.0163813316888793,normal
2015-04-22,258.9786251352737,261.3852521481912,245.47484005538925,253.0066680908203,17741741,-0.0186724271395668,0,0.0167326576988717,normal
2015-04-23,254.0316958552039,256.1709046957866,246.2324771228073,247.4803466796875,13874710,-0.0220846729693873,0,0.0172619026357232,normal
2015-04-24,248.104317567085,249.2184917727917,244.5389601088233,245.60855102539065,10049508,-0.0075921589554956,0,0.0169683564300485,normal
2015-04-27,246.4998736571225,246.4998736571225,237.18539425060803,238.0321502685547,12394191,-0.03133326283523,0,0.0179147582104762,normal
2015-04-28,237.9875875770499,243.78129289259604,236.3386044700143,242.88995361328125,12693457,0.0202027252666106,0,0.016550442232633,normal
2015-04-29,242.66713778669995,243.69217259783693,240.26051066358,242.35516357421875,8217676,-0.0022042066437943,0,0.0156050639233807,normal
2015-04-30,240.75074066221543,243.7367326371109,237.72019260472328,240.4387664794922,21635216,-0.0079388204386052,0,0.0153446950497312,normal
2015-05-04,244.22698493919225,247.79234238356,242.13233200032244,247.03469848632807,8012690,0.0270633585688599,0,0.0164309117437049,normal
2015-05-05,246.90098624336392,246.90098624336392,241.86492463574305,242.4888458251953,7102772,-0.0185730937408319,0,0.0161915967412497,normal
2015-05-06,241.954081889977,243.870456087434,234.6450882048868,236.5614624023437,16335660,-0.0247476552463519,0,0.0170403436535506,normal
2015-05-07,235.31359064229,238.210443557394,231.4362589925395,232.5950164794922,15962706,-0.0169092429027708,0,0.0172968844903103,normal
2015-05-08,235.31359346883085,238.8789509456313,232.0156269221829,233.48635864257807,14044596,0.00382483959803,0,0.0172297550206691,normal
2015-05-11,234.77874812247663,247.07924583733512,234.065687617926,246.0541839599609,17198308,0.0524281175070946,0,0.0203209689059744,normal
2015-05-12,245.3857224480236,245.4748618270592,237.4082512524396,238.3441467285156,12792368,-0.0318361477929842,0,0.0209697289950539,normal
2015-05-13,240.5724968743816,245.11833322170628,238.9235135560408,244.494384765625,9245732,0.0254767185718893,0,0.0219194919750706,normal
2015-05-14,244.22694964355424,251.2685241382297,243.2910543302706,250.42176818847656,13101418,0.0239542266500452,0,0.0224536314387182,normal
2015-05-15,251.35767470609383,257.01768452364416,251.35767470609383,256.2154846191406,18247889,0.0228722581038542,0,0.0230217750041885,normal
2015-05-18,258.3992288870909,258.48836824747895,254.3882024832507,258.2655334472656,13266119,0.0079694278556905,0,0.0231025279980309,normal
2015-05-19,257.77531594528574,259.69168984761444,255.1012982578928,257.1068115234375,14541041,-0.0044966474727088,0,0.0228987534152778,normal
2015-05-20,258.04272048871513,262.76680777249624,257.81988566964026,260.8058776855469,11807544,0.0142847593420558,0,0.0230918476563959,normal
2015-05-21,262.0537961028343,262.7223006847293,257.10687307741983,258.7112731933594,12118415,-0.0080637023762246,0,0.0227454704172986,normal
2015-05-22,261.1624233603109,271.8584953068083,250.2435165815949,251.75880432128903,69490117,-0.0272411610951888,0,0.0230494753948101,normal
2015-05-25,249.7532781740385,253.40774747600568,246.1433377541338,247.4803466796875,20356833,-0.0171403319639438,0,0.023330853314062,normal
2015-05-26,248.68368174465195,250.28808171401,246.00966366137607,247.03469848632807,9675703,-0.0018023650376548,0,0.0221213123569204,normal
2015-05-27,246.90097749732163,251.00114357476443,244.40523842488645,250.2434997558593,12176680,0.012905636393051,0,0.0218614401450602,normal
2015-05-28,252.5451179710194,252.5451179710194,249.20554558710296,250.55943298339844,13024987,0.0012617069461731,0,0.0218443345250493,normal
2015-05-29,251.5071429664173,254.21491775710888,250.10813700919053,251.05584716796875,14809918,0.0019792632572048,0,0.0217271102702271,normal
2015-06-01,251.50713234051423,254.5308195713542,250.5142761168925,251.1009826660156,11567692,0.0001797665409961,0,0.0209220527870629,normal
2015-06-02,251.6425154821833,252.22922203111256,239.5026755477691,240.31500244140625,21653784,-0.0439046066748076,0,0.0228367676020438,normal
2015-06-03,240.9919728334268,241.26273931302785,230.2060052682196,232.3270874023437,25967877,-0.0338043346855618,0,0.0234261110509519,normal
2015-06-04,234.58354851406057,235.93743589780263,229.0326157497,232.50759887695312,20210546,0.0007766695946394,0,0.0231219376589521,normal
2015-06-05,231.96604806814724,236.4790062017688,230.7024252997153,232.6881103515625,13539638,0.0007760668470844,0,0.023105307600088,normal
2015-06-08,233.5455579596685,233.5455579596685,227.94949323841072,230.1157073974609,17384700,-0.0111167166179368,0,0.0195938551906593,normal
2015-06-09,230.1608552361517,233.1393964624205,229.25826364699032,232.50759887695312,15275972,0.0103406497708524,0,0.0186114914191173,normal
2015-06-10,233.77122573041643,236.975414910688,233.31992992784805,235.2153778076172,10910978,0.0115786878872237,0,0.0178033892579682,normal
2015-06-11,236.70461958036648,237.3364446448734,228.0397357187769,229.2582397460937,20857622,-0.0256525430458154,0,0.0174590149031978,normal
2015-06-12,229.30338417008463,230.61213915246697,227.27255319907465,229.213119506836,11440479,-0.0001968290428298,0,0.016283866617133,normal
2015-06-15,230.16082946594423,230.7023898677865,224.60989732309977,225.8735198974609,13545280,-0.0146770274932999,0,0.0160790421049727,normal
2015-06-16,225.8735410955858,230.83779474603824,224.7453016295739,229.79981994628903,9896598,0.0172333857504671,0,0.0169465835033347,normal
2015-06-17,231.0634561042752,231.87578305815964,228.80697704075683,230.25112915039065,11241061,0.0019619972516586,0,0.0164002342979079,normal
2015-06-18,231.46962222095328,235.30563644443825,230.3413689710032,232.9588928222656,11598549,0.0116914332028903,0,0.0168721188322757,normal
2015-06-19,234.5835409527564,237.4718449629381,233.0040057226369,234.80918884277344,12216399,0.0079112096076379,0,0.0162804311089426,normal
2015-06-22,235.48614796024705,241.35299348554403,235.3958832893373,240.08937072753903,11051382,0.0222380101049228,0,0.0169110085669137,normal
2015-06-23,243.15815480592565,244.7828361011213,240.31499697046783,241.6688842773437,16180083,0.0065573104065936,0,0.0170065994635218,normal
2015-06-24,241.6237770801143,241.8042788692407,235.12510668356464,236.7949066162109,8361760,-0.0203741489080639,0,0.0171914208735371,normal
2015-06-25,235.8020667880916,240.08937709332963,233.8163541550696,239.0062561035156,16506503,0.0092953341978159,0,0.0173831682852069,normal
2015-06-26,238.37443807998167,240.90168344671645,235.62151727684736,239.36729431152344,14588452,0.0015094407968172,0,0.0173773117070112,normal
2015-06-29,233.54558320192103,235.3958850170542,230.16086460479173,234.35791015625,15040805,-0.0211496911516153,0,0.0178595209292104,normal
2015-06-30,233.9968591430548,237.6974900039613,232.507588595774,237.1559295654297,14181965,0.0118683780500052,0,0.0153945740357298,normal
2015-07-01,237.4718391350101,243.24841946869893,236.9753972622109,241.6688842773437,12072024,0.0188506870150408,0,0.013853614348019,normal
2015-07-02,241.80425857191548,244.8279456212888,240.17960488160787,241.75914001464844,8741783,0.0003733988673308,0,0.0138557376399392,normal
2015-07-03,241.3078556945169,243.69971778602783,240.81141381652648,243.1581573486328,7238541,0.005770143582124,0,0.0138784321079681,normal
2015-07-06,237.56209479615623,245.05359325904084,236.4789739737337,244.42176818847656,9458200,0.0051832062914627,0,0.0135294328509709,normal
2015-07-07,244.06073621467704,247.89675009162065,243.69970512347544,246.3172149658203,12523410,0.007724905777481,0,0.0134673970510489,normal
2015-07-08,243.60945880965207,244.60231504390435,239.7283260833765,241.307861328125,12669850,-0.0205466458186798,0,0.0142679178910778,normal
2015-07-09,240.9919406239058,244.8730732189869,240.9919406239058,241.6688842773437,6469504,0.001494991300281,0,0.0127852859246693,normal
2015-07-10,243.9253700235365,244.60231369612725,240.3150037697191,244.1961364746093,8788162,0.0104031979346466,0,0.0128810226443795,normal
2015-07-13,245.50493555182848,247.62603149664469,241.8043041760722,247.0393524169922,8423083,0.0115759050647827,0,0.0122911766839482,normal
2015-07-14,246.94907784064563,246.94907784064563,241.12735075345896,242.07508850097656,10337307,-0.0202996843731959,0,0.0130811865649374,normal
2015-07-15,242.5714459884952,245.2341017159121,241.12729419642,241.9396209716797,7483918,-0.0005597661814116,0,0.0130998200826609,normal
2015-07-16,243.4740796657865,246.18185441647188,241.9848090618915,245.68544006347656,8354120,0.015363823861012,0,0.013260544534039,normal
2015-07-17,245.8659698687021,247.31012207593824,244.1510511735084,244.692611694336,5571891,-0.0040492420986035,0,0.0132809181269926,normal
2015-07-20,245.5049130502948,245.5049130502948,240.22474672754743,241.39813232421875,6418930,-0.0135552048890268,0,0.0128226845563751,normal
2015-07-21,240.99192438799147,243.51916950593315,237.83285421811144,238.554916381836,5638653,-0.011848030593283,0,0.0130069798961561,normal
2015-07-22,238.0133835474361,243.1581384403561,236.3887023615884,242.39093017578125,11322177,0.0159522955391295,0,0.0126386000759738,normal
2015-07-23,242.34585178457493,245.5049224782286,241.2176122511272,243.744857788086,6376216,0.0055701766728653,0,0.0125395811892538,normal
2015-07-24,242.52635843424588,244.01562897006096,236.5692487460776,237.6072235107422,7796401,-0.0255030243938234,0,0.0138644844511561,normal
2015-07-27,237.56210536562853,237.74260714745864,232.91373687875057,233.27479553222656,6788558,-0.0184018503974812,0,0.0136598214896345,normal
2015-07-28,234.8994465422008,238.19390012977647,233.18452813790591,233.9517364501953,10788886,0.0028977009878587,0,0.0133861335147947,normal
2015-07-29,234.67379706172048,235.3056221486958,227.7238450570757,228.897216796875,9997136,-0.0218417717484351,0,0.0133537883547458,normal
2015-07-30,228.89723066716104,234.22251549111792,228.89723066716104,231.78550720214844,10536937,0.0125393382462064,0,0.013772398451833,normal
2015-07-31,232.8686397036139,247.08445782505544,232.4624624536085,243.744857788086,20534806,0.0503096073056745,0,0.0180498093774634,normal
2015-08-03,243.699758378517,255.43345044859376,243.60949369976464,253.6733856201172,21901780,0.0399255427742915,0,0.0201162096712276,normal
2015-08-04,254.9821013244904,261.70641908534674,249.4762876099182,260.4879150390625,28858887,0.026508912536844,0,0.0208303869998219,normal
2015-08-05,260.9392089531264,263.37618948359915,256.5616346558224,257.599609375,10169558,-0.0111499908849053,0,0.020377201954571,normal
2015-08-06,257.7801492018568,262.4736086805247,254.53081415052807,260.8940734863281,15372143,0.0127079984047773,0,0.0204798882365092,normal
2015-08-07,260.397672511114,260.397672511114,252.9061733667129,253.8990020751953,13845614,-0.0271779179147291,0,0.0215413365946296,normal
2015-08-10,254.5759385617089,258.1411862428161,252.8159015460893,255.207763671875,14694901,0.0051414146019341,0,0.021437778718117,normal
2015-08-11,257.96066465123755,261.2551459810508,241.44324962040355,242.6166076660156,39233644,-0.0505955217617613,0,0.023987364953232,normal
2015-08-12,241.3981204430316,241.3981204430316,230.20597698841743,231.3793487548828,29724325,-0.0474238851739228,0,0.0262396354232887,normal
2015-08-13,234.44815414249368,237.2461934448987,233.00400215948707,234.0419769287109,16360033,0.0114419218697783,0,0.0261155821598609,normal
2015-08-14,236.3887156033177,243.15815206128727,233.99685356381664,242.3458251953125,14852873,0.0348652479443778,0,0.0274061624667726,high_volatility
2015-08-17,245.50491510277035,254.4405664302496,244.4217941652354,252.5,27500063,0.041045512917309,0,0.0287231839686888,high_volatility
2015-08-18,253.4477085752009,259.9463790699125,248.7091027067389,257.0580749511719,27728824,0.0178907832245016,0,0.0287248035585601,high_volatility
2015-08-19,256.24575625806915,258.0960856121462,248.70911069711497,250.92047119140625,15452575,-0.0241659908580187,0,0.0292231987675439,high_volatility
2015-08-20,250.60454208411693,254.2149083379343,241.89453900576424,244.1961364746093,14577599,-0.0271643006827453,0,0.0299054793662644,high_volatility
2015-08-21,236.02768805673188,242.70685995356223,231.2439639056676,241.4432373046875,19030056,-0.0113373371498903,0,0.0294313595610687,high_volatility
2015-08-25,225.64789774425296,229.98034013543355,216.6219818344828,228.6715850830078,23492839,0.0318824451636947,0,0.0359456760623305,high_volatility
2015-08-26,227.90439548769592,228.62647157442527,221.1349579979624,221.7667694091797,16325529,-0.0306606065651413,0,0.0362656358327149,high_volatility
2015-08-27,226.6858769790724,227.45308535532425,223.93298359095,225.15147399902344,21076926,0.0151471520977466,0,0.0363237232805526,high_volatility
2015-08-28,229.70956627711345,230.97318903055955,223.3462926296808,224.7001800537109,16644381,-0.0020064129703394,0,0.0342229876851193,high_volatility
2015-08-31,224.74531314291565,226.86640895666017,221.13494666672423,223.25604248046875,21645114,-0.0064476951258134,0,0.0326188314622153,high_volatility
2015-09-01,220.99954805483685,220.99954805483685,214.546010164234,215.8096466064453,19689080,-0.0339225319419265,0,0.0322076425370393,high_volatility
2015-09-02,219.01386507425013,219.32977767041217,207.686350537632,208.092514038086,23655457,-0.0364139935846417,0,0.0327700833584067,high_volatility
2015-09-03,209.9879232087885,212.47005002578348,208.4986526275733,209.6268920898437,14680299,0.0073464863265506,0,0.0325902002272152,high_volatility
2015-09-04,209.31096810547777,209.31096810547777,202.1805006021512,203.21847534179688,20466346,-0.0310476126434187,0,0.0327029734386187,high_volatility
2015-09-07,204.97858435744445,205.33961553511696,198.7055609088459,199.5630340576172,15424783,-0.0181514869152712,0,0.0325070772936586,high_volatility
2015-09-08,201.2779406228312,207.8217301722282,199.6081405391752,206.1068115234375,16189253,0.0322643903409787,0,0.0326490176739037,high_volatility
2015-09-09,211.1612904689204,211.65771857614843,206.7837297128009,209.0853271484375,18237115,0.0143478955613707,0,0.0316449725044256,high_volatility
2015-09-10,205.20421321152773,207.41555995724,202.2707904051355,205.29446411132807,14195882,-0.0182970737287799,0,0.031526949494867,high_volatility
2015-09-11,208.40838730887023,210.5746153331174,205.7908772735828,207.6863250732422,13650937,0.0115835301259616,0,0.0303240344385308,high_volatility
2015-09-14,208.99508490028725,213.0116147113277,207.5960651847685,212.3346710205078,10671222,0.0221347779107086,0,0.0289889864515022,normal
2015-09-15,212.2895252870236,215.22294776208707,209.9879141290216,210.21356201171875,13193410,-0.0100396909012694,0,0.0283072302123893,normal
2015-09-16,213.3726434599384,214.59114759881885,212.1090207601364,213.7336883544922,11272509,0.0166068171905902,0,0.0287032145266081,normal
2015-09-18,216.62197144563527,222.443684173746,216.17067567179024,218.4271545410156,16049395,0.0217217770078033,0,0.029066365293078,normal
2015-09-21,216.21581129859143,222.0375241154196,214.1398479527776,221.360580444336,9602436,0.0133403875278474,0,0.0293315021908665,normal
2015-09-22,223.7975675390224,224.2488633048896,213.23724937222207,214.7716522216797,13667322,-0.0302175766204655,0,0.0231169142379675,normal
2015-09-23,212.10902797349164,218.33690456245472,210.84540523071664,216.48660278320312,13614082,0.0079532835905373,0,0.0218822274209678,normal
2015-09-24,216.12554221661645,217.9307253026144,214.86191956539943,215.76451110839844,9299508,-0.0033410780137375,0,0.0208770518837124,normal
2015-09-28,217.5245690085037,219.9164311670428,215.40347330379583,216.12554931640625,8588230,0.0016718990557542,0,0.0205304398364611,normal
2015-09-29,213.01159907697885,221.49595387021603,209.58174854074016,218.33688354492188,24488685,0.0101797216851675,0,0.02071169822431,normal
2015-09-30,220.9995731122721,221.4959875065264,212.74085117279247,214.0496063232422,17011911,-0.019831413938073,0,0.021094801042526,normal
2015-10-01,217.705081722035,218.33689306013773,211.5674563537781,212.2444000244141,11590498,-0.0084693524306933,0,0.0198024555438799,normal
2015-10-05,214.90706027023265,217.8404828992711,214.13985191981,216.6219787597656,18307463,0.0204153600934571,0,0.0184599210321866,normal
2015-10-06,219.05896424013287,219.149228903212,214.54600653525804,216.7122344970703,10087077,0.0004165641015578,0,0.0184194472431459,normal
2015-10-07,216.7573523817608,220.457983197226,215.76450995324967,219.826171875,10608795,0.0142667410236434,0,0.0169092482201135,normal
2015-10-08,218.83331658273465,221.31544332300007,217.6148262646221,219.6005249023437,9230511,-0.0010270062977255,0,0.0161488545104422,normal
2015-10-09,221.58623162058623,223.66219499718443,217.20865697368248,219.7359161376953,12171416,0.0006163442272955,0,0.0148093888255686,normal
2015-10-12,220.322611565364,221.7216175051528,217.795352371062,220.7287750244141,7566962,0.0045082413561479,0,0.0145812935787393,normal
2015-10-13,220.2323344000508,223.3914047705433,218.47228366241,220.05181884765625,10200698,-0.0030716266479045,0,0.0138035454436305,normal
2015-10-14,219.96157965658875,222.7596192463028,219.51028383711588,220.4580078125,7895820,0.0018441771573805,0,0.013673462363609,normal
2015-10-15,222.03753754094268,225.55763933443905,221.58624173293265,224.7001800537109,11582401,0.0190597445069675,0,0.0134624465091815,normal
2015-10-16,225.51251223520848,232.1014197647792,224.15862486242744,231.78550720214844,11738832,0.0310454255976591,0,0.0144906143813773,normal
2015-10-19,231.6501152692801,232.05629248381547,228.8069574022574,229.7095489501953,8969153,-0.0089967258664351,0,0.0145314084855738,normal
2015-10-20,229.7095391229115,232.0562825561348,228.53616740629988,230.02545166015625,8811740,0.0013742819635691,0,0.0138945304158517,normal
2015-10-21,229.25827405994283,230.9731926482596,224.3391524300769,225.46739196777344,8606466,-0.0200144169533293,0,0.0145234010647169,normal
2015-10-23,228.35567419220848,230.02547415674607,227.4530825946108,228.7167053222656,7544810,0.0143085978188199,0,0.0128109919606311,normal
2015-10-26,229.93520888902657,231.0634483830846,225.9638113789242,226.7761383056641,13085058,-0.0085207870322516,0,0.0130136051596468,normal
2015-10-27,225.7381759703833,227.63361016180383,223.93299268000823,224.56480407714844,6565348,-0.0097990309115658,0,0.0132396627352024,normal
2015-10-28,223.8427070711579,225.1514620797847,217.7050817034256,218.4722900390625,12310403,-0.027505137664316,0,0.0147938418413884,normal
2015-10-29,217.97584307306028,218.2466232723621,213.4177533309136,213.8690490722656,16114932,-0.0212952799510359,0,0.0153770469129306,normal
2015-10-30,215.4485905499617,216.9829933615271,212.19926937943288,213.9593200683593,8669606,0.0004219963141514,0,0.0147271240398889,normal
2015-11-02,214.81680035873936,214.81680035873936,210.0330621340748,213.82394409179688,7611610,-0.0006329185474207,0,0.0145941701567561,normal
2015-11-03,216.0353114954005,216.35121030147096,212.1090324078059,212.96649169921875,8323201,-0.0040181478980709,0,0.013830613166341,normal
2015-11-04,215.8999064333686,217.0732782595327,213.91420768195115,215.71939086914065,8418352,0.0128436093865378,0,0.0141656443135529,normal
2015-11-05,214.8168116762684,215.7194033219669,210.3941181213274,211.11618041992188,8906564,-0.0215698467089628,0,0.0144980825690776,normal
2015-11-06,212.65058539320097,220.9544253167016,210.30384173609104,219.3297576904297,30821077,0.0381677401556181,0,0.0170619032525617,normal
2015-11-09,213.0116119319884,224.1134910710701,212.6505808105769,222.12779235839844,22806485,0.0126765173074003,0,0.0172986036355335,normal
2015-11-10,221.04464859761003,223.1657440908725,216.7122204987426,217.7050628662109,11767845,-0.0201116333775512,0,0.0178680738610422,normal
2015-11-13,217.9758652003325,218.246645427122,214.54601446339333,216.84762573242188,9082062,-0.0039463028030723,0,0.017875279737268,normal
2015-11-16,216.17068611515967,225.0612187983976,215.8096549876236,224.11349487304688,14051479,0.0329576757518994,0,0.0194002570620971,normal
2015-11-17,225.64790288158085,227.1371735316173,222.66934780905297,223.70733642578125,11273394,-0.0018139332976305,0,0.0189230964368258,normal
2015-11-18,223.4816921509443,224.47453467626823,216.1255621341109,217.5245819091797,10397889,-0.0280267993675806,0,0.018388548479389,normal
2015-11-19,219.3748800272778,221.13493080367337,217.88559569920915,220.1420745849609,7325199,0.0119612670709123,0,0.0186348413618332,normal
2015-11-20,220.18722909638967,225.5576466309444,218.42717814270603,219.28463745117188,13718619,-0.0039025311776264,0,0.0186200074789918,normal
2015-11-23,220.14208236869283,221.360586519064,217.1184088183476,219.05897521972656,10552151,-0.0010296135034604,0,0.0181523307048817,normal
2015-11-24,218.87846111884727,220.23234850721127,217.1635426025681,217.88560485839844,6651669,-0.005370810099829,0,0.0177832506373637,normal
2015-11-26,218.38202038475487,221.04466267370609,217.52456117610345,218.87844848632807,13629888,0.0045463692831662,0,0.017787574244959,normal
2015-11-27,219.3297599738065,226.09919701003503,219.14924440733137,225.3771209716797,15149912,0.029258546347556,0,0.0189650254492785,normal
2015-11-30,225.33200451020943,228.3556921083738,221.13495876107345,224.42941284179688,12865469,-0.0042138540060072,0,0.0178583040511987,normal
2015-12-01,226.41510771878023,227.3628178780949,225.0160879883069,225.8284149169922,9501537,0.006214246554002,0,0.0170644974474723,normal
2015-12-02,226.1443277795408,226.23457867592617,220.0067021546832,220.7739105224609,10881754,-0.0226363363272676,0,0.0179822276602401,normal
2015-12-03,220.36773097534515,220.68364354052,216.9830125161347,217.6148376464844,7155630,-0.0144124481852303,0,0.0183315622591187,normal
2015-12-04,216.62198138946744,218.5625477970996,214.8619305451689,217.6148376464844,11115170,0.0,0,0.0182970563573555,normal
2015-12-07,219.2846194100053,219.2846194100053,214.816793888249,215.40347290039065,7531729,-0.0102138127496811,0,0.0182431383763729,normal
2015-12-08,214.9070719613165,216.5768582082877,212.3798126504772,212.96649169921875,8254434,-0.0113780502531923,0,0.0177466551798458,normal
2015-12-09,212.47006600292303,214.99732534294228,210.8454120730478,211.5674743652344,7408777,-0.0065908620284496,0,0.0154058866057583,normal
2015-12-10,213.0116081921838,213.6885518622861,208.13761927642904,209.35610961914065,11713559,-0.0105072995449466,0,0.0151288909911145,normal
2015-12-11,210.2135775587436,211.1161691562864,203.1733741158733,205.15907287597656,12872949,-0.0202510323127729,0,0.0151372381259427,normal
2015-12-14,202.9928430925614,205.5201022991836,202.18051617050108,203.9405670166016,12464883,-0.0059570302385933,0,0.0151507504526849,normal
2015-12-15,204.8882859135897,205.0236691397932,202.18051120988585,204.3467254638672,10404430,0.001989572483513,0,0.0126514375434741,normal
2015-12-16,205.56523634037987,207.235036304816,203.3087573465228,205.15907287597656,13030720,0.0039674577550803,0,0.0127842004531136,normal
2015-12-17,207.59605933336337,209.7622735739472,206.24217198988487,208.40838623046875,14539096,0.015713906616992,0,0.0122466574923454,normal
2015-12-18,207.55091921994403,209.71714715177305,203.80516988572523,204.43698120117188,18871084,-0.0192397824924634,0,0.012342640906939,normal
2015-12-21,204.7980249054368,208.4986559089057,204.43699378081016,208.00222778320312,9557098,0.0172890225339097,0,0.0132039610830021,normal
2015-12-22,209.085352990026,209.6269134961998,205.33960310176727,206.1068115234375,9155574,-0.009154253185585,0,0.0132765545601246,normal
2015-12-23,207.82171182555183,208.49865551228004,206.6032076804593,207.2801513671875,7914311,0.0056767295537101,0,0.013404004118163,normal
2015-12-24,208.36327205342224,208.49865528163627,205.4298494141784,206.0616607666016,7257958,-0.0058958183974819,0,0.0133183946001904,normal
2015-12-28,206.7385921830628,207.55091904904617,205.79086832444625,206.6031951904297,8756879,0.0026245740429269,0,0.0110616886912283,normal
2015-12-29,206.55808254380173,207.5509249892578,205.33957843749863,205.9713897705078,7263286,-0.0030627476186646,0,0.0110654215756963,normal
2015-12-30,206.69346600145195,207.3252773351752,202.9477165588789,203.80517578125,11702877,-0.0105727576937706,0,0.0108614019238309,normal
2015-12-31,203.9405572420557,204.4821176791096,202.1805064803116,202.586669921875,11558305,-0.0059967222461825,0,0.0100574266659486,normal
2016-01-01,203.0831226876957,206.60322463863344,202.6318268595008,205.61038208007807,6449426,0.0148152342094567,0,0.0106183028815928,normal
2016-01-04,204.8431628877212,204.8431628877212,198.6152862952215,199.20196533203125,14092071,-0.0316638175780559,0,0.0123863552167126,normal
2016-01-05,201.0973966444161,201.0973966444161,195.8623629897388,196.539306640625,15074848,-0.0134567661267297,0,0.0124870052989057,normal
2016-01-06,196.6747152203548,198.4798985221385,195.32082774401687,195.7270050048828,11921123,-0.0041415883685509,0,0.0123841529178998,normal
2016-01-07,193.1546067379404,193.2448714089495,188.6416486365866,189.13807678222656,14342279,-0.0342435434189312,0,0.0140889983197825,normal
2016-01-08,191.34940349051288,191.80069925346217,188.28059781143887,188.59649658203125,11745840,-0.0028675192025682,0,0.0140525612538423,normal
2016-01-11,186.65593875570977,187.28775009793483,182.91017549027848,184.3994598388672,19287860,-0.0225054122818084,0,0.014187853314545,normal
2016-01-12,184.89589613866187,185.0312793706828,179.25469859687274,179.9767608642578,20318816,-0.0242766455823,0,0.0148080017134869,normal
2016-01-13,181.7368352216507,182.6845454413236,175.1027810492062,181.3306579589844,23788247,0.0074944679307389,0,0.0150188767420374,normal
2016-01-14,177.81053845662314,181.87220050258665,175.3735439835359,176.9530792236328,20256636,-0.024437595876857,0,0.0153682012000766,normal
2016-01-15,178.53262805684153,178.53262805684153,163.36908584289904,166.34764099121094,29090426,-0.0618047869321696,0,0.0186567167054066,normal
2016-01-18,166.88919690821206,169.82261988201347,161.69929472379417,163.3690948486328,35653244,-0.0180677948435175,0,0.0186321944105217,normal
2016-01-19,164.40705907694007,169.50671002452225,163.82038002934326,165.12913513183594,24501774,0.0107157784386693,0,0.018154843371392,normal
2016-01-20,163.05315666756766,163.05315666756766,154.79444956146247,156.73501586914062,28655794,-0.0521712225600543,0,0.0202808694187601,normal
2016-01-21,159.75870937065145,161.24797996597232,155.29088381223428,158.49508666992188,28697205,0.011167011506517,0,0.0205916105923939,normal
2016-01-22,162.3762168348773,167.3404704362738,160.93207859612545,166.618408203125,21432409,0.0499826231359898,0,0.0249875137365522,normal
2016-01-25,169.5969609235997,170.40930165002828,164.7229716548493,165.12913513183594,17534650,-0.0089784120824525,0,0.024797713485643,normal
2016-01-27,166.43788146972656,168.0625490645736,163.41420794698084,166.43788146972656,16569813,0.0078943505788835,0,0.0251061544823665,normal
2016-01-28,166.25738462452574,167.79178772532404,164.72298152372744,167.20510864257812,20241030,0.0045990987248973,0,0.0253369454666597,normal
2016-01-29,166.25738289831105,167.65640274162874,160.7515819734996,162.37623596191406,24259147,-0.0293051675297633,0,0.0256818062988934,normal
2016-02-01,164.22653894409183,164.22653894409183,155.3360199433106,155.92269897460938,22915269,-0.040555721690775,0,0.0257298052891645,normal
2016-02-02,156.23858621455685,160.11971844924628,152.17692467108435,152.89898681640625,35957332,-0.0195828785786416,0,0.025429174306477,normal
2016-02-03,151.45485555013877,151.45485555013877,147.34806149517016,149.8753204345703,24132003,-0.019973735109521,0,0.0254739869239017,normal
2016-02-04,152.80875826325556,153.2600540562525,144.59516932172937,146.98704528808594,23811109,-0.0194592957541726,0,0.0254063152527624,normal
2016-02-05,147.75424055425324,152.8087589681158,146.40035316901736,151.81590270996094,22732245,0.0323241648063037,0,0.026970887508222,normal
2016-02-08,152.94413953666933,159.66844401185764,152.13181262864288,155.38113403320312,22289005,0.023212407536242,0,0.0279952921001709,normal
2016-02-09,151.63538281565346,155.60678018993886,149.9204643523153,150.77792358398438,19008384,-0.0300729784205673,0,0.028227844350512,normal
2016-02-10,148.9276195022295,150.01072670775466,142.6094780688016,143.51206970214844,32294785,-0.0493889084400303,0,0.0294263483479717,normal
2016-02-11,143.96335234557017,151.18408475161758,137.3744312705611,139.22474670410156,72749830,-0.0303296309389322,0,0.0293688931359271,normal
2016-02-12,140.93968188101866,142.2935693679543,133.80921329213984,139.72119140625,41187889,0.0035594368547346,0,0.0294726998935639,normal
2016-02-15,143.51205912464644,153.44056635968488,142.60946755782476,151.5,35956266,0.0809366779483067,0,0.0337080195331873,high_volatility
2016-02-16,154.1175080464749,154.1175080464749,140.48837005432037,141.16531372070312,33816243,-0.0706539836041511,0,0.036723723521415,high_volatility
2016-02-17,139.9017000854473,144.27927491968362,136.51698153499294,143.46693420410156,32447698,0.0161729436379944,0,0.0368845789781196,high_volatility
2016-02-18,146.17469716156677,147.7542323567079,141.1653113596285,144.234130859375,21024178,0.0053333029797633,0,0.0353917084032653,high_volatility
2016-02-19,142.51921899061136,149.1984056030209,141.79715667355595,148.65684509277344,24592575,0.0302027088081908,0,0.0360748441772591,high_volatility
2016-02-22,149.7850837284786,150.5522921510525,147.75425248661853,148.8824920654297,15815058,0.0015167541748972,0,0.0338747696489592,high_volatility
2016-02-23,148.92762145033396,148.92762145033396,142.60947993425918,143.06077575683594,20200068,-0.0398878056828202,0,0.034729991789677,high_volatility
2016-02-24,140.80427777165454,145.04645518079698,140.17246645922117,141.07505798339844,19440950,-0.0139774703970259,0,0.0345745837643944,high_volatility
2016-02-25,142.24843085324662,142.69972661893274,136.29132123720834,137.01339721679688,22713124,-0.0292133639156411,0,0.0347386619748225,high_volatility
2016-02-26,140.35298865760038,143.24127891728523,137.69034628964803,140.71401977539062,30051402,0.0266508912432765,0,0.0353463795514138,high_volatility
2016-02-29,142.78997936749494,147.93474840880262,138.09650609774857,143.28640747070312,66981910,0.0181158744825902,0,0.0348601438056406,high_volatility
2016-03-01,144.86593405020608,147.03214811580733,143.1058834003484,146.26495361328125,23588231,0.0205742511370257,0,0.0350848080434261,high_volatility
2016-03-02,155.69704408227668,165.35477101868645,155.69704408227668,163.50445556640625,53333757,0.1114205133231589,0,0.0429951803041816,high_volatility
2016-03-03,166.07683249080884,166.61839288834702,161.11257934570312,164.94859313964844,33507048,0.0087936274906139,0,0.0426342917586496,high_volatility
2016-03-04,165.53527553378686,171.35700172473673,161.1125826942973,170.04823303222656,38860711,0.0304482518999824,0,0.0425748069761888,high_volatility
2016-03-08,168.73951035491783,168.73951035491783,163.73012381996548,165.4901885986328,27928279,-0.0271702108594373,0,0.0429709575022644,high_volatility
2016-03-09,162.4664726786963,166.0768387382229,161.29310095485948,165.5352783203125,29453018,0.0002724244897418,0,0.0422660364113164,high_volatility
2016-03-10,166.75378436989402,166.75378436989402,161.92491419850964,162.9177703857422,20472928,-0.0159387368028225,0,0.0406450792804689,high_volatility
2016-03-11,162.466482770447,164.8583449244746,160.2551361761179,162.55674743652344,21869157,-0.0022184415523422,0,0.0397872140881618,high_volatility
2016-03-14,164.6778318625676,165.53529111348206,163.0982965894525,164.0460205078125,14369755,0.0091198455098728,0,0.0397758390792017,high_volatility
2016-03-15,163.95576122621608,168.06255582571205,163.95576122621608,167.25022888183594,22369600,0.0193440661963713,0,0.0360427700012009,high_volatility
2016-03-16,166.97944232420693,167.7917692373429,163.91063646074386,167.1599578857422,19237834,-0.0005398818687849,0,0.0314153701921114,high_volatility
2016-03-17,169.68722292013337,170.86059476928486,166.97944808630146,168.1979522705078,21560986,0.0061903874521371,0,0.0313654881837323,high_volatility
2016-03-18,168.6492237204357,173.2975643382353,167.88201545266546,172.62062072753906,21144216,0.0259546696120391,0,0.0316128436948221,high_volatility
2016-03-21,174.20018445456614,178.08133121503977,174.20018445456614,177.63003540039062,20678069,0.0286066918005802,0,0.0315584265624646,high_volatility
2016-03-22,177.62999904602532,178.9387538861625,175.55403596902195,178.26181030273438,16728809,0.0035503795527125,0,0.0315366437790762,high_volatility
2016-03-23,177.72027512078554,178.35210023951512,176.27613686822147,177.4495086669922,13362780,-0.0045672038219164,0,0.0295830440392248,normal
2016-03-28,176.72741334937348,178.93875970600374,169.37128457339765,169.95797729492188,19760603,-0.0431348961250543,0,0.0315217672982947,normal
2016-03-29,170.13853076139665,172.62065786799528,168.46873065342973,171.04112243652344,16804848,0.0063527955660349,0,0.0302098380878984,normal
2016-03-30,173.5232380038152,178.98392002968765,171.94370267738256,178.30697631835938,20709407,0.0416026412828811,0,0.030794494042153,normal
2016-03-31,178.57775012327733,179.39007703862134,173.61349641906392,175.3284149169922,30132473,-0.0168457790873786,0,0.031405671313124,normal
2016-04-01,174.83194483014435,178.0361469337593,173.29754226251856,176.5919952392578,21752206,0.0071810881996228,0,0.0313130220483869,normal
2016-04-04,178.08131692105022,178.2167001455961,173.7940070260114,175.7345733642578,15732565,-0.0048672092545949,0,0.0202012741769819,normal
2016-04-05,175.0125157444782,175.59920858151912,165.44505250054218,166.3927764892578,36635637,-0.0546236338933843,0,0.0239698510609746,normal
2016-04-06,166.97945744611454,167.43075327704997,164.4521980383849,165.9414825439453,16350631,-0.0027159055104704,0,0.0229079605669811,normal
2016-04-07,165.89631646748364,167.56610243888147,163.3690575737309,164.2265167236328,19430601,-0.0103885370332168,0,0.022204035443602,normal
2016-04-08,163.955757537949,166.03172095859983,162.64700248116526,165.2645263671875,15805231,0.0063007058874893,0,0.0222542640502078,normal
2016-04-11,165.9414597968107,170.4995360464763,164.2716599422622,169.91285705566406,18990364,0.027738319800842,0,0.0227537499783978,normal
2016-04-12,170.1385099492097,171.71804518746495,168.15281126132248,169.50669860839844,14563344,-0.0023932542150237,0,0.0227555304932808,normal
2016-04-13,172.89140714199303,174.92223804709292,172.21446350695976,173.20730590820312,17573045,0.0215967313035569,0,0.0231263098465253,normal
2016-04-18,172.8011528322114,172.84628516507436,167.5210004261504,168.55897521972656,13985439,-0.0272034872964708,0,0.0237000450323881,normal
2016-04-20,170.0031285708284,170.27389502522246,166.16711437909575,169.05540466308594,20163005,0.0029408095787069,0,0.0237056384771418,normal
2016-04-21,171.94371764230007,178.1715948195741,171.49242179546988,175.418701171875,31008152,0.0369491949517071,0,0.0250495550908463,normal
2016-04-22,174.74175262704185,181.8722213031456,172.89143695110428,180.6537170410156,34049763,0.0294063389171999,0,0.0252337570464494,normal
2016-04-25,181.37576863903968,182.81992062341143,176.72742768035928,177.8556671142578,23835613,-0.0156096708483604,0,0.0247373505070905,normal
2016-04-26,176.86282022479773,181.7819416613613,175.59919750121517,181.3757781982422,21809451,0.0195986392841742,0,0.0251138257329469,normal
2016-04-27,181.33062938735296,181.33062938735296,176.4566407278913,177.04331970214844,22801603,-0.0241765550348738,0,0.025712744748787,normal
2016-04-28,177.58488999330933,178.89364500496995,172.57550406492845,173.34271240234375,24555479,-0.0211238152518262,0,0.0242011045093148,normal
2016-04-29,173.2073233762125,175.1027712544436,168.2882018866998,170.58981323242188,21021661,-0.0160087095982603,0,0.0244553193450133,normal
2016-05-02,169.3261709523197,170.09336546404407,167.43072329285323,167.88201904296875,14469844,-0.0160004567622493,0,0.0226033299903182,normal
2016-05-03,168.78460559409334,170.90570106642272,165.76091864799872,166.12196350097656,16247931,-0.0105392266290609,0,0.0224436139593334,normal
2016-05-04,165.6255435864201,166.43787044380255,161.6992649733464,162.4213409423828,17826594,-0.0225284096296105,0,0.022736684792825,normal
2016-05-05,162.69211449328554,164.9034608678299,161.11257940111773,162.78237915039062,17742028,0.0022203826957101,0,0.0227806415158054,normal
2016-05-06,163.3239566102003,166.93432321676988,162.55676196977765,166.3927764892578,18336962,0.0219369053900368,0,0.0200666746211912,normal
2016-05-09,168.3333470934675,170.95085743741302,167.02459192149473,170.3190460205078,13863696,0.0233223025451572,0,0.0207153787470375,normal
2016-05-10,169.32620376276495,171.76319853111605,168.51386299167729,171.04112243652344,13845979,0.0042305902076966,0,0.0205383288359679,normal
2016-05-11,167.34046225125925,170.13850147144214,166.16710429355703,166.97943115234375,18128414,-0.0240333715977358,0,0.021312045759772,normal
2016-05-12,168.8748965361341,171.0411109013646,167.34047977393618,170.13851928710938,17398341,0.0187422865224666,0,0.0207959534524413,normal
2016-05-13,169.64206523028446,169.64206523028446,166.34761185049507,166.8440399169922,15546644,-0.0195534412464981,0,0.021251780433082,normal
2016-05-16,166.9794338626873,166.9794338626873,158.08890173993566,159.57818603515625,30937008,-0.0445254866580757,0,0.0226807673846136,normal
2016-05-17,161.11260748666828,161.20287215950853,158.17918466128077,159.6233367919922,22183140,0.0002828981311688,0,0.0220304423144139,normal
2016-05-18,159.66843405743663,162.87263670147388,156.64476073499864,162.4213409423828,25345278,0.0173769340100733,0,0.0224581348563096,normal
2016-05-19,163.36909235472805,163.36909235472805,155.1555026444859,155.87757873535156,25480517,-0.0411228813635373,0,0.022113976457963,normal
2016-05-20,156.59963926567602,157.6827464081235,153.93699685686005,154.65907287597656,16720624,-0.0078477829060972,0,0.0204926221978301,normal
2016-05-23,155.51652955496007,155.87756067232883,151.81589862588592,151.9964141845703,16193112,-0.0173662348911536,0,0.0205317263617733,normal
2016-05-24,152.3574617187009,153.80159998569462,150.1912336595285,152.98927307128906,14816798,0.0065108786123779,0,0.0198063990813622,normal
2016-05-25,154.79445749560318,158.6756040823454,154.74932516166746,158.04379272460938,18900887,0.0325043554763935,0,0.0214349612049385,normal
2016-05-26,158.04379168905095,167.43073864307723,156.59963964729866,166.2122344970703,30700988,0.0503933290453426,0,0.0244724437613141,normal
2016-05-27,166.07685351452997,182.68453335700104,163.8203745265608,176.81768798828125,85585820,0.0618536975708075,0,0.0280719424335684,normal
2016-05-30,180.6988370864708,184.03842328008943,175.64433234739934,179.4803466796875,46075949,0.0149465223023526,0,0.0278918737559326,normal
2016-05-31,179.43521220789722,185.6630887171673,177.0884685471102,184.98614501953125,39457647,0.0302152178031809,0,0.0283100843693653,normal
2016-06-01,185.8887183373197,188.00981389032032,177.44949600011967,178.9387664794922,41868032,-0.0332372698784748,0,0.0289594931688112,normal
2016-06-02,178.57776058773172,182.59429061110487,176.5017970716479,181.01475524902344,23499884,0.0115348880470271,0,0.0289899868031672,normal
2016-06-03,183.80380317932304,184.85541139726752,178.6828956188574,179.78024291992188,24568749,-0.0068433163050931,0,0.0288350104997359,normal
2016-06-06,180.55750836957336,185.2669175138055,180.2374603784227,181.88345336914065,23623536,0.0116308835002891,0,0.0285368505832378,normal
2016-06-07,183.30085879544524,193.08543679285904,183.02652196398765,192.1709899902344,66063192,0.0550194327176321,0,0.0307958508302473,normal
2016-06-08,192.1710016327281,193.77128363427283,189.79344817387272,192.6739501953125,35163093,0.0026138345027639,0,0.0300023147196887,normal
2016-06-09,192.03383853649933,194.59429250765632,190.47928168187417,191.9881134033203,27858182,-0.0035659223180104,0,0.0299635683741088,normal
2016-06-10,191.43944986653312,193.4055049740541,187.7359374061469,188.330322265625,25598224,-0.0192360063732213,0,0.0299493781129487,normal
2016-06-13,184.2610330381512,185.2669301149852,183.07224938917028,184.53536987304688,21192525,-0.0203563026441955,0,0.0282397739002661,normal
2016-06-14,186.86719951864177,190.7535982180963,186.3642510139247,189.9305877685547,23918910,0.0288175261420082,0,0.0285871168434451,normal
2016-06-15,191.805220642228,198.9379086343732,190.70788724805595,197.5662384033203,48362742,0.0394152345548342,0,0.0293539583430113,normal
2016-06-16,197.52052307128903,199.806640236466,194.82290760705064,197.52052307128903,48122379,-0.0002314192055674,0,0.0269461615608611,normal
2016-06-17,198.2063367903957,198.892171865795,193.4969415206607,195.18865966796875,26486677,-0.0118759168993873,0,0.0271155713645676,normal
2016-06-20,190.2049376283728,198.16062213273548,190.11348736548027,197.42906188964844,32633757,0.0114127631868212,0,0.0262450710067999,normal
2016-06-21,196.6060513647917,198.8921682411265,194.914319294964,195.6916046142578,18960306,-0.0088393652959348,0,0.0266682108292815,normal
2016-06-22,195.69162710299304,196.83468567251987,193.359784830488,194.68572998046875,16395548,-0.0051533568716228,0,0.0264960997788034,normal
2016-06-23,194.77717609231505,199.3494102728858,194.54856438328648,198.9379119873047,20666649,0.0216061586312052,0,0.0249472921183064,normal
2016-06-24,188.2845840890556,194.1827769096963,185.1754706568972,193.1768798828125,47224652,-0.0293865307047012,0,0.0230403141562194,normal
2016-06-27,192.76538434613488,200.1266837284629,192.5367726507418,198.5721130371093,29021651,0.027546078739105,0,0.0235106092195028,normal
2016-06-28,198.2063472641817,199.9437906323313,196.971838481888,197.42906188964844,21784062,-0.0057729844980514,0,0.0228514990194617,normal
2016-06-29,199.2579536019604,200.0809641000148,197.61196051255325,198.6178436279297,18019568,0.0060032551292952,0,0.0211765903393106,normal
2016-06-30,201.1783118493352,202.91575532487508,199.2579678367053,200.0809783935547,30600995,0.0073395819249775,0,0.0211314442146699,normal
2016-07-01,201.909848586575,202.0927351489809,200.1723913603428,200.81251525878903,15346865,0.0036495362921531,0,0.0209512274028674,normal
2016-07-04,203.3272460368649,205.15613958717327,203.00718408422085,203.921630859375,16534518,0.0153640447195435,0,0.021024924903441,normal
2016-07-05,204.15023353115825,205.88767674582817,202.5956768727668,204.3788452148437,15357018,0.0022395984005347,0,0.0175336296866001,normal
2016-07-07,204.74461044463925,205.38473429699349,200.58388912443257,201.2239990234375,12917872,-0.0155566454285054,0,0.0180229614291259,normal
2016-07-08,201.31545168010635,201.9555755844765,197.97772653692107,199.6237335205078,16017389,-0.0079844483308608,0,0.0181237849279786,normal
2016-07-11,204.47031316580075,206.1620313994755,203.007192682246,205.4761962890625,15831791,0.0288959318618236,0,0.0183566399409569,normal
2016-07-12,205.7505123338739,207.7622923304685,204.9732270392728,207.30506896972656,19374179,0.0088612773972007,0,0.017425385927101,normal
2016-07-13,207.57943345730456,208.95110372244093,204.7903677941903,208.21954345703125,18377333,0.0044015489641138,0,0.0165631723980668,normal
2016-07-14,207.57942311517124,212.92894246401707,206.66497631730704,212.1516571044922,21208021,0.0187083621766186,0,0.0148285030650949,normal
2016-07-15,212.9746320372504,214.34630209490552,211.0543023285428,211.6944122314453,15068302,-0.0021575995792302,0,0.0148606535025734,normal
2016-07-18,212.51742795370927,213.8433869590138,208.67675423470985,209.17970275878903,11816985,-0.0119500787003934,0,0.0148646916206079,normal
2016-07-19,210.3227738882783,212.2888290193716,207.5794333593008,209.95700073242188,19767339,0.0037090469923892,0,0.0147471517341491,normal
2016-07-20,210.91715098499563,212.83749486587777,209.5912059021727,211.37437438964844,18051608,0.0067280961619937,0,0.0144937926336213,normal
2016-07-21,211.83160599499885,212.2431182377981,205.20186637087423,206.3449249267578,13306837,-0.0240816860915336,0,0.0156822176394975,normal
2016-07-22,206.11628842951367,206.5735117968847,203.09862536754483,204.3788452148437,12341622,-0.0095738054236163,0,0.0152699908775931,normal
2016-07-25,203.9216456182982,211.2372203489995,203.64730877522663,210.2313232421875,18427070,0.028233107735379,0,0.0145861257167649,normal
2016-07-26,210.3227459412933,212.33452593788792,206.5735088018696,207.30506896972656,14162638,-0.0140169922357209,0,0.0140399695982008,normal
2016-07-27,208.26524699137283,211.2371989242904,207.3965253708824,209.6369171142578,17626617,0.0111855967268441,0,0.0140482560118097,normal
2016-07-28,210.4599125621925,215.0321462824517,209.6826412017584,211.23719787597656,26838284,0.0076045944224869,0,0.014070819637695,normal
2016-07-29,210.32276729787324,212.7917709059172,208.8596468135911,209.7740936279297,15577230,-0.0069504555703829,0,0.0142053098867549,normal
2016-08-01,211.0543235553845,212.74604175796125,206.0248661714767,207.853759765625,16071228,-0.0091964526838568,0,0.0144327907615941,normal
2016-08-02,209.68265506324613,211.14576157844067,207.8537614542398,208.5395965576172,16145066,0.0032941803791093,0,0.0140804336632184,normal
2016-08-03,208.95108573372863,210.77997926312668,206.4820822597113,207.2593536376953,14838944,-0.0061580096101785,0,0.0141702019327668,normal
2016-08-04,208.90537888260727,209.133990593784,204.1045329478964,206.3449249267578,17810908,-0.0044217637400638,0,0.0137091161197026,normal
2016-08-05,207.8994867300653,213.88910214105576,207.4879745050713,212.8374938964844,21264296,0.0309797736648578,0,0.0150315860697818,normal
2016-08-08,213.93483350231207,215.7180020335965,211.87732813082584,213.2947235107422,16972827,0.0021459526928326,0,0.0137617477041174,normal
2016-08-09,214.20915376499192,217.6383291187538,212.7460333660468,215.0321502685547,19854185,0.0081126653183485,0,0.0137427283104766,normal
2016-08-10,216.49525743323835,216.6324188576641,211.28291400481865,211.6944122314453,16279843,-0.015643770038495,0,0.0142662838205581,normal
2016-08-11,211.69444793007787,211.7858981973495,206.7564404711489,207.7165985107422,16673286,-0.0189691395580169,0,0.0142685061715151,normal
2016-08-12,207.5794234385408,226.73708109296945,205.20185617904977,222.4849090576172,86616475,0.068684631361414,0,0.0211260302113664,normal
2016-08-16,224.2680850043485,226.69136352193368,221.89051766557148,225.63975524902344,27709873,0.014080449328464,0,0.0209912727478612,normal
2016-08-17,225.36539693383529,228.4287991030312,223.3993420184916,225.18251037597656,18294050,-0.00202849355367,0,0.0210315658423682,normal
2016-08-18,225.7769046575409,228.9774683911824,225.4568566561871,227.1485748291016,14314950,0.0086930874249828,0,0.0210520174059181,normal
2016-08-19,233.1839122071257,237.75614577981443,231.81224213531908,236.3844757080078,39822529,0.0398552957359834,0,0.0214776563989021,normal
2016-08-22,237.57325745135049,238.1219310895359,232.26947739785908,233.00103759765625,19769886,-0.0144167070171148,0,0.0216980909470364,normal
2016-08-23,233.0924684364912,233.91547887447229,229.52613173195613,232.955307006836,17583721,-0.0001962870191452,0,0.0211267747434322,normal
2016-08-24,233.13820242301352,234.2812748447582,231.8122573903464,232.63525390625,11560293,-0.0013748266303794,0,0.0207086780854744,normal
2016-08-25,233.092477779778,233.686876556593,227.33147424973555,228.7488555908203,21230706,-0.0168470918536289,0,0.0212636515862252,normal
2016-08-26,228.8860444764929,229.25181762737105,224.81675887123063,225.50259399414065,16531983,-0.0142930390849276,0,0.0216482066334158,normal
2016-08-29,224.81676901668752,228.47455650394147,223.3536484404452,227.7429962158203,11786129,0.009886121419643,0,0.0215571189565177,normal
2016-08-30,228.7488608554696,231.2635895490584,228.42881284829605,230.6692047119141,15323228,0.0127668863791869,0,0.0214024940066965,normal
2016-08-31,231.58363167035697,233.9154735953188,229.70901310506028,230.8977966308593,15601566,0.000990503814048,0,0.0214195252091938,normal
2016-09-01,230.39487240272888,233.0467765400138,229.6633121595692,230.4405975341797,12175873,-0.001982055914441,0,0.0213242265973838,normal
2016-09-02,230.4405937478761,233.36682071908376,230.1205317863304,232.8181610107422,11380257,0.010264606154128,0,0.0212244245071139,normal
2016-09-06,235.1957204218025,239.127830370375,234.0983731350516,237.8476104736328,16620963,0.0213724524402403,0,0.0207331880238365,normal
2016-09-07,240.40805880343189,247.17495956080327,238.1219417971104,243.97439575195312,30862337,0.0254331078749432,0,0.0211807220261837,normal
2016-09-08,245.07175321008864,248.3637674166393,244.0658561043783,245.39181518554688,14339143,0.0057928944241796,0,0.0211790424898385,normal
2016-09-09,245.4374961187353,245.4374961187353,240.81955130680487,241.50538635253903,11455826,-0.0159644021873326,0,0.0211968828090594,normal
2016-09-12,235.4700411863544,236.6130996387153,230.2576974342585,231.1264190673828,18989750,-0.0439269470662582,0,0.0234007050017972,normal
2016-09-14,233.18393415027944,235.92727455204744,231.3550405491008,235.5157623291016,12754966,0.0188130130355688,0,0.0184231530466247,normal
2016-09-15,236.24734430547687,236.24734430547687,232.4523815858556,234.098388671875,7783662,-0.0060363511534013,0,0.0183264045075385,normal
2016-09-16,235.88154694507983,239.58504506683,231.72079754818185,232.54380798339844,18013477,-0.00666286268474,0,0.0184070142850339,normal
2016-09-19,234.09839755553776,236.20161418339435,233.3668372725064,233.77833557128903,11433295,0.0052947538051002,0,0.0183537807567182,normal
2016-09-20,234.4641529589492,234.4641529589492,231.94942426945696,232.6809844970703,9914599,-0.0047050323634891,0,0.0159983084266451,normal
2016-09-21,232.7267172684537,234.3269992143075,229.20609140623483,229.663314819336,12817180,-0.0130539623154239,0,0.0159400111621015,normal
2016-09-22,235.8358154296875,236.33877789513505,233.2753756469204,235.8358154296875,20797370,0.0265214777456108,0,0.017066130267878,normal
2016-09-23,236.6588152779024,236.6588152779024,232.0865953355693,232.77243041992188,12730223,-0.0130745827709883,0,0.0173362894617259,normal
2016-09-26,232.223759582956,232.6809829780606,229.2060823845955,230.1205291748047,8800173,-0.0114580712604048,0,0.0171004537527335,normal
2016-09-27,231.49219895764085,232.1780340491053,227.0571404048476,227.6972503662109,11345387,-0.0105863142422979,0,0.0169534360368827,normal
2016-09-28,228.6117027545797,233.9154970491562,226.8285342637642,232.04087829589844,17277539,0.018896658385878,0,0.0173319339756119,normal
2016-09-29,233.18394798841948,234.78422998441843,222.6678091575692,226.09698486328125,27870695,-0.0259495119135619,0,0.0180865490484549,normal
2016-09-30,225.7312153558325,230.89783458804607,224.77104335202367,229.75477600097656,14826293,0.0160485050541066,0,0.0184828870796225,normal
2016-10-03,231.35502169252305,234.6927466612927,231.03495975706304,233.458251953125,9314647,0.0159907197948756,0,0.0188278460297214,normal
2016-10-04,233.91549528739927,239.5850626823418,232.0866016791372,237.52755737304688,21532806,0.0172803791563236,0,0.0190800648522589,normal
2016-10-05,239.58508612953,242.2369765396992,237.344680077469,238.53347778320312,20868556,0.0042260207534434,0,0.0184927346417169,normal
2016-10-06,238.9906751938407,239.5850600286019,233.77831730534703,234.8299255371093,11081154,-0.0156481375285437,0,0.0178046572320043,normal
2016-10-07,235.24140870349007,237.66468682696788,233.412515341364,236.5673675537109,11934100,0.007371488591934,0,0.0178440579680991,normal
2016-10-10,237.161777591132,238.0304852867077,234.14408647798737,234.6470489501953,9399844,-0.0081505538330493,0,0.0176022293012262,normal
2016-10-13,233.13821213388664,233.50399923101912,224.81675450937453,228.2916412353516,18050638,-0.0274585259796937,0,0.0158034122947672,normal
2016-10-14,229.5261312052458,231.85797317748305,227.7886879846337,230.5320281982422,12133951,0.009765863960311,0,0.0153406821885651,normal
2016-10-17,232.04088189413883,234.509899484856,230.44059995004133,231.5379333496093,16865537,0.0043539153120466,0,0.0153395566632314,normal
2016-10-18,233.0924779057273,235.65294562567493,232.0865948229092,234.9213714599609,20218355,0.0145071495600399,0,0.0156233217197868,normal
2016-10-19,235.92726504302155,235.92726504302155,233.04676331860384,233.54969787597656,9546481,-0.0058559752932589,0,0.0156424848773177,normal
2016-10-20,233.8240470477461,238.57916767967964,233.4582739042709,237.93907165527344,14179531,0.0186197461178272,0,0.0161387030479808,normal
2016-10-21,237.52753410118,237.52753410118,234.18980917445705,236.3844757080078,8833390,-0.0065550256673541,0,0.0159020437183594,normal
2016-10-24,237.11604325296145,242.23695089649843,237.11604325296145,240.45379638671875,14483254,0.0170683424915374,0,0.0152442640144626,normal
2016-10-25,241.4139509388955,241.91688550733767,238.44199889135228,239.0821228027344,9079178,-0.0057208533088841,0,0.0149739831984875,normal
2016-10-26,238.12194506687064,242.19124455668103,234.8299309512232,236.6131134033203,15020687,-0.0103807285970454,0,0.0149273961106979,normal
2016-10-27,235.92726504302155,236.01871530073493,232.54381480788084,233.54969787597656,10938008,-0.0130314810360809,0,0.0150402436856898,normal
2016-10-28,234.0069327319885,236.6588228955042,232.26948937704395,235.92727661132807,11430184,0.0101287142544057,0,0.0146213331338005,normal
2016-11-01,235.0128077184072,238.57914435536225,234.55558435708733,236.7959899902344,10000632,0.0036753611179465,0,0.0131967433331973,normal
2016-11-02,232.3609498344601,234.09839326563792,229.1146607309265,229.57188415527344,13716294,-0.0309827675262281,0,0.0147222633632453,normal
2016-11-03,229.66330748106552,231.1721530680988,223.9023038227501,224.63385009765625,12902390,-0.0217444574167071,0,0.0149755446768926,normal
2016-11-04,225.1825390322768,226.23414733880253,219.74158301181188,222.07342529296875,12657669,-0.011463672009393,0,0.0144035994497459,normal
2016-11-07,226.7827915879448,232.1780217742213,224.49667473725987,231.0806884765625,11224419,0.039758878543548,0,0.0172910673396886,normal
2016-11-08,231.99512973099527,232.36091679046527,227.3771710111397,231.0349578857422,9367228,-0.0001979183839786,0,0.0169719922232211,normal
2016-11-09,214.8949810908391,238.71630719376083,214.8949810908391,237.7561492919922,31761606,0.0286765337101089,0,0.0181411753485557,normal
2016-11-10,244.1572790122589,259.88577406636523,242.5569972209801,257.2338562011719,50227559,0.0787400518321606,0,0.0250950337597848,normal
2016-11-11,254.90209789066523,264.09227895686547,247.3579102400895,249.6440277099609,57937113,-0.0299496034445168,0,0.0252680839669538,normal
2016-11-15,251.610014333518,259.199939001555,247.54074309417925,254.3990936279297,48658808,0.0188682546677272,0,0.025449801132505,normal
2016-11-16,259.70287638069465,260.4344226162701,252.5244638289728,253.48464965820312,27532708,-0.0036010010950873,0,0.025521269978427,normal
2016-11-17,254.2162372427289,258.0569253709484,252.0215702723341,253.7133026123047,19500760,0.0009016320691674,0,0.0254224105484403,normal
2016-11-18,254.35337760714685,256.04510980685404,251.33571426138985,252.2044219970703,13389671,-0.0059649425815058,0,0.0254246112123206,normal
2016-11-21,253.43893735843832,253.8504496011228,233.96123073429908,235.33290100097656,26002028,-0.0692388453517862,0,0.029928267145397,normal
2016-11-22,238.487725870313,240.1794581138892,229.66331940269504,235.33290100097656,25631435,0.0,0,0.0298949255756692,normal
2016-11-23,237.57326042914087,238.07622289824027,232.95531538882392,236.5216522216797,16190033,0.005038644758553,0,0.0296487200658507,normal
2016-11-24,235.74436935904828,240.49950379059217,232.77243126935923,239.3564453125,28927720,0.0119140874001217,0,0.029757467025065,normal
2016-11-25,240.9567366717305,241.87118349021904,236.24734113785496,238.6249084472656,19303589,-0.0030609454977739,0,0.0296672081435648,normal
2016-11-28,231.766551442604,235.69867568998404,226.78281889860733,231.8580017089844,22315183,-0.0287677756970756,0,0.0302458597300415,normal
2016-11-29,232.4980837146572,234.55558888027355,230.44057854904068,231.0806884765625,12656706,-0.0033581723861146,0,0.030149815039911,normal
2016-11-30,232.2694806625344,237.8933227429052,231.0806970653238,236.2473297119141,16501691,0.0221123132084377,0,0.0305802951669349,normal
2016-12-01,237.4361230330944,238.6706318827944,232.86388870583767,233.77833557128903,12986151,-0.0105058809858675,0,0.0298259522625986,normal
2016-12-02,232.2237560080543,239.0363816995677,231.35503436139896,232.3609313964844,21139754,-0.006081480981039,0,0.0294024865845456,normal
2016-12-05,232.635254517169,235.74436797802585,231.5379211752989,234.9213714599609,8406973,0.0109589670881558,0,0.0293018131799544,normal
2016-12-06,236.384492854046,237.89332446113588,234.4184378565228,236.93316650390625,10048459,0.0085272348679295,0,0.0280339633201462,normal
2016-12-07,238.0762272306482,240.2708939441354,230.12052899921795,233.73260498046875,22193202,-0.0136003552885961,0,0.0282299105616675,normal
2016-12-08,236.3387723333292,238.21337699730745,235.97297131008463,237.66470336914065,9047721,0.0166831227893187,0,0.0277245311019648,normal
2016-12-09,238.4877151168974,244.34019698286195,236.6588215104589,243.8372344970703,16004173,0.0256400599753767,0,0.0216658069192014,normal
2016-12-12,245.89474847405964,246.30626071269808,239.85939377867803,241.09390258789065,14296268,-0.0113144360726309,0,0.0208150760801148,normal
2016-12-13,242.2369464079668,243.92867853207864,239.17354411404,243.3800048828125,9084137,0.0094375330752498,0,0.02042679343645,normal
2016-12-14,243.24285654752973,243.47146825481124,239.8593921170823,240.40806579589844,8672531,-0.0122862743093099,0,0.020549784147845,normal
2016-12-15,237.6647407220248,244.6145426554456,236.84174410377724,242.69419860839844,12274497,0.0094644552349443,0,0.0207161635982666,normal
2016-12-16,243.56291295498664,243.56291295498664,240.54522174378687,242.09979248046875,11017555,-0.0024522021176718,0,0.0206976257870203,normal
2016-12-19,240.81957048079,241.87117871997123,238.53345347965603,238.9906768798828,8371299,-0.0129254644792595,0,0.0137347001360462,normal
2016-12-20,239.44789469829,240.40805265370315,231.58364681637403,232.77243041992188,12765309,-0.0263632594867582,0,0.0150177602528084,normal
2016-12-21,234.1898329081428,235.92727626050385,232.36093929372032,233.5039978027344,8778450,0.0031379153601358,0,0.0149865341398218,normal
2016-12-22,232.49810329528145,232.49810329528145,227.1028726546272,228.42881774902344,12981595,-0.0219745560692485,0,0.0154021984466061,normal
2016-12-23,228.38310057070265,230.2577194020934,226.59993200556565,227.8344268798828,10557157,-0.0026054748542181,0,0.0154014075569063,normal
2016-12-26,226.7827922597073,227.0571290732721,222.7592321719235,223.30789184570312,8592983,-0.0200676671307089,0,0.014722814625539,normal
2016-12-27,223.6736945216473,228.5659765659518,222.30202431146563,227.46864318847656,8756536,0.0184608966336545,0,0.0154002222813092,normal
2016-12-28,227.92586944610875,230.897821605386,226.0055255464661,226.55419921875,11747088,-0.0040281903059442,0,0.0144333176498555,normal
2016-12-29,226.46275329589844,227.5601006614977,224.4966981803439,226.46275329589844,10658616,-0.0004037196559023,0,0.0142996178507583,normal
2016-12-30,226.5541792067345,230.71491465286616,226.0969558380024,228.7945709228516,10538497,0.0102440439492061,0,0.0144943469948835,normal
2017-01-02,230.89781779277487,231.9494260350452,221.8448000230321,222.75924682617188,25988990,-0.0267329531242905,0,0.0153157196359954,normal
2017-01-03,223.1250319786594,225.31969884301049,220.47314168812247,223.94802856445312,15963085,0.0053224319822673,0,0.0152089284651686,normal
2017-01-04,224.7710140557901,225.31967373406107,221.47900017276405,222.11911010742188,11225978,-0.0082002395922007,0,0.0150545884976634,normal
2017-01-05,224.03945039006152,224.8624468713789,222.8506668422198,224.3595123291016,11970913,0.0100359610229947,0,0.0146762969852503,normal
2017-01-06,224.9539075345904,227.6972478703781,224.49668414529245,224.86245727539065,12354302,0.0022391832566723,0,0.0131346994575218,normal
2017-01-09,225.31969420376407,227.10287669185487,224.9539210516872,225.91409301757807,8329253,0.0046658933318282,0,0.0131556105476134,normal
2017-01-10,226.50847050144088,227.69725413700303,225.3196868658787,227.05714416503903,9352013,0.005046914593624,0,0.0129680157061817,normal
2017-01-11,228.291626644376,231.5379154130204,227.69724183538275,230.57774353027344,13415303,0.0153863654858996,0,0.0134454609806579,normal
2017-01-12,231.2636077545676,232.68100319320425,229.11466598288803,229.75477600097656,11282323,-0.0035755388600495,0,0.0131691284766304,normal
2017-01-13,230.44060475161987,230.989278439512,227.7887144846284,229.4347076416016,9333736,-0.0013940581072153,0,0.0131724685099198,normal
2017-01-16,229.5718541402927,234.46413576916103,229.2517922037552,233.8697509765625,13234727,0.0191458498995267,0,0.0137977040741728,normal
2017-01-17,235.42434773914283,236.5216671920207,232.6352681613353,234.098388671875,9480201,0.0009771507678992,0,0.0124497610796151,normal
2017-01-18,235.10427124408665,237.1160374034424,234.64704785695565,236.2473297119141,8048897,0.0091377721062277,0,0.0125936050527757,normal
2017-01-19,235.1957104516226,239.5850435991564,234.55558657703665,236.29302978515625,13029151,0.0001934229424698,0,0.011424976944103,normal
2017-01-20,236.38451038737267,238.21340408476047,228.88604901875303,229.57188415527344,15341756,-0.0288564852683554,0,0.013298949042732,normal
2017-01-23,229.52614491353071,233.36681865129407,228.70314838163523,232.4066467285156,9339939,0.0122724237722726,0,0.0126312416308427,normal
2017-01-24,233.27536877225512,235.0128119955516,232.26947177770464,233.09246826171875,13540202,0.0029466093805075,0,0.0120289558262787,normal
2017-01-25,233.68688840956835,238.6706208042748,232.4523796171713,237.02462768554688,16343545,0.0167288156912679,0,0.0124406159538815,normal
2017-01-27,238.03050274323184,245.25465514872,237.29895642944467,243.6543731689453,18039379,0.0275866676764628,0,0.0136417270159584,normal
2017-01-30,243.10568366871428,244.9802884175596,240.865277880064,241.3682403564453,11884795,-0.0094269820790167,0,0.0138494747129756,normal
2017-01-31,238.80777919653653,241.27679674979848,237.436108979547,238.07623291015625,8899165,-0.0137328068893269,0,0.0126497146009022,normal
2017-02-01,239.58504325333823,248.63806029874664,239.2192701426884,247.54074096679688,27253142,0.0389842496993235,0,0.014958238269586,normal
2017-02-02,248.59237329997217,251.47287519817445,245.71187140176988,249.9183044433593,20139955,0.0095589038018699,0,0.0146569736380536,normal
2017-02-03,249.64396589771823,254.7191342615301,248.7295191361881,253.8046875,15366890,0.0154309421461347,0,0.014786250784985,normal
2017-02-06,256.0450560860348,258.33117265823154,252.38726957052,253.3474273681641,14725291,-0.0018032469641209,0,0.0148701415346619,normal
2017-02-07,254.07905993886976,256.0451150624732,252.66165059360927,254.1247711181641,10981984,0.0030635938690055,0,0.0148818130598892,normal
2017-02-08,254.3076461499005,255.3592543285528,249.27818903689413,253.48464965820312,13622088,-0.0025221037005183,0,0.0149999808108825,normal
2017-02-09,254.9477692961788,256.3194395640708,247.677933620373,252.2501678466797,16080181,-0.0048819429496056,0,0.0149819174832876,normal
2017-02-10,254.9020027967728,258.6055005536525,251.47282787125567,252.70733642578125,37580487,0.0018107214969331,0,0.0148773163644111,normal
2017-02-13,254.03328067917928,254.44479285456143,247.0835081233353,248.4094390869141,19853043,-0.0171536972464636,0,0.0156193308258332,normal
2017-02-14,248.72953498305947,249.6439818028501,245.16319796721635,247.0835418701172,13306738,-0.0053518432449033,0,0.0153246216489648,normal
2017-02-15,247.76938441709743,249.18676586760807,244.20301938757467,245.94049072265625,12201568,-0.0046369066006848,0,0.0154099469190888,normal
2017-02-16,253.30176869954727,253.30176869954727,246.580579002894,247.3578643798828,21794688,0.0057465326734416,0,0.015351232892793,normal
2017-02-17,247.952267646773,250.2383848625956,244.79744263296047,246.3062744140625,17830528,-0.0042603522264004,0,0.0154155359332686,normal
2017-02-20,246.8091933721097,248.3180250574353,245.07174997971345,246.58058166503903,9229363,0.0011130638843921,0,0.0136002840348749,normal
2017-02-21,246.90061709313483,248.27228718809675,245.6661084263293,247.54074096679688,7754157,0.0038863350609199,0,0.0134463833394287,normal
2017-02-22,248.63807208685225,251.19853979619435,246.44340541220248,249.0038452148437,12617613,0.0058931605464991,0,0.0134601228267877,normal
2017-02-23,248.45520755166544,249.6439772329512,246.53486368391776,247.3121490478516,13146194,-0.0068170388942565,0,0.0132520151261252,normal
2017-02-27,247.6321975841514,248.22661036625504,244.70598438729505,245.3003692626953,9645350,-0.0081678434664116,0,0.0119876766959674,normal
2017-02-28,245.89476234903915,248.0437181149705,245.0717657320262,246.1691131591797,7941592,0.0035352949974534,0,0.0117806388538501,normal
2017-03-01,246.90058816104388,249.91825085366705,246.71768767380163,248.50086975097656,7656892,0.0094275939223367,0,0.0113896085410977,normal
2017-03-02,249.6439834357931,251.19855420228672,243.70007906827425,244.4316253662109,14220808,-0.0165107265830961,0,0.008276200035864,normal
2017-03-03,243.4714776489961,245.8947562583403,241.6425839201774,242.37413024902344,10120034,-0.0084530938466969,0,0.0080867286756675,normal
2017-03-06,243.79150634837896,247.2206816217337,243.56289466348863,246.76345825195312,9515073,0.0179476937760538,0,0.0083788948613775,normal
2017-03-07,247.6321646678074,247.7236149226445,243.6086046152694,244.88882446289065,11599142,-0.0076258890267677,0,0.0084937659444945,normal
2017-03-08,244.88884495728087,247.17496198603345,243.24285185926,246.80918884277344,9122987,0.0078111934240849,0,0.0086977339002962,normal
2017-03-09,245.9862202385207,250.4670045425653,245.4375465079488,249.87261962890625,15594429,0.0123357432496247,0,0.0092210635411234,normal
2017-03-10,251.01562843890665,251.9757863467581,246.44339476970976,248.7752227783203,9557026,-0.0044014975256283,0,0.0092102633004166,normal
2017-03-14,254.58200785883864,254.58200785883864,250.3755465956557,251.15283203125,15734886,0.0095118773846456,0,0.0094775759208348,normal
2017-03-15,249.3239300390596,256.5023434495591,249.3239300390596,253.6218414306641,20055974,0.0097826979830104,0,0.0088509847064165,normal
2017-03-16,254.2162290149301,256.228023284924,252.4330464616763,255.40499877929688,18005184,0.0070061713915183,0,0.0088126828842097,normal
2017-03-17,255.54218754471367,255.58789872527467,250.1012175361811,250.6956024169922,14265642,-0.0186110519674631,0,0.0098328094758291,normal
2017-03-20,251.24428066980457,251.24428066980457,248.5466512069376,250.4669952392578,9678185,-0.0009123074812817,0,0.009774679830467,normal
2017-03-21,250.9241958380324,253.3474742718573,247.03779694578628,249.04959106445312,11898233,-0.0056751187762653,0,0.0098169199590485,normal
2017-03-22,247.17495707051705,247.81508098851853,243.97439329391256,244.6145172119141,9887203,-0.0179684652188578,0,0.0106514719014206,normal
2017-03-23,245.9861845730403,246.35195770481985,243.8829681352821,245.52896118164065,7998170,0.0037313361128337,0,0.0106482447443022,normal
2017-03-24,246.4434157745748,255.08494930857185,245.66613040322176,252.84454345703125,20133467,0.0293599387048617,0,0.0125093836501022,normal
2017-03-27,252.38733766822344,256.7766715084675,251.65579133041743,255.5421905517578,15966114,0.0106126782374298,0,0.0125603747517311,normal
2017-03-28,256.6394950468067,258.697000396578,254.67343996058784,257.9654541015625,18673371,0.0094381517527217,0,0.012453552378021,normal
2017-03-29,258.92560157508177,265.09811737344256,258.92560157508177,263.7721862792969,31008407,0.0222601227217804,0,0.0132147191128174,normal
2017-03-30,264.2751145366015,268.618736661338,264.13795310347626,266.14971923828125,19683170,0.008973204870899,0,0.0132042937782335,normal
2017-03-31,267.0184556461733,269.761795943908,263.8178919654829,268.2986755371094,20185269,0.0080418162017199,0,0.0123675677992215,normal
2017-04-03,269.57889996719456,270.4019243957335,267.2013606611522,268.070068359375,10509610,-0.0008524254784738,0,0.0120563359131634,normal
2017-04-05,268.2072402488918,273.1909865639527,264.869514948363,271.9107666015625,21936647,0.0142255530652573,0,0.0118739207459775,normal
2017-04-06,270.1733130655663,272.09362898354965,266.51552593538673,267.7957458496094,18413111,-0.015249400925879,0,0.0124060160172239,normal
2017-04-07,266.7440893610565,269.5788515486066,263.04056381791844,264.68658447265625,10765502,-0.0116781216391839,0,0.0128859806048685,normal
2017-04-10,265.00666863774177,265.5096311163735,262.0347165695866,264.5951843261719,10307875,-0.0003453742516024,0,0.0127393088530094,normal
2017-04-11,264.54943121018454,269.8989502304504,264.0922078393362,269.3045654296875,11682024,0.0176419009350574,0,0.0130280663543484,normal
2017-04-12,268.847377712754,270.17333682673984,264.3665936655488,265.3267517089844,13251421,-0.0148808608730623,0,0.0136101963674747,normal
2017-04-13,265.4181943861471,268.0243734524162,265.1895826769428,266.6069641113281,9944020,0.0048134375996751,0,0.0135200168232971,normal
2017-04-17,266.1954613043757,267.70429289906787,263.817894112318,265.0981140136719,8146800,-0.0056755303266493,0,0.0135945643386142,normal
2017-04-18,266.1497634088051,271.4992834421069,263.7264846657536,265.46392822265625,13457050,0.0013789688587992,0,0.0127165864960179,normal
2017-04-19,266.6069783514329,266.78987889124653,258.69701837181645,259.7486267089844,18149995,-0.0217646248903413,0,0.0138469132708446,normal
2017-04-20,259.61145166950985,262.35479218290385,258.056908789275,260.4344482421875,14514929,0.0026368483082306,0,0.0137344165889008,normal
2017-04-21,262.4462490524087,262.4462490524087,255.35928588113285,258.0569152832031,12042308,-0.0091710288359605,0,0.0131831197266035,normal
2017-04-24,259.0170745883568,263.2235357499497,256.8681188736263,261.5775146484375,10077853,0.0135505002446194,0,0.0134055005940372,normal
2017-04-25,262.9034737657637,264.0922435279361,260.6173566025832,261.5775146484375,11531902,0.0,0,0.0119102561796612,normal
2017-04-26,262.53768318149224,264.7323499311876,259.10850766424886,261.9432983398437,13836891,0.0013973990789066,0,0.0117240167162875,normal
2017-04-27,261.9433274827758,263.3149978422806,257.0052918631948,257.91973876953125,22622372,-0.0154796153065115,0,0.0121237950229594,normal
2017-04-28,258.7884221311476,265.8753842213115,258.3311987704918,264.9609375,14152004,0.0269339629780658,0,0.012610892541486,normal
2017-05-02,265.41813079773146,267.4756356876363,262.5376295332038,263.63494873046875,9754789,-0.005017033183198,0,0.0124874976325248,normal
2017-05-03,264.64091019456305,268.1158249342601,261.3488959857406,265.0066833496094,13950914,0.0051896695780389,0,0.0124011072272694,normal
2017-05-04,268.8473863869452,274.3340677417808,268.02438976506073,273.46533203125,24534923,0.0314198112310011,0,0.0143200400098486,normal
2017-05-05,275.24850381387245,278.8148409729773,267.15564355229003,270.67626953125,34756331,-0.0102513276584543,0,0.0141751238898024,normal
2017-05-08,270.7677065567715,275.0198786503239,268.7559124081199,273.7853698730469,11560550,0.0114209483722076,0,0.0139401223125713,normal
2017-05-09,275.1570443394476,275.1570443394476,269.9904253543127,271.13348388671875,7843574,-0.0097332177209477,0,0.0138527575583257,normal
2017-05-10,271.5907088721628,272.6423171467246,267.9329215472852,269.2588806152344,8699405,-0.0069379618002463,0,0.0139694908547043,normal
2017-05-11,270.58479407501204,273.7853577749013,269.2588630005069,272.5965881347656,11934889,0.0123197048918104,0,0.0136809665396142,normal
2017-05-12,274.33404015146306,276.7116074141161,270.67625294944355,272.4136962890625,13376269,-0.000671150096779,0,0.013194611781842,normal
2017-05-15,272.87091743366284,276.1629314696077,272.047920901352,275.6142578125,10383539,0.0116804184447092,0,0.0133784230169924,normal
2017-05-16,276.1629255589431,282.0153793271964,273.7396471908422,281.1923828125,17533439,0.0200367999019102,0,0.0138629260578807,normal
2017-05-17,281.649621295348,282.38116759057704,279.36350423937927,281.3295593261719,14120513,0.0004877196998558,0,0.0138696624590814,normal
2017-05-18,278.76912063507336,281.55817229316943,276.1629415982527,277.0316772460937,15471393,-0.0153949331823959,0,0.013336307676622,normal
2017-05-19,278.4033525550992,288.3250784777504,276.1629466267375,281.6496276855469,55250969,0.0165319854970951,0,0.0136622333061334,normal
2017-05-22,282.5183411065541,282.9298254095469,268.1158044610904,269.1216735839844,35771221,-0.0455002479422752,0,0.0173980544798371,normal
2017-05-23,269.76181234156826,270.58480889957497,262.67484947496774,264.1379699707031,19846852,-0.0186920153360752,0,0.0177709331467695,normal
2017-05-24,265.2352752956951,265.60107633018646,257.55392798529124,258.92559814453125,16435958,-0.0199308255772505,0,0.0183491081149561,normal
2017-05-25,259.84006646475825,266.4240949377753,259.29139277422297,265.2810363769531,15018467,0.0242490240882933,0,0.0191673293947237,normal
2017-05-26,268.0491503851594,268.51050864744025,263.2510131938094,266.1575927734375,12304394,0.0032988087177105,0,0.0187927747678465,normal
2017-05-29,266.5728193674971,268.37212799612803,261.40560079003933,262.051513671875,10619968,-0.0155474858828528,0,0.0181656324451712,normal
2017-05-30,261.4978860087561,267.3571422119111,259.3294963072325,266.5267028808594,9643418,0.0169333355108918,0,0.0185408882627372,normal
2017-05-31,266.66504728372377,268.97183835019194,265.00416897949486,266.0191345214844,10697171,-0.0019061965277646,0,0.0185152149189041,normal
2017-06-01,265.6962215209745,268.87957647963026,262.6051156830058,265.23486328125,12186700,-0.0029525304777537,0,0.0169968996150506,normal
2017-06-02,267.49553158283413,268.04916716404136,264.21989897922725,264.86578369140625,12004368,-0.0013924889606888,0,0.0168725790388458,normal
2017-06-05,265.7885160499469,267.35714559662955,264.5889956853616,265.05035400390625,7917410,0.0006966019973138,0,0.0166227792264774,normal
2017-06-06,269.4332143009647,270.3098062275592,264.45055090118603,265.096435546875,12346121,0.0001738444672048,0,0.0165155899280785,normal
2017-06-07,265.9269448366653,268.9718984612754,265.00422820386507,268.0953063964844,10864355,0.0112488706632198,0,0.0166786115865266,normal
2017-06-08,269.4332204873824,269.4332204873824,265.51167532617904,266.2959899902344,8370299,-0.0067341037103361,0,0.0164676948507742,normal
2017-06-09,266.0191682761921,267.034162106043,263.7123769170192,266.2498474121094,10804887,-0.0001732905413946,0,0.0164688636320921,normal
2017-06-12,264.58900987572133,264.8196890473654,262.32834272997826,262.9281311035156,10326846,-0.0125544148556402,0,0.0163668393233325,normal
2017-06-13,263.3433159428165,264.81966815668994,261.12880170154443,261.9131164550781,9171049,-0.003867896887284,0,0.0154951063419515,normal
2017-06-14,263.8046546985352,264.1737356848811,260.7597013623393,262.2360534667969,11566255,0.0012322333835959,0,0.0155062108179712,normal
2017-06-15,261.91311181407474,263.7123922836298,259.6063203204843,262.051513671875,11925641,-0.0007039640613637,0,0.0152597853673801,normal
2017-06-16,262.6974646815045,264.4967454122064,261.3595141574022,263.8508605957031,19246907,0.0068429200290767,0,0.0147600506389549,normal
2017-06-19,264.4505904736918,267.4494195062672,263.2510419652157,266.5267028808594,14848661,0.0100904154818151,0,0.0111903282770103,normal
2017-06-20,265.37332304397137,268.5105541270421,263.5278896822735,267.6801147460937,14927701,0.0043182288937195,0,0.0103728455690188,normal
2017-06-21,265.97305014020355,269.84847098089807,265.97305014020355,268.4182434082031,10537576,0.0027537078497337,0,0.0091729580064315,normal
2017-06-22,268.7412221808182,273.0318489374691,268.5566675886512,271.74005126953125,26110402,0.0122995417103659,0,0.0079401342788245,normal
2017-06-23,271.97073335865286,272.7088954171149,265.5578413593386,266.6189880371094,20648597,-0.01902528731416,0,0.009112551266204,normal
2017-06-27,266.8957425549494,267.08029711507265,255.4079110845473,258.03765869140625,25523129,-0.0327150899631707,0,0.0112261986408385,normal
2017-06-28,256.14615065104084,256.93046544447867,252.5936858754068,255.03887939453125,17241351,-0.0116895364399223,0,0.0106605177568776,normal
2017-06-29,255.7308853974177,257.71472034187144,250.6559443883584,251.3941345214844,30457363,-0.0143940371252204,0,0.0110024496741586,normal
2017-06-30,250.978942145741,253.51641306817035,248.85670500152256,252.5014190673828,12235472,0.0043949041435071,0,0.0111200851727727,normal
2017-07-03,252.9166356185413,254.208433277428,251.4864079369608,253.60867309570312,8951033,0.004375553113995,0,0.0112235434254898,normal
2017-07-04,253.74710586044813,255.08505640952632,251.0250801884948,251.90167236328125,7856082,-0.0067535995491834,0,0.0112469513298791,normal
2017-07-05,252.73205336225075,254.30068273573764,251.30185399630457,253.6547698974609,10048734,0.0069353465389241,0,0.0114330326673744,normal
2017-07-06,253.7932107388257,260.85201584496053,253.37800512963315,259.28338623046875,16115817,0.0219474500056637,0,0.012312173201054,normal
2017-07-07,258.9143002241684,260.57517894723094,257.622502533,258.45294189453125,5914038,-0.0032079844624055,0,0.0122609961819155,normal
2017-07-10,262.14379776515176,264.81967033533107,261.31335843772735,263.4817199707031,2095795,0.0192703572342516,0,0.0131125668584258,normal
2017-07-11,265.2810025458044,267.3109901767409,261.1287781581309,261.6362609863281,12400820,-0.0070287693394099,0,0.0129022383760332,normal
2017-07-12,262.6974364244806,266.1114710678302,261.3133614763202,265.41943359375,7524835,0.0143561206966396,0,0.0132712499581542,normal
2017-07-13,266.5728195825213,267.587813472335,264.404429944982,266.4344177246094,8434324,0.0038167829772017,0,0.0132896354665907,normal
2017-07-14,266.4805549734838,270.90961175098744,265.050355441867,269.0641784667969,13750192,0.0098218068225737,0,0.013434810228413,normal
2017-07-17,270.1714024522402,271.37095089765336,267.2648508668251,270.35595703125,10549310,0.0047895172939851,0,0.013398181900393,normal
2017-07-18,269.2948433003225,273.49319253486493,267.5878119714481,268.5105285644531,11913832,-0.0068493243900205,0,0.0133430856716613,normal
2017-07-19,268.9719032772738,271.27869490057805,268.87962598052616,270.6327819824219,9006728,0.0078727282258848,0,0.0134218711716077,normal
2017-07-20,270.3559743440478,271.5093701390309,267.63394900425675,268.46441650390625,6256500,-0.008044475757436,0,0.0135451143735948,normal
2017-07-21,268.55667258485767,269.617819270944,265.973077200917,268.1875915527344,7266604,-0.0010316740515987,0,0.0132328562510674,normal
2017-07-24,268.32597607926704,273.40091738045663,268.2337269465062,271.7861633300781,11195781,0.0133288887516576,0,0.0128411239736935,normal
2017-07-25,273.12409234427247,274.3236125672901,271.8784193994011,273.21636962890625,10846999,0.0052484511370201,0,0.0101185903829345,normal
2017-07-26,273.3547783895508,276.49200903292405,272.4320618380249,272.9395446777344,12527914,-0.0010137214213985,0,0.0095779184353927,normal
2017-07-27,274.04683790946973,276.6765859252648,273.30867587233416,275.2925109863281,22286060,0.0085838860828628,0,0.0086669981320407,normal
2017-07-28,274.04684749139085,277.5070349597165,272.75504980169814,275.98455810546875,15766196,0.0025107065810514,0,0.0086788977343004,normal
2017-07-31,276.26137411427794,289.5946416816205,274.96957636718747,288.3489685058594,41547584,0.0438265275667504,0,0.0123631718102523,normal
2017-08-01,289.732998054776,290.47116003459786,284.15057416480266,285.1194152832031,14888804,-0.0112633493195319,0,0.012653776411311,normal
2017-08-02,286.0421896326723,287.7030685023912,281.7054096875126,283.9199523925781,17005571,-0.004215752846715,0,0.0128633038582078,normal
2017-08-03,283.2740129332395,283.6430939632262,275.9845569944602,277.3224792480469,14459919,-0.0235113265987667,0,0.0138107453475448,normal
2017-08-04,277.09178231217203,282.62808188411617,274.6004644002427,281.65924072265625,9615344,0.015516959982798,0,0.0139755574520051,normal
2017-08-07,282.166751937427,287.70305206563614,281.5669917220201,287.1494445800781,11420767,0.0193048190150575,0,0.0139775024279297,normal
2017-08-08,286.96486453320665,287.7030265545491,277.9222530559193,280.1828918457031,13578680,-0.0245602179584203,0,0.0152199271235091,normal
2017-08-09,279.3524590879696,283.6892385025944,276.9072656559265,278.9372253417969,15852734,-0.0044558173694726,0,0.0150895172596149,normal
2017-08-10,277.9222441258044,279.0294871222404,269.433240357752,273.77001953125,14519518,-0.0186983485658691,0,0.0158076193994962,normal
2017-08-11,271.7400750875141,279.5831672377479,256.0077662145004,258.49908447265625,67652562,-0.0573962569141937,0,0.0203938212636939,normal
2017-08-14,259.69856612692627,260.575129892773,255.13110825973249,256.6997375488281,23773509,-0.0069850867780409,0,0.0203573398307441,normal
2017-08-16,257.48408037383007,261.9592619398572,253.0089269668816,261.2210998535156,21074533,0.017460109117299,0,0.0208104234300031,normal
2017-08-17,261.8669555260521,262.69742297970686,258.3606437671284,259.1449584960937,12134114,-0.0079795841423857,0,0.0207413896206714,normal
2017-08-18,256.5152199159874,258.0376967045368,254.66978667918173,257.1611328125,12653217,-0.0076847260951762,0,0.0207361811970836,normal
2017-08-21,257.4379410340153,258.9604178491753,252.2245976807333,253.4241180419922,9247153,-0.0146384232435705,0,0.0209199310327144,normal
2017-08-22,254.66978141324577,255.5924980125692,250.24075300012404,252.7320709228516,11814388,-0.0027345217364391,0,0.0205723227259096,normal
2017-08-23,253.5163817593701,258.08384011930195,253.008898901189,257.4379272460937,11317821,0.0184487124338259,0,0.0210778409197613,normal
2017-08-24,258.0838741925572,259.6986284296885,256.05388617367475,258.6374816894531,14138226,0.0046487648234654,0,0.0211434896132887,normal
2017-08-28,260.2983654936467,260.2983654936467,257.43793832488814,257.7608947753906,10505317,-0.0033950058558653,0,0.0209762902219008,normal
2017-08-29,256.9304491159597,259.14496332916366,254.7159067436797,255.59249877929688,10335964,-0.0084480161995772,0,0.0209599122886756,normal
2017-08-30,256.5152321437693,257.6686279717539,254.669798818994,255.2234344482422,7648702,-0.0014449995439278,0,0.0177384236479106,normal
2017-08-31,255.45410655704467,257.8993000130091,253.0089131010802,256.2845458984375,14222467,0.0041489595983552,0,0.0178368855759832,normal
2017-09-01,256.19227645801845,258.7297472872893,255.2234352232008,256.3768310546875,8255209,0.0003600238340375,0,0.0178812342578329,normal
2017-09-04,257.391817126346,257.9915773085143,255.0388728068097,256.2845458984375,7168751,-0.0003600238340375,0,0.0173687943761586,normal
2017-09-05,256.6075043048442,257.8993019745111,254.6236691522404,255.17727661132807,9565430,-0.0043298286137769,0,0.0167544578959101,normal
2017-09-06,254.623652649984,255.26953736341872,252.5013876110757,253.0550231933593,7306781,-0.0083515579553141,0,0.015760170412326,normal
2017-09-07,254.1161388674641,255.5002137285713,251.9939020107298,253.00889587402344,16102724,-0.0001822983924588,0,0.0152082353206413,normal
2017-09-08,253.6547997866156,254.1161581085844,250.1484878032838,250.7943725585937,7077895,-0.0087912791238808,0,0.0152294399751319,normal
2017-09-11,251.5325782426989,252.36301764151327,248.7182754101159,250.0101013183593,14489224,-0.0031320482234784,0,0.014903902483599,normal
2017-09-12,250.97891368810133,254.3468236259978,249.594838796439,252.31686401367188,8375133,0.0091843722102478,0,0.0085631996842988,normal
2017-09-13,253.7009491099045,255.22342592015625,251.440282098962,252.27072143554688,10150073,-0.000182892245407,0,0.0084561830726966,normal
2017-09-14,252.2707057193212,254.30069344590845,251.2557118560276,253.00889587402344,8015217,0.0029218473825185,0,0.0073500611049827,normal
2017-09-15,249.825510183092,253.28569730474143,249.0411954703698,250.51754760742188,18404860,-0.0098956812662329,0,0.0074494480258514,normal
2017-09-18,251.90164767838985,252.82436433655243,248.6260148055437,249.5025787353516,17538678,-0.0040597176497465,0,0.0073392753081252,normal
2017-09-19,249.5487065345447,249.87163480537987,245.85784027060063,247.10348510742188,14331316,-0.0096620338191781,0,0.0069445660025026,normal
2017-09-20,247.426470416659,251.02505981221256,246.7805856405268,249.1796264648437,12355806,0.0083668108804451,0,0.0072573583813962,normal
2017-09-21,248.90278531719187,250.42526196813284,246.68827126499824,247.7493896484375,8509419,-0.0057563181834527,0,0.0057580032046295,normal
2017-09-22,246.59602176252324,246.7344236265521,240.921320064724,241.6133575439453,12860892,-0.0250789572488079,0,0.0075360723513718,normal
2017-09-25,241.290400437802,241.5672041651132,234.7391066870252,238.7529296875,13937050,-0.0119095021518385,0,0.0077723079166582,normal
2017-09-26,238.5222593678625,239.58337790731588,236.2154676911907,238.2915802001953,11728345,-0.001934199520476,0,0.0077048008882417,normal
2017-09-27,239.8140249713205,239.8140249713205,230.21777851282133,231.0482177734375,17080769,-0.0308686270178535,0,0.0098118713808332,normal
2017-09-28,230.90983815473,233.9548058693813,230.2178006777428,233.03208923339844,17776419,0.0085497424250142,0,0.0100731350733838,normal
2017-09-29,235.01592912670887,235.75410526634687,233.49345227833075,234.23162841796875,10073641,0.0051343246837793,0,0.0102556642628889,normal
2017-10-03,236.58452343781724,236.58452343781724,231.23277858364747,231.8786773681641,10547836,-0.0100961982927714,0,0.0102790122507225,normal
2017-10-04,232.2016527490832,234.96980285892903,231.92484900173025,233.63186645507807,14063896,0.007532363764132,0,0.0106552853842563,normal
2017-10-05,234.0931987326775,234.46229382060304,229.9409740303968,232.155502319336,13476692,-0.0063392405153326,0,0.0106255725024726,normal
2017-10-06,232.66298398959333,237.9686044152253,232.6168594234356,236.9074859619141,11932139,0.0202622945814132,0,0.0119450777007417,normal
2017-10-09,236.9536031355813,238.61450985158143,234.6006871534247,236.999755859375,8009211,0.0003894006695155,0,0.011898763864845,normal
2017-10-10,236.9997789769006,238.245452095638,235.93864637365127,237.0920562744141,9742878,0.0003893778118202,0,0.0119200740078545,normal
2017-10-11,237.276563447496,238.47611189963223,231.0943651635342,232.2938995361328,14192548,-0.0204451105301668,0,0.0122092218394315,normal
2017-10-12,232.52458356777828,233.4011615232572,229.29507546267024,231.78640747070312,13404759,-0.002187088139963,0,0.0121832818359451,normal
2017-10-13,231.6941352410919,235.61568064467383,230.86368188437564,232.61685180664065,15697555,0.0035763970407414,0,0.0122043778259417,normal
2017-10-16,234.9236546599354,235.0159178732605,230.77142991277697,232.5707244873047,12171830,-0.0001983170739618,0,0.0121587994061232,normal
2017-10-17,232.57073358099308,235.0159270625578,231.2789218280879,231.7402801513672,13505216,-0.0035771076418633,0,0.0121585617768321,normal
2017-10-18,226.98829815204328,228.6491909544294,223.8049284938675,224.9121856689453,20677891,-0.029907222364736,0,0.0134553076819668,normal
2017-10-19,224.9583114292693,226.29624769248136,222.5131039748795,223.9894561767578,3458869,-0.004111059999543,0,0.0131019483809787,normal
2017-10-23,225.1428593054016,227.9110092148942,223.57424383926343,226.9421539306641,8901335,0.0130961764001176,0,0.0137325666263782,normal
2017-10-24,226.988265454359,235.56953196427264,226.9421268121397,234.78521728515625,17197805,0.0339759707126656,0,0.0153076649284607,normal
2017-10-25,258.22227345141886,302.6972013796444,258.22227345141886,299.7906494140625,262677081,0.2444132685488727,0,0.0568922922718456,high_volatility
2017-10-26,304.4964904309063,324.150343549634,292.96253246003863,295.7306823730469,112804243,-0.0136352124641039,0,0.057096242509507,high_volatility
2017-10-27,295.50002170716743,298.5911282686288,286.1344528805046,287.0110168457031,27580765,-0.0299285820604096,0,0.0570605128060039,high_volatility
2017-10-30,287.8875732421875,297.4376954863636,286.5957756607363,287.8875732421875,28530254,0.0030494319897744,0,0.0570854055973179,high_volatility
2017-10-31,288.81025690053565,289.5945715367125,280.7826122981379,282.16668701171875,16455750,-0.020072048226587,0,0.0574885490404928,high_volatility
2017-11-01,285.48854986156266,296.6073033235756,285.48854986156266,295.1309509277344,34907283,0.0449211742866264,0,0.0578264238389482,high_volatility
2017-11-02,295.269312403592,298.17586406574964,289.3177790618267,290.05596923828125,23110527,-0.0173452575623587,0,0.0581953369328028,high_volatility
2017-11-03,291.070971520354,302.1896956223708,288.4412234991531,299.8829040527344,26898400,0.0333181769050661,0,0.0582556204609877,high_volatility
2017-11-06,298.59112700161535,304.4965081954075,296.6072917467034,303.57379150390625,17143407,0.0122326374131116,0,0.0582291430767466,high_volatility
2017-11-07,303.52765051931755,306.06512128372896,291.1171004261108,292.68572998046875,21883541,-0.0365252765972492,0,0.059206665874089,high_volatility
2017-11-08,293.4238894233395,294.6234097831375,282.95105000235776,285.6269226074219,20242447,-0.0244129465979341,0,0.0596885195896479,high_volatility
2017-11-09,288.9486657883433,293.4238464365646,284.38123601755746,289.4561767578125,21846178,0.0133174170786212,0,0.0592786626693593,high_volatility
2017-11-10,290.6557715874247,312.33961486458173,285.58082954383474,307.77215576171875,82984969,0.061355845266239,0,0.0602298930724336,high_volatility
2017-11-13,310.7247970933584,318.1526540304757,304.265781266622,305.4653015136719,38777555,-0.0075235623724481,0,0.0603836616915212,high_volatility
2017-11-14,304.81947255436904,308.8332958980454,302.18972428374803,303.66607666015625,25647162,-0.0059075271790591,0,0.0604658750655889,high_volatility
2017-11-15,302.6510357568894,305.5575873282275,297.3454154654196,299.8367614746094,17389606,-0.0126904675020114,0,0.0606341501238834,high_volatility
2017-11-16,302.0974280814681,308.37191824890715,298.6372406152957,307.6337280273437,22506014,0.0256716824573981,0,0.0598382982074103,high_volatility
2017-11-17,318.3372450086805,319.90587458105,310.0327951388889,311.4168701171875,26518142,0.0122225523996926,0,0.0596654704265221,high_volatility
2017-11-20,311.0477923834109,311.0939169528785,305.64989427904464,307.2646484375,13507662,-0.0134230097379886,0,0.060038057558784,high_volatility
2017-11-21,309.11004455206535,309.4791255406111,304.4964617975569,305.0962219238281,14189920,-0.0070822146947566,0,0.0600624336562147,high_volatility
2017-11-22,305.2807992754577,313.40069426561,301.72833465761244,309.3868713378906,22861716,0.0139652960170435,0,0.0255270937893715,normal
2017-11-23,309.57141718908105,310.6325356400303,306.0189526714896,309.0639343261719,13338423,-0.0010443418881891,0,0.0252863511209407,normal
2017-11-24,310.0327839954947,310.9555006145289,305.8805592098408,306.71099853515625,11716981,-0.0076422313319923,0,0.0242662431538229,normal
2017-11-27,304.4041881190323,310.95548133990764,302.6971568478143,309.7098083496094,13114683,0.009729825596116,0,0.0243082741527844,normal
2017-11-28,310.0327854386295,310.67869833859066,305.60375691027974,306.3419189453125,16054996,-0.0109338966441789,0,0.0239216602713919,normal
2017-11-29,306.6648901145686,308.9716817836129,301.91290490815294,303.48150634765625,11264624,-0.0093811862809198,0,0.0220546148160093,normal
2017-11-30,300.62107401516016,301.26698693531404,293.88525371790973,295.59228515625,27276288,-0.0263395842355453,0,0.0225431528115096,normal
2017-12-01,296.65339071516223,297.3915527410251,287.195545443528,288.5796203613281,16425620,-0.0240100614755576,0,0.0218440988146434,normal
2017-12-04,290.3789159784303,291.5323116914697,287.1032552579534,289.3639221191406,13887727,0.0027141136862747,0,0.0216220600312206,normal
2017-12-05,288.3489082004298,295.9151948152383,284.9348458637075,294.4388427734375,15130931,0.0173861749059991,0,0.0204734312285751,normal
2017-12-06,292.2243819435842,292.8702667199907,287.4262439747564,288.2566833496094,18658202,-0.0212199720913179,0,0.0202821480144935,normal
2017-12-07,288.348951006458,293.19321338336647,288.3028264379278,291.9475402832031,12278558,0.0127227847350157,0,0.0202627321632621,normal
2017-12-08,292.13209615605405,294.2082086124013,287.9798712433595,288.902587890625,16418832,-0.0104845643932618,0,0.0144183561873656,normal
2017-12-11,291.53229962388576,294.6233774796204,290.7479849396696,293.7929382324219,14014369,0.0167856623118236,0,0.0150425770862696,normal
2017-12-12,293.1931679966497,295.7306383727025,290.3327412136483,293.8390808105469,17658856,0.0001570458270627,0,0.0150196684701947,normal
2017-12-13,291.7168450884212,294.30046844287864,287.1032621258996,289.08709716796875,17540585,-0.0163042563174062,0,0.0151804204778988,normal
2017-12-14,290.0097748684062,291.0247686158593,285.5807470819753,289.73297119140625,13894451,0.0022316928068173,0,0.0137866293767,normal
2017-12-15,293.792957019556,294.6695490448659,287.4262181718031,288.1182556152344,16050711,-0.0055887041648299,0,0.0133190679272587,normal
2017-12-18,284.1966981874625,298.4988047520913,277.1840467562168,294.2543029785156,32119915,0.0210733639458791,0,0.0142223176213785,normal
2017-12-19,294.76184952695,297.3454449220676,293.79298013447243,295.08477783203125,14741481,0.0028183279550262,0,0.0142143940632315,normal
2017-12-20,294.3465993325541,294.3465993325541,292.03980780173475,292.9625244140625,9895770,-0.007217999721746,0,0.0137704629912753,normal
2017-12-21,292.1320754394623,293.60842760220675,291.0248042776352,292.2704772949219,9916409,-0.0023650321827135,0,0.0137651329339389,normal
2017-12-22,292.593479927066,298.8218178377974,292.0398442587406,295.1309509277344,13821639,0.009739493664278,0,0.0139897626352184,normal
2017-12-26,293.97750718559905,295.2231801968793,291.8552421621762,292.6395568847656,9329690,-0.0084774888523888,0,0.0137823392583657,normal
2017-12-27,292.0397494234034,295.54606058571176,288.8563664835959,290.51727294921875,14276027,-0.007278636540259,0,0.0136932334504048,normal
2017-12-28,290.93253485338863,292.0398060451524,283.87375844335423,284.5657958984375,20353152,-0.0206985385382685,0,0.0142100428061632,normal
2017-12-29,286.0421369080227,287.8875700493648,285.16554490225525,285.9498596191406,11939569,0.0048519840694645,0,0.0132157011559992,normal
2018-01-01,286.5958109207276,288.5796461819291,282.6281122392457,283.3663024902344,12182400,-0.0090760636562228,0,0.0122747260032275,normal
2018-01-02,285.1194638647723,285.1194638647723,278.0606866533341,279.8138427734375,14797364,-0.0126158809543959,0,0.0125127411985402,normal
2018-01-03,281.7054022432455,282.76654899433123,278.798850218505,279.4447631835937,13857373,-0.0013198890083909,0,0.011684433313269,normal
2018-01-04,280.96718440372706,286.2266799074264,279.72151145189576,284.6580505371094,24517099,0.018483991414147,0,0.011729547805135,normal
2018-01-05,287.3339322354532,287.3339322354532,281.9821874309066,282.6742248535156,14580575,-0.0069935515934647,0,0.0113714747048261,normal
2018-01-08,283.45851260498523,285.5807492355137,281.42852509477115,282.16668701171875,13557197,-0.0017971006268471,0,0.0111790934656336,normal
2018-01-09,283.7353890695518,285.58082249439445,279.8599676137506,280.7826843261719,15574755,-0.0049169802628634,0,0.0103673031596378,normal
2018-01-10,281.10558851075626,282.2128596232981,276.8149622280365,277.8299560546875,13064599,-0.0105717470682886,0,0.0105119608832214,normal
2018-01-11,277.6454222151202,279.5831327272232,276.8149828982408,278.844970703125,12298455,0.0036467091456611,0,0.0101017562255885,normal
2018-01-12,281.1056276556379,281.1056276556379,277.3224836798913,278.89111328125,17594228,0.0001654638441204,0,0.0100688269501679,normal
2018-01-15,280.459753995209,281.659274449133,278.2452113739967,279.2140808105469,18189668,0.0011573716523951,0,0.0100519781690385,normal
2018-01-16,279.0294908884184,279.9060829116194,272.47819747454747,273.26251220703125,18040940,-0.021545885983107,0,0.009501607434069,normal
2018-01-17,273.124141550283,284.56582292935747,269.9869104210482,283.3663024902344,26277307,0.0363074994410341,0,0.0130129568439161,normal
2018-01-18,290.6557641339912,293.2393596626616,277.2763718167122,279.8138427734375,40000111,-0.0126158809543959,0,0.0131811957375742,normal
2018-01-19,280.45971112657963,286.04213507983025,279.1217608440279,285.35009765625,18461642,0.0195923043932868,0,0.0140602495496153,normal
2018-01-22,284.5196533165811,284.88873430410763,280.551955263217,282.8126220703125,12622645,-0.0089322736918946,0,0.0139149199180916,normal
2018-01-23,282.7203487673452,295.77678247870296,282.67422420290734,293.5161437988281,35252217,0.0371480766567859,0,0.0163472593002615,normal
2018-01-24,293.1470795270786,305.9728348296729,291.7630046060991,304.4042053222656,38070520,0.0364237988304685,0,0.0181261268245745,normal
2018-01-25,307.03391865883646,307.03391865883646,287.7491492343936,288.9486694335937,42466150,-0.0521073830907479,0,0.0213080855610237,normal
2018-01-29,288.94869957122154,292.40888684413034,286.9648644999024,287.9798583984375,23600898,-0.0033585163467275,0,0.0213042772487645,normal
2018-01-30,287.9336742652471,294.2081633978207,286.964833198143,289.3177490234375,25810404,0.0046350201456002,0,0.0212052399633684,normal
2018-01-31,288.8103364425379,292.132122301808,284.05835091563483,289.041015625,16409938,-0.0009569610991349,0,0.0209690340650266,normal
2018-02-01,292.4088488935123,292.87020713668886,281.4285283377238,282.3973693847656,19515991,-0.0232534102542842,0,0.0216920961559973,normal
2018-02-02,279.49084726442976,282.1205951569061,272.66275018435243,274.3697814941406,23274673,-0.0288384263287184,0,0.0222049762661732,normal
2018-02-05,270.0330217612061,277.184075792629,267.58782827259955,275.01568603515625,18940578,0.0023513721304579,0,0.0221891529574234,normal
2018-02-06,262.974238456981,274.323641695178,261.0365279102195,269.2025756835937,30577218,-0.0213639705246322,0,0.0226356890931972,normal
2018-02-07,273.6777264022168,274.87724661870044,267.58779171752064,270.17138671875,21463818,0.0035923576018355,0,0.0226648865410417,normal
2018-02-08,270.26368981003907,279.8599369354628,269.9407333642783,278.1067810058594,18932796,0.0289486210341847,0,0.0235759272568547,normal
2018-02-09,274.0467995924812,277.3685846132955,272.2013665985924,273.4931640625,15750824,-0.0167285170164204,0,0.0238509395354857,normal
2018-02-12,265.9730594255191,269.8023276761529,263.11263233934454,266.4344177246094,50839665,-0.026148501278512,0,0.0245019653283263,normal
2018-02-14,266.3882813048496,266.3882813048496,253.74705320864365,254.8543243408203,45641149,-0.0444360211614709,0,0.0262252701649132,normal
2018-02-15,253.56251547346776,260.482890111489,253.0550325969768,257.1611328125,26058237,0.0090107595293851,0,0.0260735354738558,normal
2018-02-16,258.8219919120833,259.46790475980737,249.179592714474,250.65594482421875,30338112,-0.0256216032927678,0,0.0248014551552594,normal
2018-02-19,250.517539253448,250.9788975209497,236.8151930768313,247.7493896484375,43847791,-0.011663551430681,0,0.0247892646598358,normal
2018-02-20,248.2107714434232,253.0089091438784,244.33535036543427,248.8105316162109,33458021,0.0042739799876931,0,0.0241833856652268,normal
2018-02-21,251.163470543487,252.9166264569757,246.734413954642,252.17843627929688,23714454,0.0134452277978214,0,0.0245961761683017,normal
2018-02-22,249.502544108422,252.45524826838567,248.6259803002671,251.53253173828125,25584062,-0.00256458539139,0,0.022462731886304,normal
2018-02-23,252.3168560637461,255.77704318387936,251.4402640630157,254.7158966064453,15482147,0.0125764610753149,0,0.0205475614930808,normal
2018-02-26,258.36061290013384,258.36061290013384,252.68591221289176,253.2395477294922,15306032,-0.0058129233600121,0,0.0178565894018586,normal
2018-02-27,251.9016244337684,254.577496863704,245.39648385762527,246.91896057128903,20824909,-0.0252756817980293,0,0.0183141359703048,normal
2018-02-28,243.82783798673265,248.85665423438343,240.64445476074107,247.2880249023437,26810799,0.001493562051972,0,0.0182160609691382,normal
2018-03-01,245.7194357506228,249.13349866259315,241.0597278726017,241.89016723632807,22859175,-0.0220699812537077,0,0.0184064320592976,normal
2018-03-05,240.32154418010992,244.5198933494611,238.75291473272856,243.1358184814453,18484565,0.0051364422545105,0,0.0183361607893166,normal
2018-03-06,245.30421212716465,245.44261398443848,235.29273145124745,236.72293090820312,20778164,-0.0267298216484643,0,0.0182125636686535,normal
2018-03-07,235.33887108204263,235.615688877287,227.03442170193983,227.58804321289065,31262500,-0.0393532226861221,0,0.01938927071734,normal
2018-03-08,227.9110018013453,238.01475990596657,225.41966977974832,236.95361328125,33133336,0.0403272307687005,0,0.0221124725216593,normal
2018-03-09,237.1381812439266,237.50726227552573,232.20164148893983,233.6779937744141,21536191,-0.0139203247385326,0,0.0220434280267065,normal
2018-03-12,234.46231001486868,235.5234285469276,228.14169523301803,233.3089141845703,25332474,-0.001580685284324,0,0.0204002030405389,normal
2018-03-13,231.8786991677392,242.12084563249223,230.3100836637181,235.01593017578125,37647221,0.0072899124246683,0,0.0206136344840522,normal
2018-03-14,232.98594630140707,237.9224858449552,230.6791547538684,237.18429565429688,25471485,0.009184157912081,0,0.0204520323770994,normal
2018-03-15,237.13818376381823,238.7990625032021,233.03209740560544,234.0932159423828,18339890,-0.0131180629787257,0,0.0184392436790435,normal
2018-03-16,231.2789008252776,235.9386222831492,230.7714179793866,232.8013916015625,25728297,-0.0055337012527019,0,0.0181736813928838,normal
2018-03-19,233.35502683626663,234.00093973187688,227.08056510352333,228.7875823974609,18167594,-0.0173917082149044,0,0.0177703052133992,normal
2018-03-20,227.7725967707652,232.7552607445824,226.38852188031177,229.8487091064453,20556571,0.0046273206985718,0,0.0178011090325056,normal
2018-03-21,232.2939123492087,234.6468425791799,228.00328563773184,228.833724975586,19533972,-0.004425657980783,0,0.0177007305461603,normal
2018-03-22,227.91100490637496,228.2339613548592,222.0517487435658,222.8822021484375,26828240,-0.0263522576076384,0,0.0178508255954121,normal
2018-03-23,219.42203499934507,221.12905245380537,214.3932317790893,216.6538848876953,27150262,-0.0283423107491982,0,0.0184954250619046,normal
2018-03-26,216.60772575084383,228.695319060342,216.1463674425353,227.4496459960937,30373940,0.0486277979562022,0,0.0219798800977382,normal
2018-03-27,230.67913997903423,235.754081058573,228.833706859202,234.6929626464844,31205051,0.0313492403326156,0,0.0234855729816952,normal
2018-03-28,232.52456335377323,236.3999840066322,229.47959601775696,230.5868530273437,36673566,-0.0176505237581743,0,0.0231785286439576,normal
2018-04-02,232.34003554404268,232.52457604245456,225.9732827523005,227.12667846679688,14993188,-0.0151196774395776,0,0.0232905275944443,normal
2018-04-03,230.26394019688303,233.26276927517668,229.0644057496579,231.14051818847656,19883309,0.017517912679752,0,0.0233786187790834,normal
2018-04-04,232.2477678861441,233.4473022948713,226.52692772091265,228.1878204345703,18824449,-0.0128567657513913,0,0.0234246481728512,normal
2018-04-05,233.07822208230888,241.6594753198248,230.67915325662472,239.26040649414065,22880821,0.0473834620305408,0,0.0252897900703712,normal
2018-04-06,239.5833486194351,241.244255319048,235.15432040528333,239.62950134277344,24868860,0.001541460430368,0,0.0234838969403531,normal
2018-04-09,240.506088256836,242.4437988461276,237.6918137488944,240.506088256836,20208874,0.0036514180868945,0,0.0217488720466626,normal
2018-04-10,240.92130385405304,244.5198928720531,238.52223512236125,242.9512634277344,21201141,0.0101154569768748,0,0.0215591581425895,normal
2018-04-11,242.6744708010696,242.6744708010696,236.49225819003527,237.18429565429688,14885838,-0.0240234034587247,0,0.0223229055315353,normal
2018-04-12,237.59951910766503,237.59951910766503,232.75525706760587,234.1854705810547,18660913,-0.0127240470112246,0,0.022465917899346,normal
2018-04-13,234.37002895308896,236.16932360355327,230.4023445446683,231.5557403564453,25654020,-0.0112927871083856,0,0.0224834398507803,normal
2018-04-16,230.07939565896496,231.8786902585493,228.00328325647413,229.7564392089844,16408377,-0.0078008357531702,0,0.0223662367681858,normal
2018-04-17,231.97096664730208,232.9859606224233,227.541937867418,228.97213745117188,15922452,-0.003419462235124,0,0.0223483465915954,normal
2018-04-18,230.21779186590445,230.58687287435524,226.34238495901928,227.40350341796875,16142387,-0.0068743380236515,0,0.0220599911871898,normal
2018-04-19,228.0032704734441,229.2489293973776,226.2501005396872,227.12667846679688,13166927,-0.001218070862758,0,0.0220299284465076,normal
2018-04-20,226.8498751318424,226.8498751318424,220.9906192607547,222.55923461914065,15546939,-0.0203146275638603,0,0.0224576592592003,normal
2018-04-23,223.2051495166209,225.9271748674278,220.80609470107024,223.712646484375,12111837,0.0051691109492129,0,0.0217071634571917,normal
2018-04-24,223.29741281720493,224.58921040003483,221.0828986524857,222.005615234375,9486349,-0.0076597247308933,0,0.0207480150275148,normal
2018-04-25,221.1751692169703,222.14402447607577,218.4531580257983,218.86837768554688,13124853,-0.0142321414009138,0,0.0177301901656959,normal
2018-04-26,219.9756289345772,220.3447240174783,214.5316066975092,215.1775054931641,24495144,-0.01700723955335,0,0.0161838387246396,normal
2018-04-27,215.22365288042027,226.8037493454138,215.22365288042027,223.8510589599609,31401889,0.0395176208968006,0,0.018580425260655,normal
2018-04-30,225.88102275203613,230.40232838528243,225.60420496071663,227.3573608398437,17263193,0.0155421410906768,0,0.0186607667681987,normal
2018-05-02,226.8960004149708,227.26509549310703,221.22129910417613,222.37469482421875,12887066,-0.0221592827966139,0,0.0188145107187159,normal
2018-05-03,222.32856120900152,224.5892140555178,220.29858751171216,223.20513916015625,12939642,0.00372748151565,0,0.0186726571804684,normal
2018-05-04,224.6814953045877,225.05057631803663,221.7749436049473,223.25128173828125,12777310,0.0002067058558434,0,0.0148041715237893,normal
2018-05-07,223.7126408828872,229.01826142843504,223.34355986805568,227.4496459960937,15122614,0.0186309166025839,0,0.0155810126655576,normal
2018-05-08,228.83370898044868,233.0782108272236,225.6964782794672,230.72528076171875,23293920,0.0142988644066388,0,0.0159828690213123,normal
2018-05-09,230.4946177308325,230.4946177308325,227.2651095154513,228.833724975586,11429823,-0.0082320940060043,0,0.0157714406594504,normal
2018-05-10,229.0644001985028,230.86369478596703,227.26510561103845,228.7875823974609,13160967,-0.0002016627177887,0,0.0149792502365355,normal
2018-05-11,228.4646350708976,232.1555014592511,227.034421529503,231.00210571289065,11958589,0.0096328408260113,0,0.0149554804789134,normal
2018-05-14,230.6330068146986,236.0309044502706,228.97211415148124,234.0009307861328,18673849,0.0128982669478414,0,0.0150304055278928,normal
2018-05-15,233.44730814041628,237.55340842074608,226.89601441454167,228.833724975586,18026861,-0.022329445056064,0,0.0157860819832042,normal
2018-05-16,226.526938038773,229.4796285089104,222.00563207633195,224.3124237060547,17222004,-0.0199558192279427,0,0.0163852023835617,normal
2018-05-17,225.3274038368615,226.9882966280968,222.5131152294265,223.94332885742188,11721064,-0.0016468051104148,0,0.0163286307190846,normal
2018-05-18,224.2201374613388,225.142854076406,219.46815252555777,220.390869140625,11873041,-0.0159903758348693,0,0.0166804431550224,normal
2018-05-21,224.72765082756808,226.75762471305893,221.7288216095928,225.5580902099609,18780730,0.0231750841815214,0,0.0169321651585446,normal
2018-05-22,224.81989527319507,239.62951368526464,222.3747019007079,234.2777404785156,68713602,0.0379296046202837,0,0.018864741168935,normal
2018-05-23,234.96976534026496,248.90279096689005,234.6468229934057,242.8590087890625,71202072,0.0359737275677378,0,0.0201319178677442,normal
2018-05-24,243.45876339248605,248.85666075407127,240.5060592168453,247.7493896484375,34679642,0.0199366454200475,0,0.019908166854885,normal
2018-05-25,247.1034851624011,247.65712073393087,242.2592231898968,246.31919860839844,22317308,-0.0057894594749514,0,0.0193707668264586,normal
2018-05-28,246.73439811828584,253.0088875099932,245.4887251526541,251.0250244140625,18959368,0.0189243828693346,0,0.0180393426549909,normal
2018-05-29,249.59481602968484,250.0100497229384,242.4898876369296,243.8739624023437,16107543,-0.0289010887178022,0,0.0194491080143171,normal
2018-05-30,240.36764877905125,247.28802254428305,239.86016596656344,246.5037078857422,19320209,0.0107254911972543,0,0.0185336170105944,normal
2018-05-31,246.2269134475532,253.5624930187946,242.8128509981704,248.71823120117188,31935892,0.0089436186160298,0,0.0185492302179547,normal
2018-06-01,248.4414475892945,248.94893046187244,244.15082097862057,246.08853149414065,16574717,-0.0106292988063438,0,0.0188648247373171,normal
2018-06-04,247.2880520548657,247.6110085009317,241.1058394898636,242.67446899414065,12933824,-0.0139704438520489,0,0.0190210218375934,normal
2018-06-05,240.7367675767719,244.75059062314224,240.7367675767719,243.1819610595703,14102731,0.0020890626061662,0,0.0188424892876997,normal
2018-06-06,242.6744779731764,250.425292170162,241.93631591977865,249.2718963623047,18315171,0.0247342799134129,0,0.0192792255753303,normal
2018-06-07,250.1023292558484,251.80936063922627,247.6571358381281,248.8105316162109,18773700,-0.0018525643633582,0,0.0193029320426201,normal
2018-06-08,248.16468079515047,252.73211180519024,246.36537187178047,251.90167236328125,14096549,0.0123471327169761,0,0.0193526551047639,normal
2018-06-11,252.1784583956588,256.88431911442063,252.04005652491725,252.82437133789065,18219428,0.0036562409014493,0,0.0192473634831089,normal
2018-06-12,252.82433970201424,262.4205863800567,252.82433970201424,260.9903869628906,31358021,0.0317885118498635,0,0.0191744295941688,normal
2018-06-13,262.0515134999704,267.2648566402497,261.7285570592644,265.465576171875,26748300,0.017001600588153,0,0.0182412170074496,normal
2018-06-14,264.4044180938477,264.4044180938477,259.5601561705298,260.7597045898437,18513730,-0.0178858644984547,0,0.0190562107417082,normal
2018-06-15,260.89816965484835,261.54408266475286,255.22346708727537,256.0077819824219,16949917,-0.01839146878791,0,0.0192195844137609,normal
2018-06-18,256.5152200423708,258.1299741253713,254.16230392791488,255.4541015625,13542420,-0.0021650905141594,0,0.0189647344787836,normal
2018-06-19,254.6697623088216,255.3156751435241,248.9027839956689,251.53253173828125,20726975,-0.0154704198494863,0,0.018000447782055,normal
2018-06-20,252.0861871462785,253.516386616975,250.1484766486011,252.17843627929688,14002946,0.00256458539139,0,0.0163036770541701,normal
2018-06-21,253.5163632554038,253.5163632554038,247.3803040440941,247.8877868652344,12954943,-0.0171607459632303,0,0.0162517881861597,normal
2018-06-22,248.2107780088344,252.5475575127684,245.2119489064972,251.94776916503903,20784133,0.0162456293600294,0,0.0165802459594079,normal
2018-06-25,250.84050833343625,252.0400286258558,246.54988186091973,247.70327758789065,10934401,-0.016990232316389,0,0.0164962087847816,normal
2018-06-26,246.59601891393712,250.2407608593641,244.88898751976149,246.7344207763672,16867009,-0.0039190298586371,0,0.0151354109809434,normal
2018-06-27,246.6883038057986,246.6883038057986,240.8290474038137,241.47496032714844,16277655,-0.0215467548643735,0,0.0157067147625089,normal
2018-06-28,240.27539917139032,241.7517513764972,235.9386339282539,237.1381683349609,21349738,-0.0181228237532051,0,0.0159659973726841,normal
2018-06-29,238.2915552091628,243.0896926570625,238.24543064409792,239.3065490722656,16244724,0.0091024021448671,0,0.0160391450434312,normal
2018-07-02,238.93746161288124,241.52105668629687,234.3700034319748,238.84518432617188,21896701,-0.0019297844472676,0,0.0157660194421058,normal
2018-07-03,239.53724364285148,240.7367640025425,236.58453915258235,237.5995330810547,16099030,-0.0052289553764319,0,0.0157804685783424,normal
2018-07-04,235.9847913976351,238.3838604024081,234.83139554525167,237.5534210205078,14206935,-0.00019409354522,0,0.0145651538436831,normal
2018-07-05,237.96861374920795,238.7068039502176,235.43114301133352,236.6306915283203,11215032,-0.0038918666081571,0,0.014568201717728,normal
2018-07-06,236.30772948571533,240.64448065787337,235.80023253423704,237.32272338867188,16174019,0.002920254735458,0,0.0142103297404427,normal
2018-07-09,238.24545429067635,242.1208473902473,238.01477512430623,241.33653259277344,13220744,0.0167714433080643,0,0.0148221719257996,normal
2018-07-10,243.45877814539907,245.2119340363272,242.12082782493843,243.3665008544922,11487165,0.0083761808375069,0,0.0127684010073613,normal
2018-07-11,242.3515146965308,242.3515146965308,237.96861074998728,239.0758819580078,12857179,-0.0177875417951129,0,0.0121854287730105,normal
2018-07-12,241.19809839903743,244.05852531048367,240.9674192635833,242.4437713623047,10642215,0.0139888135484467,0,0.0125235210391875,normal
2018-07-13,241.8440384951327,242.1208422252408,236.9536233769637,237.8302154541016,11976239,-0.0192127741708558,0,0.0125756705781106,normal
2018-07-16,237.1381663302577,237.5995246305111,231.60186672721665,232.155502319336,8965623,-0.0241496228951607,0,0.0133716809106993,normal
2018-07-17,231.32504895382928,239.76791429701711,231.09436980368,239.0297241210937,16067598,0.0291804971514171,0,0.0151079240396029,normal
2018-07-18,239.9985846154967,242.21309874362345,236.3538429136293,239.49107360839844,17641125,0.0019282323043769,0,0.0150972537272942,normal
2018-07-19,239.35267592724136,243.13581954823195,236.39999975796425,240.0908660888672,9958284,0.0025013151811679,0,0.0147336831304074,normal
2018-07-20,239.81405299367745,242.6744802558856,238.56837987765869,241.2904052734375,6120163,0.0049837488026742,0,0.0142221680478162,normal
2018-07-23,241.7517562645248,246.82669771282588,240.4599586185908,245.7655792236328,17013119,0.0183769424266131,0,0.0144777368171165,normal
2018-07-24,246.5498698718108,248.39530294522527,245.0273650589846,246.22691345214844,9320281,0.0018753715578734,0,0.0144614231985294,normal
2018-07-25,247.2880355267933,251.7632164284028,245.11964600136665,250.8404998779297,13099277,0.018563755310117,0,0.0141080212129632,normal
2018-07-26,253.83934141999072,267.034177491042,253.0089021146581,265.465576171875,53496546,0.0566678971840497,0,0.0179182799187043,normal
2018-07-27,267.1264599481664,274.04683455822254,263.06651247541544,264.5889892578125,32175436,-0.003307537639988,0,0.0180068007766098,normal
2018-07-30,266.849605140739,276.39969774705105,266.849605140739,274.4158630371094,40949610,0.0364670660500507,0,0.0192318694299948,normal
2018-07-31,274.04682987349605,279.02949387574444,269.24869229558226,270.8173217773437,36510328,-0.0132001998860005,0,0.0195768681847751,normal
2018-08-01,271.7400350698776,274.96954312673523,266.0653336875,272.2936706542969,33885474,0.0054366511962262,0,0.0195152748502707,normal
2018-08-02,270.35599248845983,273.4932236295477,268.0953253149419,271.1864318847656,15665209,-0.0040746305017584,0,0.0195205990178953,normal
2018-08-03,271.8323285656148,276.76886823577314,271.74005126953125,276.1229553222656,18254462,0.0180397319225997,0,0.0196541259988114,normal
2018-08-06,277.3685955554941,287.28779828895904,277.3685955554941,284.6580505371094,31576923,0.0304423804144784,0,0.0202205062219458,normal
2018-08-07,285.9037446199424,287.6107759646123,279.62925483400375,280.5519714355469,23928622,-0.0145296480179304,0,0.0208521003466243,normal
2018-08-08,280.55199626304903,286.8726111747784,279.62927957984994,284.8426513671875,20498279,0.0151779381286401,0,0.0200686860969235,normal
2018-08-09,288.7641673386427,295.1309061609499,286.1805439980463,292.8702392578125,46464355,0.0277927141551179,0,0.020490984206573,normal
2018-08-10,293.10092382862763,301.1746941191325,277.27633969105324,280.92108154296875,111510771,-0.0416558602073209,0,0.0226445157799875,normal
2018-08-13,273.12414580088387,279.3986081570022,268.60283955964456,271.4171142578125,58127432,-0.0344169767076438,0,0.0235190063191099,normal
2018-08-14,273.7700684067376,275.84618107465803,270.6789616915734,272.1091613769531,25294933,0.0025465097977441,0,0.0229935903713627,normal
2018-08-16,270.8172940199103,275.338599259297,267.8184653808483,270.0791320800781,31083900,-0.0074883165405896,0,0.0231873093423748,normal
2018-08-17,272.20139217127667,279.30632112886894,271.3248001531966,278.752685546875,21931134,0.0316099591404306,0,0.0238593021661605,normal
2018-08-20,280.5981162003804,284.8426180788755,280.13675791269776,283.8737487792969,20240462,0.0182046357925242,0,0.0239698202383616,normal
2018-08-21,284.4735683866501,284.98107950463407,279.9061372792803,283.2740478515625,14139592,-0.0021147967242534,0,0.0239465491092295,normal
2018-08-23,283.2278778675636,283.2278778675636,275.2463565746271,279.0756530761719,22721004,-0.0149318930012727,0,0.0244296541324492,normal
2018-08-24,277.3686264729893,282.0744869494155,275.89227422325683,277.230224609375,18869585,-0.006634606284618,0,0.0244115661296989,normal
2018-08-27,280.5058799842735,286.365136727603,279.8599670233096,284.1967468261719,28111768,0.0248184720619946,0,0.0217584180805804,normal
2018-08-28,284.24281307295684,286.27280068309,279.95218688147946,281.7514953613281,16890236,-0.0086413085104801,0,0.0218774371171828,normal
2018-08-29,283.0894495990796,287.8875873180105,282.1206084053901,285.7653503417969,24320824,0.014145560402742,0,0.0206212028537696,normal
2018-08-30,285.39622038911057,286.50349152336213,282.3512670085308,284.7503356933594,19935935,-0.0035582394812738,0,0.0203575128285322,normal
2018-08-31,284.1044357008527,286.6419063525735,281.0133294569413,285.6730651855469,18100140,0.0032352469958381,0,0.0203467954882392,normal
2018-09-03,288.3489260870947,288.3489260870947,281.2439972846788,282.6742248535156,14708076,-0.0105529425931134,0,0.0205062091247114,normal
2018-09-04,283.089409998907,283.68919824917907,272.6166002858465,273.4931640625,42859084,-0.0330184583722319,0,0.0215649086898656,normal
2018-09-05,273.58543671885855,275.7538260818343,267.95686055083826,273.6315612792969,22922686,0.0005059073857873,0,0.0203080488964875,normal
2018-09-06,274.9695365713705,276.6765678496856,271.74002859150545,273.5393371582031,18001336,-0.0003370943967615,0,0.0200931003211186,normal
2018-09-07,273.0318360739799,273.0318360739799,267.08033090453057,269.1102905273437,23716678,-0.0163241427172913,0,0.0199705925352005,normal
2018-09-10,268.18759130582026,270.58666025102946,261.86697655987155,262.8358459472656,23354395,-0.02359162012183,0,0.0191088785040105,normal
2018-09-11,265.14260823475047,268.9257517495375,259.8831125972326,260.7597045898437,28361400,-0.0079303662382708,0,0.0171273170717312,normal
2018-09-12,262.05148688963504,264.54283271172204,258.36062087710496,263.2510070800781,22717796,0.0095086653978295,0,0.0157448438238098,normal
2018-09-14,267.6801086534496,269.2487100797429,266.38831096147925,268.1875915527344,15149585,0.018578727555413,0,0.0163593066786061,normal
2018-09-17,266.2037111537314,266.2037111537314,262.1437641717629,263.2510070800781,16089996,-0.018578727555413,0,0.016783068284514,normal
2018-09-18,262.9742543868742,264.727410450971,251.34801856111247,252.6398162841797,33901000,-0.0411431532492647,0,0.0171592785465498,normal
2018-09-19,254.11613658212235,260.9903862607626,249.5948310416487,250.51754760742188,40759431,-0.0084358549223129,0,0.0162814211820636,normal
2018-09-21,253.00890393457368,257.853166102781,233.81638168699232,249.68711853027344,39308482,-0.003320360229754,0,0.0162675313966179,normal
2018-09-24,251.62480889347523,251.90161258873445,242.30536631240693,243.9201202392578,24633374,-0.0233678125454419,0,0.0166086335348442,normal
2018-09-25,243.59718913835547,251.8555142004266,240.6444846730477,249.96392822265625,28948831,0.0244758247171423,0,0.0180155194769373,normal
2018-09-26,252.82435407931007,252.82435407931007,242.4437920961267,243.4587860107422,23951904,-0.0263689487747562,0,0.0171449321203004,normal
2018-09-27,244.0585350079224,247.84167861150485,243.3664975740625,244.8428497314453,24829383,0.0056689035054073,0,0.017401840049453,normal
2018-09-28,245.81170153185,252.36299515488903,242.21311235158456,244.98126220703125,33803139,0.000565151759158,0,0.016786549822016,normal
2018-10-01,244.9812840383542,253.9316472988673,243.6894862891768,252.6859741210937,17711738,0.0309657819497948,0,0.0188794416071971,normal
2018-10-03,252.2245793657399,257.1611186338326,249.68710880503644,250.7021026611328,19714943,-0.0078821164925315,0,0.0187573147212893,normal
2018-10-04,247.2419196407192,251.6248234092998,245.1658073292863,250.379150390625,17754204,-0.0012890217435135,0,0.0187671001939274,normal
2018-10-05,250.0561939814636,250.0561939814636,236.21544523710213,238.3838348388672,36628643,-0.0490942445377866,0,0.020266581619607,normal
2018-10-08,239.67565971080245,247.74943073089685,238.38386197940304,245.2119598388672,21100804,0.0282408527161193,0,0.0216962810767485,normal
2018-10-09,247.2880336978111,247.42643554754355,239.90630134862272,242.6283264160156,16010883,-0.0105922272168079,0,0.0216894463360066,normal
2018-10-10,241.38265388301468,258.7758663937864,241.0135728967084,257.1149597167969,31772330,0.057992547445675,0,0.0258027795766797,normal
2018-10-11,247.2880653391665,250.51757365516312,240.45996767430364,241.89016723632807,46291120,-0.0610395302149751,0,0.0286340546966252,normal
2018-10-12,245.44261318405657,247.1957690749847,241.2903885249278,243.3665008544922,42967696,0.0060847723288661,0,0.0287081275956697,normal
2018-10-15,243.966251760755,245.16580017893173,240.92129838975745,242.8590087890625,21965859,-0.0020874768585761,0,0.0285492607187336,normal
2018-10-16,244.15082568874087,249.9178046205465,242.9974299023797,249.4102935791016,33597068,0.0266182415581548,0,0.0289383151221177,normal
2018-10-17,252.5936726944972,253.74706846022545,239.90631927148587,240.96743774414065,21631573,-0.0344374944995076,0,0.0295796674317098,normal
2018-10-19,239.62951281376203,243.781737522948,238.15316061868072,240.9213104248047,28474307,-0.0001914438535948,0,0.0282933927699407,normal
2018-10-22,245.4426218555085,245.4426218555085,239.3988392351032,240.22927856445312,19933462,-0.0028765727544879,0,0.0282579980890922,normal
2018-10-23,238.0608915525933,238.9836081865181,235.29274165081893,235.8925018310547,20206307,-0.0182175941213476,0,0.0284873586179651,normal
2018-10-24,240.13699244907744,241.567191899361,233.2627566723025,235.93862915039065,25636533,0.0001955246970961,0,0.0280780871311331,normal
2018-10-25,234.83137564692404,235.2927339487844,229.2027987324124,230.2639312744141,33066232,-0.0243455469377824,0,0.027806890229538,normal
2018-10-26,232.5245684948635,232.98592676568663,228.28006677147576,228.9259796142578,20543437,-0.0058274601194483,0,0.0273162819415181,normal
2018-10-29,230.6791488386404,248.44144329921568,229.20279665425792,247.19577026367188,37768359,0.076781896675655,0,0.0326267320601277,normal
2018-10-30,246.8266957925292,257.5302142138523,245.44262086285144,252.0400390625,33401683,0.0194073452058658,0,0.0329002661511484,normal
2018-10-31,253.7470847524351,260.89813895909464,247.84170368455767,259.6524658203125,28137370,0.0297561068943812,0,0.0328441551755748,normal
2018-11-01,261.128814817432,266.6651147782256,257.2995463096986,263.8046875,29144808,0.0158649423150913,0,0.0329216140186608,normal
2018-11-02,265.65009617721904,270.1714017606324,261.31334517234296,263.29718017578125,27760214,-0.0019256523725932,0,0.0329258259250197,normal
2018-11-05,264.31218230857,276.8149810210573,261.5901570648992,272.1552734375,44619891,0.0330894047484848,0,0.0312305563267925,normal
2018-11-06,273.2163732912163,275.24633278500073,261.9592202327717,264.3121643066406,40688243,-0.0292419164749926,0,0.0317767944652661,normal
2018-11-07,266.57287002835074,266.57287002835074,263.85087244405736,264.40447998046875,3312160,0.0003492066147856,0,0.0316106246476223,normal
2018-11-09,264.819653665083,265.2810119467295,260.62130456573,261.3594665527344,19201007,-0.0115833255376101,0,0.029120798994743,normal
2018-11-12,261.77470604943403,261.77470604943403,255.45409181951263,256.4690856933594,24044907,-0.0188885925120736,0,0.0257370323168877,normal
2018-11-13,254.9465862759536,258.0838452550225,252.22458919115388,256.56134033203125,25633628,0.0003596458805805,0,0.025731890712687,normal
2018-11-14,258.729699517381,265.46554682505405,256.5151855616133,261.6824035644531,52674807,0.0197637887013328,0,0.0259832705985212,normal
2018-11-15,261.91312322917736,264.8657995742157,259.42177704388763,263.34332275390625,18445463,0.0063270222654177,0,0.025432951472988,normal
2018-11-16,263.8046605783644,269.24868268575915,260.7597071743008,268.4182434082031,24805910,0.0190877831750979,0,0.0240985482005995,normal
2018-11-19,270.8173069886261,270.8173069886261,263.943057438573,265.8807678222656,13799970,-0.0094984067351919,0,0.0243010941337702,normal
2018-11-20,263.8046449045174,266.2498380272368,260.6674143984393,261.54400634765625,12900924,-0.0164454133628506,0,0.0247163380842705,normal
2018-11-21,261.5440265223136,267.17257514720694,261.17491736212514,264.86578369140625,16167419,0.0126206673883819,0,0.0241973773640521,normal
2018-11-22,263.8508186462282,264.86578436209027,259.83699587115626,260.8519897460937,12066797,-0.0152700636759739,0,0.0246289196523413,normal
2018-11-26,262.14381513989554,265.05036705806384,257.99159006848987,264.2660522460937,16846820,0.013003211971367,0,0.0236830043069705,normal
2018-11-27,262.60515124991167,268.0491735841778,262.09764022203467,267.0341796875,21242956,0.0104202946752449,0,0.0235019061967812,normal
2018-11-28,267.03417150463537,269.8484739573237,261.1287910491205,262.5589904785156,19837609,-0.0169008816009457,0,0.0176043019162723,normal
2018-11-29,266.9419249936284,267.2648814643312,262.28221701046004,264.2660522460937,27919104,0.0064805869257007,0,0.0172035147630732,normal
2018-11-30,266.4805439086462,268.41825440840387,261.3133534547272,262.6512756347656,17583510,-0.0061291651689154,0,0.0160279253671149,normal
2018-12-03,264.5428826954528,265.6501258129747,261.3594988945358,264.6351318359375,15772176,0.0075248120718169,0,0.0157145910061745,normal
2018-12-04,265.6962541397115,265.6962541397115,260.11380185826056,260.71356201171875,11897307,-0.0149296751337351,0,0.0160703028578255,normal
2018-12-05,260.62134983228503,261.3133873749527,255.63865699781385,258.49908447265625,14893748,-0.008530188861604,0,0.0140619733300075,normal
2018-12-06,256.5152373667575,257.6686332182268,253.83936462316456,254.3468475341797,11083451,-0.0161932752625233,0,0.0130239397338015,normal
2018-12-07,255.5924714219053,255.9154278298848,251.07116618741185,254.1161193847656,10165275,-0.0009075515042873,0,0.0130154359395305,normal
2018-12-10,250.0561915733648,255.0388554415356,249.27187685358896,253.00889587402344,11947887,-0.0043666758167768,0,0.012834087567882,normal
2018-12-11,247.61099983754423,261.35947124565973,247.61099983754423,259.5140380859375,30927239,0.0253861481462784,0,0.013500480507671,normal
2018-12-12,261.8208505561956,263.7585611612904,260.39065100621565,263.2049255371094,21765939,0.0141221155097737,0,0.013834715387153,normal
2018-12-13,267.5878167069907,271.2786831443285,263.6662711173193,266.66510009765625,24097152,0.013060651025949,0,0.0134388497447476,normal
2018-12-14,266.20372703821425,268.3259638584246,264.86577676520693,266.8496398925781,12156361,0.0006917889552022,0,0.0133789695734493,normal
2018-12-17,266.94191025380235,268.9257735389708,265.09647699063305,267.12646484375,12728014,0.001036844059187,0,0.0126600387001012,normal
2018-12-18,265.6039691172591,271.2786703655396,264.8196544044553,270.1252746582031,13606582,0.0111636342452428,0,0.0127078172234103,normal
2018-12-19,271.9246071011025,278.66042735974344,271.9246071011025,277.4609069824219,26124125,0.0267942159151441,0,0.0132859175991729,normal
2018-12-20,275.29252772994727,278.33748151717504,270.49438971950747,271.3248291015625,19222232,-0.0223633130578351,0,0.0142165872224305,normal
2018-12-21,270.9557269683295,273.5854749393595,268.3259789972995,269.3409729003906,15777301,-0.0073386002858271,0,0.0138384301185164,normal
2018-12-24,270.8173333602703,272.20140831781856,267.7262269899305,270.402099609375,12048877,0.0039319747863455,0,0.013591510445763,normal
2018-12-26,270.2175938000214,272.2014290920971,264.9580972963051,271.4171142578125,12684324,0.0037466956129801,0,0.0134328754494068,normal
2018-12-27,273.770032795681,274.6004721230124,268.9718951014246,269.5716552734375,15304564,-0.0068225672943835,0,0.0129122994837996,normal
2018-12-28,270.9095722718354,274.1390800485386,270.86341955101,272.0168151855469,12876558,0.0090296476354563,0,0.0129783520060255,normal
2018-12-31,274.2314089326412,275.2002501843276,272.66277931087615,273.0318603515625,9526067,0.0037246080397022,0,0.0128621868932492,normal
