Date,Open,High,Low,Close,Volume,ret_1d,is_outlier,market_regime
2010-01-04,63.11964969227304,64.22540037952479,62.28573740187314,63.93053436279297,6819252,,0,normal
2010-01-05,64.1608870381214,65.23898564947628,63.90748327868613,64.93951416015625,9959403,0.0156591919771855,0,normal
2010-01-06,65.05470954927695,65.42328895930076,63.303947978141146,63.6264533996582,9150061,-0.0204269674552879,0,normal
2010-01-07,64.04110082333587,64.08717480754406,62.19819144712476,62.4976692199707,9165297,-0.0179000542599112,0,normal
2010-01-08,62.56677449605265,62.65891621166123,61.36888220102686,61.55777740478516,5713679,-0.0151530597832652,0,normal
2010-01-11,61.461018197809,62.760269251518,60.47044964254917,60.94499969482422,11355777,-0.0100043906828375,0,normal
2010-01-12,61.92176352944182,64.85198910282615,61.92176352944182,63.93053436279297,20789812,0.0478252802041163,0,normal
2010-01-13,64.22078406892336,66.34474284372223,63.43755134464451,65.93930053710938,22567181,0.0309375367169781,0,normal
2010-01-14,66.32633583857422,69.35792772928032,65.25744772111031,68.2890396118164,38960389,0.0350146494731467,0,normal
2010-01-15,66.62117137149714,68.79580331062027,66.52902965739017,67.80985260009766,29355509,-0.0070417765205057,0,normal
2010-01-18,67.72691263805768,69.21966444285314,67.27539642934993,68.87873077392578,15998674,0.0156399303484713,0,normal
2010-01-19,69.64814315587661,69.64814315587661,67.27539895665515,68.09088897705078,8197119,-0.011504018000922,0,normal
2010-01-20,69.10910331478661,69.10910331478661,66.48756065009536,66.94828796386719,20839012,-0.0169229153730521,0,normal
2010-01-21,67.0818957642908,68.09549831837352,65.06391420065519,65.37259674072266,17143625,-0.0238173393754292,0,normal
2010-01-22,64.5018121786075,65.88400011716207,64.09176444412245,64.50642395019531,15268319,-0.0133383456037856,0,normal
2010-01-25,64.04110618910839,64.87041922729725,63.19337105451018,64.05032348632812,7986515,-0.0070957361112791,0,normal
2010-01-27,63.58036761220483,63.59880220339864,59.917589314388366,60.39213943481445,16430416,-0.0588101241942595,0,normal
2010-01-28,62.10604220320053,63.46979572625151,60.40134873713336,62.055362701416016,13614123,0.027167978738424,0,normal
2010-01-29,61.27673907680033,61.36888704870218,58.1898695042952,59.70566177368164,19649012,-0.0386000804204069,0,normal
2010-02-01,59.31864741108364,62.170554009731,58.33730213677844,61.5808219909668,10881732,0.0309236377684456,0,normal
2010-02-02,63.39609380795356,63.948969207776194,59.98671217308869,60.189430236816406,8321955,-0.022853731312618,0,normal
2010-02-03,60.364486662087806,62.09681936138778,60.17097971855071,61.889495849609375,6842337,0.0278537103700307,0,normal
2010-02-04,61.36889022926156,61.87569160295813,59.98670807318823,60.373722076416016,6571679,-0.0247965244952066,0,normal
2010-02-05,58.52158940072658,60.26774526718792,58.52158940072658,59.346290588378906,12625057,-0.0171643268271548,0,normal
2010-02-08,59.29560649152248,59.894549486784726,58.065463090761305,58.62294387817383,9483101,-0.0122634647745361,0,normal
2010-02-09,58.23593699518226,60.65936089655648,58.23593699518226,60.290775299072266,8888212,0.028052958204741,0,normal
2010-02-10,60.816008568353865,61.18459418787377,59.373936000912906,59.68262481689453,6836790,-0.0101381754709244,0,normal
2010-02-11,60.20323609145825,61.02333166215234,59.894547309408,60.41977691650391,4258168,0.012275547294255,0,normal
2010-02-15,60.263146584728375,61.368891075022944,60.263146584728375,60.80680465698242,5581430,0.006385217671128,0,normal
2010-02-16,60.908140524003805,61.78352098559578,60.2861575318946,61.73284149169922,5691173,0.0151143649050746,0,normal
2010-02-17,62.65891652549101,62.65891652549101,61.00490866963644,61.8664665222168,7391341,0.0021622302701453,0,normal
2010-02-18,62.19820404185899,62.38250001601048,61.19381847840295,61.543975830078125,4323768,-0.0052263231546083,0,normal
2010-02-19,61.00031658564474,61.96783918712333,60.63173089311489,61.350467681884766,12808008,-0.0031491791262014,0,normal
2010-02-22,61.46102537174335,62.7049853030385,61.29516404757066,61.56698989868164,3946053,0.0035230543327742,0,normal
2010-02-23,61.45180718114527,62.58519704582292,60.90814923782968,62.32258224487305,4919981,0.0121979873183253,0,normal
2010-02-24,62.47463778480669,62.74646995509848,61.6222908300644,61.9401969909668,7261652,-0.0061544810641525,0,normal
2010-02-25,62.38247522930061,62.84320248358488,61.290547637278365,61.682167053222656,8538986,-0.0041744924464088,0,normal
2010-02-26,61.83884012520194,63.40531211767641,61.27674741850568,62.42856597900391,6495706,0.0120280963024219,0,normal
2010-03-02,62.19817136060745,64.77824490388701,62.19817136060745,64.61698913574219,9523919,0.0344544071827641,0,normal
2010-03-03,64.96256003270743,65.23899770818151,63.796925020300215,64.36361694335938,7529697,-0.0039288467623572,0,normal
2010-03-04,64.27147942620354,64.56634549481852,63.5343205036821,63.92593383789063,8337839,-0.0068233897611023,0,normal
2010-03-05,64.04108155670717,64.59395670284496,62.93994303577515,63.19795227050781,5753786,-0.0114532295619431,0,normal
2010-03-08,63.30392965185957,64.93029160810215,63.19795888407071,64.28988647460938,7363617,0.0171304324744463,0,normal
2010-03-09,64.68612933919208,65.65365808980675,64.50183338744448,64.69073486328125,6597235,0.0062156574384237,0,normal
2010-03-10,64.68613368056207,65.22979177706863,63.91211187792534,64.16090393066406,4676328,-0.0082239376037582,0,normal
2010-03-11,64.68614516239239,65.79188989828444,64.40970741616523,65.3680191040039,10017466,0.0186390821816102,0,normal
2010-03-12,65.86558949991836,66.05909650664212,65.1837157011495,65.42790222167969,8515528,0.0009156726181211,0,normal
2010-03-15,65.88399455680904,67.35831781848512,65.23897149025001,67.14177703857422,11911234,0.0258576519062314,0,normal
2010-03-16,67.35832962431702,67.7315207140904,66.55205689881602,67.05425262451172,6906915,-0.001304426467648,0,normal
2010-03-17,67.63477506783089,68.37194003772554,67.25697841132327,68.1047134399414,6027573,0.015544391876789,0,normal
2010-03-18,68.64837666452824,69.10910398275317,66.73174777122517,67.16944122314453,4858968,-0.013828023870384,0,normal
2010-03-19,67.4412791613312,67.82829317743058,66.72254241658392,66.94369506835938,4731057,-0.0033665064322967,0,normal
2010-03-22,66.31708962760896,67.66241479907282,65.88400797955416,67.08189392089844,4472853,0.0020622763542554,0,normal
2010-03-23,66.34475635021134,67.71772134579416,66.1742832012757,66.36779022216797,5315893,-0.0107023185465049,0,normal
2010-03-25,65.88402384767971,66.80547863926942,65.42329020286961,66.26642608642578,9379768,-0.0015284767128349,0,normal
2010-03-26,66.89760489569949,67.18786533755892,65.63060485031893,66.11437225341797,5355804,-0.0022972198654658,0,normal
2010-03-29,66.16044690952538,66.62117424698862,65.37721418524652,65.93930053710938,5849466,-0.0026515251742784,0,normal
2010-03-30,65.4232677248581,66.25258050176417,64.07333716894657,64.64924621582031,14737465,-0.0197581843330052,0,normal
2010-03-31,64.68612684102109,65.41407457565967,64.44654586241084,65.14224243164062,15829785,0.0075967783696642,0,normal
2010-04-01,65.51543321220494,66.85154130886146,65.23899554589313,66.4691390991211,5714577,0.0201645421906997,0,normal
2010-04-05,66.6211655676019,66.97132279774598,65.70432278478646,66.5428466796875,3468799,0.0011082849064978,0,normal
2010-04-06,66.80545378299104,66.89759547845773,65.4555170165279,65.90242767333984,4106639,-0.0096707715797492,0,normal
2010-04-07,66.34473695425777,66.34473695425777,65.1468447333881,65.86096954345703,7111706,-0.0006292814564083,0,normal
2010-04-08,65.88401562855401,66.7962530088582,65.42328204122109,66.0452651977539,5580835,0.0027943451585761,0,normal
2010-04-09,66.16043864384936,66.53362974025504,65.25741242535817,65.47395324707031,9105875,-0.0086879400744823,0,normal
2010-04-12,65.88401843526823,65.88401843526823,64.11482238122917,64.6630859375,5442399,-0.0124619064416782,0,normal
2010-04-13,64.68612898403235,66.66725421330617,64.50183303329663,66.32170867919922,12863270,0.0253267778951657,0,normal
2010-04-15,66.50137822519136,67.67162476000689,66.22033508587415,66.5428466796875,11608248,0.0033287764985763,0,normal
2010-04-16,66.5428502977056,66.88378400225824,66.16044188738815,66.53823852539062,4142533,-6.925333215601626e-05,0,normal
2010-04-19,66.06830468385985,66.33552503777209,64.60319201194328,64.87962341308594,4150933,-0.0252431923934599,0,normal
2010-04-20,65.14685175021823,65.82872547301031,63.79692087584749,64.10099792480469,8713128,-0.0120736733746147,0,normal
2010-04-21,64.45575985691742,65.20213589797618,63.405300522010286,64.96255493164062,6454364,0.0133510938690832,0,normal
2010-04-22,64.76903976257594,65.87478388218564,64.27606136875244,64.8934326171875,5497048,-0.0010645996736275,0,normal
2010-04-23,65.9070335941889,67.2201074413884,63.5895746417481,63.75543594360352,43050264,-0.0176919761437135,0,normal
2010-04-26,64.04110285208081,64.91648983272393,63.884458799628135,64.41889953613281,8264835,0.0103526110071978,0,normal
2010-04-27,64.96255332905044,64.96255332905044,63.99503093825477,64.3543930053711,7863981,-0.0010018620303045,0,normal
2010-04-28,63.94895303879924,64.04109474946205,63.30393606810385,63.65408706665039,15492950,-0.0109416645683637,0,normal
2010-04-29,63.85680924197039,63.85680924197039,62.85702943525887,63.56655502319336,11541003,-0.0013760668997013,0,normal
2010-04-30,64.04110538198553,64.11021948772483,61.73746849774144,61.87569046020508,16536416,-0.0269600878362901,0,normal
2010-05-03,61.63610792549586,62.54373983523293,60.81601221547511,62.16594314575195,8842506,0.004679932162495,0,normal
2010-05-04,62.787935372484334,62.787935372484334,60.57644620061513,60.81602096557617,4558746,-0.0219540549572299,0,normal
2010-05-05,60.35527988852443,62.198189198097694,59.6549778503346,61.8664665222168,6147413,0.0171250396006108,0,normal
2010-05-06,61.82960957508896,63.119643586745184,60.35527963404102,60.76532745361328,5540888,-0.0179589424246815,0,normal
2010-05-07,59.89454928312172,60.35527658529958,58.14378803445144,58.76116561889648,9433643,-0.0335381661065303,0,normal
2010-05-10,59.80242271267415,62.42856525055765,58.98693243179006,61.94940948486328,12222914,0.0528368878507663,0,normal
2010-05-11,62.29033685119835,62.29033685119835,60.56260938212681,61.55777740478516,5592115,-0.0063418721215935,0,normal
2010-05-12,61.9908852833044,62.96762527707627,61.3919358185913,62.74186706542969,9876026,0.0190527573096943,0,normal
2010-05-13,63.38687117910342,63.82917016835612,61.67296025236882,62.04154586791992,9896017,-0.0112247058171428,0,normal
2010-05-14,62.54835775220967,62.65892783144462,60.73308750540937,61.4057502746582,6250355,-0.0103007718261043,0,normal
2010-05-17,60.07886625633503,60.816025198927285,58.696683865450325,59.47531127929688,12769572,-0.0319421934904715,0,normal
2010-05-18,59.52598640255066,61.34125047544769,59.0790817956915,60.80220413208008,9031670,0.0220647505281812,0,normal
2010-05-19,60.26313016136724,60.35527186518844,58.8809483629278,59.86690521240234,9592763,-0.015502188678381,0,normal
2010-05-20,59.91298823857534,61.07401762518843,59.34168459253548,60.2723503112793,15070843,0.0067496112965832,0,normal
2010-05-21,59.11130570050506,59.72867692190281,57.7199067553641,59.12973403930664,12193812,-0.0191395511807161,0,normal
2010-05-24,60.07885293616493,60.37371894743312,58.6505968657749,59.70566177368164,5843608,0.0096929410570156,0,normal
2010-05-25,59.47989911450632,59.47989911450632,57.86735347138888,58.387977600097656,4875235,-0.0223168473524424,0,normal
2010-05-26,58.8072324334675,60.17098597654328,58.67822779102583,59.91298294067383,6677590,0.0257832195903207,0,normal
2010-05-27,59.91300740111594,61.24911585229501,59.3417035723506,60.58105850219727,11863688,0.0110890530262253,0,normal
2010-05-28,61.276761208473935,61.3689092136574,60.37374075295773,61.16619110107422,4980550,0.0096123256359703,0,normal
2010-05-31,61.35047026246662,62.29957080560873,60.58565944883336,61.70522689819336,5011564,0.0087740381607837,0,normal
2010-06-01,62.09682589066361,62.17054550743478,60.35527571373795,60.65935897827149,3667279,-0.017094707291644,0,normal
2010-06-02,60.81600227224754,61.32280354098569,59.61811631761128,59.88994216918945,6429795,-0.0127653540923482,0,normal
2010-06-03,60.44742492194519,61.16616151750505,60.21245574609447,60.41056823730469,5393164,0.0086554797926998,0,normal
2010-06-04,60.36448880131768,60.7146397717842,60.005120536017074,60.3967399597168,2466035,-0.0002289311442273,0,normal
2010-06-07,57.296043150537386,60.80678896895153,57.296043150537386,60.14794921875,13229866,-0.0041277819191494,0,normal
2010-06-08,60.35527483673442,60.72386041720672,59.01916694893008,59.189640045166016,8246719,-0.0160608200493408,0,normal
2010-06-09,59.42462954670077,59.52598858508426,57.77522678805893,57.98715591430664,11836390,-0.0205249910692781,0,normal
2010-06-10,57.86734917723881,59.43382072165007,57.5909115519865,59.20806884765625,7566959,0.0208362944350506,0,normal
2010-06-11,59.89455059404155,60.25853066986083,59.443040577591134,59.65497589111328,7746195,0.0075197324845879,0,normal
2010-06-14,59.89916951705867,62.28112525655333,59.654983012567286,62.12448120117188,12259972,0.0405625703062479,0,normal
2010-06-15,65.45291235767142,65.45291235767142,62.6172387572819,63.25255584716797,7340451,0.0179954019467443,0,normal
2010-06-16,63.61670617475457,64.2675150651714,62.7722037868847,63.34553527832031,4167316,0.00146889178255,0,normal
2010-06-17,63.46948213833308,64.44569834598408,62.47777423841384,64.05831146240234,5071705,0.0111893579202737,0,normal
2010-06-18,64.30624330207668,65.39092671133638,63.074354119728326,63.46949005126953,5824771,-0.009234466343309,0,normal
2010-06-21,63.84139269636911,64.77112153257467,63.546981086954894,64.37599182128906,4416473,0.014181446996246,0,normal
2010-06-22,64.37598249435563,64.37598249435563,61.91219765229313,62.97364044189453,4767118,-0.0220245326466228,0,normal
2010-06-23,62.9116434757146,63.3765077431934,62.03615162734626,62.73344802856445,6583246,-0.0038214663716873,0,normal
2010-06-24,62.810944072906736,63.136351678898,61.82697855894074,62.33058166503906,13296236,-0.0064425839786039,0,normal
2010-06-25,62.756702514416574,62.756702514416574,59.96751629645375,60.32391357421875,9389117,-0.0327235809966781,0,normal
2010-06-28,60.43238623978575,61.51706986903375,60.43238623978575,61.16067886352539,4882324,0.0137758789910247,0,normal
2010-06-29,61.222664897290514,61.65653965703021,59.94428762429351,60.3781623840332,5470979,-0.0128769911626829,0,normal
2010-06-30,58.88283118036575,60.06823907412937,58.88283118036575,59.58012771606445,7927875,-0.0133053987434523,0,normal
2010-07-01,59.50265570374652,59.50265570374652,57.65869610909792,58.131309509277344,6879747,-0.0246176821755925,0,normal
2010-07-02,58.28624722279454,60.1224572781595,57.72840758526906,59.75056838989258,10941863,0.0274742948543584,0,normal
2010-07-05,59.81254885500064,60.64930832647382,59.47164965038203,60.44011688232422,3988831,0.0114743676918642,0,normal
2010-07-06,60.43237654190147,61.7494921660528,59.50264786602994,61.57129669189453,7622355,0.0185427278913694,0,normal
2010-07-07,61.67202719309645,61.78050060455512,60.43238870901924,60.94374084472656,3743444,-0.0102446417748529,0,normal
2010-07-08,61.67202083358342,62.276348315330274,61.09094035409224,61.269142150878906,5022585,0.0053251681351031,0,normal
2010-07-09,61.67202062702317,62.39256420225493,61.43184574040597,62.16788101196289,5154601,0.0145621584180704,0,normal
2010-07-12,62.44676816407871,63.841360719871446,62.260823750997815,63.50046157836914,6675112,0.0212086908934452,0,normal
2010-07-13,63.68643181901397,64.5619301727213,61.98967811571829,62.5940055847168,10933709,-0.0143776587345447,0,normal
2010-07-14,62.75671306075157,63.37653232446018,61.207164901480056,61.8502311706543,5392611,-0.0119536796553409,0,normal
2010-07-15,61.67201664884584,62.5630066569411,61.524810865055365,62.29183578491211,4326585,0.0071145339818521,0,normal
2010-07-16,62.446797766446366,63.53148137958122,61.68752175930278,62.33058166503906,6472014,0.0006218123860568,0,normal
2010-07-19,62.36930538863973,62.896155371582175,61.46282379841424,62.64047622680664,5917246,0.0049594714517864,0,normal
2010-07-20,62.756697102313936,63.45399359667018,62.46228554896948,63.221561431884766,5736878,0.009233750614503,0,normal
2010-07-21,63.53147246068176,64.59291522657476,63.26805059549789,64.31399536132812,5904078,0.0171318599448166,0,normal
2010-07-22,64.6161642535352,65.05003895485122,63.7096824560042,64.36824035644531,5981763,0.0008430844868012,0,normal
2010-07-23,64.62391734026845,66.70031557601108,63.61671107591544,63.911128997802734,24232335,-0.0071268403600122,0,normal
2010-07-26,64.32175107788521,64.7866154667957,63.78715829166351,64.06607818603516,6065043,0.0024215134453564,0,normal
2010-07-27,64.29849837434695,65.0035375217779,64.25975968250457,64.77885437011719,5463737,0.0110642062707935,0,normal
2010-07-28,64.92609290384235,65.22051089350151,63.9808721289462,64.27528381347656,2736057,-0.0078040599005486,0,normal
2010-07-29,64.30623341780529,64.84857503907382,63.856867167947016,64.5619125366211,4504660,0.0044494789416527,0,normal
2010-07-30,64.30625512026147,64.61616472271933,63.2990489122734,63.88787841796875,4212244,-0.0104950004266148,0,normal
2010-08-02,64.30626524835105,64.9260845508869,63.43077300557035,64.1125717163086,5558206,0.0035108240463124,0,normal
2010-08-03,64.61616539184844,64.80211619935037,63.686436574847086,63.83364868164063,2463828,-0.0043600111930439,0,normal
2010-08-04,63.99634633228483,66.70806169343015,63.895628232254985,66.44463348388672,12225868,0.0400885615628343,0,normal
2010-08-05,66.43689031619043,67.3976088281913,65.94102990536555,66.8165283203125,8882040,0.0055814581960742,0,normal
2010-08-06,66.59186092552463,68.11816230544895,66.55312221580378,67.08771514892578,10607080,0.0040504646059114,0,normal
2010-08-09,67.09544175361738,67.94769308297144,66.32066781784096,67.70751190185547,7370478,0.0091961879436741,0,normal
2010-08-10,67.42858531651622,67.63777678041717,66.10372075710367,66.28966522216797,7296899,-0.0211631263918112,0,normal
2010-08-11,67.09545917621843,67.09545917621843,64.63167363760519,64.91834259033203,4191401,-0.0209037937507918,0,normal
2010-08-12,64.74787745227813,64.74787745227813,63.12085207388942,63.78715896606445,6071385,-0.0175783123198263,0,normal
2010-08-13,64.01960413347338,65.37545889016279,63.92662871382056,64.30626678466797,3902607,0.0081051881845928,0,normal
2010-08-16,64.02733188071602,64.92606454840828,63.53147154735002,64.1745376586914,4157657,-0.0020505658056144,0,normal
2010-08-17,64.15130369949446,64.84860034176882,63.53923346341245,63.818153381347656,6562883,-0.0055688367118689,0,normal
2010-08-18,64.03507581013939,65.62336231418983,63.93435772461593,65.17399597167969,4301193,0.0210228689507472,0,normal
2010-08-19,65.39096014782119,65.77834727778306,64.46898003953775,65.01132202148438,3844655,-0.0024991149135553,0,normal
2010-08-20,65.0345333070284,65.0345333070284,63.686421791214094,63.79489517211914,3000276,-0.0188882654997684,0,normal
2010-08-23,64.15129535447095,64.41472354027546,63.80264707868715,63.98859786987305,2625103,0.00303173503102,0,normal
2010-08-24,63.99635188517991,64.36824722820762,63.06662298530208,63.23707580566406,3821209,-0.0118141375643103,0,normal
2010-08-25,63.22156765726605,63.22156765726605,61.58679964806837,61.912200927734375,4489438,-0.021173504300914,0,normal
2010-08-26,62.13686453550244,62.72569381975919,61.57903124393654,61.95092010498047,7083288,0.0006251930063516,0,normal
2010-08-27,61.98193019761949,61.98193019761949,61.03670973748818,61.50932312011719,3358121,-0.0071537015733902,0,normal
2010-08-30,61.69527459269232,63.02013949205646,60.9050025319832,61.67202758789063,5318942,0.0026417077172693,0,normal
2010-08-31,61.61004793243701,62.29184657819435,60.95148998625855,62.02067565917969,5464222,0.0056373413380308,0,normal
2010-09-01,62.0206647075633,62.67922253745354,61.772740837033325,62.53201675415039,10371266,0.0082108858168652,0,normal
2010-09-02,63.06660585947348,63.198319939906746,62.16787321107917,62.51652145385742,3506420,-0.0002478285727178,0,normal
2010-09-03,63.09759794986114,63.09759794986114,61.71074775928525,62.1833610534668,3712756,-0.0053434082918348,0,normal
2010-09-06,62.29184517921983,63.18283532168637,62.19112707647016,62.795448303222656,5971502,0.009795134819643,0,normal
2010-09-07,63.05887112374987,63.47724780686352,62.47004164504741,63.26030731201172,8435880,0.0073754841862259,0,normal
2010-09-08,63.19056978180177,64.40696726191393,62.52426300234783,63.616695404052734,7231246,0.0056178664647577,0,normal
2010-09-09,63.6864257614556,64.081561702616,62.87291318470664,63.221561431884766,5541593,-0.0062305373831073,0,normal
2010-09-13,63.5314706335571,63.84138018489029,62.074898264341456,62.477783203125,7995166,-0.0118343800688718,0,normal
2010-09-14,62.75670229804541,65.03454274562947,62.57075781184763,64.75562286376953,8415224,0.0358095116058407,0,normal
2010-09-15,64.92606527101186,66.56083945702758,64.86408588121434,66.32840728759766,10421976,0.0239977348986046,0,normal
2010-09-16,66.475616090181,66.92498240684147,65.32894699453314,65.61561584472656,8198365,-0.0108045572678028,0,normal
2010-09-17,65.85578609194616,66.74678227358858,64.78660076217584,65.1197509765625,4966414,-0.0075858164180191,0,normal
2010-09-20,65.39093441876938,66.01075358283114,64.72463386150424,65.13526153564453,5185982,0.0002381568103402,0,normal
2010-09-21,65.39092821686204,67.77723555524994,65.39092821686204,67.45182800292969,13331138,0.0349476294593396,0,normal
2010-09-22,67.56031772033488,68.92391503743374,66.70806624458433,68.12590026855469,13427612,0.0099437839606864,0,normal
2010-09-23,68.102653282791,68.95490467988031,67.09544708623089,68.6682357788086,9072979,0.007929263160733,0,normal
2010-09-24,68.79996058123199,69.72968952266237,67.9167130427708,69.27256774902344,7818264,0.0087622490419185,0,normal
2010-09-27,69.4662438846841,70.03957527527761,68.63723333934738,68.89290618896484,5430691,-0.0054957654011138,0,normal
2010-09-28,68.89289253198899,69.72965191101135,67.87019503112768,68.41253662109375,5180590,-0.0069971228807155,0,normal
2010-09-29,68.41255796007148,69.760663357458,67.79273880677869,68.54426574707031,5951027,0.0019236600785124,0,normal
2010-09-30,68.95490733290488,70.4114799819208,67.89346439364046,69.64445495605469,8755704,0.0159233322314493,0,normal
2010-10-01,69.41976142825156,71.73633416402866,69.10985186346196,71.54264068603516,10721266,0.026890561093241,0,normal
2010-10-04,71.89903842699256,73.13867669443417,71.44192307689872,71.94552612304688,7974280,0.0056156058680096,0,normal
2010-10-05,71.79832482880542,72.44139105979473,71.20950160734833,71.44967651367188,4162905,-0.006915874124119,0,normal
2010-10-06,71.89904875113763,72.82102858391121,71.47292303551623,72.03850555419922,2711508,0.00820739851045,0,normal
2010-10-07,72.05398445819235,72.20893922280055,70.72137096051158,70.92281341552734,4297214,-0.0156086247368527,0,normal
2010-10-08,71.13203308761823,72.51887751999273,70.3495099548976,71.6666259765625,5346601,0.0104330210016305,0,normal
2010-10-11,71.37218191934633,72.61956907406604,71.21722714994328,71.84479522705078,2593034,0.0024829987820149,0,normal
2010-10-12,72.20894054447322,73.1386691491397,71.29470363347582,71.81380462646484,7484835,-0.0004314479063314,0,normal
2010-10-13,71.58912914025103,75.45524974093694,71.58912914025103,74.90515899658203,14037009,0.0421460440440206,0,normal
2010-10-14,75.61797393716975,77.47743184754152,74.89743021382388,75.99761199951172,12882471,0.0144791521234219,0,normal
2010-10-15,76.23775408985311,77.43865337359745,72.84424136303622,73.36334228515625,10849474,-0.0352775317747644,0,normal
2010-10-18,73.30913345464171,73.60355136752659,71.47292279654344,72.49562072753906,13823751,-0.0118982306806918,0,normal
2010-10-19,72.98370735627873,73.90568687279804,71.43415983099415,71.97650146484375,5106030,-0.0071864590757515,0,normal
2010-10-20,71.43417586027063,73.21615591421043,71.27922107297151,71.89904022216797,4063988,-0.0010767813521601,0,normal
2010-10-21,72.51886994445677,73.19291958440701,71.27923146532729,72.85202026367188,5074046,0.0131673482344671,0,normal
2010-10-22,71.85255143873468,71.85255143873468,68.82318413180765,69.55921936035156,20607248,-0.0462517971982494,0,normal
2010-10-25,69.18733038330575,69.72967213053474,65.95652059561966,66.68480682373047,24662905,-0.0422013236637202,0,normal
2010-10-26,66.01849487491639,67.98642553513307,65.96426448746902,66.69255065917969,25952046,0.0001161191915031,0,normal
2010-10-27,67.0954516059867,67.78499924905636,66.07274733853625,66.7468032836914,6545438,0.0008131428382709,0,normal
2010-10-28,67.40535763124718,67.56031243289286,65.31346150390364,66.1734619140625,17954598,-0.0086269001134819,0,normal
2010-10-29,66.55311314152864,66.63059055040658,64.30626197894088,65.04229736328125,5174238,-0.0172417182096351,0,normal
2010-11-01,66.32067243169803,66.32067243169803,65.39868633988138,65.65436553955078,5253145,0.0093663087837398,0,normal
2010-11-02,65.86353161750479,67.6532602752336,65.46839573642829,67.22713470458984,7691032,0.0236728605614846,0,normal
2010-11-03,67.58355466642602,67.93995197933296,66.86301734445559,67.35887145996094,5501961,0.0019576596586521,0,normal
2010-11-04,68.02517723640965,68.18013203896325,67.40535802619527,67.67652893066406,3697295,0.0047048115640251,0,normal
2010-11-08,68.41256404297835,68.41256404297835,66.63058381881669,66.8165283203125,3652468,-0.0127889476156539,0,normal
2010-11-09,67.04895715198369,67.66877632922085,66.0494936845874,66.8862533569336,4901358,0.001042985674152,0,normal
2010-11-10,67.40534820642189,68.02516732633953,66.94048386648366,67.64552307128906,5237801,0.0112877090631435,0,normal
2010-11-11,67.56031470051825,68.00968111832262,66.2586905399301,66.42139434814453,1795396,-0.0182619659948173,0,normal
2010-11-12,66.94049663927849,66.94049663927849,65.40644024169613,65.88680267333984,3225892,-0.0080810500944936,0,normal
2010-11-15,65.47616198918345,67.74625350135025,64.93382021090238,67.12643432617188,5424713,0.0186397620587577,0,normal
2010-11-16,67.52931969871938,67.52931969871938,64.63166602864545,65.35220336914062,5591379,-0.0267867646498203,0,normal
2010-11-18,66.30516204117893,66.30516204117893,64.34498043046779,64.83309173583984,6091294,-0.0079750079946192,0,normal
2010-11-19,65.23597618360918,65.23597618360918,61.59453878699664,62.11363983154297,5943950,-0.0428505401025081,0,normal
2010-11-22,62.756726208502535,65.08104893436345,62.11366610973258,64.817626953125,11306370,0.042611979407364,0,normal
2010-11-23,64.61617525302142,65.39094938542868,63.14410440144763,64.6239242553711,8733624,-0.0029929005104722,0,normal
2010-11-24,64.77110875859744,64.77110875859744,62.92714945250114,63.484989166259766,3495593,-0.017781199866997,0,normal
2010-11-25,63.60894380024384,65.23596883677227,61.84246199692033,62.95038604736328,10500392,-0.0084565937967244,0,normal
2010-11-26,63.06661897111999,63.84139300503726,61.74950311346064,63.14409637451172,6194025,0.0030724655958618,0,normal
2010-11-29,63.655441569725774,65.23597916586736,63.22156689692916,64.73237609863281,6019667,0.0248421210555296,0,normal
2010-11-30,64.61617316962615,65.80933033916523,63.88013776757097,65.01905822753906,10995133,0.004418950694478,0,normal
2010-12-01,65.23597570560382,65.3521917918782,63.86462967064188,64.259765625,9370450,-0.0117467240316804,0,normal
2010-12-02,65.23597080255111,66.84750419417742,64.73236779987896,66.01849365234375,16088726,0.0270012032406992,0,normal
2010-12-03,65.85581244753348,67.20392445301066,65.70085762438694,66.25869750976562,8699923,0.0036318297862143,0,normal
2010-12-06,66.63057463917039,67.65327240906451,66.46012185829161,66.73129272460938,7267358,0.0071072597774453,0,normal
2010-12-07,66.94048293306157,67.71525682215513,66.93273393314543,67.39759826660156,4539321,0.0099353840635014,0,normal
2010-12-08,67.66876847285185,68.17237149588854,66.94048228517784,67.45182800292969,7733891,0.0008043006299951,0,normal
2010-12-09,67.4053573678839,68.46679397193331,66.78553816372295,67.73075866699219,8175773,0.0041267306208654,0,normal
2010-12-10,67.71525887594737,70.33399217845891,67.10318244089845,69.87687683105469,11792871,0.0311943764432154,0,normal
2010-12-13,70.19453399572755,70.19453399572755,67.88570399919227,69.44300079345703,9045661,-0.0062285073408698,0,normal
2010-12-14,69.71417954890121,70.76012442843025,68.93940556406491,70.4114761352539,9084200,0.0138499795537541,0,normal
2010-12-15,70.05507928821892,71.20174857616955,69.88463279354342,71.03129577636719,7994008,0.0087643023428931,0,normal
2010-12-16,71.07780032639182,73.68104281019959,70.83761907159756,72.83654022216797,17228187,0.0250971899020111,0,normal
2010-12-20,72.06949647575598,74.37832690260232,71.70535645931159,74.00643157958984,12656940,0.0159342472565979,0,normal
2010-12-21,74.37830906147698,76.67164093534022,74.26209298312371,75.23056030273438,21289280,0.0164055327422723,0,normal
2010-12-22,74.68823197239084,75.12984936610408,73.42534657849596,73.95994567871094,5792819,-0.017033863357236,0,normal
2010-12-23,74.68822926831461,75.41651553562703,73.87471660368203,74.30084228515625,6989907,0.0045986158832613,0,normal
2010-12-24,72.82876980859213,75.37777482882926,72.82876980859213,74.91291046142578,6555289,0.0082039570472849,0,normal
2010-12-27,74.39382030110558,75.41652458136124,74.39382030110558,75.16859436035156,4971028,0.0034072705573242,0,normal
2010-12-28,75.15308904436237,76.89633036178725,75.15308904436237,76.13705444335938,8527896,0.0128015486075625,0,normal
2010-12-29,76.08282154909925,76.25327434181608,75.3157965921268,75.6954345703125,3453263,-0.0058172150279922,0,normal
2010-12-30,75.92787687028547,76.7026509310498,75.22283121396447,75.92012786865234,14624849,0.002963989437811,0,normal
2010-12-31,75.62570507843553,76.49344811525793,75.30804649941173,76.1215591430664,4222105,0.0026496863620018,0,normal
2011-01-03,76.98153401970615,76.98153401970615,74.7346903185629,74.85090637207031,5221252,-0.0168333049458064,0,normal
2011-01-04,75.01363529162983,75.91237441037902,74.858680488574,75.09886169433594,7757976,0.0033071814843443,0,normal
2011-01-05,74.77346618305428,76.05184340728975,74.53328495868756,75.25382232666016,7435688,0.0020612959216723,0,normal
2011-01-06,75.05238739664439,75.92013697078669,73.94446287897232,75.36229705810547,6291630,0.0014404135579058,0,normal
2011-01-07,75.32354218789004,76.26101997367634,73.3323768233334,73.90570831298828,7085731,-0.0195170422163792,0,normal
2011-01-10,73.57255595802829,73.74300244740338,71.3876908527407,71.99201202392578,8796179,-0.0262348999700003,0,normal
2011-01-11,71.46515696341154,73.60353403203648,70.54317735087011,72.43362426757812,8810136,0.0061154464165884,0,normal
2011-01-12,73.23939121258417,73.23939121258417,70.81435149212663,72.47236633300781,6521395,0.0005347200097425,0,normal
2011-01-13,71.5116515364838,73.47957602689523,69.31128856557955,70.2797622680664,12213692,-0.0307214545022365,0,normal
2011-01-14,69.9233719352167,72.51886481739342,69.9233719352167,71.75958251953125,10551720,0.0208375193280776,0,normal
2011-01-17,71.29470417117503,73.29362446935903,70.74461978669918,72.32515716552734,6262739,0.0078506239041651,0,normal
2011-01-18,73.01472794140486,74.99815087406496,73.01472794140486,74.15364837646484,8105160,0.0249672461175922,0,normal
2011-01-19,73.91345754704987,74.68048253597577,73.15417525392095,73.77399444580078,7748963,-0.0051329792998426,0,normal
2011-01-20,73.58029468714804,74.711465877099,72.13147123249024,73.99092864990234,9319304,0.0029362091545372,0,normal
2011-01-21,72.20895407003313,72.20895407003313,70.42697391063719,70.65165710449219,20853552,-0.046180935898576,0,normal
2011-01-24,70.22553529349824,70.34950039854687,67.48283650551039,68.78445434570312,12743020,-0.0267837988489949,0,normal
2011-01-25,69.41976614876769,70.00084662226145,67.13418295302557,69.24931335449219,11654146,0.0067354644294788,0,normal
2011-01-27,70.04315047723907,70.04315047723907,67.56050552811642,68.27650451660156,15794801,-0.0141475263152672,0,normal
2011-01-28,69.09364949287703,69.24930084008554,67.80174204435252,68.11304473876953,8651683,-0.0023969557343095,0,normal
2011-01-31,66.15183695733795,69.56060535026619,66.08957895021722,68.19087219238281,9039645,0.0011419695607202,0,normal
2011-02-01,68.26872453630044,69.10924596158716,65.84055997454611,66.82894897460938,8167571,-0.0201743625216019,0,normal
2011-02-02,67.19472400671349,68.84462497034094,66.9301179056429,68.1519775390625,6818275,0.019603820620035,0,normal
2011-02-03,68.05079243119869,69.24930663836244,67.17135844575348,68.79792022705078,9068109,0.0094333400551329,0,normal
2011-02-04,68.72011230286017,69.1170183072521,66.93012119758697,67.97298431396484,9004232,-0.0120631784891944,0,normal
2011-02-07,67.82510321205908,68.63448906619246,66.15184465764725,66.44758605957031,7515870,-0.0226968794055473,0,normal
2011-02-08,66.61882246978338,67.1402508931169,65.52925626648519,66.26860046386719,7591331,-0.0026972701507741,0,normal
2011-02-09,66.19076872753404,67.08577058681013,65.0700799445252,66.01177215576172,6771870,-0.0038830950613935,0,normal
2011-02-10,65.99619780642712,66.16741685786603,64.60311922170999,65.05451202392578,6203225,-0.0146075271674233,0,normal
2011-02-11,64.447468799581,65.91837309618396,63.427950978432186,65.41250610351562,9018184,0.0054879000563454,0,normal
2011-02-14,65.60705608062808,66.58766084318498,64.76654133184766,66.0584487915039,7632984,0.009826472868597,0,normal
2011-02-15,66.15184512704802,66.5254122163168,64.90663416309306,66.22189331054688,5791721,0.0024711850547403,0,normal
2011-02-16,65.61486527587172,68.45550348485229,65.52925573438611,68.04302978515625,8146248,0.0271291730767577,0,normal
2011-02-17,68.47883319215936,68.47883319215936,66.71218773240851,67.24918365478516,6053923,-0.0117354165605414,0,normal
2011-02-18,67.38149369197272,68.75122699742761,66.93010725804197,67.3503646850586,5362809,0.0015034381701859,0,normal
2011-02-21,67.42041737951257,70.61905477399539,67.42041737951257,70.20658111572266,9849010,0.0415337371087511,0,normal
2011-02-22,70.04314937009217,71.5996633783072,67.73950737123955,69.23375701904297,9396317,-0.013953492851634,0,normal
2011-02-23,69.3115774559253,69.40497082271459,67.45932846019807,67.98854064941406,5918094,-0.01814939075979,0,normal
2011-02-24,67.08577934528877,68.61115815642214,65.70047794179618,66.48651885986328,11963757,-0.0223399679147728,0,normal
2011-02-25,67.35814821858476,67.81731848555589,65.85610872363166,67.40483856201172,8558365,0.0137176008967463,0,normal
2011-02-28,67.55270934034796,70.16765345891054,67.34257747064908,68.2064437866211,9696834,0.0118222399654568,0,normal
2011-03-01,68.4866094834497,69.26486619348427,67.3970500894013,69.02360534667969,6894963,0.0119095085048899,0,normal
2011-03-03,67.70836917156647,69.40496667694958,67.70836917156647,69.15592193603516,8655379,0.0019151408663731,0,normal
2011-03-04,69.73182260497575,70.41668599984708,68.48661182632276,68.70452117919922,3932425,-0.0065486859005918,0,normal
2011-03-07,68.10528109304055,69.9653203103259,67.88737167574196,69.61510467529297,4566510,0.0131665574598356,0,normal
2011-03-08,69.96530737173491,70.35443578314383,69.28822140249528,69.88748168945312,5622963,0.0039049793609979,0,normal
2011-03-09,69.73184678373221,70.53344896704907,69.03919298116072,70.1910171508789,3794788,0.0043337976779751,0,normal
2011-03-10,69.8874811408651,70.97704068425749,69.3427013691689,70.7902603149414,6066297,0.0085010830330443,0,normal
2011-03-11,70.12874542700642,71.08599882466558,69.46722076720238,69.9341812133789,7766696,-0.012166893723986,0,normal
2011-03-14,69.26488267901273,71.25722159758574,69.26488267901273,71.01596069335938,6949651,0.0153501189364888,0,normal
2011-03-15,69.26487981803058,71.13269628951693,68.51775196274193,68.86018371582031,5620089,-0.0308265244077441,0,normal
2011-03-16,69.26486754468685,69.88747292486015,68.68895250125101,69.3271255493164,5474281,0.0067581258100872,0,normal
2011-03-17,68.34651947556189,69.49834320649464,68.34651947556189,69.02360534667969,3125396,-0.0043876991124802,0,normal
2011-03-18,69.10922722704382,69.467220310991,67.6227553779976,68.47105407714844,4854649,-0.0080374648215419,0,normal
2011-03-21,68.64227480873758,69.26488030359768,67.1480190876851,67.53714752197266,5736078,-0.0137333075849532,0,normal
2011-03-22,67.95740674001249,68.3309738467721,67.39706558007926,67.61497497558594,1399626,0.0011517016644315,0,normal
2011-03-23,67.61497333421808,68.47105589123827,67.24141256999752,67.95740509033203,2534623,0.0050516313541866,0,normal
2011-03-24,68.1130651702477,69.36606015782367,68.1130651702477,68.4321517944336,4943545,0.0069616564832886,0,normal
2011-03-25,69.64622631906254,71.3895204734341,69.0858788289031,70.96147918701172,12249559,0.0362944134865994,0,normal
2011-03-28,70.59571555910588,72.2456166649761,70.59571555910588,71.89540100097656,9412328,0.0130751157083333,0,normal
2011-03-29,71.8331369110872,72.75147759692501,71.75531121454259,72.14443969726562,7706856,0.0034579175210431,0,normal
2011-03-30,71.99657292223102,73.93443152053786,71.99657292223102,73.59977722167969,4991609,0.019971782473708,0,normal
2011-03-31,73.33513632236269,75.44421298763416,72.68918587389784,74.74378204345703,16940390,0.0154240265948475,0,normal
2011-04-01,74.2457374376216,74.6504272810118,73.15617762827056,74.09786987304688,3752735,-0.0086792402094353,0,normal
2011-04-04,74.71270337159001,76.26921762932275,74.59596480226004,74.86835479736328,11645005,0.0103445166412123,0,normal
2011-04-05,75.07070291756308,75.49096050045638,73.47527580338702,74.86835479736328,7758995,0.0,0,normal
2011-04-06,74.6504028652773,75.2340954293798,71.83311722262432,72.52576446533203,9027315,-0.031789431210929,0,normal
2011-04-07,72.37012085052908,73.73985414739403,71.38951597132632,73.53750610351562,5876334,0.0138536925226606,0,normal
2011-04-08,73.28846343714287,73.46746631436723,71.61521119429325,72.46351623535156,5007385,-0.0147123523284644,0,normal
2011-04-11,72.37790435372877,72.37790435372877,71.06265157475501,71.59964752197266,5270457,-0.0119930597837827,0,normal
2011-04-13,70.82140014769499,73.85660219686419,70.82140014769499,73.52973175048828,9665688,0.0265996869602958,0,normal
2011-04-15,72.8448703603569,73.46747592753589,69.7318425244619,70.01201629638672,11003837,-0.0490229493431177,0,normal
2011-04-18,70.05868560432613,70.82138099512008,69.10921619964353,69.3271255493164,6568019,-0.0098306370159022,0,normal
2011-04-19,69.10920971605978,70.32329136019071,68.40877872907681,69.97307586669922,3410409,0.009274285906077,0,normal
2011-04-20,70.35443455365395,72.5024246137877,70.35443455365395,72.16777038574219,7672584,0.0308830151018835,0,normal
2011-04-21,71.9965559174013,73.42076330985964,71.61520502348614,72.0899429321289,9538045,-0.0010790058898644,0,normal
2011-04-25,72.22227306056668,72.90713672947238,71.70083830497634,72.56470489501953,2401775,0.0065640983502222,0,normal
2011-04-26,72.37790395173069,72.81372904178752,70.67352276634527,72.33120727539062,3864025,-0.0032229732123392,0,normal
2011-04-27,69.85636234750348,70.77470299208814,69.1714924485934,70.21435546875,24369049,-0.0297028879516769,0,normal
2011-04-28,70.66574769250633,70.79027006702802,69.26488522944722,69.51392364501953,8312424,-0.0100257112611501,0,normal
2011-04-29,69.42053392526364,70.2999616818426,69.13257634117807,70.08983612060547,4605438,0.0082507196600234,0,normal
2011-05-02,70.04311501348556,70.65015264554481,68.95355574217098,69.66954803466797,2876804,-0.0060144705907294,0,normal
2011-05-03,69.26489409421995,70.02758344388658,67.39707723775781,67.96520233154297,4359961,-0.0247674780118032,0,normal
2011-05-04,68.22980943719095,68.61115411752588,66.61882117533393,68.01968383789062,5011038,0.0008012877136183,0,normal
2011-05-05,67.86402424336731,68.28428172473724,66.61881313799202,67.31924438476562,7146728,-0.0103509864639814,0,normal
2011-05-06,68.0196820777949,70.49453685088292,67.73950828583902,68.86798095703125,6553353,0.0227452073715888,0,normal
2011-05-09,68.57223080121496,68.87575606522653,67.7394997011919,67.88736724853516,1535119,-0.0143413845036626,0,normal
2011-05-10,67.72392519212089,68.86796527650804,67.27253875980874,67.91070556640625,1928591,0.0003437209029124,0,normal
2011-05-11,68.47105524081961,68.93800935839495,67.74727889196608,68.35431671142578,3745167,0.0065110283591236,0,normal
2011-05-12,67.57606230836574,68.45549006175291,67.17915002728618,67.44375610351562,2799092,-0.0134107095307527,0,normal
2011-05-13,67.39707156934237,69.29601728034078,67.3192458735353,68.88353729248047,6307534,0.0211232055935592,0,normal
2011-05-16,69.21820318179562,69.21820318179562,67.73173087613307,68.4788589477539,3992975,-0.0058921440886701,0,normal
2011-05-17,68.05079935319856,69.06253329767848,67.59940656250201,68.09749603271484,4192292,-0.005584625629476,0,normal
2011-05-18,68.17532198725574,70.04313850744325,68.17532198725574,69.44387817382812,4657300,0.0195784745668765,0,normal
2011-05-19,69.82521877486376,69.82521877486376,68.5177498191166,68.92243957519531,1519450,-0.0075371098343124,0,normal
2011-05-20,69.5450514838586,69.864138083986,68.56445284301137,69.63066101074219,1988698,0.0102231938625338,0,normal
2011-05-23,68.48662252260841,68.79792526589112,67.70836566440163,68.49440002441406,1793631,-0.016453011640344,0,normal
2011-05-24,68.26092219442252,69.25709476173553,68.26092219442252,68.47105407714844,3769844,-0.0003409027136784,0,normal
2011-05-25,68.79794594936635,68.79794594936635,67.01573214149006,67.80177307128906,5071326,-0.0098227416459151,0,normal
2011-05-26,68.0352572065189,68.4632986513073,67.35817726666477,67.69282531738281,9102765,-0.0016081493828012,0,normal
2011-05-27,67.41263866112988,69.21819749132133,67.41263866112988,68.80571746826172,3184303,0.0163066475072755,0,normal
2011-05-30,68.72786420295576,69.52168858296007,68.4321291856432,68.76677703857422,3290473,-0.0005661077945413,0,normal
2011-05-31,68.54890244579995,70.12098433519623,68.54890244579995,69.4828109741211,10183597,0.0103586614394508,0,normal
2011-06-01,69.2804444526671,70.1832237235481,69.2804444526671,69.77853393554688,2381775,0.0042470278614619,0,normal
2011-06-02,69.26487206732835,69.64621662089046,68.6889569862882,68.94578552246094,3303193,-0.012005947035151,0,normal
2011-06-03,68.33095714746835,70.02755421727647,68.33095714746835,68.96912384033203,2907887,0.000338445179012,0,normal
2011-06-06,68.7979503997784,69.56842370418526,68.17534468575704,69.2726821899414,2080799,0.0043917082136424,0,normal
2011-06-07,68.8757432039881,69.18704591225286,68.41656664252173,68.58000183105469,5020889,-0.0100496583523765,0,normal
2011-06-08,68.76678789905776,69.00026494964203,68.11305342411585,68.67340087890625,2351295,0.0013609726305361,0,normal
2011-06-09,68.56446291920757,68.88354323275588,67.78620589402264,68.29985046386719,4917545,-0.0054543691921571,0,normal
2011-06-10,68.14419586881723,68.79793680614671,67.56828696383461,68.0897216796875,3831887,-0.0030813052219729,0,normal
2011-06-13,67.62278331922415,68.25317289440369,67.33482563257638,67.77843475341797,3674804,-0.0045821990833472,0,normal
2011-06-14,67.78620466831316,68.4866359783144,67.78620466831316,67.99633026123047,2436452,0.0032096641058627,0,normal
2011-06-15,68.01965831661767,68.24535150532078,65.70823325726712,66.0584487915039,11062242,-0.0289137990982268,0,normal
2011-06-16,65.78606774577331,65.84054192498257,64.55641812739665,64.7587661743164,6021593,-0.0198708615275498,0,normal
2011-06-17,64.37742463662988,65.20237820025922,63.50577439327235,63.63808059692383,3986703,-0.0174570336576005,0,normal
2011-06-20,63.81706731142106,64.19841819253584,59.37321992253212,62.61855316162109,9757096,-0.0161504321108898,0,normal
2011-06-21,62.66526139486103,63.11664786784161,61.56013405277626,62.63413238525391,5365075,0.0002487647054456,0,normal
2011-06-22,62.66525134659992,63.65363999406843,62.49403232100902,62.85203170776367,4461705,0.0034728855263113,0,normal
2011-06-23,62.61076190530166,64.12836241511904,62.61076190530166,63.80149841308594,4314436,0.0149934153627473,0,normal
2011-06-24,63.75481596946961,66.27636688163314,63.52133891587169,66.02732849121094,5971683,0.0342920481990827,0,normal
2011-06-27,65.75494276824928,66.66549953498418,65.10898574555274,65.78607177734375,4761310,-0.0036605835639829,0,normal
2011-06-28,65.544800327428,65.99618672034879,64.28402182745373,65.2334976196289,6996558,-0.0084350366369125,0,normal
2011-06-29,65.79925506448706,66.42786014841236,65.64995624145352,66.08998107910156,4189118,0.0130440590207729,0,normal
2011-06-30,66.38858251821937,66.64002075367259,64.68348840861886,65.62639617919922,8295048,-0.0070391673953533,0,normal
2011-07-01,66.60071906597135,66.78144685441296,65.68924046524761,66.49857330322266,5657507,0.0132024975477058,0,normal
2011-07-04,67.2136077296625,67.2136077296625,66.36498714043616,66.69500732421875,8695656,0.0029496040648222,0,normal
2011-07-05,66.4200107282575,67.65365093826486,66.39643419756479,67.26077270507812,5429070,0.0084470971665568,0,normal
2011-07-06,67.22931141025312,67.54361387562176,66.41212627919465,66.76571655273438,13376673,-0.0073874710371963,0,normal
2011-07-07,66.63214883636833,67.95222329287543,66.0114026214311,67.74006652832031,4766868,0.0144881059629611,0,normal
2011-07-08,67.73223062309205,68.36083583366822,55.00296871442152,67.81080627441406,6159043,0.0010437373224236,0,normal
2011-07-11,67.15074688172727,67.41790913700402,65.58709313723044,66.14498138427734,2478591,-0.0248725463481447,0,normal
2011-07-12,64.82490230818094,65.63423506857532,64.054863754117,65.15492248535156,9046296,-0.0150811635761352,0,normal
2011-07-13,64.51060948084914,65.28065454480965,64.51060948084914,64.98206329345703,3558447,-0.0026565744168918,0,normal
2011-07-14,64.61277126944526,65.20208862299998,64.43990228793487,64.66777038574219,3004265,-0.0048483444128644,0,normal
2011-07-15,65.09206867314835,65.53208707795294,64.49489261655506,65.18635559082031,3040852,0.0079872388828059,0,normal
2011-07-18,64.76992642586968,65.42210177822423,64.47919395631237,65.00565338134766,2764937,-0.0027759357419467,0,normal
2011-07-19,65.19423154825499,65.53210428232595,64.53419737326597,65.24923706054688,4867422,0.0037401123645963,0,normal
2011-07-20,65.53208987862423,65.53208987862423,62.082620912639136,62.69551467895508,25016660,-0.0399244447165498,0,normal
2011-07-21,62.546226118464816,63.30055358827335,61.75261722071551,63.03339767456055,4422654,0.0053747988857972,0,normal
2011-07-22,63.63841643924353,63.96057138536913,63.18267397863777,63.77985000610352,6737619,0.0117726020953892,0,normal
2011-07-25,63.80343055349582,64.68348025287574,63.14339647621177,64.45561218261719,3641625,0.0105394938393121,0,normal
2011-07-26,64.41631973732817,64.79348021311608,63.669851233351054,64.50275421142578,6123198,0.0007311201626807,0,normal
2011-07-27,64.12558141432388,64.41631378364451,63.08838700451925,63.26124954223633,6124499,-0.0194349536744233,0,normal
2011-07-28,62.21621187776159,62.84481703312461,61.49331339129319,62.07477188110352,6436217,-0.0189333136721101,0,normal
2011-07-29,61.53259503356883,62.8605220120044,60.97470673531436,61.17900466918945,5855806,-0.0145355867974208,0,normal
2011-08-01,61.52472111869524,62.42048827127939,60.8175405631815,61.58758544921875,2656842,0.0066562456148533,0,normal
2011-08-02,61.45401866161589,61.58759979991687,60.047516063483286,60.25966644287109,4600814,-0.021797316925654,0,normal
2011-08-03,59.56036197864209,60.50326988138038,59.08890802727295,59.90609359741211,6747294,-0.0058847689342966,0,normal
2011-08-04,59.6624968704093,60.291101956617176,58.93173962099168,59.04174423217773,5744729,-0.0145335063695863,0,normal
2011-08-05,56.89663170053015,58.25598763609292,56.42517788780296,57.721675872802734,7163006,-0.0226119550742485,0,normal
2011-08-08,55.78871527804665,56.63732960317788,52.95999233494023,56.23659896850586,15175121,-0.0260649958686753,0,normal
2011-08-09,53.44715390436564,55.33297215912203,53.16428356409002,54.4922103881836,18650326,-0.0315100093441,0,normal
2011-08-10,55.47441393932734,56.3073169918728,54.86937896104856,55.77299880981445,11454087,0.0232320971796311,0,normal
2011-08-11,54.84580705127309,56.05587057414776,54.61793898438462,55.45869445800781,6614339,-0.0056513603108987,0,normal
2011-08-12,55.94587184062587,56.21302775382584,52.9599973406798,53.89504623413086,9982973,-0.0285999325765904,0,normal
2011-08-16,54.21719984494484,54.822234780036354,52.91284305136537,53.49430465698242,5105209,-0.0074633738633349,0,normal
2011-08-17,53.11713877430116,55.356544233740536,53.11713877430116,54.10719299316406,8769683,0.0113919411486187,0,normal
2011-08-18,54.217200670007664,54.29577630461782,50.909165174019975,51.5692024230957,12779234,-0.0480424923394564,0,normal
2011-08-19,50.28841581997288,51.53776705387333,48.79547885499093,50.34341812133789,8330568,-0.0240567539307061,0,normal
2011-08-22,49.91125902150659,53.03071131155344,49.51838081879915,52.22924041748047,5572643,0.0367746112072513,0,normal
2011-08-23,52.64568968101955,53.11714350393312,50.39842517956448,52.32352828979492,6018718,0.0018036422954859,0,normal
2011-08-24,52.331391945128935,52.6456945226432,51.26276190267999,51.83636474609375,6812291,-0.0093542165182096,0,normal
2011-08-25,52.14280014223764,52.31566588217805,51.113458149694,51.57705307006836,9926408,-0.0050150594573317,0,normal
2011-08-26,51.32561968144584,51.977798126338016,49.72267472321376,50.2491340637207,5362803,-0.0260835514032709,0,normal
2011-08-29,50.78344908762236,52.76355455773591,50.78344908762236,51.68706893920898,6669902,0.028214318771921,0,normal
2011-08-30,52.55140434392552,53.1800094984168,51.16847172514425,52.68498229980469,7372350,0.0191228160888736,0,normal
2011-09-02,54.23292035837322,55.46655403062847,51.639921123188735,52.54354095458984,8164787,-0.0026882716970884,0,normal
2011-09-05,51.85993259600512,52.37853307297547,50.288419874580825,50.56343460083008,14572364,-0.0384134986729503,0,normal
2011-09-06,50.28842184982655,51.85993463297726,49.07835508844993,50.76773452758789,10887117,0.0040323269796571,0,normal
2011-09-07,51.32561314256688,52.00922047715111,51.24703751336753,51.78921127319336,8159395,0.0199208452952355,0,normal
2011-09-08,51.86778815374737,54.06004698239911,51.86778815374737,53.14071273803711,11804343,0.0257615017064987,0,normal
2011-09-09,53.15643516908569,53.745752490372624,52.22138629821086,53.172149658203125,9626674,0.0005914039068035,0,normal
2011-09-12,51.70278606156163,52.22138658605307,50.75987834230527,51.10560989379883,9379149,-0.0396404827653866,0,normal
2011-09-13,51.51419968536427,52.425675120831016,50.81487462486099,51.7184944152832,5932323,0.0119211693384331,0,normal
2011-09-14,51.875653842640006,54.437217993956914,51.28633649532383,53.80861282348633,11898551,0.0396181008307086,0,normal
2011-09-15,54.39007130518032,55.00295871628361,53.27429470142624,54.72008514404297,9918493,0.0167972852973843,0,normal
2011-09-16,54.87723781681696,55.68657073564745,53.07785696166272,53.235008239746094,8000440,-0.0275145997608476,0,normal
2011-09-19,53.27429380114962,54.185772454299055,52.959991258305095,53.58859634399414,5113305,0.0066200611178457,0,normal
2011-09-20,53.73789070364983,55.7887161482931,53.4628759687801,55.152252197265625,11093421,0.0287612918663984,0,normal
2011-09-21,55.30153570481051,56.56660455990434,55.17581981905029,56.04800415039063,9111512,0.016110957974357,0,normal
2011-09-22,55.120828074900686,55.42727181327033,52.98357115800543,53.486454010009766,8363629,-0.0467801147379356,0,normal
2011-09-23,53.11714402738232,54.8300903763814,52.53568558562587,53.35287094116211,10475133,-0.0025006361378383,0,normal
2011-09-26,53.48645163333069,54.45293266891789,52.99142444951762,53.43930816650391,8806051,0.0016187935285101,0,normal
2011-09-27,53.950046458861735,55.60013483668014,53.90289979773801,54.72008514404297,9855378,0.0236842461495103,0,normal
2011-09-28,55.22296755966943,56.32302647059506,54.240772103485824,54.61793899536133,9882925,-0.0018684474902936,0,normal
2011-09-29,54.374348882612935,55.002953924157566,53.78503165616484,54.62579345703125,6924728,0.0001437970217086,0,normal
2011-09-30,54.767230557147926,55.4429822991846,52.66140289304026,53.557167053222656,6443081,-0.0197565523723541,0,normal
2011-10-03,52.64568861688704,52.92070334136106,50.85416348657755,51.891361236572266,6815960,-0.0315973003119887,0,normal
2011-10-04,51.31774988707341,53.11713024997259,51.12916648661341,52.41780853271485,6429545,0.0100940649279843,0,normal
2011-10-05,52.81070495089356,53.722183709696814,51.23133321112704,51.53777694702149,7177870,-0.0169313193653177,0,normal
2011-10-07,53.11714931877377,54.21720835933112,51.85993898670823,52.45711517333984,9984712,0.01768091023178,0,normal
2011-10-10,52.653540940735176,55.00295087433721,52.535677501980885,54.83008193969727,4069780,0.0442430018971307,0,normal
2011-10-11,55.36441073118269,55.62370778875062,53.21929509186377,53.69860458374024,5696590,-0.0208519680746879,0,normal
2011-10-12,54.539364152258486,56.3701739514171,54.539364152258486,55.089393615722656,13322172,0.0255701884950956,0,normal
2011-10-13,55.47441069711883,55.788713234841865,54.767229987242,54.92438125610352,5183502,-0.0029998513105899,0,normal
2011-10-14,54.48435367970343,57.35236419194809,54.48435367970343,57.09306716918945,8850099,0.0387253407331202,0,normal
2011-10-17,57.210941088716304,57.58024917734791,55.74943281546466,56.07159423828125,5389187,-0.0180533509587501,0,normal
2011-10-18,54.79080307692059,55.27011575171782,53.85575425562873,54.3822135925293,2882724,-0.0305921983504164,0,normal
2011-10-19,54.50007634900688,56.401602943682256,54.50007634900688,56.19731140136719,5043838,0.0328317715415176,0,normal
2011-10-20,55.35655308393207,55.930152717973606,54.53150883539163,55.71800231933594,2596047,-0.0085656197827068,0,normal
2011-10-21,56.00871735245634,56.260161917535065,55.042239694780505,55.6394157409668,3281076,-0.0014114298406751,0,normal
2011-10-24,56.11087261562184,57.36022387965498,55.89871585241755,56.27588272094727,3478100,0.0113742062165504,0,normal
2011-10-25,56.66090278031521,60.023937300439016,55.66298968771002,58.48386001586914,14059889,0.0384847464914281,0,normal
2011-10-28,59.17532599798537,61.28900934386155,57.46237967771436,58.782447814941406,9060056,0.0050924847874611,0,normal
2011-10-31,58.93173566773989,60.50324827783956,57.10878487672499,57.61166763305664,18695723,-0.0201181935314016,0,normal
2011-11-01,57.79238418904759,58.91601944793786,57.35235941614303,58.46813583374024,10610568,0.0147568089768279,0,normal
2011-11-02,58.13812391727223,59.24604165101926,57.28950961604132,58.79816436767578,7702526,0.0056287169410316,0,normal
2011-11-03,58.751018285135125,58.751018285135125,57.63524169801215,58.271705627441406,5493059,-0.0089939843462563,0,normal
2011-11-04,58.648883689539325,59.24605997991336,57.91027377003881,58.43673324584961,5239465,0.0028280342019684,0,normal
2011-11-08,57.88668398660575,58.69601044603063,57.70595619460217,58.03597640991211,1999306,-0.0068815848561909,0,normal
2011-11-09,58.03595865016379,59.7960510060361,58.03595865016379,59.16744613647461,6235667,0.0193083931181847,0,normal
2011-11-11,58.7745880189272,60.86470119771519,58.21669972915461,60.04751586914063,19978235,0.014764685664244,0,normal
2011-11-14,60.08679040566526,61.20256673858744,60.08679040566526,60.88040542602539,8765789,0.0137751929976319,0,normal
2011-11-15,60.49540275146269,60.80184646659106,60.06323033974072,60.30681610107422,4719897,-0.009466239113002,0,normal
2011-11-16,60.03179800197439,60.36181822717616,57.8709680368478,58.79816436767578,7494558,-0.0253344976665799,0,normal
2011-11-17,58.38955581126331,59.41889768609666,57.061629145791336,57.776668548583984,7882051,-0.0175256003230943,0,normal
2011-11-18,57.3759531991046,59.24605105336151,56.58233787979295,58.77459716796875,10896018,0.0171247047463491,0,normal
2011-11-21,58.14597970370166,58.853160382393945,57.462375550999845,58.16169738769531,6821651,-0.0104827230090229,0,normal
2011-11-22,58.161705347830896,59.7175004960829,57.87097291566665,59.371768951416016,7508611,0.0205918256190411,0,normal
2011-11-23,58.766725747469856,58.90030687754407,56.77090600533902,57.50166320800781,6319678,-0.0320049704721165,0,normal
2011-11-24,57.09305900830466,58.83744031325171,56.87304343773012,58.24812316894531,8398952,0.0128979989094766,0,normal
2011-11-25,57.67453516982221,58.61744289266937,57.36023259553983,58.13813018798828,18398427,-0.001890137546856,0,normal
2011-11-28,58.900301765351735,59.214604261069184,58.02025221954261,58.46813583374024,11320893,0.0056601851351913,0,normal
2011-11-29,58.75887143257545,59.0888852345334,58.2324121654864,58.72743606567383,13632620,0.0044250930449631,0,normal
2011-11-30,58.75887556765177,60.03179699821428,58.42885534796809,59.277469635009766,16545409,0.0093222828229242,0,normal
2011-12-01,60.34610294969816,61.91761571429958,59.97680128671791,60.73112869262695,7552670,0.024227100050604,0,normal
2011-12-02,60.47969155736252,62.86053113179463,59.56821276249156,61.57189178466797,26349593,0.0137490690470629,0,normal
2011-12-05,61.30472126682003,62.38906239230112,60.7468330204344,61.31258010864258,8393491,-0.0042204203172921,0,normal
2011-12-07,61.28900916193604,63.740571574654005,60.97470661643381,63.504844665527344,17312785,0.0351311530460174,0,normal
2011-12-08,62.87625803922705,65.25709796278065,62.63267221602929,64.86421966552734,17071830,0.0211799598854991,0,normal
2011-12-09,64.19630195767529,64.88777133254526,63.10410198878536,63.63842010498047,7850750,-0.0190787791609299,0,normal
2011-12-12,63.677715363659466,65.97212017183051,63.28483717104437,65.17850494384766,10878119,0.0239123581429776,0,normal
2011-12-13,65.01348323357752,66.1449708364001,63.68555019428915,64.84061431884766,10134008,-0.0051975645979291,0,normal
2011-12-14,64.43990520800881,65.66568663784902,64.3377594198983,65.30423736572266,9080680,0.0071247537198662,0,normal
2011-12-15,65.21778841835828,65.68924221808857,63.25339758614879,63.89772033691406,23218330,-0.0217732396547569,0,normal
2011-12-16,63.22983747916983,64.3377553630987,62.28692973020952,63.43413543701172,9400962,-0.007281554885,0,normal
2011-12-19,62.71123057770135,63.66985591638105,61.650459467712295,63.48912811279297,5605523,0.0008665500347913,0,normal
2011-12-20,63.20626738654379,63.96058847062683,61.60331909661128,62.25550079345703,7377048,-0.0196217828175315,0,normal
2011-12-21,63.31626465060084,64.73062611057618,61.82332755396019,63.98415756225586,11860743,0.0273886170265997,0,normal
2011-12-22,62.23979410857565,63.34771218910926,61.839056965254535,62.47552108764648,9848749,-0.0238606972024388,0,normal
2011-12-23,63.017679832372096,64.27489014745174,62.19263556310108,63.80343627929688,6137865,0.0210322316525326,0,normal
2011-12-26,63.35555434029304,64.71491033695388,63.35555434029304,63.85057830810547,4881689,0.000738590652304,0,normal
2011-12-27,64.1177293021102,64.69919410177626,63.48912423825621,63.937007904052734,3241673,0.0013527074372152,0,normal
2011-12-28,63.70127203858858,64.54988619754094,61.95689067413033,62.396915435791016,8841165,-0.024382505132082,0,normal
2011-12-29,62.23193012289425,62.92339970775038,61.99620316329619,62.60123825073242,7920979,0.0032692162387206,0,normal
2011-12-30,62.10620146682799,63.25340065285675,62.10620146682799,62.65623092651367,6401763,0.0008780742525908,0,normal
2012-01-02,62.703369140625,63.159111657575785,62.13762840873984,62.703369140625,3416916,0.0007520479693257,0,normal
2012-01-03,63.22982627627773,65.67352970493151,63.07267501262798,65.4535140991211,11529794,0.0429250017731286,0,normal
2012-01-04,65.7992540702633,66.78930194688483,65.27279476262999,65.72853088378906,10151554,0.0041929089855923,0,normal
2012-01-05,65.32780914619035,66.45929715509214,64.62062834131393,65.20994567871094,6062915,-0.0079210928702764,0,normal
2012-01-06,64.8956508806385,64.8956508806385,63.34770793098862,63.764156341552734,6655273,-0.0224207787374668,0,normal
2012-01-09,63.96057166981852,64.19629854530065,62.868371758984814,63.04124069213867,4517460,-0.0114020932603828,0,normal
2012-01-10,63.49698689258196,64.05487519914622,63.15911420827634,63.41841125488281,6348942,0.0059650912416699,0,normal
2012-01-11,63.44983867230427,63.95272785682583,62.76623447781672,63.0648193359375,5411849,-0.0055911418205498,0,normal
2012-01-12,61.28900938816609,62.459791490084775,60.1103748381822,61.516883850097656,15578113,-0.0248514045243952,0,normal
2012-01-13,61.98048642736401,63.62271615613928,61.399027923642464,63.01768112182617,5836995,0.0241036684605244,0,normal
2012-01-16,62.624794411806384,64.24345378534879,62.47550198294846,64.03130340576172,4096516,0.0159567397532747,0,normal
2012-01-17,63.80343309204256,65.84639975199207,63.78772180059031,65.24137115478516,9409133,0.0187217151228091,0,normal
2012-01-18,64.447752302034,65.04492841738855,63.26125891386279,63.504844665527344,4433806,-0.0269775976856827,0,normal
2012-01-19,63.80342512503263,64.33774325223213,62.74265410713065,63.51269912719727,7129022,0.0001236752254119,0,normal
2012-01-20,65.21780907953543,66.77361094822842,64.44777018715948,65.02136993408203,22967252,0.0234761119207203,0,normal
2012-01-23,64.54989827991399,66.08212319418394,64.54989827991399,65.34351348876953,7889315,0.0049421930497342,0,normal
2012-01-24,65.6514318016767,66.63837435956698,65.54879234581901,66.17253875732422,6343641,0.0126073773538459,0,normal
2012-01-25,66.17253233496537,66.78049146178337,65.69090312837785,66.2514877319336,6229811,0.0011923664618294,0,normal
2012-01-27,66.48046922358562,66.63838004632377,65.64354700339956,66.0067367553711,4237188,-0.0037011120767598,0,normal
2012-01-30,65.54878146255844,66.63836329539987,64.42761233278323,64.71185302734375,6447774,-0.0198124243363002,0,normal
2012-01-31,64.83031007596344,65.61196745585144,64.75925148241154,65.35931396484375,6709454,0.0099555697105353,0,normal
2012-02-01,65.21718601085539,65.46984591045222,64.74345351816746,65.03559112548828,5648073,-0.0049652784243257,0,normal
2012-02-02,65.21717116599034,67.74375031062908,65.21717116599034,67.27790832519531,17576662,0.0338972502606722,0,normal
2012-02-03,67.2700247113427,67.75165401561351,66.59890370099707,67.4990005493164,9915357,0.0032808650129831,0,normal
2012-02-06,67.89376630574193,68.24116877991658,66.73311935806474,67.44371795654297,4154532,-0.000819349076087,0,normal
2012-02-07,67.4516251991234,68.11484937505286,67.27002389622089,67.59374237060547,5023140,0.0022219682660411,0,normal
2012-02-08,67.64110921960445,69.28338545842693,67.63321239421735,68.6280517578125,8658296,0.0151859586181046,0,normal
2012-02-09,67.97271315514979,70.80721036744116,67.64899477148285,70.36505889892578,9806680,0.0249954485966661,0,normal
2012-02-10,70.27033663723456,71.13094935129345,69.64658373606329,70.95724487304688,5260004,0.0083806932717154,0,normal
2012-02-13,70.428251503619,70.74407317280014,68.76229091360683,68.94388580322266,4092329,-0.0287845862664593,0,normal
2012-02-14,68.67544273689859,69.4413129001859,68.2175038596272,68.70702362060547,3296889,-0.0034414943917084,0,normal
2012-02-15,68.86492919921875,69.59921842265632,68.43857123825305,68.86492919921875,5686318,0.0022956081486258,0,normal
2012-02-16,68.69123500846958,69.55974463267036,68.38330372865336,69.37814331054688,4186100,0.0074248417620648,0,normal
2012-02-17,70.2703430201676,71.53362973915982,69.20444485101793,70.8782958984375,7942830,0.0213923839218432,0,normal
2012-02-21,70.60193474309918,71.17041619843226,69.67026358478842,70.0650405883789,7495368,-0.0115403020247972,0,normal
2012-02-22,70.06505909992637,71.21780954005456,69.48868066715795,69.92293548583984,7544648,-0.0020302479589489,0,normal
2012-02-23,69.3623372149545,70.42033827521068,68.91228887102878,69.7097396850586,7007662,-0.003053668723159,0,normal
2012-02-24,69.49658013432992,70.71249238774571,68.74650360084115,69.14917755126953,3726025,-0.0080738808869034,0,normal
2012-02-27,69.48078568681899,69.60710921269349,66.66207475204409,67.08053588867188,4164265,-0.0303722386264491,0,normal
2012-02-28,67.09631914303007,68.04378399269312,66.08568611481182,66.36203002929688,6853854,-0.0107688697094916,0,normal
2012-02-29,67.05684645432875,68.88861453745525,66.52784263688743,68.27275848388672,6167059,0.0283857801066655,0,normal
2012-03-01,68.37538611918767,68.37538611918767,66.14884158023573,67.08840942382812,5487769,-0.0174995429222049,0,normal
2012-03-02,67.28582151269927,69.96240885295121,66.37783422091944,67.74376678466797,6099251,0.0097211591513373,0,normal
2012-03-05,67.11211655042193,68.60437905536325,66.63838405371884,68.11485290527344,2700745,0.0054628413611288,0,normal
2012-03-06,67.5700673612759,69.3228803130072,67.34898832276986,68.23329162597656,4829801,0.0017372990428237,0,normal
2012-03-07,67.71216071382918,70.11240985598414,67.68057984099165,69.47286987304688,11105554,0.0180037220680748,0,normal
2012-03-09,70.03346262948268,70.7519580910181,67.78323361531363,68.24906921386719,8435901,-0.0177725187409363,0,normal
2012-03-12,68.70702070729949,69.50447172048025,67.82272387395942,69.12548828125,9255704,0.0127597274807529,0,normal
2012-03-13,68.23328402953291,68.53331845722913,67.514788478844,68.05168914794922,5624846,-0.0156559726119294,0,normal
2012-03-14,68.14641769743132,68.20958587065614,66.54362569883118,67.27790832519531,6394291,-0.0114356248697529,0,normal
2012-03-15,66.61469735375663,68.18590878701363,66.40941199492225,67.4990005493164,7138771,0.0032808650129831,0,normal
2012-03-16,67.917446727302,68.83333060149444,67.3489653087256,67.67268371582031,3770761,0.0025698172369637,0,normal
2012-03-19,67.13581272584443,67.74377205168513,66.3146776136479,67.58586120605469,5458985,-0.0012838009124003,0,normal
2012-03-20,67.1515712626225,67.96481562538126,67.1436808640394,67.83848571777344,6445235,0.0037308624407277,0,normal
2012-03-21,67.66478284711505,68.52539524105704,66.82785449802982,67.52265930175781,4759412,-0.0046664349519112,0,normal
2012-03-22,67.71217075828424,68.34381401035876,66.20412120887487,66.52783966064453,5730841,-0.0148427333360992,0,normal
2012-03-23,66.36204188687246,67.52268910525713,66.33835783156191,67.15159606933594,9062083,0.0093321898342662,0,normal
2012-03-26,67.11210069410181,67.87007379482499,66.47256711497936,66.81207275390625,6650526,-0.0050688973417925,0,normal
2012-03-27,66.96209509067427,67.85429504872384,65.73038945127779,67.64900970458984,8199683,0.0124489219347436,0,normal
2012-03-28,67.42792594264552,68.05956909642937,66.63836557500927,67.87796783447266,8356637,0.0033787863030596,0,normal
2012-03-29,67.72006657802535,69.32286516159908,66.56731637503215,68.97545623779297,16253313,0.0160392323203444,0,normal
2012-03-30,68.73858601098199,69.74921899556352,68.06746510478139,69.4965591430664,8091800,0.0075265079923187,0,normal
2012-04-02,69.1017662703324,70.11239902282409,68.89648099049772,69.9781723022461,6629209,0.0069061265561485,0,normal
2012-04-03,70.3255932359616,70.8861778852357,69.66236913242076,70.50719451904297,4076004,0.0075313853585479,0,normal
2012-04-04,69.95449469281724,71.32831719131258,69.52024004858328,70.08081817626953,5604537,-0.0060656330773118,0,normal
2012-04-09,69.25180173397831,70.25453797475542,69.03862598995839,69.33075714111328,3251028,-0.0107604877253502,0,normal
2012-04-10,69.37022999449438,70.94934445219367,69.37022999449438,70.33348846435547,7110995,0.0143594167355418,0,normal
2012-04-11,69.5676419003539,70.74408292047964,69.4965833000788,70.42036437988281,5333550,0.0012344376342658,0,normal
2012-04-12,70.00186999308622,70.44402150690686,69.07809569185706,69.3386459350586,1899871,-0.0154800759330537,0,normal
2012-04-13,66.82789232716596,69.1570774558434,65.2329901095689,66.2120361328125,19089008,-0.0461401510493528,0,normal
2012-04-16,66.16464870613913,67.53058120135655,65.24877105896935,66.47257995605469,12471026,0.0039272700301795,0,normal
2012-04-17,66.32254871403015,67.11210271240176,66.30676148930685,66.51204681396484,10814071,0.0005935552105142,0,normal
2012-04-18,67.14368641161722,67.82270409888118,67.05683419137301,67.4910888671875,3968468,0.0146124860286738,0,normal
2012-04-19,67.73586247309912,67.73586247309912,66.19623201803654,66.42520141601562,8542973,-0.0159190485077385,0,normal
2012-04-20,66.4646862111049,67.57006204036436,66.43310532963628,67.08053588867188,5060756,0.0098174018492631,0,normal
2012-04-23,66.49625316118504,67.34107850957176,66.49625316118504,66.9778823852539,4303460,-0.0015314744840857,0,normal
2012-04-24,67.41215180534032,70.12821686766459,67.41215180534032,69.7966079711914,9841501,0.0412229609476808,0,normal
2012-04-25,66.79629022900724,66.79629022900724,64.08022538901811,64.8066177368164,32140871,-0.0741776884742915,0,normal
2012-04-26,65.05927178482514,65.16191767479582,62.92747567897774,63.58280944824219,24260703,-0.0190645815955354,0,normal
2012-04-27,63.48015314139777,64.585528718597,63.48015314139777,64.08021545410156,4885390,0.007792522905567,0,normal
2012-04-30,63.969681187959154,64.55394986915235,63.48015513253928,63.96178436279297,4589273,-0.0018498793403898,0,normal
2012-05-02,64.14338362458605,64.69607141315588,63.5117404376491,63.79597473144531,6152110,-0.0025956893048189,0,normal
2012-05-03,63.76439387320473,65.31981779159058,63.59069585199748,65.11453247070312,9484509,0.0204576609619051,0,normal
2012-05-04,65.11454564513039,66.30677368707472,64.94084116337127,65.51721954345703,10624877,0.0061652445452748,0,normal
2012-05-07,64.72766344259396,66.40151432120446,64.26971819789827,65.35140991210938,5934905,-0.0025339872628098,0,normal
2012-05-08,64.60132236495264,64.6092191898707,62.38267438575525,63.79597473144531,9687229,-0.0240889182443702,0,normal
2012-05-09,63.361706560282215,64.70394804696261,63.061678680480526,64.15126037597656,6819635,0.005553641818107,0,normal
2012-05-10,64.190761318527,65.62775235377293,64.13549638665306,64.5302734375,5233817,0.0058907311141336,0,normal
2012-05-11,63.95390722401944,64.99612140619074,62.71431090437682,63.30647659301758,4081614,-0.0191468295473056,0,normal
2012-05-14,62.89587951950558,64.13548174636242,62.89587951950558,63.71701431274414,4356388,0.0064639878224257,0,normal
2012-05-15,62.9037856531021,64.72765676667869,62.9037856531021,63.83545684814453,5132462,0.0018571583657323,0,normal
2012-05-16,63.20381353873213,64.41183507108468,61.356258376471565,61.64049911499024,8174109,-0.0349896782725904,0,normal
2012-05-17,61.75103740117444,62.50901058671196,60.92200563505064,61.70366287231445,8163448,0.0010241873117928,0,normal
2012-05-18,60.40089983932627,62.066860229581096,60.37721578714085,61.78261947631836,4661006,0.0012787916724361,0,normal
2012-05-21,61.27730649276591,62.20108733966566,60.00612313456805,60.51143646240234,5735518,-0.0207897070526588,0,normal
2012-05-22,60.76410366179074,61.2062552864579,60.03771124802266,60.23509979248047,4514692,-0.0045771441721838,0,normal
2012-05-23,60.400905530671885,61.09571704027328,59.80084308955509,60.78779220581055,3535951,0.0091337472866186,0,normal
2012-05-24,60.79568257497935,62.16951194024149,60.02192207592598,61.94843292236328,4557385,0.0189133291863239,0,normal
2012-05-25,61.90105453684117,62.53269781935164,61.30888895948761,62.232669830322266,2633098,0.0045777883757525,0,normal
2012-05-28,62.37477794909263,63.45646948361792,62.28003532570642,63.1406478881836,3323812,0.0144846439287666,0,normal
2012-05-29,62.93535710803393,64.9566164286023,62.69059410771791,64.7039566040039,3911055,0.0244576084987802,0,normal
2012-05-30,64.00127033455881,65.5330040238839,64.00127033455881,65.08296203613281,4400174,0.0058404423719515,0,normal
2012-05-31,64.04864888876236,65.65144126361386,63.79598898736523,64.74345397949219,8777635,-0.0052301964576306,0,normal
2012-06-01,63.85914836040988,63.969684642484815,62.84851531973561,63.40120315551758,6308377,-0.0209497601477171,0,normal
2012-06-04,62.3589983246106,63.598594382522855,62.232668385958966,62.572174072265625,2719460,-0.0131621628323843,0,normal
2012-06-05,62.55638380986721,63.85914798658416,62.287936719140326,62.94326400756836,4166313,0.0059130736780295,0,normal
2012-06-06,63.19593333766096,65.13034104129625,63.19593333766096,64.83820343017578,6886979,0.0296612394190596,0,normal
2012-06-07,64.7592442483732,65.51721748754277,63.014328360651504,63.290672302246094,6122750,-0.0241570274466953,0,normal
2012-06-08,63.08538489431453,63.95389439679074,62.72219515178697,63.69334411621094,5622494,0.0063421078498082,0,normal
2012-06-11,63.79598870707728,64.34867661672311,62.71430336772964,63.20382308959961,3897913,-0.0077152779000044,0,normal
2012-06-12,62.53270269367293,62.753781715028985,61.11150519724438,62.08266067504883,11893730,-0.017898057478745,0,normal
2012-06-13,62.21690145918457,62.919610036840815,62.10636512491168,62.61957550048828,4865950,0.0086112031301812,0,normal
2012-06-14,62.97484229028316,62.97484229028316,61.9168411966424,62.27214050292969,4545924,-0.0055637940599586,0,normal
2012-06-15,62.690609156478295,63.32225244419278,62.46953657594134,62.84062957763672,4039460,0.0090876892387026,0,normal
2012-06-18,62.88800826436828,63.5907166805028,61.13520170130749,62.42217254638672,5802809,-0.0066812905475677,0,normal
2012-06-19,62.21687823834744,63.322254019344186,62.21687823834744,63.0932846069336,3869503,0.0106937977409806,0,normal
2012-06-20,63.09327476803297,63.46436772109032,62.73797546526158,63.16433334350586,6817971,0.0011254567482756,0,normal
2012-06-21,62.706402523750114,63.71702920933553,62.57217575555791,63.4406852722168,6401022,0.0043655831440583,0,normal
2012-06-22,62.05897982499092,63.87495468555831,62.05897982499092,63.1722526550293,5996457,-0.0042402146853302,0,normal
2012-06-25,63.05381951194882,63.5433457401785,62.76957868347382,63.1722526550293,3166479,0.0,0,normal
2012-06-26,62.87221178117293,63.57491366847424,62.72219778226266,63.33015060424805,2772820,0.0024963641345943,0,normal
2012-06-27,63.50386443506895,63.90653838385572,62.86432421351453,63.038028717041016,2260644,-0.0046233539032956,0,normal
2012-06-28,63.41287248738608,63.77974480516876,63.197539044005694,63.61225891113281,4247236,0.009068027238003,0,normal
2012-06-29,64.02697577016879,65.35887298894114,63.52451816260156,63.78771209716797,9836088,0.002754369495852,0,normal
2012-07-02,63.99506375758013,64.27420465930646,63.564384031135006,63.84352493286133,4752809,0.0008745952879536,0,normal
2012-07-03,63.96315832339102,64.52144014059495,63.56438559681678,63.88340377807617,5540585,0.0006244391361027,0,normal
2012-07-04,63.987075085296325,64.4097714901346,62.52756331960536,62.96621322631836,7251934,-0.0144613213297208,0,normal
2012-07-05,62.96624394520043,63.30121572446847,62.37606144451022,63.109806060791016,7332643,0.0022778780195196,0,normal
2012-07-06,62.94230201191728,63.01407980378258,62.05702527106806,62.55150604248047,7485539,-0.0088858485160825,0,normal
2012-07-09,62.057031774631874,62.48770506139958,61.26746300048404,61.55458068847656,6578083,-0.0160660419459759,0,normal
2012-07-10,61.85764199851479,62.36009954754147,61.17175158440262,61.33126068115234,7958600,-0.0036345969670508,0,normal
2012-07-11,61.25150244162648,61.403041266760056,59.25763885240956,59.70426559448242,24174249,-0.0268862067878554,0,normal
2012-07-12,58.69937388872015,58.85888302162186,56.713486482182354,57.30366897583008,25391252,-0.0410388156773384,0,normal
2012-07-13,57.6625647718856,58.17299270126914,56.94477367075283,57.2398681640625,9527389,-0.0011140011904418,0,normal
2012-07-16,57.10426823119221,57.662550056265054,56.49813238016764,56.7453727722168,5662515,-0.0086765354884175,0,normal
2012-07-17,56.94476159513155,58.11715607454282,56.33862571795594,57.845985412597656,8116445,0.0192099387500208,0,normal
2012-07-18,58.22083912421111,58.53985734965399,57.909797652492784,58.11716079711914,9843970,0.0046769320717023,0,normal
2012-07-19,58.42021429989886,58.97051933505461,58.26070521779915,58.787086486816406,5215630,0.0114612264085014,0,normal
2012-07-20,58.85089655496678,59.33740062811992,57.79016359239602,57.94967269897461,3355209,-0.0143472914342348,0,normal
2012-07-23,57.5189994630641,57.69445558619925,56.30672765575683,56.857032775878906,4051017,-0.0190350016551086,0,normal
2012-07-24,56.30672683210356,56.30672683210356,54.32881328856893,55.17420959472656,19284731,-0.0300442935085047,0,normal
2012-07-25,55.19016396107825,55.81224688173016,53.32390870868037,54.01777267456055,17183371,-0.021182510598158,0,normal
2012-07-26,54.15335241780846,54.47237061773144,52.21531620423222,52.63003921508789,10289608,-0.0260260715435221,0,normal
2012-07-27,53.12452236339111,53.78648256124016,52.90918247277207,53.33985900878906,8059032,0.0133968310211431,0,normal
2012-07-30,53.4355634955828,53.922067567014,51.888326465335176,53.06869125366211,13946759,-0.005096739716174,0,normal
2012-07-31,53.65887617429344,54.77543665621437,53.65887617429344,54.24108505249024,9344205,0.0218515123077032,0,normal
2012-08-01,54.26500949939575,54.47237263511374,53.539245014824886,54.16133117675781,3582724,-0.0014714411891634,0,normal
2012-08-02,53.91409009145311,54.47237195502409,53.77053124891923,54.24108505249024,2848809,0.0014714411891634,0,normal
2012-08-03,53.99384130953891,55.549054976317024,53.5950685744676,55.37359237670898,5954691,0.0206641601214063,0,normal
2012-08-06,55.82819339767495,56.30672065839031,54.79936108522519,55.15825653076172,6112227,-0.0038963632745678,0,normal
2012-08-07,55.43740013717039,55.95580469490063,55.03065064763216,55.57297897338867,9079416,0.0074906485040751,0,normal
2012-08-08,55.8281965860664,56.22696932610342,55.40550007780385,55.91592788696289,4552654,0.006152181502725,0,normal
2012-08-09,55.98771615981705,56.62575266328065,54.95090684168869,55.12636947631836,4239204,-0.0142210983745032,0,normal
2012-08-10,54.90303832645824,56.14721047817979,54.75948274721552,55.78033828735352,3220281,0.0117932702858043,0,normal
2012-08-13,55.509186531455285,56.88893781807255,55.40550820002353,56.721458435058594,3566207,0.0167311479301597,0,normal
2012-08-14,56.78525229129249,57.03249269312,56.2110169380442,56.70549774169922,2932633,-0.000281426814273,0,normal
2012-08-16,56.49813939318883,56.57789394952761,55.34967507999887,55.73249435424805,5917657,-0.017307809551232,0,normal
2012-08-17,55.73248476375911,56.54598369460412,55.26991101277119,56.386474609375,5719715,0.0116659594373293,0,normal
2012-08-21,55.93187380236257,57.18402277763119,55.93187380236257,56.7453727722168,6029694,0.0063447981297075,0,normal
2012-08-22,56.62575600196149,57.01655208528588,55.868087609425984,56.54600143432617,8668600,-0.0035196244215507,0,normal
2012-08-23,56.72942985896079,58.49998371667088,56.72942985896079,57.91777801513672,9705912,0.023969892781066,0,normal
2012-08-24,57.89382985729779,58.46008836579921,57.46315665732517,58.236778259277344,5996542,0.0054926996647415,0,normal
2012-08-27,58.46009577593404,58.51592655486176,57.431263420466905,57.62267303466797,3219455,-0.0106009646836513,0,normal
2012-08-28,57.50303945510847,58.22083035423195,57.26377582206731,58.005496978759766,4156841,0.0066216622270216,0,normal
2012-08-29,58.06131678407301,58.858862165984974,57.66254409311702,58.08524703979492,6192163,0.0013739264788856,0,normal
2012-08-30,58.061325952114366,59.01838056153026,57.758261255309456,58.85887145996094,8312696,0.0132308612980445,0,normal
2012-08-31,58.858872176300885,59.41715403858803,57.5110215497246,57.838016510009766,8815304,-0.0174962847696358,0,normal
2012-09-03,57.88587074353232,59.41715424837558,57.686477872998005,58.09322738647461,5342275,0.0044028042855783,0,normal
2012-09-04,57.90181710055847,58.38034440733264,57.48709083851072,57.909793853759766,2983625,-0.0031625673821755,0,normal
2012-09-05,57.58280382529385,58.06133117303132,57.05642244469413,57.75826644897461,3684121,-0.0026200403304068,0,normal
2012-09-06,57.822069808857854,60.45397032654487,57.53495209065799,60.206729888916016,10376674,0.0415176571095257,0,normal
2012-09-07,60.85274041137232,61.37912178946242,60.11900237593864,60.26255798339844,6131321,0.0009268436705323,0,normal
2012-09-10,60.61347698190457,60.98034924631504,59.81593140294378,60.04721832275391,3768388,-0.0035797571438456,0,normal
2012-09-11,59.57667514637797,60.13495712115501,59.353364952644505,59.7920150756836,2977567,-0.0042590998893077,0,normal
2012-09-12,60.1748344820954,61.570539420824566,59.86379296526729,61.33925247192383,5354910,0.0255478471001593,0,normal
2012-09-13,61.74598380767136,62.104879257216375,61.490766669596105,61.87359237670898,3624041,0.0086734991840335,0,normal
2012-09-14,63.15765843043508,63.15765843043508,61.817777839211416,62.455814361572266,11206130,0.0093658653434722,0,normal
2012-09-17,62.75088911684115,62.99812948959797,60.69321808501204,61.37910842895508,5736963,-0.0173898128525982,0,normal
2012-09-18,61.2834121915779,61.411014274640166,58.80304447759887,58.97052383422852,12077436,-0.0400318006176094,0,normal
2012-09-20,59.01837120238061,59.815916583752205,58.69935304983196,59.50487518310547,10749565,0.0090205220095214,0,normal
2012-09-21,59.7202389160521,61.02023581141669,59.33741308562637,60.29446792602539,8321661,0.0131821119586907,0,normal
2012-09-24,59.86378381539326,61.19568749238318,59.193846845288384,60.68525314331055,11284066,0.0064603649767303,0,normal
2012-09-25,60.64538201888738,61.0920088744222,59.90366717144855,60.17483139038086,6629139,-0.0084465403036038,0,normal
2012-09-26,59.99937517414336,60.85274511185842,59.99937517414336,60.58955764770508,2869839,0.0068683805053275,0,normal
2012-09-27,60.597532927946745,60.6613339812066,58.69937046293013,59.92758941650391,10881069,-0.0109855718403748,0,normal
2012-09-28,60.29445221974984,61.19568252062763,60.29445221974984,60.78095626831055,11267538,0.0141395302952043,0,normal
2012-10-01,60.4539461991502,61.634317127227504,60.214682611215096,61.04412841796875,7247640,0.0043204986840859,0,normal
2012-10-03,61.29138340233152,61.76991069254452,60.48586116571796,60.65334701538086,11374018,-0.0064221997100961,0,normal
2012-10-04,60.93249152958589,61.41101884803119,60.38218641146222,61.076053619384766,7612600,0.0069450486218931,0,normal
2012-10-05,61.17972232961484,61.347208162843664,57.82205487466033,59.53677749633789,10319800,-0.0255256374504604,0,normal
2012-10-08,59.3373935344707,59.48095560749421,58.021443562516126,58.28463745117188,5128340,-0.0212556807071964,0,normal
2012-10-09,58.539855292645726,58.74721842998564,57.495069342944106,58.56378555297852,5820457,0.0047779614937644,0,normal
2012-10-10,58.19692788465687,58.36441378716656,57.42330592520178,57.55889129638672,8180552,-0.017307891438647,0,normal
2012-10-11,57.74232048720695,58.14109332910142,57.03250612672346,57.144161224365234,15790908,-0.0072314009122003,0,normal
2012-10-12,56.62573618575319,56.76929176108207,55.67665846111187,56.15518569946289,13801351,-0.0174581879003374,0,normal
2012-10-15,55.98770813638056,56.410404663172606,55.947830860628784,56.13126373291016,3180585,-0.0004260882241018,0,normal
2012-10-16,56.32268075662302,57.00856471825436,55.98770903873255,56.195072174072266,3950772,0.0011361262256173,0,normal
2012-10-17,56.39444931863841,56.70549072547836,55.7883135186389,56.15518569946289,5650275,-0.0007100380015154,0,normal
2012-10-18,56.21101010360196,56.25886412562794,54.96684447357288,55.20610809326172,11659773,-0.0170454302935185,0,normal
2012-10-19,55.44538164205474,55.74844635175669,54.71163714743432,54.95887756347656,7658254,-0.0044883761089815,0,normal
2012-10-22,55.349670875022326,55.42144867218571,54.52022485020143,54.80734252929688,5580718,-0.0027610521765142,0,normal
2012-10-23,54.56010368055973,55.030654242534695,54.40856808357618,54.695682525634766,5960131,-0.0020393964880307,0,normal
2012-10-25,54.95090232969914,55.5251377318434,54.1055027339366,54.249061584472656,20299637,-0.0081990819623865,0,normal
2012-10-29,54.23310362793156,55.18218141616661,53.914085447654806,55.0067253112793,9539469,0.013869761855088,0,normal
2012-10-30,55.070532386952166,55.6766682939995,54.48034998684379,55.43740463256836,14855553,0.0077990836550023,0,normal
2012-10-31,55.52513411750069,56.66562160338119,55.52513411750069,55.93187713623047,10483677,0.0088799307139533,0,normal
2012-11-01,55.509177544805965,58.3803412291468,55.509177544805965,57.62267303466797,36283388,0.0297816488114124,0,normal
2012-11-02,59.01838240686608,59.48893297311992,57.15212715824103,58.15703582763672,27223662,0.0092307467774412,0,normal
2012-11-05,58.21286329502789,58.61961283701608,57.495072276381386,57.82206726074219,4603364,-0.0057763767673488,0,normal
2012-11-06,57.822054976687525,58.59567661749751,57.42328227326818,58.38033676147461,6640073,0.009608644513996,0,normal
2012-11-07,58.38035108752016,59.177896690069815,58.30857328137924,58.67544555664063,5931203,0.0050422014966482,0,normal
2012-11-08,58.20488846066079,60.05519015804243,57.981571822576136,59.87973403930664,12551874,0.0203167826351391,0,normal
2012-11-09,59.887707044527296,60.30243332678892,58.898751860413775,59.145992279052734,4985289,-0.0123292850659728,0,normal
2012-11-12,59.05028333745773,59.51286364392867,58.54783224451472,58.81899642944336,3834169,-0.005543961657116,0,normal
2012-11-15,58.731267019329024,58.91470639332564,57.46317087058037,57.70243453979492,3013177,-0.0191655055691413,0,normal
2012-11-16,57.58280410541383,58.34844916360688,57.104276755348494,57.27973937988281,3073380,-0.007352392978162,0,normal
2012-11-19,57.16011136352786,57.80611813694765,56.64967696364817,57.128204345703125,3334916,-0.0026490314895948,0,normal
2012-11-20,57.582802705187646,58.0294295191433,56.81715766561259,57.70243453979492,3553881,0.0100014244677568,0,normal
2012-11-21,57.67850007960198,58.69935561621387,57.56683852897528,58.5079460144043,3540612,0.0138632086319141,0,normal
2012-11-22,58.723295733643326,59.43310997519984,58.42820128390613,59.145992279052734,3810223,0.0108462585943431,0,normal
2012-11-23,59.3373994623451,59.91961158418379,58.22083573823159,58.51593017578125,3817129,-0.0107098050491476,0,normal
2012-11-26,58.699365190651015,60.08709314317389,58.53985608138535,59.8877067565918,7435758,0.023172226754661,0,normal
2012-11-27,59.97542199446487,60.71714304807272,59.91959771544526,60.44597244262695,9874418,0.009278693962142,0,normal
2012-11-29,60.22268034390513,62.184643746611975,60.17482631155765,61.62636184692383,15358300,0.0193397824726586,0,normal
2012-11-30,61.458874542471605,63.16562072639569,61.38709674084927,62.72697067260742,10424909,0.0177017783625519,0,normal
2012-12-03,62.70305426883408,63.39692157706728,62.68710075973602,62.94231796264648,6359102,0.003427209673303,0,normal
2012-12-04,63.02205834309825,63.79568004181928,61.49874520391737,61.905494689941406,5643849,-0.0166097761352164,0,normal
2012-12-05,61.97728273966182,62.39200904706728,60.43802233070278,60.76501083374024,7427454,-0.0185947993432993,0,normal
2012-12-06,61.03618450271825,61.09200880306801,59.84783631068954,60.58955764770508,5475758,-0.0028915814292158,0,normal
2012-12-07,61.03618064274172,61.03618064274172,60.37421391132601,60.64537811279297,4505630,0.0009208644139135,0,normal
2012-12-10,62.18463992551764,62.20856369500008,60.77298175544356,60.94844436645508,6464473,0.004984905895121,0,normal
2012-12-11,61.33125181368593,61.87358655848758,59.704260560162645,60.54168319702149,6431758,-0.0066962262284571,0,normal
2012-12-12,60.836789793481536,61.490773232633046,59.28954627572716,59.784027099609375,8516243,-0.0125935863433666,0,normal
2012-12-13,59.78401135447736,60.51775564368271,59.45701647580018,59.59260177612305,5523715,-0.0032070848266174,0,normal
2012-12-14,59.393243074241,60.24661306774154,59.393243074241,59.967472076416016,4117817,0.0062708480623721,0,normal
2012-12-17,60.13494083674922,60.2944499292051,58.44414835098187,59.05027770996094,6110585,-0.0154130375604069,0,normal
2012-12-18,59.13802742087011,60.53373241439634,58.691400524853,59.9515266418457,6503678,0.0151471008058523,0,normal
2012-12-19,60.14291659087243,61.745984241525655,59.7441438663538,61.59445190429688,4991513,0.0270354535934638,0,normal
2012-12-20,61.80978728938076,62.3680691218446,60.47789024048202,60.94046401977539,6335950,-0.0106744120948745,0,normal
2012-12-21,60.34231630884135,61.23557000564568,60.15090665679554,60.52574920654297,4364713,-0.0068285066880191,0,normal
2012-12-24,60.63741438589574,61.71410104431351,60.63741438589574,61.56256866455078,3053033,0.0169851530832829,0,normal
2012-12-26,61.26745494196226,61.54659583987578,60.860705478342894,61.41898727416992,3819225,-0.002335007953377,0,normal
2012-12-27,61.80979428811354,61.889548844639,60.97237144459625,61.49077606201172,7196264,0.001168154490851,0,normal
2012-12-28,61.59446321608729,62.67912652406413,61.59446321608729,62.53556442260742,4168004,0.0168482448350397,0,normal
2012-12-31,62.79875136588139,63.56438985989992,62.623288758244335,62.92635345458984,12416551,0.0062296241347583,0,normal
2013-01-01,63.17359587674476,63.6441464425963,62.392003851462,63.309181213378906,4247486,0.0060653116955977,0,normal
2013-01-02,63.53250772632091,63.6840401183526,62.47975124711878,62.806739807128906,4566377,-0.0079679720126648,0,normal
2013-01-03,63.08585987065594,63.644141701538885,62.822672460844935,63.45273208618164,9293000,0.010232862632109,0,normal
2013-01-04,63.62821112183659,64.58526593627656,63.4288247021616,64.38587951660156,9062813,0.0145990947870124,0,normal
2013-01-07,64.4018150799787,65.15948333996805,64.29016000291082,64.59323120117188,6664707,0.0032152782268388,0,normal
2013-01-08,64.26622448748229,64.5613123879132,63.10180691843343,63.5085563659668,5838542,-0.016934982389146,0,normal
2013-01-09,63.52451663032406,63.9472196700283,62.77482510442668,63.333106994628906,7672520,-0.002766433024993,0,normal
2013-01-10,63.61224977279048,64.72881358537002,62.76685015946318,63.10182189941406,9906248,-0.0036585673787987,0,normal
2013-01-11,64.76070566056173,67.44045975918849,64.52941877050836,66.9858627319336,24040265,0.0597319507873237,0,normal
2013-01-14,67.48035174883104,67.77544623561042,66.57115100560497,66.85826873779297,8431784,-0.0019066063097641,0,normal
2013-01-15,67.23310293105024,67.56807465865148,66.515311935141,67.14537811279297,5210345,0.0042851044889564,0,normal
2013-01-16,67.15334208961389,67.79137847069445,66.40365063993255,66.9858627319336,8225720,-0.0023784981791923,0,normal
2013-01-17,67.63186829798344,69.62573844753767,67.37665764388198,68.7005844116211,20826538,0.025276112785999,0,normal
2013-01-18,69.86503281043406,70.12024357676685,63.046009607097936,63.3809814453125,42738767,-0.0805938666737509,0,normal
2013-01-21,63.97113890629524,64.09077073143048,62.72696662680025,63.41285705566406,15348870,0.0005027943218678,0,normal
2013-01-22,63.50856174489485,64.32205421842022,63.14966628851678,63.60426330566406,11873794,0.0030138676477688,0,normal
2013-01-23,63.6844211038573,64.59821140968015,63.63633237042218,64.40583038330078,8255341,0.0125236617071644,0,normal
2013-01-24,64.44591698986885,65.40779615320538,64.41385565572308,64.9188461303711,7883939,0.0079338058581015,0,normal
2013-01-25,64.76654511244095,65.47192709834462,64.22148284788146,65.35169219970703,6788739,0.0066453653725346,0,normal
2013-01-28,65.39176425396336,66.8906885999264,65.00700870117296,66.29753112792969,7647518,0.0143693244638392,0,normal
2013-01-29,65.7685058829887,66.20936719999256,64.99900771183809,65.51200866699219,6541902,-0.011919194344891,0,normal
2013-01-30,65.37573399110097,66.83458664628313,64.9509066419385,66.50594329833984,5489075,0.0150578523115223,0,normal
2013-01-31,66.06507173979256,66.61013389802773,65.18334932177957,65.97689819335938,7239480,-0.0079866631964513,0,normal
2013-02-01,65.72843043774422,66.28151624164013,65.25550776358455,65.34368133544922,5916670,-0.0096439075713288,0,normal
2013-02-04,65.45589709132017,65.78454047192042,65.06313103686864,65.42383575439453,5443982,0.0012259073318423,0,normal
2013-02-05,65.0871538862375,65.39976975658202,64.54209176925545,65.24746704101562,4271070,-0.0026994269851821,0,normal
2013-02-06,65.52000808831035,65.72039954238261,64.46193860154513,65.03105163574219,4441545,-0.003322352856605,0,normal
2013-02-07,64.60622693850185,65.34367020261466,64.28560056682849,65.03907775878906,2552730,0.0001234122406801,0,normal
2013-02-08,65.4078076067367,66.61015677145018,64.64631980241816,66.11318969726562,5678441,0.0163799829755246,0,normal
2013-02-11,66.36964821364798,67.46779575261216,65.42380336521244,65.64823913574219,7882200,-0.0070574901244029,0,normal
2013-02-12,65.72840433129656,66.32156820288313,64.96691687128767,66.02498626708984,4508100,0.0057224717978332,0,normal
2013-02-13,66.08909980962825,66.674246638468,65.1512719283371,65.64022827148438,5857619,-0.0058445063439886,0,normal
2013-02-14,64.95892862461267,65.08717396947927,63.1634155185485,63.45198059082031,15573505,-0.0339053351850093,0,normal
2013-02-15,63.323734735239896,64.51005647318239,61.73663647179498,64.00506591796875,8234408,0.0086788265367783,0,normal
2013-02-18,63.76458547482629,64.76654292970538,63.10730529832192,64.59020233154297,6106590,0.0091004973962736,0,normal
2013-02-19,64.7745586345689,66.06508111599373,64.22147943486124,65.8486557006836,5049097,0.0192962808210852,0,normal
2013-02-20,65.88872901573639,66.59411091081343,65.54405829328685,66.09713745117188,5471689,0.0037664261709098,0,normal
2013-02-21,65.75245668293338,66.77845825317833,64.74248251409794,65.05509185791016,7125859,-0.0158909616253257,0,normal
2013-02-22,64.84669789387102,67.08307209539888,64.63027900296083,66.68228912353516,11582722,0.0247049093220752,0,normal
2013-02-25,66.72235034028962,68.26135264437681,66.72235034028962,67.187255859375,9877752,0.007544197314087,0,normal
2013-02-26,66.84260842749215,67.41973204587886,66.1853216842385,66.67427825927734,7714451,-0.0076643393427051,0,normal
2013-02-27,67.01093836147447,67.75639874119786,66.23342316585351,67.09109497070312,8253384,0.0062320771125543,0,normal
2013-02-28,67.33155627773837,68.21327886767358,65.96889409329302,66.75443267822266,15345996,-0.0050306201244136,0,normal
2013-03-01,67.33154260014041,68.21326501096426,67.07504544906912,67.60408020019531,7007246,0.0126476369786177,0,normal
2013-03-04,67.33955445944183,68.10104193834991,67.03496207714215,67.25138092041016,7096424,-0.0052307868148844,0,normal
2013-03-05,67.33955863655954,69.68013343144378,67.17122851035909,69.42362976074219,13619329,0.0317897436228031,0,normal
2013-03-06,69.49577919939884,71.49969383693978,69.48776223621675,70.8424072265625,10632306,0.0202304974876348,0,normal
2013-03-07,71.03479331129013,72.58983654214171,71.03479331129013,72.03675079345703,14614545,0.0167186229650013,0,normal
2013-03-08,71.96460566476118,73.10283188686168,71.22716240492704,71.39549255371094,13742364,-0.0089416786261171,0,normal
2013-03-11,70.97865971362128,72.05275640778308,70.15304315886281,70.46565246582031,8375491,-0.0131093458211237,0,normal
2013-03-12,70.5538410340638,71.13097104928654,69.6240233531647,70.3213882446289,5993385,-0.0020493970319455,0,normal
2013-03-13,70.20116989470361,71.37947456852264,69.80038687954898,70.42560577392578,6780771,0.0014809204142576,0,normal
2013-03-14,70.42559334615054,71.13899220576344,69.64006138433216,70.29734802246094,5521177,-0.0018228410293952,0,normal
2013-03-15,70.36146595595044,70.97065729517745,69.92060474670397,70.69010925292969,4308702,0.0055715913186444,0,normal
2013-03-18,70.28130870298249,70.67407465375614,69.25530705322774,69.51982116699219,2711092,-0.0166937571460961,0,normal
2013-03-19,69.73624654964267,70.36146528571831,68.88658546801108,69.51982116699219,3878665,0.0,0,normal
2013-03-20,69.47172843287815,69.85648395786315,68.35755319706425,68.92666625976562,8053789,-0.008568776970236,0,normal
2013-03-21,69.0148511609332,70.09696524511972,68.5098606744164,69.69618225097656,5378206,0.0111024106617279,0,normal
2013-03-22,69.78435103005206,70.44965473080423,68.79842744915686,69.84848022460938,6314115,0.0021827855168412,0,normal
2013-03-25,70.42558076018395,70.60192783348148,68.86252755624577,69.15109252929688,8500989,-0.0100344703682786,0,normal
2013-03-26,69.17515640844356,70.7141590151827,68.37358398911948,70.20917510986328,6408339,0.0151851446646853,0,normal
2013-03-28,69.56792410624578,70.84241260790274,69.15912418450219,70.08092498779297,17910528,-0.0018283564942667,0,normal
2013-04-01,70.1049690518333,70.81836793242157,68.63008907759931,69.09500122070312,4669486,-0.0141682586452827,0,normal
2013-04-02,69.09499333493207,72.33331794691777,68.56595858847655,72.08483123779297,10150754,0.0423612501829762,0,normal
2013-04-03,71.67603415061915,72.89441685507931,71.49969357705228,71.91650390625,10462632,-0.0023378589933473,0,normal
2013-04-04,71.66000665213333,72.42149421061792,70.7782842159933,71.35540771484375,8704264,-0.0078326456829493,0,normal
2013-04-05,70.77828129269636,74.22501430979533,70.33742009283486,72.87837982177734,9640178,0.0211188895094904,0,normal
2013-04-08,72.38142217319306,73.10283150146927,68.86254256451767,71.94857788085938,32723490,-0.0128403541812938,0,normal
2013-04-09,65.24749024056965,67.0109355701439,62.56224394326342,63.11532974243164,37791035,-0.130987984096051,0,normal
2013-04-10,63.33974826159099,64.89478468482109,63.33974826159099,64.4859848022461,13002327,0.0214842266419035,0,normal
2013-04-11,65.3116055316769,65.40778952436634,63.96497092558589,64.59821319580078,6829688,0.0017388405950953,0,normal
2013-04-12,62.50613039415322,62.522157799424406,60.766729655219365,61.52821731567383,20673728,-0.0486908631696456,0,normal
2013-04-15,61.54424283124963,62.94698306665352,60.32586013180642,60.77473831176758,8408424,-0.0123216733890032,0,normal
2013-04-16,60.67854948534679,61.41599269598328,60.38998446713426,61.13544464111328,3664047,0.005917592332425,0,normal
2013-04-17,61.72057834137205,61.79272448037403,59.508255475514936,60.04530715942383,6061310,-0.0179924100853954,0,normal
2013-04-18,59.83690348392645,60.58236363502211,58.08147558482949,59.16358947753906,13580647,-0.0147930865221486,0,normal
2013-04-22,55.51647436201138,55.78900549173905,52.50258495975324,54.41031265258789,47731097,-0.083752603349279,0,normal
2013-04-23,54.867196776141824,55.77296359879464,54.52252280017613,54.94735336303711,9254973,0.0098218085165124,0,normal
2013-04-25,54.98743649466967,55.30004590643493,53.33620935470818,53.78508758544922,12929346,-0.0213792689127672,0,normal
2013-04-26,53.8973039033489,54.34618212068958,52.54265881069945,52.9354248046875,7893091,-0.0159234755310579,0,normal
2013-04-29,53.06368041033118,54.971404815060055,52.45448896677689,54.827125549316406,9223384,0.0351122924738627,0,normal
2013-04-30,55.17179127313926,56.10962598436777,54.38625930127059,55.84511184692383,8185005,0.0183969355389734,0,normal
2013-05-02,55.78900959277578,56.99135865627693,55.05958318961952,56.470340728759766,8254989,0.0111335586670753,0,normal
2013-05-03,56.21383157460328,57.36809178298007,55.98137874933536,56.95127487182617,6784664,0.0084805179838474,0,normal
2013-05-06,57.21579481631507,57.945221223008446,56.70279385136585,57.28794097900391,6123710,0.0058940720018165,0,normal
2013-05-07,57.39212656988264,57.71275290241652,55.95732503642543,56.23787307739258,12478951,-0.0184997193470337,0,normal
2013-05-08,56.43023883721787,56.81498776743791,55.668751415323605,56.2779426574707,5604766,0.0007122479895,0,normal
2013-05-09,56.49437576649278,57.23181901286069,56.43025310296517,56.87913131713867,6729496,0.0106258370801821,0,normal
2013-05-10,57.1596805895899,57.2558645869073,56.52644481206623,56.91119384765625,8036909,0.0005635370374355,0,normal
2013-05-13,56.91119219985847,57.00738271755099,55.50043490494157,55.780982971191406,7147128,-0.0200590458821201,0,normal
2013-05-14,55.78899949013308,56.1897824387237,55.24393728931384,55.732887268066406,2786095,-0.0008625959444152,0,normal
2013-05-15,55.66876348492988,56.350094483818566,54.74696272172756,55.49241638183594,8203171,-0.0043240387397309,0,normal
2013-05-16,55.548529048467685,55.68479785860272,54.915293301992925,55.54051208496094,10250744,0.0008663322997461,0,normal
2013-05-17,55.4683734002221,56.0134356036843,54.28205521432553,55.14774703979492,5854782,-0.0070968085816494,0,normal
2013-05-20,54.70688359397782,54.80307410750134,53.56866071255497,54.17784881591797,24495289,-0.0177437618909972,0,normal
2013-05-21,54.19387744279413,55.107661139267215,53.87325112661698,54.33014297485352,8092355,0.0028070606860088,0,normal
2013-05-22,54.41030962836038,55.08362697394972,54.3622143673968,54.83514022827149,7688840,0.0092520413252299,0,normal
2013-05-23,54.67483073573137,54.91530053364125,53.191933648620406,54.04159164428711,11497879,-0.0145772677502922,0,normal
2013-05-24,54.2740354461763,54.89123720711937,53.35223476297574,53.89729690551758,3572532,-0.002673639253913,0,normal
2013-05-27,54.025555793432,54.82712170956125,53.3843030605286,54.546573638916016,6575123,0.0119745724393078,0,normal
2013-05-28,54.298090478428456,55.05957814893189,53.86524615982704,54.52252960205078,7072712,-0.0004408954789258,0,normal
2013-05-29,54.34618138322709,55.195842546813694,53.87325880410136,54.40229034423828,9132840,-0.0022077485500644,0,normal
2013-05-30,54.1137197643637,54.875207249813904,53.62476333749546,53.88126373291016,6241134,-0.0096234490420781,0,normal
2013-05-31,54.145789035991655,54.48244605822285,50.474616599327824,52.52662658691406,14529015,-0.0254625917368467,0,normal
2013-06-03,52.91939793686571,53.54462004818557,51.79720557455119,52.09378433227539,7860963,-0.0082745751141279,0,normal
2013-06-04,52.318215524608846,53.5205643019324,52.318215524608846,53.04764175415039,5117950,0.0181447718055234,0,normal
2013-06-05,53.22399132432084,53.33620925099781,51.94950278765741,52.10179901123047,5368905,-0.01799093267504,0,normal
2013-06-06,51.94147945196077,53.10374991937096,51.79719694851804,52.903358459472656,7252190,0.0152673456663845,0,normal
2013-06-07,52.58273835191998,54.34618340790045,52.58273835191998,53.68889999389648,4358180,0.0147394523287274,0,normal
2013-06-10,54.02555423050416,55.29202573208605,53.99349289941853,55.02751159667969,5570099,0.0246269948931265,0,normal
2013-06-11,55.163785770899125,55.62869142473984,51.28420125335703,55.31608200073242,12429842,0.0052304089891785,0,normal
2013-06-12,55.42828942722207,55.46836771816994,54.66680189921255,55.20385360717773,5936179,-0.0020309174360697,0,normal
2013-06-13,54.50649642944336,54.66680961586431,53.223990938075765,54.50649642944336,3621769,-0.012712867464935,0,normal
2013-06-14,52.94344006587837,54.95537175384255,52.94344006587837,54.11372756958008,6451801,-0.0072319970863117,0,normal
2013-06-17,54.12173529476738,54.5064875316859,53.22398224967725,54.193878173828125,2874084,0.0014800552247304,0,normal
2013-06-18,54.2019013809268,54.827123467874586,54.05761885908036,54.69887161254883,2349263,0.0092751273157047,0,normal
2013-06-19,54.82712284104817,55.25996714005871,54.10571350164386,55.06759262084961,5025870,0.0067183068662481,0,normal
2013-06-20,55.14773577101507,56.01342415801139,54.73091897836726,55.708831787109375,21359919,0.0115773068501452,0,normal
2013-06-21,55.45233597125885,56.26993574798275,55.29202280116864,55.853118896484375,19434245,0.0025866738424982,0,normal
2013-06-24,55.78900188780644,56.09359433256194,53.05566075631423,55.556549072265625,6936616,-0.0053239638917901,0,normal
2013-06-25,55.46837065324228,55.46837065324228,53.86523893049884,55.107666015625,7327880,-0.008112568605342,0,normal
2013-06-26,55.035518768413525,56.01342506991743,54.50648406856583,55.805023193359375,6610163,0.0125750511004456,0,normal
2013-06-27,56.60201309119768,57.20381463957221,55.78876596684777,56.45563125610352,10136573,0.0115911554281016,0,normal
2013-06-28,57.23634823732528,57.25261582853253,55.4634719975298,56.76466751098633,10161992,0.0054590391602253,0,normal
2013-07-01,56.76467303409426,57.25262139911702,56.19539994156771,57.13063430786133,4449449,0.0064263942501776,0,normal
2013-07-02,57.25260794337617,57.69176004504068,56.78905445826146,57.40712356567383,9998157,0.004827923996407,0,normal
2013-07-03,57.25261036293062,57.56164162058592,55.544791414555306,55.84569549560547,5189076,-0.027575949606251,0,normal
2013-07-04,56.276712664757454,57.07369217700264,56.11406324444441,56.87038040161133,5692889,0.0181822003137446,0,normal
2013-07-05,57.11435763322937,57.23634470508771,56.60201457871324,57.08182907104492,8578813,0.0037111858225573,0,normal
2013-07-08,56.3173806808424,58.17971540698375,56.3173806808424,57.8218879699707,8464083,0.012881552510068,0,normal
2013-07-09,57.77309924664095,58.716467424272864,57.740570678768826,58.57821273803711,6110414,0.0129954425733807,0,normal
2013-07-10,58.55381792466817,59.42399516940747,58.55381792466817,59.34267044067383,8635667,0.0129657850503761,0,normal
2013-07-11,59.6679564241924,59.98512147387198,58.97669637976838,59.204402923583984,6650921,-0.0023327033871787,0,normal
2013-07-12,60.1803050651788,61.806799438928365,59.814343831085154,61.09114456176758,11080599,0.0313710093174846,0,normal
2013-07-15,60.977302274338726,62.35982274131428,60.977302274338726,62.115848541259766,6401038,0.016634244232037,0,normal
2013-07-16,61.091145202355165,62.61192010504652,60.342955135296,61.0586166381836,6085438,-0.0171668351111895,0,normal
2013-07-17,61.15620501576444,63.49022721633345,61.01795695740984,62.96161651611328,7067315,0.0306909477953452,0,normal
2013-07-18,62.81522309483896,64.08388324717455,62.22968254897508,62.75829315185547,5903017,-0.0032345480053868,0,normal
2013-07-19,63.43328234131992,63.92123056520359,62.953467911478576,63.66099548339844,6813294,0.0142813281721618,0,normal
2013-07-22,63.59595234167088,64.16522545386597,62.750176470054285,63.913124084472656,5353091,0.0039526657944497,0,normal
2013-07-23,63.880584322802136,64.65316920545061,62.1077079762243,62.48993682861328,7519112,-0.0225191919919165,0,normal
2013-07-24,62.13208581077977,64.15707619318528,61.80678700149005,63.81550979614258,8424109,0.0209907280231371,0,normal
2013-07-25,63.75857786615621,64.07574948988594,60.06643781966135,61.19684982299805,13929740,-0.0419005463466328,0,normal
2013-07-26,61.823061128160816,63.05106558675767,59.85500047651114,62.12395858764648,13517468,0.0150360063865209,0,normal
2013-07-29,65.22243787525761,67.98747832129204,63.69353580532759,66.3691177368164,34070892,0.0661001328678496,0,normal
2013-07-30,66.68627563402501,68.80071810028979,66.36911058772966,68.11759185791016,17077126,0.0260036497328712,0,normal
2013-07-31,68.31277449958773,71.72841918096721,68.31277449958773,71.24047088623047,19267024,0.0448255645565724,0,normal
2013-08-01,71.24046633054826,72.18382767880206,69.5326474081812,70.980224609375,10489213,-0.0036597566398164,0,normal
2013-08-02,70.95583455611282,73.4687669565654,70.65493045966016,71.35432434082031,10865618,0.0052566379089071,0,normal
2013-08-05,71.24046087549503,73.35490318889869,70.67931512082234,73.07026672363281,13347063,0.0237635865186645,0,normal
2013-08-06,72.74497789222015,75.4205597093644,72.73684409702314,73.4037094116211,17975488,0.0045529352419677,0,normal
2013-08-07,73.1922691295448,75.25791572988008,72.5010089975043,73.36305236816406,17483051,-0.000554036131942,0,normal
2013-08-08,72.86693808435881,73.19223682645567,70.41092993423948,72.72868347167969,10745789,-0.0086845827376276,0,normal
2013-08-12,72.0536990329133,74.01362548996133,72.0536990329133,73.95669555664062,8818557,0.0167438743130894,0,normal
2013-08-13,73.8428576886231,76.35578994324884,73.8428576886231,76.05488586425781,10606802,0.0279755353324233,0,normal
2013-08-14,75.83531225143915,76.91692825173978,73.85911781912094,74.83501434326172,7544360,-0.0161693804162865,0,normal
2013-08-16,74.28200212927969,76.10367414984502,73.73712397278565,74.24947357177734,14038679,-0.007855193930963,0,normal
2013-08-19,74.05431168608347,75.46936049953008,73.4850386424261,74.2413558959961,7117651,-0.0001093357188235,0,normal
2013-08-20,73.7127288929003,74.81874617078283,71.85852170456809,72.9076156616211,10978274,-0.0181282512005669,0,normal
2013-08-21,72.8019012082866,73.6558107211416,71.20793546064611,71.8829345703125,8338141,-0.0141542137496095,0,normal
2013-08-22,71.5657720541012,73.0052155989972,70.83384958842517,72.3302230834961,7859187,0.006203178055915,0,normal
2013-08-23,72.24075130524962,73.35490239016156,71.16726257207576,72.89948272705078,13972924,0.0078394782363604,0,normal
2013-08-26,73.11094778759997,75.7946637183972,73.11094778759997,74.67237854003906,14138503,0.0240287152266214,0,normal
2013-08-27,74.74558091429334,75.72960485788812,73.4525124059162,73.99739074707031,12558247,-0.0090804261573893,0,normal
2013-08-28,74.5666561650738,77.10399013986031,74.4934652388867,76.68109893798828,25402484,0.0356254171482879,0,normal
2013-08-29,76.77055307581536,78.05548096337186,75.18472108660731,77.00639343261719,24565935,0.0042332004431049,0,normal
2013-08-30,77.29915370558099,80.51147962574005,76.20940395757641,78.65727233886719,57848236,0.0212116398060713,0,normal
2013-09-02,78.56781807221458,79.63316640491226,78.19372310845856,78.79552459716797,12144546,0.0017561109935302,0,normal
2013-09-03,78.92565426650582,81.42232561698218,77.01452350022223,77.96601867675781,14590503,-0.0105831270259901,0,normal
2013-09-04,78.27506170008091,80.10486787309057,77.50247687147683,78.28319549560547,18598630,0.0040598892760961,0,normal
2013-09-05,78.34012259214386,78.72235143616133,75.46936252783519,76.26634216308594,16353921,-0.0261012470750516,0,normal
2013-09-06,76.14433349069022,78.70606152969954,75.61572294295813,76.20126342773438,23097146,-0.0008536730022301,0,normal
2013-09-10,77.03892930224397,78.72235375927002,75.84345981408936,76.77869415283203,22058021,0.0075491388090043,0,normal
2013-09-11,76.82745142435614,78.54340372704883,76.49402548603666,77.25847625732422,23817796,0.006229452991799,0,normal
2013-09-12,77.0958388633277,78.00667157266605,76.14433718397022,76.7542724609375,23976378,-0.0065475826109828,0,normal
2013-09-13,77.09586026633708,77.09586026633708,73.34678906613351,74.08684539794922,18149504,-0.0353710606127517,0,normal
2013-09-16,74.21697069007928,74.49347345183891,72.68806177632118,73.46878051757812,13683767,-0.0083774304266679,0,normal
2013-09-17,73.81846055060255,78.07174716566644,73.7208748623972,77.2503662109375,14682204,0.0501910952392696,0,normal
2013-09-18,77.25849984452785,78.88499416010387,76.89253862352325,78.18560028076172,13467575,0.0120338346019996,0,normal
2013-09-19,77.74643475137577,78.66540123414258,76.21752638707676,76.77053833007812,8463027,-0.018264539902673,0,normal
2013-09-20,76.60790313218625,78.2831936230461,76.60790313218625,77.24223327636719,8775544,0.0061254195510018,0,normal
2013-09-23,77.42115096521911,79.68197546590633,77.09585209500672,78.64102172851562,13790561,0.0179470976214837,0,normal
2013-09-24,79.04764272198115,79.76329756567206,76.9738624924374,77.7220458984375,9078483,-0.0117545201068942,0,normal
2013-09-25,78.07174240051111,78.97444801609183,77.11210683995195,77.34795379638672,10174274,-0.0048248252852562,0,normal
2013-09-26,77.13651922373818,79.68198039326703,77.09585686244715,77.78711700439453,27649262,0.0056617034285135,0,normal
2013-09-27,78.39702624023221,78.8687068263841,76.8518570272386,77.396728515625,11529287,-0.0050313138070441,0,normal
2013-09-30,77.42929357571383,78.86873726934662,76.46152403207628,76.94134521484375,8114451,-0.0059011313446024,0,normal
2013-10-01,77.40487095651285,77.99041147624708,76.45337588472147,76.74613952636719,6187171,-0.0025402952462751,0,normal
2013-10-03,77.09584808181623,79.53558948140957,77.07958049186342,78.90125274658203,16783713,0.0276940195042101,0,normal
2013-10-04,78.73046881879515,79.860880905132,77.96601129012997,78.55155181884766,6945736,-0.0044419850596097,0,normal
2013-10-07,78.80365720715699,79.12895601975758,78.23438428510596,78.39703369140625,5585155,-0.0019690292443517,0,normal
2013-10-08,78.88498909090893,80.18618445975417,78.1042705459574,78.63288116455078,10509016,0.0030038563123664,0,normal
2013-10-09,78.07989337715675,79.03138873413279,77.40489415650875,77.62447357177734,14322401,-0.012907188837528,0,normal
2013-10-10,78.07174323422096,78.81179943573406,77.74644438680615,78.09613800048828,12540220,0.0060578476587949,0,normal
2013-10-11,79.86091368977964,81.16210951601356,78.72236734182495,79.41362762451172,18845216,0.0167293798710206,0,normal
2013-10-14,79.82834902864242,82.62591746666435,79.77955288357377,81.5036392211914,19727968,0.0259776861942198,0,normal
2013-10-15,82.1379961423311,84.53707564776279,81.99161427742463,83.04883575439453,28878302,0.0187811450798465,0,normal
2013-10-17,83.2927899502364,84.00844474636193,79.94220927241729,80.51148223876953,19074107,-0.0310290065911491,0,normal
2013-10-18,81.48738782579308,83.26026404254651,80.43016648485033,82.36569213867188,16425889,0.0227691819148168,0,normal
2013-10-21,82.95121098078006,83.73192939737592,81.53616257344927,82.30061340332031,21759754,-0.0007904317586486,0,normal
2013-10-22,83.76446978296748,84.20362188613171,82.78857327894843,83.73194122314453,22418207,0.0172419593524377,0,normal
2013-10-23,83.08134497016238,83.0976059412402,78.42956890774643,80.09672546386719,36558038,-0.0443855476301875,0,normal
2013-10-24,80.09672624987677,80.38136273786134,76.30699340049509,76.58349609375,25279913,-0.044853374800307,0,normal
2013-10-25,76.44525143806364,78.66541349527128,76.07115642794726,78.25065612792969,19774731,0.0215356165691114,0,normal
2013-10-28,78.65725940619558,78.98255818006848,77.53498128362229,78.69792175292969,10396685,0.0056995334626392,0,normal
2013-10-29,78.99884555890321,79.381074361258,78.2343945724158,79.13710021972656,12220855,0.0055650462710268,0,normal
2013-10-30,79.35668292485984,79.35668292485984,76.94946976965406,77.54314422607422,13194322,-0.020347312989446,0,normal
2013-10-31,77.27477112774932,79.02325275029857,77.2585101533572,77.69766235351562,20131578,0.0019906902298885,0,normal
2013-11-01,77.6244753898872,78.85248014840019,77.6244753898872,78.48651885986328,6951635,0.0101017043904034,0,normal
2013-11-05,78.43770530167457,78.71420800137886,77.25849696680508,78.08800506591797,7261886,-0.0050904150239503,0,normal
2013-11-06,78.55969710583385,79.34854289611808,77.97415649145542,78.46210479736328,9420525,0.0047793060492047,0,normal
2013-11-07,78.88498277513472,79.53558040746849,77.7464369185506,78.38890075683594,13290967,-0.0009334214413705,0,normal
2013-11-08,78.83619558544278,79.19402300023394,77.7464457511243,78.3238525390625,5562675,-0.0008301586200376,0,normal
2013-11-11,78.07986132398824,79.21840706093184,77.9172119329963,78.33196258544922,12039452,0.0001035396788502,0,normal
2013-11-12,78.85247060236156,79.64131642455217,77.68138932623809,78.49463653564453,23802026,0.0020745716536687,0,normal
2013-11-13,78.55969220218334,79.2102899027839,78.06361013183101,78.44583892822266,8408899,-0.0006218613630446,0,normal
2013-11-14,78.88499758242689,79.82836565003224,78.16933608159201,79.09644317626953,12361095,0.0082594708921943,0,normal
2013-11-18,79.53559156517196,80.95064029036472,79.53559156517196,80.05606842041016,12432066,0.012059336848055,0,normal
2013-11-19,80.22684097317072,80.34882803011726,79.25094451759843,79.38106536865234,8811144,-0.0084673760579514,0,normal
2013-11-20,78.92565272597308,80.26751047185311,78.11240560725791,78.56782531738281,7871187,-0.0102975998640308,0,normal
2013-11-21,78.40518259706371,79.20216219425531,77.3886236117568,77.81150817871094,11852498,-0.0096729282425727,0,normal
2013-11-22,78.1530691279486,78.54342510346075,77.60005710804727,77.73831176757812,4989849,-0.0009411314852156,0,normal
2013-11-25,77.90909071457435,78.65727406296402,77.68951135400616,77.88468933105469,8448189,0.0018811821595852,0,normal
2013-11-26,77.60006070688522,78.0066842911608,76.65669928594379,77.24223327636719,11722813,-0.0082830203428638,0,normal
2013-11-27,76.97387428034097,77.31543416422774,76.18502177787046,76.41273498535156,8338461,-0.0107970000401396,0,normal
2013-11-28,76.60791364499626,77.25851146911792,76.52658891698105,76.86814880371094,10678834,0.0059422303311391,0,normal
2013-11-29,77.54314127354245,77.54314127354245,76.42898994933823,76.57537841796875,9333373,-0.0038160064007612,0,normal
2013-12-02,77.09583909654226,78.72233317337513,75.90036330278156,78.2750473022461,11770327,0.0219532770189188,0,normal
2013-12-03,78.7223303697192,79.09642531771182,78.20185360731347,78.47022247314453,8176627,0.0024903497508868,0,normal
2013-12-04,78.17746951188839,80.47896302845558,77.92536155957023,79.9178237915039,11581639,0.0182796828618707,0,normal
2013-12-05,80.67414543657058,81.12143141509928,79.055784765175,80.16992950439453,10593906,0.0031495965944525,0,normal
2013-12-06,79.6331666252832,80.99942563344854,79.0476327231164,80.31629943847656,7008184,0.0018240814259335,0,normal
2013-12-09,80.99943050212087,82.7885741107996,79.79582083080392,82.49580383300781,8338381,0.0267748472629714,0,normal
2013-12-10,82.47955443710639,85.00875458069092,81.74763194902086,84.04098510742188,18993717,0.0185571683786767,0,normal
2013-12-11,83.43918185882987,84.82170208696901,82.95123354301606,84.35002136230469,9574333,0.0036704644542986,0,normal
2013-12-12,83.7644811387968,84.0084552978768,82.67473121855072,83.05695343017578,4802777,-0.0154485038654312,0,normal
2013-12-13,82.93495491976405,84.62651282717253,82.53646517183486,84.37440490722656,5603230,0.0157375378320097,0,normal
2013-12-16,84.577733003097,85.56989728539659,83.80514812337577,85.24459838867188,12102967,0.010260655930022,0,normal
2013-12-17,85.4316450457653,86.19609615124611,83.8051505157111,84.23617553710938,6769656,-0.0119002849582923,0,normal
2013-12-18,84.23616262657728,85.21205919503812,83.43104266301937,84.8542251586914,5437811,0.0073103188762528,0,normal
2013-12-19,84.94368631487472,87.53794344990007,84.30122237759471,86.06597137451172,12461634,0.0141793251173121,0,normal
2013-12-20,86.91988065043887,89.89635997392712,86.2611491244355,89.2782974243164,14152076,0.0366443172012962,0,normal
2013-12-23,89.38400386304204,90.5794796660631,88.57075681832606,89.7824935913086,8871725,0.0056315790482868,0,normal
2013-12-24,89.5629377753575,90.10780942729085,87.66806783236424,87.84698486328125,3912036,-0.0217935148068768,0,normal
2013-12-26,88.034016331701,89.78249755503242,87.28583298846428,89.2294921875,11375442,0.0156151222202156,0,normal
2013-12-27,89.45719798381631,90.66080762412334,88.9692497394755,90.28671264648438,6188483,0.0117786879790973,0,normal
2013-12-30,90.31924010757996,90.75026502243972,88.83100062772502,89.70930480957031,4672638,-0.0064158065906809,0,normal
2013-12-31,90.27045746253692,91.32767880389036,89.33522319903197,90.9535903930664,3756287,0.0137748845111653,0,normal
2014-01-01,91.73431005066053,91.73431005066053,89.6361347838925,89.89636993408203,2362703,-0.0116918190131425,0,normal
2014-01-02,89.89634173943308,90.56320692544864,88.83099346604334,89.93700408935547,4882590,0.0004519089538934,0,normal
2014-01-03,88.96924841880359,90.8234556907076,88.85539515379178,90.53068542480467,5907534,0.0065793880186477,0,normal
2014-01-06,91.06743018970351,91.86440966633724,90.27044409484824,90.75839233398438,9896413,0.0025120876750186,0,normal
2014-01-07,90.75841312984328,90.8722730396415,88.64397027576216,89.48974609375,6572222,-0.0140768964462596,0,normal
2014-01-08,89.29455744947965,89.60359533922932,88.39185178402971,88.99365997314453,5747161,-0.0055589189944749,0,normal
2014-01-09,88.9692540650817,90.06713766822669,87.43221834432312,87.97709655761719,8731480,-0.0114886167255967,0,normal
2014-01-10,88.33491871188079,90.57948193516974,86.46445046217694,90.0020751953125,14175420,0.0227562135778169,0,normal
2014-01-13,90.27046296195408,92.38490577347606,90.27046296195408,91.3195571899414,10086509,0.0145322448665083,0,normal
2014-01-14,91.49845082852907,91.57164174262822,89.39214219933307,90.04273986816406,7789176,-0.0140805276256799,0,normal
2014-01-15,90.63640216228028,91.73428566264174,89.73369662722774,91.19754791259766,6949390,0.0127435647645919,0,normal
2014-01-16,90.2704537637508,93.33639817533924,90.2704537637508,92.9623031616211,9157779,0.0191660588361246,0,normal
2014-01-17,93.52345400838377,93.6698424849495,89.34336444898409,89.89636993408203,13427479,-0.0335365069005906,0,normal
2014-01-20,89.88010381646635,93.9626074427532,89.79877909576918,93.20628356933594,25131145,0.0361575779596572,0,normal
2014-01-21,93.48278001547048,94.0113972827099,92.44996010293951,92.9623031616211,11808637,-0.0026210710590666,0,normal
2014-01-22,93.1994065912174,95.3004831440867,92.88056791494824,94.49929809570312,11182482,0.0163983382817356,0,normal
2014-01-23,94.1804413490712,94.89169569764276,92.3818503867234,94.5892105102539,10879074,0.0009510088369752,0,normal
2014-01-24,94.11504376661296,95.97903532115346,93.2729818710579,93.66539764404295,11475341,-0.0098145834607716,0,normal
2014-01-27,93.19939897281589,94.67097476827706,92.49632126066922,93.2893295288086,10395826,-0.0040230982992843,0,normal
2014-01-28,93.00316890111694,93.67355290063952,92.23468430739256,92.80696105957033,6148830,-0.0051840855936111,0,normal
2014-01-29,92.38185648286272,94.14774070632885,92.38185648286272,93.44465637207033,6084537,0.0068477021906234,0,normal
2014-01-30,92.8723771247036,93.98423061857864,91.83410740532342,93.3956069946289,10363080,-0.0005250407774459,0,normal
2014-01-31,93.51006183041532,94.77724629196976,93.16669305699448,94.02510833740234,5582318,0.0067175467649507,0,normal
2014-02-03,92.08753960292492,93.85341701241734,91.91585522890657,92.53718566894533,6035459,-0.0159512856078878,0,normal
2014-02-04,91.84227285113911,91.84227285113911,88.94818210584585,90.8530502319336,11247314,-0.0183672023137768,0,normal
2014-02-05,91.23729259699836,92.45542996458472,90.06003879681977,91.62971496582033,8453357,0.0085122496110354,0,normal
2014-02-06,91.41716457827276,93.47736396402618,90.74678044317116,92.96231079101562,14235009,0.0144385324372207,0,normal
2014-02-07,93.19122917373996,93.82890647594904,91.00022223045394,91.83411407470705,7360232,-0.0122103090917748,0,normal
2014-02-10,92.05483281823751,93.13398603876344,91.74417092455413,92.08753967285156,5573545,0.0027558012160744,0,normal
2014-02-11,92.54535379233138,93.4282991317399,91.61336147835316,92.07936096191406,7277715,-8.881846753894251e-05,0,normal
2014-02-12,92.30827452272388,93.39560449813204,91.24547468920638,91.96491241455078,7565582,-0.0012437068539661,0,normal
2014-02-13,92.38185752296296,92.54536520006656,89.89654216161723,90.77948760986328,5810537,-0.0129737647982661,0,normal
2014-02-14,91.00021544421432,92.58623851982983,90.37070825058132,92.1856460571289,6368686,0.0153710830592102,0,normal
2014-02-17,92.38186738713593,93.11765201266628,91.07380583063753,91.72783660888672,4568244,-0.0049785408574267,0,normal
2014-02-18,91.44167810402588,92.36550036773498,90.6568400114945,91.08196258544922,4919684,-0.0070661060145358,0,normal
2014-02-19,90.91027937812156,92.87237130802136,90.91027937812156,92.4717788696289,3981935,0.0151437157734219,0,normal
2014-02-20,92.3736814940094,93.30567386266152,91.74417431657083,92.41455841064452,5843662,-0.0006189798732894,0,normal
2014-02-21,92.4636122959056,94.01693524408684,92.4636122959056,93.4528350830078,7218552,0.011172346614944,0,normal
2014-02-24,93.70626463006762,95.15331011418854,93.1993882116489,94.45022583007812,5553262,0.0106161135377211,0,normal
2014-02-25,94.83446340094866,97.777601094381,94.83446340094866,97.49146270751952,8808392,0.0316918272498529,0,normal
2014-02-26,97.45058602125955,99.90320077147815,97.07451709559736,98.60330963134766,14611623,0.0113400150902345,0,normal
2014-02-28,98.59514492979324,98.92216024759496,96.38779153463162,97.65497589111328,9710274,-0.00966421487544,0,normal
2014-03-03,98.10463234369288,98.10463234369288,95.34134862371316,95.7991714477539,4983902,-0.0191865762420864,0,normal
2014-03-04,95.815516408334,97.254378509373,95.6765322345741,96.17523193359376,7483320,0.0039178240457014,0,normal
2014-03-05,96.97642363683684,97.45059988120497,95.8891002708523,96.55130767822266,8959256,0.0039026926205458,0,normal
2014-03-06,96.79657106100082,97.26256394694866,95.40675581131909,95.6274871826172,6639689,-0.0096142512735131,0,normal
2014-03-07,96.14253181894236,96.14253181894236,91.5561405715813,92.43907928466795,10568786,-0.0339104763446309,0,normal
2014-03-10,92.23469228639206,93.48552320595827,90.763123367776,91.11466217041016,11057661,-0.0144310880130218,0,normal
2014-03-11,91.07380297511982,92.63530273985974,90.48517928503826,91.53980255126952,9583357,0.0046551410528241,0,normal
2014-03-12,91.54797563130296,93.19939923714402,91.40081472476716,92.66799926757812,6463502,0.0122493272480195,0,normal
2014-03-13,91.89132392822404,93.98422328518826,90.02733928477645,92.15293884277344,10502872,-0.0055736299517556,0,normal
2014-03-14,92.21833462939028,92.21833462939028,89.04628887824116,89.53681182861328,11916583,-0.0287997294871606,0,normal
2014-03-18,89.9292285948555,90.09273624691993,87.84450603103429,88.36772918701172,9710850,-0.0131429975161525,0,normal
2014-03-19,88.38407541211815,89.92104455503708,86.44650723176672,89.12803649902344,11407527,0.0085670997199231,0,normal
2014-03-20,89.43872305118137,91.53162273569396,89.2752153672842,90.31349182128906,9020099,0.0132129120813297,0,normal
2014-03-21,91.34358313482454,94.42570535324514,90.5832684829483,92.90508270263672,18198139,0.0282914955186273,0,normal
2014-03-24,93.36290984381772,94.01694059607262,91.75236310827702,92.02214813232422,5577475,-0.009549067224893,0,normal
2014-03-25,91.1310284849892,91.556151116189,89.29974379125257,89.6839828491211,12271442,-0.0257370990789889,0,normal
2014-03-26,90.07638291600124,91.18823619972451,88.9481762070047,89.20161437988281,7171944,-0.0053930517140639,0,normal
2014-03-27,89.27521523548626,91.55615274500003,88.29416913355162,90.48517608642578,11772455,0.0142868992878106,0,normal
2014-03-28,90.5914425129999,91.47438789032776,90.002812261448,90.2644271850586,6043870,-0.0024425946959292,0,normal
2014-03-31,90.2562593571243,90.5996281465255,88.04890567620252,88.81739044189453,14219916,-0.0161609733093204,0,normal
2014-04-01,89.43870851561094,92.05483103279352,89.43053180211602,91.73599243164062,10062365,0.0323323351005511,0,normal
2014-04-02,92.3001074675825,93.60816893802571,91.4008152066528,92.52902221679688,9579730,0.0086075447686031,0,normal
2014-04-03,92.38184330701309,92.88054297606676,91.18006605712084,91.71964263916016,4926777,-0.0087857872359702,0,normal
2014-04-04,92.38186122494596,93.027721897902,90.16633078078128,90.48517608642578,5485662,-0.0135505246279343,0,normal
2014-04-07,90.41976540815604,91.66242641554454,90.16632717798734,91.05744934082033,6074761,0.0063045816220226,0,normal
2014-04-09,91.40080631232112,91.96491308907152,89.84748346732567,90.65684509277344,7705870,-0.0044091731836646,0,normal
2014-04-10,90.74676815522145,92.36549792573516,90.01098371039072,91.7605209350586,7707032,0.0121007043750065,0,normal
2014-04-11,90.84488696997262,93.33020230260703,90.09274900272732,92.88873291015624,9419266,0.0122202065976466,0,normal
2014-04-15,92.39002247004106,96.69027516078572,92.39002247004106,96.23245239257812,12562215,0.0353642871923209,0,normal
2014-04-16,97.23803091291184,97.23803091291184,92.88872448541308,93.54275512695312,10558973,-0.0283480378807432,0,normal
2014-04-17,94.32760039578984,96.395969795587,93.77984703061642,95.7909927368164,10124914,0.0237500531583823,0,normal
2014-04-21,92.54536817524544,92.92143717530256,88.95637587807038,89.30791473388672,30447885,-0.0700785442265807,0,normal
2014-04-22,89.76572310120751,90.73042226346976,86.00504701330065,86.74900817871094,22678964,-0.0290711291303926,0,normal
2014-04-23,87.14959526092156,88.08158751231639,85.18750350929322,85.79248046875,24026852,-0.011087623234248,0,normal
2014-04-25,86.25030529945296,86.4383430887627,84.53347497514919,84.9013671875,16380214,-0.0104411657371645,0,normal
2014-04-28,85.03219679977363,86.92071197933475,84.69700469942075,86.59369659423828,17001873,0.0197368286320784,0,normal
2014-04-29,86.82256857315687,87.72186050795068,85.51450757709314,85.80882263183594,12142039,-0.0091051962394743,0,normal
2014-04-30,86.49556445360055,86.6427253264784,84.63157995562614,85.40824127197266,12933250,-0.0046792309321324,0,normal
2014-05-02,84.72968812899333,86.78988730839518,84.72968812899333,86.413818359375,11406002,0.0117049995845697,0,normal
2014-05-05,85.67803687697845,86.49557520634436,84.868675261535,85.14663696289062,9324157,-0.0147726868526936,0,normal
2014-05-06,84.86048458244122,85.84153041623327,83.98572270586236,84.18193054199219,6864216,-0.0113946143051055,0,normal
2014-05-07,83.40527418582052,84.14923531770648,81.7538442734206,82.7512435913086,19753024,-0.0171412541409985,0,normal
2014-05-08,82.67766618270018,84.32091950836401,82.01546547736523,83.54425811767578,8245048,0.0095374863360637,0,normal
2014-05-09,83.06191314102415,84.68064300396907,83.06191314102415,84.03478240966797,7870920,0.0058542606688778,0,normal
2014-05-12,83.93668603393435,84.3699787034356,82.03999437765646,83.70777130126953,15789041,-0.003898969169497,0,normal
2014-05-13,84.20648188413206,86.72450434910712,83.79771265148791,86.52828979492188,10280002,0.0331395898475772,0,normal
2014-05-14,86.82258261271119,86.97791355048294,85.36736718053312,85.76795959472656,7430344,-0.0088259046668364,0,normal
2014-05-15,85.89061312030088,86.16039815468321,83.87946714944358,84.45174407958984,7792808,-0.0154652101982462,0,normal
2014-05-16,85.18751580686583,86.82259250259392,81.34508557190482,82.21167755126953,25742985,-0.0268829406162458,0,normal
2014-05-19,82.28523876817819,82.54685365018842,77.61709437348642,78.81887817382812,19265787,-0.0421448157344936,0,normal
2014-05-20,79.46474312118123,81.54128908305088,79.03962054177445,80.87908172607422,16365750,0.0258026822073711,0,normal
2014-05-21,81.09982571808345,81.44319449243221,79.49744919302965,80.62565612792969,12196572,-0.0031383080089222,0,normal
2014-05-22,80.91996160818444,81.26333036976739,78.81889208141327,79.05597686767578,12029212,-0.0196607436071181,0,normal
2014-05-23,79.0886823431764,80.69105891548577,78.5572823905783,80.11878204345703,14296044,0.0133541395312271,0,normal
2014-05-26,80.60929427331,83.37257099522614,80.13511807957752,82.73489379882812,14282455,0.032131136284689,0,normal
2014-05-27,83.66689661820915,84.80328029137223,82.2852580836622,83.09461975097656,11082119,0.0043385101807036,0,normal
2014-05-28,83.71594715830574,84.32092420782502,82.28525504309061,84.0838394165039,10316232,0.0118344338829272,0,normal
2014-05-29,84.04296864627874,84.0920222815887,80.94449939788878,81.72116088867188,13870204,-0.0285014138414174,0,normal
2014-05-30,81.75383971999211,83.29080887023356,79.30122512717521,82.76758575439453,12537148,0.0127235328134558,0,normal
2014-06-02,82.84935907284905,82.8984127068788,81.42684360485315,81.60670471191406,6344137,-0.0141250841662872,0,normal
2014-06-03,82.39153458874844,82.39153458874844,80.46214934958745,80.80551147460938,9857490,-0.0098662496616501,0,normal
2014-06-04,81.09982584110078,81.27151022853559,79.33394164046787,80.45397186279297,9311779,-0.0043599317250553,0,normal
2014-06-05,80.69104896924699,82.16261788735915,80.17599585602157,81.9091796875,11030386,0.0179258258793986,0,normal
2014-06-06,82.4078847639419,83.50338481067462,80.93631574957564,83.24994659423828,11962813,0.0162364186751666,0,normal
2014-06-09,83.38893328821962,84.38633275595889,82.58774835082819,83.6750717163086,8521507,0.0050936168289954,0,normal
2014-06-10,83.68323779437985,86.05409875434987,83.68323779437985,85.84153747558594,16908369,0.025561904929134,0,normal
2014-06-11,86.0704653613609,87.88539658917685,85.62898930972851,86.28302001953125,15362652,0.0051298143449596,0,normal
2014-06-12,86.99425906292853,87.30492091021097,85.47363671681703,87.01061248779297,10738871,0.0083972703808337,0,normal
2014-06-13,87.02696482950314,87.58289481961967,85.8415343920996,86.72447967529297,8781208,-0.0032939007041585,0,normal
2014-06-16,86.88799421278665,87.9671407736398,86.50374855169015,87.65647888183594,10475762,0.0106893331538797,0,normal
2014-06-17,88.13064843314577,88.62117141166365,87.26405650713541,87.65647888183594,8907992,0.0,0,normal
2014-06-18,87.94262110802474,88.17152918002412,86.35659807251585,86.74083709716797,7503672,-0.0105007372751435,0,normal
2014-06-19,86.33207257478665,88.28598796528179,86.30754908473321,87.83634185791016,9614216,0.0125505423702305,0,normal
2014-06-20,88.37593512887146,88.83375803669654,86.85531213112718,87.77095794677734,6430521,-0.0007446605491558,0,normal
2014-06-23,87.32946220204505,87.8036317459663,86.49557049030096,86.88799285888672,5227870,-0.010110820039106,0,normal
2014-06-24,87.31311242803446,87.31311242803446,86.20125898357328,86.87164306640625,5683054,-0.0001881886140209,0,normal
2014-06-25,86.83894206543587,87.31311162483314,86.00505032647507,86.52010345458984,6327177,-0.0040548653616516,0,normal
2014-06-26,86.82258604179498,88.27780818459082,86.51192415398181,87.5501937866211,15367004,0.0118354753543368,0,normal
2014-06-27,88.29415952731713,89.76572852011523,87.68918249424004,89.26702880859375,9975757,0.0194199292669496,0,normal
2014-06-30,89.75756121740316,90.4197686642245,88.89097581996339,89.34062194824219,7637256,0.0008240760516287,0,normal
2014-07-01,89.58586161405071,89.58586161405071,87.6401166690958,87.99983215332031,7511603,-0.0151213703596528,0,normal
2014-07-02,88.6211747700226,89.70850473882858,88.03255116538107,88.43314361572266,8601720,0.0049119200276539,0,normal
2014-07-03,89.43869915728962,91.24545991229913,88.97270637456128,90.8285140991211,11954487,0.0267264410827792,0,normal
2014-07-04,91.48255748278788,91.49073419657331,88.93184192978703,89.39783477783203,6069662,-0.0158768058393539,0,normal
2014-07-07,89.76572928843882,91.40080596109831,89.76572928843882,91.1718978881836,10440258,0.019650250006463,0,normal
2014-07-08,91.23728956633828,91.37627373147711,89.60221305008544,89.88835144042969,6899800,-0.0141783517319664,0,normal
2014-07-09,89.80660529127212,90.7304275938092,88.50672068036586,89.16075134277344,5230830,-0.0081274252870251,0,normal
2014-07-10,89.27520825802928,91.23730030854789,88.29416223276998,89.0708236694336,8830440,-0.0010091105458149,0,normal
2014-07-11,89.98647159601391,91.02474799397248,89.44689493765075,90.3952407836914,8164419,0.0147597949736768,0,normal
2014-07-14,90.256261523867,90.74678457584764,87.80364626396394,88.09796142578125,7536115,-0.0257422264611904,0,normal
2014-07-15,87.99167718964412,88.68658479210232,87.34581656602057,87.61560821533203,5002286,-0.0054902353079748,0,normal
2014-07-16,88.24510396540545,88.24510396540545,87.10872704313559,87.52567291259766,4709188,-0.0010270030007779,0,normal
2014-07-17,87.61561646089099,89.05448543319905,87.31312457950735,87.86087799072266,8838776,0.0038224765188399,0,normal
2014-07-18,89.12805316014739,90.74677642503288,88.98089226588428,89.44689178466797,18881307,0.0178904297126756,0,normal
2014-07-21,90.76702174443218,91.31982772241916,89.52115029527023,89.9254379272461,10758551,0.005335798210643,0,normal
2014-07-22,89.79343878619221,92.5739530635474,89.53766276231593,92.20266723632812,9952509,0.0250081994682354,0,normal
2014-07-23,92.32642560354358,94.5046410771608,91.4848484564777,94.20761108398438,11906023,0.0215119164336892,0,normal
2014-07-24,94.71913989938776,95.70924194235975,92.67294557304602,95.18943786621094,16010123,0.0103680134704635,0,normal
2014-07-25,87.45845115624051,91.58384884551867,87.45845115624051,90.93203735351562,37826694,-0.0457566036366019,0,normal
2014-07-28,91.11355156175904,92.21090458932883,89.93368387130114,91.92212677001952,8974499,0.0108293852353913,0,normal
2014-07-30,91.89738977580636,91.93039161681556,90.59375998256505,90.88253784179688,10444200,-0.0113738906787919,0,normal
2014-07-31,90.7670234922875,90.9237872651114,89.2818802906648,89.83468627929688,19032640,-0.011596717588266,0,normal
2014-08-01,89.7686591486855,90.12344732052048,88.28351622396802,88.44853210449219,9160120,-0.0155503374884773,0,normal
2014-08-04,88.48154966351845,90.75877056238502,88.44854782445088,90.53600311279295,13701191,0.0233267713434406,0,normal
2014-08-05,90.72575561945386,91.03103769439366,89.72740816613879,90.68450164794922,5606233,0.001638871590055,0,normal
2014-08-06,90.0657227955959,91.17958040614324,90.0657227955959,90.98981475830078,10141154,0.0033611068842187,0,normal
2014-08-07,90.26372387986858,91.501343218118,88.2835329386695,91.1960678100586,11688173,0.0022642055132413,0,normal
2014-08-08,90.90728684878846,91.02279664016326,89.290129625998,90.4369888305664,5295833,-0.0083584278417285,0,normal
2014-08-11,90.79177863659866,90.84128475585716,89.14161942474922,89.59541320800781,7036227,-0.0093492253956295,0,normal
2014-08-12,89.93368687000047,90.01619482112567,89.29012753702969,89.7274169921875,6273417,0.0014722476538615,0,normal
2014-08-13,89.62015732185168,91.01454032154076,89.55414693373058,90.80001831054688,7116979,0.0118831128157479,0,normal
2014-08-14,91.03929557602042,91.10530596816967,89.68616646839203,90.0904541015625,5863006,-0.0078452760822029,0,normal
2014-08-18,89.93368315746193,90.54424062768116,89.29837598873253,90.37097930908205,6409262,0.0031089793334224,0,normal
2014-08-19,90.23072256880047,91.15481436591064,89.76867667024541,90.3297348022461,6288387,-0.0004564952358379,0,normal
2014-08-20,90.32973792501886,91.583854876436,90.32973792501886,91.11356353759766,5953427,0.0086399841552848,0,normal
2014-08-21,90.9897860770642,91.40232580278423,90.3792219113875,90.9485321044922,6576259,-0.0018129141897835,0,normal
2014-08-22,90.96502845589616,92.08713783784472,90.4782329289187,91.90562438964844,7688910,0.0104684634359371,0,normal
2014-08-25,91.93863917520903,92.60695495903808,91.4270871642499,91.64160919189452,8394749,-0.0028768113219213,0,normal
2014-08-26,92.1944130188277,92.45018230379516,90.1234620371722,90.90728759765624,6642617,-0.0080452477988908,0,normal
2014-08-27,90.42872822738936,92.54093297079078,90.42872822738936,92.16964721679688,7728291,0.0137907009095785,0,normal
2014-08-28,92.1696481600382,93.73729913738872,92.1696481600382,93.27525329589844,16372438,0.0119239642145805,0,normal
2014-09-01,93.3990325395522,94.56239613933128,92.9947448712004,93.37428283691406,5776318,0.0010611282766577,0,normal
2014-09-02,93.56404724608602,93.67131162332528,92.26042415744745,92.5739517211914,7273342,-0.0086081597891025,0,normal
2014-09-03,93.06073940568248,95.70924586063953,92.45842736083716,95.24720001220705,15111425,0.028467814204478,0,normal
2014-09-04,95.70099850825456,96.09703398984853,94.40562098324575,95.23895263671876,6938174,-8.659291374968348e-05,0,normal
2014-09-05,95.87426212256388,96.33630125825157,94.96666798299864,96.02277374267578,6107427,0.0081963653566061,0,normal
2014-09-08,96.1877897786038,98.184484802438,95.38745999862972,97.80494689941406,6592137,0.0183897677348667,0,normal
2014-09-09,97.86270576243986,98.01947624671006,96.02278107335763,97.02938079833984,4390430,-0.0079613300869043,0,normal
2014-09-10,97.02936753582188,97.35939930683472,95.79174839452384,95.98151397705078,5302196,-0.0108582172820543,0,normal
2014-09-11,96.53434389394772,96.83136719013824,94.33137858860472,94.71916198730467,7183838,-0.0132392863520474,0,normal
2014-09-12,94.9666708530575,95.5277289432992,93.93532147523914,94.88416290283205,6343166,0.0017404859042002,0,normal
2014-09-15,94.88416682229712,95.04918944407898,92.82146798145465,93.7703094482422,6813182,-0.011808534235028,0,normal
2014-09-16,94.05908097335806,94.87591503112294,91.74885842666085,92.31816864013672,8629875,-0.0156073100271978,0,normal
2014-09-17,92.73896544245984,94.32312093052484,92.15316430906968,93.6218032836914,7400472,0.0140223319459442,0,normal
2014-09-18,93.27524948320266,96.51781566409896,93.151487568997,96.00626373291016,8558883,0.025150139135075,0,normal
2014-09-19,96.02277930775097,97.83795426305342,95.18944764445924,97.09538269042967,9152573,0.0112803855026983,0,normal
2014-09-22,96.60034653015556,96.60034653015556,95.23071301169637,95.956787109375,4569012,-0.0117958662101953,0,normal
2014-09-23,95.58548925969002,97.936965891927,95.04918757163595,96.15479278564452,10665090,0.0020613619074048,0,normal
2014-09-24,97.02937637672262,98.34950358105822,96.7158421369844,97.81320190429688,11015709,0.0171002389700438,0,normal
2014-09-25,97.68943329605143,98.62177038452752,95.11518273789336,96.1300277709961,9049005,-0.017357825759408,0,normal
2014-09-26,96.3693107241433,97.5244220033601,95.2141994449265,97.12837982177734,5670969,0.010331875794483,0,normal
2014-09-29,97.06236785604816,98.82803646052322,96.41880188390331,97.8296890258789,5676633,0.007194492982693,0,normal
2014-09-30,98.84454668356808,98.84454668356808,97.06237369773451,98.48150634765624,13164455,0.0066406779897407,0,normal
2014-10-01,98.69603164910326,101.92209380529184,98.69603164910326,101.60856628417967,14933617,0.0312590676762329,0,normal
2014-10-07,101.31979110880016,102.62341405423363,100.83298882425764,102.06236267089844,11137186,0.0044561797796731,0,normal
2014-10-08,101.81484171778172,102.12011711774484,97.21914601116022,97.9452133178711,12409324,-0.0411757506222372,0,normal
2014-10-09,98.47327560557028,99.3231048947114,96.20430674042024,96.90562438964844,14277697,-0.0106707141191702,0,normal
2014-10-10,95.74224599136512,98.89404549780964,95.74224599136512,96.4848175048828,21075376,-0.0043518960376882,0,normal
2014-10-13,96.3362982019574,96.69933853207154,93.4155182878122,96.4600601196289,12509735,-0.000256626511101,0,normal
2014-10-14,97.3594124330632,97.85446015632596,95.42047551695082,95.71749877929688,10770471,-0.0077279057981147,0,normal
2014-10-16,95.70098974969945,96.46831094300536,93.34126120866922,94.60363006591795,11741991,-0.0117052839907518,0,normal
2014-10-17,94.93367712330505,95.95678116508635,92.42543656514728,93.38253021240234,17418992,-0.0129915630650812,0,normal
2014-10-20,93.56404506220458,94.8841723979176,91.31983262020135,91.81488037109376,8591699,-0.0169299050103006,0,normal
2014-10-21,92.24390152488776,94.88415573258284,92.04588380221335,94.60363006591795,8013187,0.0299214680753818,0,normal
2014-10-22,96.17129537292296,96.8231135994619,95.04919253858404,96.31156158447266,6701528,0.0178925214766199,0,normal
2014-10-27,90.7587721901502,92.16140744905228,90.28848086734476,91.55084991455078,15869937,-0.0506938149000353,0,normal
2014-10-28,91.64986378827606,93.151504593031,90.76702595312602,91.36933135986328,12304604,-0.001984675643829,0,normal
2014-10-29,91.69111664817548,92.45018582272272,91.51784859583364,91.8808822631836,8714024,0.0055831010725997,0,normal
2014-10-30,92.07890186969358,92.9369900100796,92.0624043066953,92.45018768310548,16102619,0.0061770078181702,0,normal
2014-10-31,93.23400076539936,93.56403255521126,92.35116975636096,93.0194854736328,15541249,0.0061390044936358,0,normal
2014-11-03,94.05909117120352,94.05909117120352,92.63995833879328,93.21751403808594,17221563,0.0021266304719826,0,normal
2014-11-05,93.89406303989168,93.89406303989168,91.88087049292542,92.24390411376952,20365973,-0.0104994222308771,0,normal
2014-11-07,92.85447543286648,92.90397483284784,90.49474664403633,91.32807159423828,16182107,-0.0099779948913516,0,normal
2014-11-10,91.4188321566191,92.40892759358384,91.09705248250846,92.21916198730467,9631533,0.0097097338552956,0,normal
2014-11-11,92.49143609559007,92.57394404916016,91.55909890605407,91.96338653564452,6780963,-0.0027774142353118,0,normal
2014-11-12,91.41882666548986,92.58219007694814,91.22080893289386,91.75711059570312,9857442,-0.002245541785923,0,normal
2014-11-13,92.24391645185024,93.1350064198522,91.42708901706784,92.2109146118164,10238813,0.0049335196815025,0,normal
2014-11-14,92.72246603652528,93.72905908091144,92.52444828308168,93.05249786376952,11654013,0.0090853237518135,0,normal
2014-11-17,93.08550549029748,93.39903305986424,92.24392159270128,93.09375762939452,8023832,0.0004433048216991,0,normal
2014-11-18,93.22574656924074,93.72903962973022,92.78845046018344,93.44026184082033,10522589,0.0037151894433593,0,normal
2014-11-19,93.89407525711992,94.22410708528712,92.4584381474954,93.21751403808594,8782771,-0.0023866984102065,0,normal
2014-11-20,93.8940846602192,94.8841802438748,92.92874549486424,94.37263488769533,7056403,0.0123155235619387,0,normal
2014-11-21,94.55413602197628,95.15644811867152,93.5887969828162,94.40562438964844,9837416,0.0003495053129025,0,normal
2014-11-24,94.51288206045966,96.1465435889108,94.4221286820856,95.60198974609376,7734355,0.0125929813089893,0,normal
2014-11-25,96.36932121883382,96.93037264403242,95.26370921671312,95.96502685546876,21391759,0.0037901884198747,0,normal
2014-11-26,96.36929578659576,96.36929578659576,94.6366224218264,95.6762237548828,7530686,-0.0030139995256215,0,normal
2014-11-27,95.66800556537804,96.53433913711314,95.54424362655874,96.03929138183594,10689266,0.0037875709822676,0,normal
2014-11-28,96.61683666100082,97.35940821371344,95.73399890697011,96.66633605957033,10470797,0.0065078212722093,0,normal
2014-12-01,97.02937541279935,99.15807782283756,96.8726049372306,97.78844451904295,16086603,0.0115412016248477,0,normal
2014-12-02,98.18449007278753,98.18449007278753,96.28680717031796,97.51617431640624,4880788,-0.0027881611878131,0,normal
2014-12-03,97.6234270629812,98.34950103527984,96.58382557357416,97.99471282958984,6027475,0.0048952718265224,0,normal
2014-12-04,97.97821493280694,98.3412485604548,97.30989921229953,97.80494689941406,5007316,-0.0019383689415528,0,normal
2014-12-05,97.5244095061614,97.5244095061614,95.16468113810149,95.51946258544922,5534057,-0.0236451341259247,0,normal
2014-12-08,95.37922708919152,95.75051290324004,93.30827598348456,93.7868194580078,5169513,-0.0183056947958091,0,normal
2014-12-09,93.89408092518538,95.00793841248954,91.67461808968233,91.89739227294922,8176680,-0.0203516753767809,0,normal
2014-12-10,91.74887079487364,92.28517252979596,90.98980159876945,91.11356353759766,6930787,-0.0085659738207422,0,normal
2014-12-11,91.07230806143008,91.4188374557458,89.88418809659107,90.1482162475586,7026376,-0.0106515164764084,0,normal
2014-12-12,90.14820006538498,91.40232348558536,88.9435827539187,89.62840270996094,5749913,-0.0057828986799428,0,normal
2014-12-15,88.67956660084978,90.08220171555595,86.6086157650573,89.3643798828125,7921518,-0.0029500968118156,0,normal
2014-12-16,88.94358188267655,90.70925050379752,88.28351834472379,88.57229614257812,9925832,-0.0089030433737402,0,normal
2014-12-17,88.28351690445223,89.60364395882101,87.07065420195896,88.30827331542969,11679591,-0.0029853253417488,0,normal
2014-12-18,88.76208691209611,89.11686845177938,87.62347304344495,88.77033233642578,7240270,0.0052187001130894,0,normal
2014-12-19,89.83469543834488,91.50960442291132,89.76868503838949,90.84954071044922,9080637,0.023152240492954,0,normal
2014-12-22,91.74884864045816,91.9056190967308,90.56898779433368,91.60858917236328,8270136,0.0083202961830712,0,normal
2014-12-23,91.8313845830525,91.8313845830525,90.5772675520308,91.15482330322266,7233075,-0.0049656197089298,0,normal
2014-12-24,91.15479553717714,91.55083096012604,89.12509888690911,90.01618194580078,10663885,-0.0125699622663502,0,normal
2014-12-26,90.19772072915684,90.51124827754349,89.29013320912586,90.3297348022461,3878548,0.0034772417145365,0,normal
2014-12-29,90.42873533803662,91.15480934275938,90.32972982456144,90.78352355957033,5040377,0.0050111152659901,0,normal
2014-12-30,90.75879628558202,91.5673785017391,90.44526865380703,91.1795883178711,4333129,0.0043532491799247,0,normal
2014-12-31,91.08879556303232,91.83136710177816,90.79176560463118,91.61685180664062,3576239,0.0047841667210564,0,normal
2015-01-01,91.17957300675332,91.48485516104658,90.84128900958072,91.15482330322266,1082549,-0.0050558106151576,0,normal
2015-01-02,91.31982718360378,92.45018211880505,91.25381679203906,91.96338653564452,4198953,0.0088311095659179,0,normal
2015-01-05,91.92213282543756,93.23400794810328,91.66635682572571,92.12840270996094,3838601,0.0017927602223801,0,normal
2015-01-06,91.58385019081138,91.81487649351322,89.45514763768071,89.97494506835938,12396695,-0.0236520421769697,0,normal
2015-01-07,89.63664467519048,89.93367460162443,88.8363216871614,89.29011535644531,8305581,-0.0076404519852903,0,normal
2015-01-08,91.77361660947037,92.2274103327507,89.63665534095716,89.93368530273438,7792131,0.007181777309559,0,normal
2015-01-09,90.62674170086888,92.40891457931876,89.64489854039144,91.33631134033205,13587116,0.0154758543364188,0,normal
2015-01-12,90.75876308049384,92.24390614673489,90.37922517621834,91.75711059570312,4421790,0.0045965605079789,0,normal
2015-01-13,91.93037408551147,93.51452929700208,91.5838380347124,92.9864730834961,6312675,0.0133090482467563,0,normal
2015-01-14,93.3990182231938,93.9765738650291,90.75876386051812,91.0805435180664,9723858,-0.0207098232015772,0,normal
2015-01-15,92.40891632925344,93.06897987343709,90.96502732635166,92.32640838623048,6993422,0.0135860066219226,0,normal
2015-01-16,92.54093582193786,92.96997983668832,91.23731293133406,91.59209442138672,8304680,-0.0079852527673454,0,normal
2015-01-19,97.5409202440643,98.76204191931124,96.09703113498162,96.40231323242188,32334205,0.0511852350033663,0,normal
2015-01-20,96.71584530061882,98.01947498625124,96.1877957445146,97.4254150390625,13390593,0.0105569137880419,0,normal
2015-01-21,97.29340910288964,98.1844990981473,95.15645428527309,97.1448974609375,17701408,-0.0028834591349573,0,normal
2015-01-22,98.193396910686,99.47490224718436,97.31131952228048,98.95064544677734,19458651,0.0184175428175121,0,normal
2015-01-23,99.7245294132674,100.52339194534676,98.23498753013672,100.15724182128906,19277835,0.0121201742597296,0,normal
2015-01-27,100.25711190322652,100.81465319637668,99.02553684365076,99.6163558959961,15764550,-0.0054150023140078,0,normal
2015-01-28,99.19198438715011,101.8548557240366,99.15037702251126,101.06431579589844,16769969,0.014430737303039,0,normal
2015-01-29,101.18913772501269,102.27092920386094,99.8244107494554,100.30706024169922,13488321,-0.0075210205010982,0,normal
2015-01-30,101.00604506231352,101.53029505600814,99.38335812598255,100.94779205322266,9393192,0.006367389099104,0,normal
2015-02-02,101.85484312313363,104.46778394478892,101.35555480923654,104.03506469726562,15948657,0.0301245300332491,0,normal
2015-02-03,103.85198748907771,104.52602800954772,102.81180359083096,103.4442367553711,8465539,-0.0056953106627286,0,normal
2015-02-04,103.71884115978264,104.8339169288596,102.5621580353518,103.0531234741211,8923261,-0.0037880750485683,0,normal
2015-02-05,103.34437945425628,107.03079536208374,103.3360566284176,106.2236099243164,12263607,0.0303017826160401,0,normal
2015-02-06,106.18200112667265,108.9613711930248,105.84914227388722,107.05575561523438,11074311,0.0078033794919063,0,normal
2015-02-09,106.49821463393585,108.1791545541432,105.78256674398524,107.8130111694336,6794574,0.0070485692333344,0,normal
2015-02-10,106.6812886410442,108.51201231823944,106.0738171758474,106.94757843017578,11140578,-0.0080595552981552,0,normal
2015-02-11,107.51344740992144,108.01273573958925,105.37482635569856,106.2485809326172,14166503,-0.0065573414109598,0,normal
2015-02-12,107.09736508479112,108.67844466671548,106.72289886801954,107.6465835571289,9639757,0.0130720349394133,0,normal
2015-02-13,107.8463008405127,110.49252614506908,107.64658687315524,109.95995330810548,9239165,0.0212627519443371,0,normal
2015-02-16,109.99323350631111,111.050063084478,109.84344972970308,110.09309387207033,5117465,0.0012100771329208,0,normal
2015-02-18,110.17631020827884,111.67417508453472,109.09451890876068,111.34131622314452,6045571,0.0112740885374789,0,normal
2015-02-19,111.3413182681034,111.3413182681034,109.01130619557766,109.76023864746094,7382040,-0.0143020660997397,0,normal
2015-02-20,109.7602484632087,110.00989263616188,107.76309507958324,108.17916870117188,4849774,-0.0145095162317128,0,normal
2015-02-23,108.17916534426618,109.51060089203406,107.1056967882846,108.13755798339844,5689865,-0.0003847203027191,0,normal
2015-02-24,108.59523681798645,109.81017308584552,108.11259415022178,108.67845153808594,8433603,0.0049894348483325,0,normal
2015-02-25,108.769989347124,110.77546546076876,108.52866801265922,110.47589111328124,9829069,0.0164037806274519,0,normal
2015-02-26,110.47587992405242,111.32466592193045,108.41215100640368,109.4939422607422,10478408,-0.0089280912762479,0,normal
2015-02-27,109.3441716815204,109.61046150045384,107.96280594336194,108.89481353759766,12264620,-0.0054868230191535,0,normal
2015-03-02,109.86010512734528,112.24004074475248,108.8448828161763,110.59239196777344,9859640,0.0154688951166512,0,normal
2015-03-03,110.67559891722944,112.672752093093,110.3427400545855,111.91549682617188,9609805,0.0118927958947825,0,normal
2015-03-04,111.88221392779688,112.13185807842464,109.22766581386124,109.76023864746094,8693384,-0.0194457556573848,0,normal
2015-03-05,109.82680500505003,111.49109930154556,109.05291086599196,111.1416015625,7213278,0.0125067398223288,0,normal
2015-03-09,111.00846789381086,111.00846789381086,109.1860668092033,109.860107421875,7593752,-0.0115972723427875,0,normal
2015-03-10,108.345595018567,110.14303436628936,107.34701835561364,108.89481353759766,9328397,-0.0088254028335903,0,normal
2015-03-11,109.43570746391372,112.77261911317012,108.26237854947286,108.9697036743164,12190748,0.0006874927650164,0,normal
2015-03-12,109.14445587041766,109.33584701879036,107.59666071442656,109.06124114990234,6275689,0.0008396742126484,0,normal
2015-03-13,109.57715833205404,109.57715833205404,105.17510137380816,106.3900375366211,10007634,-0.0247976295158887,0,normal
2015-03-16,106.71459124631464,108.3372784168508,105.94901305191564,107.55506134033205,8820568,0.0108909746043845,0,normal
2015-03-17,108.17916364197134,108.41216215035172,106.39004715281158,107.08072662353516,7882840,-0.0044199105237554,0,normal
2015-03-18,107.6798743504368,107.84630378979122,104.64253708221858,105.08357238769533,8925624,-0.0188270433527302,0,normal
2015-03-19,106.13207532840902,106.96422249474656,105.26664362982416,105.6910400390625,7848403,0.0057641603637721,0,normal
2015-03-20,106.29850425288242,109.29423403735863,105.95732256191089,108.62019348144533,12037719,0.0273372124333377,0,normal
2015-03-23,108.62851469511818,109.92666560352916,106.71457625011112,107.36365509033205,6133273,-0.0116356160521204,0,normal
2015-03-24,107.34702114447174,109.59381869448826,107.03080790180056,108.55363464355467,7011000,0.0110226615303972,0,normal
2015-03-25,108.34560245672334,110.5008625478213,107.60499273526143,110.02654266357422,5859475,0.0134772542741252,0,normal
2015-03-26,109.49395952278664,109.49395952278664,104.05171786276593,105.1667938232422,12227282,-0.0451740312183419,0,normal
2015-03-27,106.46493099215138,106.78115096906537,101.28065023860896,101.87979888916016,13652951,-0.031753926296175,0,normal
2015-03-30,103.18628643676408,104.0101108626412,102.55385317022092,103.75214385986328,6814467,0.0182111464947842,0,normal
2015-03-31,103.69388676348956,105.61614129868892,102.88670130392416,104.65917205810548,9010840,0.0087042675291808,0,normal
2015-04-01,103.75213831067693,105.92404387875708,103.21956545176852,105.38314819335938,6354889,0.0068936488749011,0,normal
2015-04-06,104.67581353990938,104.67581353990938,102.75355230926264,103.3776626586914,7872158,-0.0192138287200256,0,normal
2015-04-07,103.75213045810224,104.50106288889236,101.3805110939335,102.36244201660156,9890882,-0.0098690421463185,0,normal
2015-04-08,102.18772087446224,103.68558609282869,102.03793028940612,102.57050323486328,9541026,0.0020305304205114,0,normal
2015-04-09,103.43592297477252,103.90192675634306,101.86315936546806,102.71195220947266,7049918,0.0013780914368846,0,normal
2015-04-10,103.227878445882,103.50248428965388,102.27922530114868,102.80348205566406,5738526,0.000890734582251,0,normal
2015-04-13,103.00321458299864,104.14325906414172,102.32917393254296,103.88529205322266,4619465,0.0104681048212977,0,normal
2015-04-15,103.68557898656069,103.68557898656069,99.98252356161665,100.9644546508789,7315918,-0.0285188086573358,0,normal
2015-04-16,101.02269042932642,101.22240438959808,98.2017061918774,100.18222045898438,13076860,-0.0077777883709559,0,normal
2015-04-17,99.20030097873314,99.3084841905982,97.36126086937958,97.66915130615234,8342621,-0.0254049723571325,0,normal
2015-04-20,97.66913492382989,98.36813718188937,94.94801100934754,95.76351928710938,7922147,-0.0197039483271694,0,normal
2015-04-21,94.53193626316065,97.92710068785834,91.6277440730662,96.22119903564452,21048960,0.0047678858979951,0,normal
2015-04-22,93.53337352808356,93.7414103457259,90.20478444580642,90.62918090820312,33440956,-0.0598734513207519,0,normal
2015-04-23,91.36145889236823,91.36145889236823,88.63201881975586,88.91494750976562,16233670,-0.0190959794164484,0,normal
2015-04-24,89.1313112069031,89.6472451967592,85.29511113377013,87.0759048461914,19017589,-0.0209000590829697,0,normal
2015-04-27,87.97462563331068,89.16459342894404,86.23543932737297,88.84005737304688,9816226,0.0200574370572308,0,normal
2015-04-28,88.70692964901039,89.46418510747836,87.3754938616496,88.58210754394531,16379558,-0.0029077540674826,0,normal
2015-04-29,88.70691143859935,90.98699340197608,88.24090765428126,90.1465301513672,15025078,0.0175065684239159,0,normal
2015-04-30,89.3809566464224,90.2131038857476,88.83173811406144,89.63892364501953,16950219,-0.0056468178536874,0,normal
2015-05-04,89.72214223736948,90.63750424009352,88.96488686252776,90.06332397460938,5264457,0.004723381307178,0,normal
2015-05-05,90.71237014955696,91.26158854823576,90.07993704720046,90.68740844726562,8626659,0.0069054984651524,0,normal
2015-05-06,90.49602482870156,90.49602482870156,88.11608257400974,88.5987319946289,14824806,-0.0233009751674764,0,normal
2015-05-07,88.37405134142928,90.32127439944573,87.39212037218245,89.56402587890625,12131047,0.0108361965366352,0,normal
2015-05-08,90.05499190234717,90.62084928258164,89.22284471257227,89.95513153076172,8303757,0.0043572649992915,0,normal
2015-05-11,90.3628728189823,90.58755524546156,89.38926477230982,90.12155151367188,11205821,0.0018483240303517,0,normal
2015-05-12,90.28799301354432,90.60421301800768,88.31580818005385,88.84838104248047,7637918,-0.0142279983111031,0,normal
2015-05-13,89.03976270614368,90.4377739395984,88.14936934546155,90.24637603759766,8023000,0.0156121085079465,0,normal
2015-05-14,90.3379279808185,90.3379279808185,88.71524082804476,89.28942108154297,5469907,-0.0106604257661091,0,normal
2015-05-15,89.20618666599754,90.13819409786836,89.03975725116563,89.61393737792969,5391273,0.0036278430444331,0,normal
2015-05-18,89.70548437158058,90.70406096589028,89.10634247821332,90.57923889160156,5679331,0.0107141765059024,0,normal
2015-05-19,90.70406663152362,92.3267536986345,90.4710681204433,91.96893310546876,12356226,0.0152258009019377,0,normal
2015-05-20,92.32674634380956,94.01600911668343,91.9772486050304,93.86621856689452,7847779,0.0204197254293241,0,normal
2015-05-21,94.1990578375844,94.2157034858876,92.95083737572712,93.90780639648438,7785822,0.0004429561573058,0,normal
2015-05-22,93.29202949012743,93.68314132100912,92.30177583333588,93.28370666503906,10580120,-0.0066680591836947,0,normal
2015-05-25,93.36693376957808,94.11586623043492,92.78443074446722,93.71643829345705,8279640,0.0046281504319862,0,normal
2015-05-26,93.29203739025937,93.83293303041496,92.55142779122168,92.90924835205078,6425326,-0.0086504166644063,0,normal
2015-05-27,92.57640216528723,92.81773028615991,90.87882312443648,91.92733001708984,8946008,-0.0106248187533015,0,normal
2015-05-28,92.11872762974382,92.81773678850293,90.07996671810484,92.2934799194336,12361740,0.0039751251187807,0,normal
2015-05-29,92.30177738945332,94.0326406117471,92.30177738945332,93.48342895507812,17654976,0.0128106912396335,0,normal
2015-06-01,93.20049500859236,94.523614308012,92.99245823472516,93.79132080078124,4461161,0.0032881327943075,0,normal
2015-06-02,93.52505336385472,93.53336941856956,90.87882109649104,91.33650207519533,5428366,-0.0265218115827163,0,normal
2015-06-03,91.57781104540472,92.90924643992447,90.545949969058,90.80391693115234,9938402,-0.0058480886869762,0,normal
2015-06-04,91.03692633695482,93.35029967565806,91.03692633695482,91.9855728149414,12418162,0.0129293248379198,0,normal
2015-06-05,92.25185122578252,94.02432865137465,91.63606371250948,92.50149536132812,9048973,0.0055930629330864,0,normal
2015-06-08,92.50150733735966,93.48344512752072,91.61942992315784,92.3683624267578,6071763,-0.0014402884188671,0,normal
2015-06-09,92.06877155745148,92.75945769455326,89.97176498670963,90.46273040771484,6360473,-0.0208465748512667,0,normal
2015-06-10,90.28799169936975,94.35719693325484,90.15484679269323,93.65818786621094,9516498,0.0347139083810681,0,normal
2015-06-11,94.03264324350846,94.19907266461892,90.37951880453969,90.8788070678711,10654536,-0.0301250271342512,0,normal
2015-06-12,90.87882013234734,92.2685087072096,88.04119674007916,89.4308853149414,11815543,-0.0160607325940116,0,normal
2015-06-15,89.20618977374187,91.2033428213012,88.51551038693978,90.02169799804688,5508510,0.0065846343014079,0,normal
2015-06-16,90.37120259792536,90.94538278840372,89.04808995759753,89.92184448242188,6020206,-0.0011098317227489,0,normal
2015-06-17,90.20478835873418,92.19361906726046,90.05500455234707,90.96204376220705,7280782,0.0115014195741567,0,normal
2015-06-18,91.12012641948073,93.26706996897056,90.65412269596143,92.55142211914062,9528344,0.0173220868649002,0,normal
2015-06-19,92.94253842025113,96.15462768736226,92.66792580491028,93.45846557617188,27555342,0.0097527143072282,0,normal
2015-06-22,93.18385735583,93.79132203470184,92.0438131112272,93.2337875366211,8081059,-0.0024069359523419,0,normal
2015-06-23,93.86622967910876,93.86622967910876,92.36836463608194,92.7677993774414,5694782,-0.0050105931012423,0,normal
2015-06-24,92.86763848072812,94.53193271306928,92.701209057494,94.0992202758789,7592163,0.0142501703244155,0,normal
2015-06-25,93.78302090345508,93.84959675058724,91.49461583144765,91.89405059814452,11733234,-0.0237134709471318,0,normal
2015-06-26,92.21857477951473,93.4251882070926,92.21857477951473,92.975830078125,4171246,0.0117032782550712,0,normal
2015-06-29,92.05214530948312,92.36004247901964,90.2463831958837,91.9356460571289,4477214,-0.0112507348363406,0,normal
2015-06-30,91.86906925004556,92.29346566746187,90.7040631947237,90.98699188232422,8373885,-0.0103722829552062,0,normal
2015-07-01,90.5459616602846,92.5347921832387,90.07995785762652,91.993896484375,6424723,0.0110056823361723,0,normal
2015-07-02,92.52647825823588,93.2837268364493,91.37811099253618,92.4931869506836,5362553,0.0054127549314086,0,normal
2015-07-03,92.10207501236128,92.26850444971772,91.20335198741786,91.46131896972656,4578990,-0.0112188478185482,0,normal
2015-07-06,90.62917087954295,91.82746146215834,90.4877031503877,91.5445327758789,3867641,0.0009094114870498,0,normal
2015-07-07,92.11870995324097,93.58329029374814,91.9855650546438,92.16864013671876,4165118,0.0067943931496348,0,normal
2015-07-08,91.71929060761065,92.99247315920027,91.36978606260918,91.993896484375,5195982,-0.0018977117495451,0,normal
2015-07-09,91.9855524070138,92.60966945662648,90.41279586191126,90.68740844726562,3664431,-0.0143037111840707,0,normal
2015-07-10,91.53622967847537,92.2685234165939,90.79561988440445,91.31155395507812,5939475,0.0068588078348481,0,normal
2015-07-13,91.38641831094924,93.53335513808678,91.38641831094924,93.14225006103516,4831150,0.0198505661625647,0,normal
2015-07-14,92.78442376911106,94.43207912234712,92.51814075515482,94.0992202758789,3293913,0.0102218653340928,0,normal
2015-07-15,94.5319388150522,96.4958074903875,94.2906174901917,96.15463256835938,8716285,0.0216078910777328,0,normal
2015-07-16,96.34602060004056,96.86195453753533,95.23094478277822,95.7468719482422,4637732,-0.0042496929330502,0,normal
2015-07-17,96.02982115855616,96.51246386188252,94.06595226510116,94.59020233154295,5034174,-0.0121540573191101,0,normal
2015-07-20,95.0367342553686,96.5027316006002,94.6997246323688,95.81185913085938,3991263,0.012832566565275,0,normal
2015-07-21,95.63491943768987,98.59217999508652,95.60121984959969,97.1598892211914,8343864,0.0139714961390229,0,normal
2015-07-22,97.73280899409144,99.1819461241468,97.0587898108626,98.50792694091795,5474926,0.0137790575330818,0,normal
2015-07-23,99.0134513750053,100.05817984372064,96.8313154191812,99.25778198242188,11890199,0.007583302879385,0,normal
2015-07-24,98.24675185707233,98.74384653401071,95.2389450988099,95.5001220703125,12045388,-0.0385927986678709,0,normal
2015-07-27,95.20524939497616,96.0056473364298,94.32059903863266,94.64076232910156,5267502,-0.0090392510301207,0,normal
2015-07-28,94.6154772979175,94.7418559133162,93.26743873366487,93.79823303222656,8265859,-0.0089422564536905,0,normal
2015-07-29,93.85720422331332,95.71075722186389,93.84878446759372,95.17996978759766,6008291,0.0146235000438368,0,normal
2015-07-30,95.71075113403128,95.99721479167827,93.63814748902976,94.69972229003906,5578062,-0.0050584506046753,0,normal
2015-07-31,94.8682232002837,96.384766403974,94.8598034454455,96.0224838256836,7047102,0.0138713028989228,0,normal
2015-08-03,96.21627211725026,97.04194984336912,95.87926247960466,96.11517333984376,3455284,0.000964824102863,0,normal
2015-08-04,96.19941221872674,96.19941221872674,93.9414438501993,94.33743286132812,7786595,-0.0186691287413731,0,normal
2015-08-05,94.57332910780931,97.39579105206874,94.33742515649595,96.94924926757812,5696430,0.0273095722328822,0,normal
2015-08-06,97.5643149230352,97.69069353378276,95.87925992325586,96.31737518310548,5022969,-0.0065389079744502,0,normal
2015-08-07,96.31735723319686,97.04192917107916,95.3821543166556,95.8960952758789,4219929,-0.0043834657455255,0,normal
2015-08-10,95.71917929165627,96.62910937983249,94.37956742302612,94.94406127929688,3854564,-0.0099773749038103,0,normal
2015-08-11,95.37374512743584,95.61808259249332,93.528618788643,95.3990249633789,6672931,0.0047804683584615,0,normal
2015-08-12,94.74183715529134,97.95185472215928,94.74183715529134,97.35366821289062,7323971,0.0202820538825241,0,normal
2015-08-13,97.31996315286624,97.64855297769611,95.34003187550042,96.24996185302734,5510921,-0.0114018349392486,0,normal
2015-08-14,96.24996463219964,97.36209216154144,95.48326644625422,96.93240356445312,4568222,0.0070652882711046,0,normal
2015-08-17,97.02506643237702,97.56428717003006,95.85395967721004,97.0334930419922,2212863,0.0010423428907895,0,normal
2015-08-18,97.34523907062012,98.9965873132274,95.79498958379868,96.24153137207033,7479918,-0.0081952244453287,0,normal
2015-08-19,96.67123131421523,98.87022035962237,96.38476766458923,98.53321075439452,5814979,0.023532672817728,0,normal
2015-08-20,98.57533766626266,98.80281503754588,96.67965176670096,97.18517303466795,6423955,-0.0137754973346595,0,normal
2015-08-21,96.85658086930812,97.22729691406396,94.98618170534652,97.0587921142578,7385267,-0.0013012598681907,0,normal
2015-10-01,100.7743273426931,103.34402579161863,100.65637534256273,101.060791015625,18667659,0.0031730977798014,0,normal
2015-10-05,101.17029560357128,102.77109102952464,100.61422845273415,101.1534423828125,9100269,0.0009163684683706,0,normal
2015-10-06,101.50731870953165,102.7879579637417,100.79959990335364,100.99337768554688,8106115,-0.0015836482677711,0,normal
2015-10-07,101.06920151585656,101.06920151585656,98.57533594783467,99.2240753173828,4985700,-0.01767426764488,0,normal
2015-10-08,99.6874729444088,100.58897645700232,98.68487065560872,99.38416290283205,5878542,0.0016120944584585,0,normal
2015-10-09,100.37832893016775,100.53840710853112,98.60902864446471,99.81383514404295,7196840,0.0043140283718088,0,normal
2015-10-12,101.1029261534688,101.1029261534688,98.06983919164222,98.39842224121094,5656995,-0.0142820326115487,0,normal
2015-10-13,98.57535054495897,100.04134115851048,98.34786628747727,98.6343231201172,5195476,0.002394535905096,0,normal
2015-10-14,98.08665324320842,100.1676899656139,97.90972185743487,98.2214584350586,5600910,-0.0041945965431882,0,normal
2015-10-15,99.07242039556851,99.07242039556851,97.0756358297947,97.244140625,4486078,-0.0099999791167935,0,normal
2015-10-16,97.56430828749107,98.09509567393955,95.30633981514976,97.2188720703125,4888068,-0.0002598803184161,0,normal
2015-10-19,98.052967799811,98.44895682238796,96.23311458858056,97.3199691772461,5330665,0.0010393514774342,0,normal
2015-10-20,97.56431436010924,97.71596594953996,96.04776418341018,96.35107421875,7156819,-0.01000565727076,0,normal
2015-10-21,96.85657294734683,97.64855092684168,96.24995983154666,97.37051391601562,5404803,0.0105248890185274,0,normal
2015-10-23,96.68808033300586,96.68808033300586,95.14626408938358,95.66862487792967,9916189,-0.017633036958224,0,normal
2015-10-26,96.14887151973932,96.77233796892828,95.32320066222948,95.88768768310548,5681966,0.0022871906202892,0,normal
2015-10-27,96.08987641185162,97.29468976602443,95.37373105923383,96.9071273803711,15674230,0.0105754835591671,0,normal
2015-10-28,96.87343012887158,97.9434383064587,96.00562633148424,97.3957977294922,7496963,0.0050299950879173,0,normal
2015-10-29,97.57272861180726,97.71596043767352,96.21626356949504,96.82288360595705,8150157,-0.0058996980244439,0,normal
2015-10-30,96.46902045418624,97.57272828704538,95.90453347704435,96.52799987792967,6049662,-0.003050246798435,0,normal
2015-11-02,96.63751322722716,97.28625938173172,95.7949893156509,96.9155502319336,9695048,0.0040068626975893,0,normal
2015-11-03,96.91555154747005,97.67382307818148,96.27523199468492,96.7638931274414,5637257,-0.0015660633142822,0,normal
2015-11-04,97.24415241760458,97.55588906912914,96.2921029518326,96.56170654296876,4350852,-0.0020916697895421,0,normal
2015-11-05,96.59539540331556,96.87343243211872,95.9382294379221,96.19098663330078,3277977,-0.0038465907859928,0,normal
2015-11-06,95.752873511996,96.4942987485352,95.49169655624392,96.03933715820312,3659753,-0.0015777896386639,0,normal
2015-11-09,94.9524791840124,95.54224600770542,93.722399579778,94.40483856201172,7082536,-0.017165541811476,0,normal
2015-11-10,94.52279064505632,94.66601560667002,92.92198823886982,93.69711303710938,7630478,-0.0075249497249192,0,normal
2015-11-13,93.3516819316322,93.56231293651082,92.74506875146864,92.930419921875,3326617,-0.008216337817327,0,normal
2015-11-16,92.66081996268638,94.01728505829352,91.3717540486773,93.2674331665039,5924403,0.0036199516488384,0,normal
2015-11-17,93.85719177392794,93.85719177392794,92.8461629997323,93.66341400146484,7816195,0.0042366622016469,0,normal
2015-11-18,93.2674355842269,93.83192945653744,92.87145338323636,93.4106674194336,6561801,-0.002702103187083,0,normal
2015-11-19,93.59602795539628,94.6997290368712,93.12421308995675,93.81507873535156,5367129,0.0043200462882637,0,normal
2015-11-20,94.649176805609,96.89028526913248,94.0257035301849,95.9972152709961,9887773,0.0229935862524692,0,normal
2015-11-23,96.7133672697696,97.08407650161584,95.63493231037847,96.06462097167967,5929566,0.0007019166823534,0,normal
2015-11-24,96.58696653695203,97.29468524595288,94.7839598948251,95.01144409179688,5441907,-0.0110237516661717,0,normal
2015-11-26,94.19420812415986,96.5448556780158,94.19420812415986,95.96350860595705,10273112,0.0099706520469684,0,normal
2015-11-27,95.96350451274954,96.11516294717882,95.18838654386322,96.03933715820312,7137918,0.0007898690864367,0,normal
2015-11-30,95.87925211244811,97.01665951651728,95.57594895654532,96.03933715820312,22234597,0.0,0,normal
2015-12-01,97.5980131343332,98.98817783289611,97.5980131343332,98.0614013671875,9200387,0.0208359574337073,0,normal
2015-12-02,98.54162147725133,98.64272709214376,97.06720458952118,97.35366821289062,3787604,-0.0072434152617306,0,normal
2015-12-03,98.57534560088732,98.57534560088732,95.92981448263254,96.47745513916016,6974419,-0.00904105622556,0,normal
2015-12-04,96.44374293807084,96.44374293807084,94.73342200772686,95.92980194091795,5513331,-0.0056926613424863,0,normal
2015-12-07,96.35948858158304,97.29469154813266,95.69389602472476,97.06720733642578,6213411,0.0117869035188782,0,normal
2015-12-08,96.75548525850826,97.5474564721278,95.0957101837012,95.49169921875,3736804,-0.0163642731921109,0,normal
2015-12-09,95.036733086897,96.69650820235532,94.79240248452189,95.25579071044922,4223545,-0.0024735175143639,0,normal
2015-12-10,95.55066702808756,96.04775480767412,94.3037342735506,95.22208404541016,6014387,-0.0003539168571062,0,normal
2015-12-11,95.54224662152764,95.66862522741664,94.46381859386602,95.35689544677734,3691311,0.0014147564879634,0,normal
2015-12-14,94.90194261154502,96.04776992569984,94.36272169137943,95.5506820678711,3973023,0.0020301623453109,0,normal
2015-12-15,95.77817170604648,96.04777532480564,93.75611371119663,94.17737579345705,6393961,-0.0144768283029925,0,normal
2015-12-16,93.05679608258733,94.16893050175034,93.05679608258733,93.5117645263672,10970066,-0.0070927285015089,0,normal
2015-12-17,93.94143984920504,94.09309827224264,93.20002152483454,93.70553588867188,10163672,0.0020700162972877,0,normal
2015-12-18,93.35167638907836,93.91617019122864,92.75348299944396,93.3853759765625,14961660,-0.0034225096391429,0,normal
2015-12-21,93.3179777989858,94.2363275642513,92.42490101048412,93.66341400146484,6207683,0.0029728952506182,0,normal
2015-12-22,93.4864913182583,93.94145293780495,93.18318128640108,93.59602355957033,6653875,-0.0007197548564867,0,normal
2015-12-23,94.36272430517243,94.36272430517243,93.35169533657528,93.7392578125,4221929,0.0015291757088355,0,normal
2015-12-24,93.77294843403185,94.32901568484802,93.43593881008,93.89090728759766,2154842,0.0016164725755922,0,normal
2015-12-28,93.61286557955344,95.03672979866025,93.61286557955344,94.60704803466795,5220702,0.00759842929269,0,normal
2015-12-29,94.6828605929266,95.74444207853156,94.18577286307703,95.0451431274414,4268569,0.0046199927280143,0,normal
2015-12-30,95.35689563787058,95.71075162118204,93.68869392290568,94.04255676269533,2678249,-0.0106045582122655,0,normal
2015-12-31,94.02570010453336,94.93563014940496,93.85719530249912,94.34586334228516,7054776,0.0032200157683819,0,normal
2016-04-01,96.4186201816016,97.35389760105345,94.75213140607438,95.59387969970705,7355416,-0.0037284112661213,0,normal
2016-04-04,96.40160595302731,97.11581631793078,95.763916891619,96.29106903076172,3719124,0.0072667752593167,0,normal
2016-04-05,96.29108564106114,96.35060606480758,94.76063162967652,95.05821990966795,4395422,-0.0128860283452842,0,normal
2016-04-06,95.22826542672009,95.56836630053654,93.9953997591354,94.92218017578124,5808793,-0.0014321451800016,0,normal
2016-04-07,94.88815830139436,95.228259152804,93.58727531250037,93.83384704589844,3246500,-0.0115317662335723,0,normal
2016-04-08,93.18766097622772,93.76583661825411,92.93258531869635,93.45124053955078,5016142,-0.0040858249158919,0,normal
2016-04-11,93.3577172950481,96.69070886447928,92.20137285752888,96.20606231689452,5949523,0.0290525648182349,0,normal
2016-04-12,96.12952721124093,97.22635106652623,95.41531681147625,96.85224151611328,4493886,0.0066941602554706,0,normal
2016-04-13,99.1394237504626,100.6528697392321,98.72279468086964,99.46251678466795,10674994,0.0265943236686432,0,normal
2016-04-18,100.15973727958249,101.09501470371076,98.6632920171032,100.09171295166016,13105324,0.0063060377410115,0,normal
2016-04-20,101.69017975792724,103.22063355178015,100.26175206537624,102.24284362792967,25034223,0.0212639083062846,0,normal
2016-04-21,96.92876675872486,97.88955584877388,94.69260635119542,95.03270721435548,30976914,-0.0731296846902118,0,normal
2016-04-22,95.22826705558172,95.6789048727186,94.39502266822689,94.87966918945312,11492685,-0.0016116701915525,0,normal
2016-04-25,94.90517081836975,95.52585213522612,93.71481777940258,93.9443817138672,9151325,-0.0099065253619219,0,normal
2016-04-26,93.93588700035986,94.8881653029513,93.56177050070852,94.28448486328124,9657501,0.0036137232903294,0,normal
2016-04-27,93.91036546688424,95.440819251183,93.91036546688424,95.22825622558594,4790110,0.0099600602991944,0,normal
2016-04-28,95.14323636635396,95.90846330154088,93.6978077110008,94.05491638183594,14505825,-0.0123978783406721,0,normal
2016-04-29,94.3780165924316,94.68410877360616,93.24718391459729,94.26748657226562,6830286,0.0022575145322409,0,normal
2016-05-02,93.69780826757057,94.02940522424733,92.72852219445006,93.2726821899414,5296409,-0.0106090734535531,0,normal
2016-05-03,93.3576980879078,93.48523589846762,91.66569785168775,92.48194122314452,9210403,-0.0085138741500605,0,normal
2016-05-04,92.25236600519794,92.40541552220606,91.31708877227813,91.82723999023438,6997112,-0.0071044099084591,0,normal
2016-05-05,91.6572063338576,92.72852547121434,91.31710545973608,92.35441589355467,5824718,0.0057245369028047,0,normal
2016-05-06,92.966605120749,92.966605120749,90.39884734668595,90.65392303466795,6870419,-0.0185843094483555,0,normal
2016-05-09,90.62839717607686,91.84426191740351,90.38182543336734,91.6572036743164,5356158,0.0110063580413353,0,normal
2016-05-10,91.61468765853652,92.18435935271856,90.8834694437172,91.59768676757812,5211513,-0.0006495532936376,0,normal
2016-05-11,90.87497158437036,91.7337206909162,90.65390464907983,91.45314025878906,3859455,-0.0015793049524139,0,normal
2016-05-12,91.4871578805772,92.3799226945046,91.0960404829826,92.21837615966795,5328180,0.0083327055122861,0,normal
2016-05-13,92.28639428449064,92.28639428449064,91.31710814857762,91.76774597167967,4528516,-0.0048985334748508,0,normal
2016-05-16,91.9462948000909,92.4224374290036,91.18106779913596,91.96330261230467,6225662,0.0021287280073671,0,normal
2016-05-17,92.16734178836468,92.2353661031079,91.49564406140904,91.85275268554688,6809208,-0.0012028322543145,0,normal
2016-05-18,91.6402024091912,91.97179936661236,90.97700157497908,91.750732421875,7621128,-0.0011113108676763,0,normal
2016-05-19,91.8272557981014,92.49895363350144,91.35961710113848,92.3289031982422,6685262,0.0062817668631858,0,normal
2016-05-20,92.40542602539062,93.179149925074,92.25237649098624,92.40542602539062,4706510,0.0008284635762807,0,normal
2016-05-23,92.50745671539936,92.58397802671064,91.53817062692671,91.80175018310548,4875689,-0.0065543375218632,0,normal
2016-05-24,91.80175240167176,91.8952815263658,91.07053413502292,91.42764282226562,5286206,-0.004083492004792,0,normal
2016-05-25,91.82726014573416,93.00910934286748,91.65720970242374,92.86457061767578,6641075,0.0155943312871604,0,normal
2016-05-26,92.86457615013065,93.3237109905479,92.33741697671448,92.66901397705078,6586563,-0.0021080465132063,0,normal
2016-05-27,92.3629157083646,93.69780742854483,92.33740399231344,92.74552917480467,6460681,0.0008253419693691,0,normal
2016-05-30,93.05161413152568,93.95288278918186,92.583975451733,93.5532684326172,5706643,0.0086714925663642,0,normal
2016-05-31,93.69780961004535,93.86786004353344,92.39692656160943,92.7540283203125,11040471,-0.0085798573557092,0,normal
2016-06-01,92.77953795249536,94.51405095123089,92.77953795249536,94.29298400878906,5452990,0.0164556535470516,0,normal
2016-06-02,94.5480458353713,95.04970006507116,90.88345822772946,91.895263671875,13762753,-0.0257572959297087,0,normal
2016-06-03,92.08233653969027,92.4224374290036,91.65721042804864,91.96330261230467,7088563,0.0007401226378584,0,normal
2016-06-06,91.99730571997571,92.15035526247692,90.70492657083946,90.99401092529295,10304205,-0.0105959224812917,0,normal
2016-06-07,91.82725498041928,92.02281713084795,91.35111238205926,91.80175018310548,10313858,0.0088376722769041,0,normal
2016-06-08,91.99728995576484,92.68599548058224,91.82723955059356,92.6094741821289,8129181,0.0087600867803239,0,normal
2016-06-09,93.03461867519644,93.03461867519644,92.20136737272122,92.64350128173828,9430088,0.0003673582020136,0,normal
2016-06-10,92.59247677152754,93.04311454745697,92.33740113512694,92.73702239990234,6359182,0.0010089638786263,0,normal
2016-06-13,91.92928492994774,92.62648753333296,91.6316966808594,92.03131103515624,3480377,-0.0076389149950317,0,normal
2016-06-14,92.03131591151724,92.50745851916136,91.82725677091834,92.35441589355467,5602446,0.0035046659467248,0,normal
2016-06-15,92.81354475535105,93.14514170254355,92.21836826369328,93.02610778808594,2263231,0.0072466602276151,0,normal
2016-06-16,92.79653252542516,93.69780112517094,92.09082605810332,93.51074981689452,3681988,0.0051962183292122,0,normal
2016-06-17,93.74881259611954,94.20794731641078,93.35769527166076,93.87635040283205,8613805,0.0039020941079215,0,normal
2016-06-20,93.52775143562695,95.03270041518566,92.69450714824768,94.7266082763672,7409230,0.0090164400358192,0,normal
2016-06-21,94.8371469414227,95.71290384973064,94.10592874064794,95.39830780029295,5277033,0.0070659052211272,0,normal
2016-06-22,95.57685779157534,95.90845471660056,95.14322784991046,95.763916015625,7391587,0.0038251141236669,0,normal
2016-06-23,95.73840393776692,96.05299997173546,95.1177226937814,95.8574447631836,3580004,0.0009761829746501,0,normal
2016-06-24,94.08041111322996,94.84563796654771,93.0686125466058,94.40351104736328,7210062,-0.0152838716946757,0,normal
2016-06-27,94.36951628971778,94.36951628971778,93.05161848383572,93.18766021728516,5685011,-0.0129629539344859,0,normal
2016-06-28,92.66899749433524,92.97508963996006,92.03981231238772,92.2353744506836,5295833,-0.0102715840122309,0,normal
2016-06-29,92.57548912754466,94.71812062828172,92.1673638992825,94.30149841308594,4993854,0.022153351554194,0,normal
2016-06-30,94.8371565794989,95.59387965281014,94.38651876236202,94.87966918945312,7785230,0.0061123692572833,0,normal
2016-07-01,95.18575270884284,96.078517501592,94.72661791358868,95.0412139892578,2872943,0.0017011803658482,0,normal
2016-07-04,95.5683512012868,96.07850243141051,95.22825038120428,95.51734161376952,5305017,0.004997189591644,0,normal
2016-07-05,95.50884716106953,96.7587136469397,94.55656200285163,96.07001495361328,4831470,0.0057694294945482,0,normal
2016-07-07,96.41859507438812,96.58014848572132,94.81162021965706,95.16022491455078,7614019,-0.0095151991020916,0,normal
2016-07-08,95.16025292952853,95.81494991315252,94.38652201780118,95.50885772705078,4648377,0.0036569452813139,0,normal
2016-07-11,96.24988180253573,97.27200422031343,95.8495546812662,96.90574645996094,5509102,0.0145198258765759,0,normal
2016-07-12,96.50540787979875,97.4253221716712,96.24987728734156,97.23793029785156,3498900,0.0034220446177268,0,normal
2016-07-13,97.7660399473395,98.4304167851678,97.06758681488478,97.7745590209961,5638382,0.0055035457422709,0,normal
2016-07-14,97.02499985799416,97.77456051210802,96.33506578867424,97.20387268066406,2713977,-0.0058538574243689,0,normal
2016-07-15,97.0846180467873,97.93638671754204,94.23970514109746,94.46116638183594,18280203,-0.0286217407830822,0,normal
2016-07-18,94.2908135929389,94.36747138773308,92.80873747731025,94.02676391601562,8784787,-0.0046093480282412,0,normal
2016-07-19,92.84281479783412,94.3334101143912,92.67246104737043,93.56681823730467,14877681,-0.0049036496353132,0,normal
2016-07-20,88.24324994579186,92.2039740341178,88.24324994579186,91.79512786865234,50777299,-0.0191165917279541,0,normal
2016-07-21,91.8036413496943,92.80872548874456,91.8036413496943,92.33173370361328,7703480,0.0058286699677756,0,normal
2016-07-22,91.99103821548846,92.16139195145207,91.13926953567037,91.60774230957033,7330024,-0.0078721017210963,0,normal
2016-07-25,91.59922135994428,92.621343754787,91.1392676686073,92.47654724121094,3908543,0.0094392778941152,0,normal
2016-07-26,92.33175163780156,93.82234692354572,92.15287881716992,93.03020477294922,8752205,0.0059691538950916,0,normal
2016-07-27,93.03020150306294,94.16305110772568,92.42544433633223,93.5497817993164,7535086,0.0055694973398621,0,normal
2016-07-28,93.23461968752098,94.84446106827563,92.6724509856846,94.3419189453125,6127465,0.0084318981206674,0,normal
2016-07-29,94.0863905747761,94.20563680363448,92.44247979505188,92.85132598876952,7435123,-0.0159260497138591,0,normal
2016-08-01,92.85132302913452,95.69622894332603,92.84280395626378,95.0063018798828,12123703,0.0229436563038119,0,normal
2016-08-02,95.057395150955,95.22774886843855,93.35385797611946,93.62642669677734,6216329,-0.0146305448400196,0,normal
2016-08-03,93.3538712462788,94.57190465845476,93.14944814258212,93.34535217285156,7703918,-0.0030066006470024,0,normal
2016-08-04,93.31980072997275,94.03528504991688,92.90243545431466,93.387939453125,6132105,0.0004561294950775,0,normal
2016-08-05,93.00464814699096,94.12046658294445,92.94502849420672,93.21759033203124,3108623,-0.0018257676351867,0,normal
2016-08-08,93.05575813745892,94.1800956771173,93.05575813745892,93.52423095703124,5468510,0.0032841159895218,0,normal
2016-08-09,93.30275764187404,94.12045693495132,93.06426519176074,93.92455291748048,4676916,0.0042712741132815,0,normal
2016-08-10,93.6945700922696,93.8649238182644,91.99955190496355,92.44247436523438,3369775,-0.0159052791489058,0,normal
2016-08-11,92.14435940218104,93.27720895724542,91.99103688300792,92.5020980834961,2665604,0.0006447739399746,0,normal
2016-08-12,92.0762027273369,93.60938614526448,92.0762027273369,92.62985229492188,4163470,0.0013801424491388,0,normal
2016-08-16,92.6298628393988,93.013158737513,91.10519831990898,91.3947982788086,4939065,-0.0134229034638595,0,normal
2016-08-17,91.42888064759372,91.6758991402268,89.70831186361394,89.91273498535156,5300457,-0.0163489765508648,0,normal
2016-08-18,90.27897784279668,90.29601598833398,89.12909017522513,89.45276641845703,4851732,-0.0051288522217305,0,normal
2016-08-19,89.75940466709288,90.2534277079737,88.42212512320613,88.60099792480469,5503785,-0.0095676156503206,0,normal
2016-08-22,88.24325187358765,88.58395932948902,87.64701382576025,87.81736755371094,5422857,-0.0088838315988031,0,normal
2016-08-23,87.7747894174604,88.66914659410708,87.73220098047722,88.51583099365234,6156019,0.0079221280922929,0,normal
2016-08-24,88.60100319413307,88.92467252544775,88.08142290400257,88.52434539794922,5587134,9.618612539785688e-05,0,normal
2016-08-25,88.75433627633858,88.79692471946775,85.56020304165047,85.85832214355469,25798062,-0.0305790825915197,0,normal
2016-08-26,85.85829495551856,86.20752146493368,83.13263545836342,83.47334289550781,17698571,-0.0281711867082909,0,normal
2016-08-29,83.64371357150557,83.73740952205775,81.27579224426752,81.56539916992188,27176665,-0.0231221918626856,0,normal
2016-08-30,81.58242066321905,83.55000766347001,81.45465536361459,83.37965393066406,24165572,0.0219991796726475,0,normal
2016-08-31,83.77999752947923,84.49548190251383,82.83453281824582,83.75444030761719,14992145,0.0044848659618628,0,normal
2016-09-01,83.42223714947782,83.42223714947782,82.02533801412578,82.44270324707031,10604872,-0.0157856419347153,0,normal
2016-09-02,82.45121754335612,82.71526718374726,81.65055648193649,82.38307189941406,8611208,-0.0007235682672188,0,normal
2016-09-06,82.62157768863206,82.68971640616917,81.76980906086402,82.26383209228516,8491053,-0.001448430855178,0,normal
2016-09-07,83.0985658804807,83.43075424447288,81.77832456504957,82.06792449951172,11453063,-0.0023842949122609,0,normal
2016-09-08,81.25874650019675,81.71018109254061,80.10033979982015,80.73916625976562,11891858,-0.0163234627925552,0,normal
2016-09-09,81.36097383578455,82.2808883149088,80.79881196331749,81.88055419921875,10113106,0.0140377400660387,0,normal
2016-09-12,80.88397491083333,82.34901286105784,80.43253335767689,81.83795166015625,10068429,-0.0005204364625788,0,normal
2016-09-14,82.53640223251753,82.61306002398096,81.06283832233848,81.4376220703125,9826386,-0.0049037389110013,0,normal
2016-09-15,81.73574814821221,81.73574814821221,80.79028348734847,81.50576782226562,9677981,0.0008364347393419,0,normal
2016-09-16,81.9912788102746,82.16163255352994,81.42911007118964,81.6676025390625,12324284,0.0019835929049198,0,normal
2016-09-19,81.7698182068735,82.10200662251636,81.12247259102158,81.76129913330078,11299922,0.001146634451377,0,normal
2016-09-20,82.1956962166337,82.1956962166337,81.44613563925556,81.94868469238281,5829321,0.0022892390132565,0,normal
2016-09-21,82.27234361344583,82.53639325016,81.81238998301062,82.4256591796875,8668616,0.0058035313153528,0,normal
2016-09-22,82.6215740834022,82.65564344068412,81.70165984652708,82.06792449951172,7633032,-0.0043495343241515,0,normal
2016-09-23,82.3234590357758,82.40011682627437,81.60797477160436,81.80387878417969,12300882,-0.0032225915447643,0,normal
2016-09-26,81.83795104764229,81.94016605974204,81.105428612157,81.65056610107422,11939239,-0.0018759077267365,0,normal
2016-09-27,81.82944107095992,82.62159017351168,81.59946766573796,82.48530578613281,9878285,0.0101714131363479,0,normal
2016-09-28,82.51936982806532,82.57047733650028,81.82943579347213,82.4001235961914,4245028,-0.0010332289255465,0,normal
2016-09-29,82.40013111966923,82.44271955863495,80.06628605069017,80.4410629272461,26351076,-0.0240621581368838,0,normal
2016-09-30,80.5773390260805,81.76981519440318,80.5773390260805,81.5909423828125,11216973,0.0141934768672538,0,normal
2016-10-03,81.76981519440318,81.78684640920955,80.79880027225413,81.5909423828125,5336686,0.0,0,normal
2016-10-04,81.59946988902578,82.61307335050935,81.59946988902578,82.07646179199219,7095976,0.0059330180721755,0,normal
2016-10-05,82.07644927374619,82.3064226501587,81.19912340545184,81.69315338134766,7538366,-0.0046810772581373,0,normal
2016-10-06,81.76980748114615,81.87201555547725,81.26726538681383,81.4291000366211,7396014,-0.0032374929824738,0,normal
2016-10-07,81.42910932635473,81.71870930089753,81.02025618725476,81.25023651123047,5566297,-0.002198971316953,0,normal
2016-10-10,81.29281264297353,81.72721600489645,81.1054207827839,81.25874328613281,3538004,0.0001046929827603,0,normal
2016-10-13,81.25874516707289,81.59945260678752,80.8158227227596,81.47168731689453,7329358,0.0026171399106837,0,normal
2016-10-14,81.39501386591363,81.97421362928498,80.79877596115105,80.91802215576172,6884195,-0.0068189949759913,0,normal
2016-10-17,80.92655557389512,81.028763645235,80.33882970392119,80.43252563476562,8298392,-0.0060179279568606,0,normal
2016-10-18,80.59436365049818,82.46825461891567,80.5773324370845,82.23828125,5801342,0.0222022602173384,0,normal
2016-10-19,82.62157420544241,84.64878068138232,82.40863205747769,84.32511138916016,12378636,0.0250587996064588,0,normal
2016-10-20,84.81914147255587,85.37279110343125,83.848126583209,84.39325714111328,6252382,0.0008078048199786,0,normal
2016-10-21,85.15133008477441,85.34723408911229,84.03551183800201,85.04059600830078,10617160,0.0076412358559165,0,normal
2016-10-24,83.4733446524673,83.4733446524673,81.36095433868383,82.44270324707031,18579446,-0.0310251966099084,0,normal
2016-10-25,82.45123857767139,82.55344667209359,81.63353916373359,82.00831604003906,18599248,-0.0052828887189235,0,normal
2016-10-26,81.89759072646098,81.89759072646098,80.15998376480653,80.33033752441406,7329390,-0.0206733053445526,0,normal
2016-10-27,80.28774248039657,80.68806962351782,78.36274376883085,78.65234375,10042829,-0.0211099230939701,0,normal
2016-10-28,78.6523355247365,79.4529966589595,77.35764442092545,78.72047424316406,12320247,0.0008658483502976,0,normal
2016-11-01,79.22302382458878,79.46151627241909,78.3627361071043,78.4905014038086,3786724,-0.002925660914534,0,normal
2016-11-02,77.97092789102433,78.50753941093099,77.06805166317922,78.00499725341797,7523630,-0.0062047242528766,0,normal
2016-11-03,78.02202620729676,78.35421458198894,75.98629366482037,76.2503433227539,8053976,-0.0227509739180007,0,normal
2016-11-04,76.27590279674017,77.29802516862101,75.67114567370182,77.0850830078125,6547449,0.0108878678756703,0,normal
2016-11-07,77.5109789762997,77.58763677936724,76.39516049965704,76.65921020507812,7134574,-0.0055400286159805,0,normal
2016-11-08,77.17025568685739,77.66427870045571,76.05443743839429,76.95731353759766,6916238,0.0038811411618633,0,normal
2016-11-09,72.40034523980904,76.73585298171655,69.52137012952635,76.13109588623047,11558738,-0.0107940983451628,0,normal
2016-11-10,76.85510379463096,76.89769222739844,74.97269367996644,75.79891204833984,8316376,-0.0043728605262227,0,normal
2016-11-11,75.27932975824994,75.66262564285178,73.94205023262138,75.35598754882812,10485629,-0.0058605545492582,0,normal
2016-11-15,75.21120199031712,76.89770135541787,74.87900662992925,76.30998229980469,37705734,0.0125803742785377,0,normal
2016-11-16,76.4888347651832,77.42578014788987,75.31339003512518,75.8585205078125,8829107,-0.0059337262086716,0,normal
2016-11-17,75.48375903316705,75.79891622569943,73.89946786056284,74.68309783935547,11076418,-0.0156162338159386,0,normal
2016-11-18,74.94713797807457,75.29636448787852,73.6950353724906,74.47014617919922,5763107,-0.0028554766777437,0,normal
2016-11-21,74.52978303759907,75.59449392677715,74.47867552857623,75.26229858398438,8909576,0.0105810039587703,0,normal
2016-11-22,75.29638706308563,77.17027853129247,74.80235697153078,76.72735595703125,5891539,0.0192789799382948,0,normal
2016-11-23,76.72733233389414,76.9743438377643,75.31339509323364,76.4718017578125,6756803,-0.0033362381369128,0,normal
2016-11-24,76.39515704252503,77.49393732133504,76.07999983875014,76.78697204589844,7374200,0.0041129225368594,0,normal
2016-11-25,77.17024947564427,79.55520135539525,76.82954206425126,79.17190551757812,6822590,0.0305865166310193,0,normal
2016-11-28,79.72556466516882,79.72556466516882,77.61317430103878,78.4649429321289,6135518,-0.0089695693891069,0,normal
2016-11-29,78.6012323842815,79.47003921688224,78.4479167934514,79.24005889892578,3333673,0.0098300269410813,0,normal
2016-11-30,79.21451452881738,80.2281179547662,78.70345327892265,79.2571029663086,11587709,0.000215070948248,0,normal
2016-12-01,80.01516480788182,80.22810696617194,79.08673838407913,79.77667236328125,3302127,0.0065340993692135,0,normal
2016-12-02,80.15143758971881,80.23661444072263,78.10719316562727,78.43086242675781,4041268,-0.0170136321477256,0,normal
2016-12-05,78.36274102308786,78.36274102308786,77.17878391902954,77.79205322265625,3176116,-0.0081782209980429,0,normal
2016-12-06,77.68131511160173,78.8482339044786,77.66427696735694,77.98795318603516,3357785,0.0025150861289766,0,normal
2016-12-07,78.09016902232936,78.32014933395325,76.99990790670833,77.2298812866211,3144911,-0.009767922989389,0,normal
2016-12-08,77.51097536228329,78.26904814698229,77.35765283158499,78.1242446899414,5596430,0.0115139946018238,0,normal
2016-12-09,78.0390625,78.56716185023976,77.76650068351432,78.0390625,5430270,-0.0010909374285485,0,normal
2016-12-12,77.51098098510022,77.66429659520867,76.9147428297928,77.26396942138672,3831332,-0.0099817692493537,0,normal
2016-12-13,77.76649195851174,79.05266389750119,77.5194804572593,79.00155639648438,6269049,0.022239820131098,0,normal
2016-12-14,79.06970181312086,79.78518609287975,78.91638622878361,79.43596649169922,5507907,0.0054836906799078,0,normal
2016-12-15,78.46494052092108,80.38993895437223,78.46494052092108,79.40188598632812,5511310,-0.000429123226767,0,normal
2016-12-16,79.4359762640902,80.09183404634135,78.35422717267376,78.958984375,8818851,-0.0055935884302433,0,normal
2016-12-19,78.83121440022833,79.47004092863266,78.78010689161368,78.96749877929688,4144553,0.0001078274414156,0,normal
2016-12-20,79.53816337768464,80.0492244958378,78.64380642091659,79.49557495117188,4334313,0.0066649991610177,0,normal
2016-12-21,79.81073936343113,80.15144680662557,78.56715580942925,78.78009796142578,5486622,-0.0090409580967145,0,normal
2016-12-22,78.80565934835083,79.41893560517747,78.24349753325669,78.65234375,4312617,-0.0016229722169009,0,normal
2016-12-23,79.15487978068403,79.2145063597074,77.57910775601239,78.14979553222656,3585124,-0.0064099882921961,0,normal
2016-12-26,78.09017161261666,78.44791723551793,77.2213717068314,77.69835662841797,3316809,-0.0057933335772739,0,normal
2016-12-27,77.51096667210308,79.38485767132654,77.35764415859462,79.24857330322266,2952121,0.0197553031758266,0,normal
2016-12-28,79.38486265513824,80.99470409192267,79.22302799047836,79.9555435180664,6353966,0.0088813640755445,0,normal
2016-12-29,79.89592526722012,81.2587551942493,79.05267563621311,80.46660614013672,10907890,0.0063714936133187,0,normal
2016-12-30,80.68806407625819,81.17357499050996,80.24514852718839,80.82434844970703,2779631,0.0044359945307412,0,normal
2017-01-02,80.92657568304044,81.49725661869836,80.15146469048369,80.33033752441406,2460948,-0.0061309104319908,0,normal
2017-01-03,80.57733632393686,80.76472127079113,79.33375268947569,79.55521392822266,3686937,-0.0096960564830741,0,normal
2017-01-04,79.55522551696707,81.36097118674365,79.40190297624889,81.020263671875,6050638,0.0182479967571378,0,normal
2017-01-05,81.27578295282228,82.7748971951425,81.27578295282228,81.83795166015625,5216996,0.0100418005656592,0,normal
2017-01-06,81.51428805708167,81.78684989098909,79.89592747403363,80.0577621459961,8381720,-0.021992691776818,0,normal
2017-01-09,79.89591364419223,80.82434001057376,78.66936827464255,80.40697479248047,3922249,0.0043525226096452,0,normal
2017-01-10,80.50919262264121,81.57390347730866,80.2792192370598,81.17357635498047,3528383,0.0094888562888506,0,normal
2017-01-11,81.41207465732431,82.02535092631692,80.91805155798322,81.12247467041016,4507028,-0.0006297341917589,0,normal
2017-01-12,81.08840345734833,82.49382185432998,80.79028440344314,82.31494903564453,3741476,0.0145926862920564,0,normal
2017-01-13,82.63863138278793,82.86861174753241,81.82945096628264,82.56197357177734,4322788,0.0029964741827948,0,normal
2017-01-16,82.26382996477413,83.08152921262624,81.735737588242,82.57898712158203,3227332,0.0002060488178523,0,normal
2017-01-17,82.68120732590805,83.08154140202535,81.85499581614854,82.17866516113281,2948943,-0.0048595345066555,0,normal
2017-01-18,82.17865818720769,82.96228812564232,81.76981200384856,82.27235412597656,2863620,0.0011394149502503,0,normal
2017-01-19,82.34901042019679,82.52788322155271,80.96063030491749,81.59945678710938,4785278,-0.0082125304787172,0,normal
2017-01-20,81.18209783562605,81.73574749647169,80.91804814949585,81.41207122802734,4077220,-0.002299047728723,0,normal
2017-01-23,80.50067322032467,82.50232944655787,80.3643888568773,81.72721862792969,6108473,0.0038635425248765,0,normal
2017-01-24,82.22124887275314,82.28087545316085,81.08839929869669,82.02534484863281,3921167,0.0036411833043556,0,normal
2017-01-25,82.11052404707783,82.45123152945105,80.27070225592021,80.69658660888672,10906509,-0.0163320059339957,0,normal
2017-01-27,79.98110052746037,80.69658483840409,79.0952624790676,79.3082046508789,10272157,-0.0173546903637724,0,normal
2017-01-30,79.0441584731131,79.72557345309566,77.93685913064142,79.34227752685547,9853933,0.0004295338536977,0,normal
2017-01-31,79.35078649001689,79.35078649001689,75.86704730336513,78.02202606201172,14628407,-0.0167799483468806,0,normal
2017-02-01,78.53310425025035,78.53310425025035,76.65921288798083,77.68133544921875,8750755,-0.0043761567276749,0,normal
2017-02-02,78.02352755401361,78.35717931507558,76.32959198191543,77.96363830566406,8171731,0.0036275269185024,0,normal
2017-02-03,78.02352758253909,78.63949845805247,77.69842546062507,78.32295989990234,4682452,0.0045982474695174,0,normal
2017-02-06,78.47696003963257,79.18704665248069,77.76688038903224,78.89616394042969,6599518,0.00729181751334,0,normal
2017-02-07,79.0501622305751,79.0501622305751,77.94654151984778,78.45985412597656,4459769,-0.0055455258459353,0,normal
2017-02-08,78.42563220421638,79.58914223714771,78.21175193942196,78.79351043701172,7007704,0.0042435570477357,0,normal
2017-02-09,78.41706499141014,79.88000010498506,78.2545104567937,79.73456573486328,5274137,0.0118725512176149,0,normal
2017-02-10,79.96555492535715,80.79541298006959,79.46079898874459,80.29065704345703,4093449,0.0069500737117316,0,normal
2017-02-13,80.07678399981047,81.4456175572988,79.94845585379593,81.18040466308594,4523470,0.0110206326200685,0,normal
2017-02-14,81.64239467458576,81.73650338572978,80.79543019878632,81.56539916992188,4619060,0.0047312461019997,0,normal
2017-02-15,81.53972057182656,82.0102570744071,80.17943674911434,81.22317504882812,5640489,-0.0042045288115701,0,normal
2017-02-16,80.93230033319186,82.45512479369135,80.93230033319186,82.26691436767578,5667011,0.0127684008588158,0,normal
2017-02-17,82.4722434442327,82.75456258302633,81.11196647707216,81.33439636230469,4210692,-0.0114000077428721,0,normal
2017-02-20,81.27451960791257,81.68516692181504,80.9408677950858,81.38573455810547,3054543,0.0006309999532794,0,normal
2017-02-21,81.27451509020061,82.25836423055826,81.12907373672694,81.4113998413086,6829411,0.0003153038720293,0,normal
2017-02-22,81.29162318773788,81.71083405299382,80.45321538172166,81.18896484375,5558777,-0.0027359734001022,0,normal
2017-02-23,81.18897002410385,83.71275716799437,80.68421398777541,83.17377471923828,8693864,0.0241527534440875,0,normal
2017-02-27,82.13004324697961,84.28595911883508,82.07015398744264,83.79830932617188,7528200,0.0074807417418591,0,normal
2017-02-28,83.84108109925788,84.21750895674204,83.33632508838723,83.63575744628906,5401139,-0.0019416828855254,0,normal
2017-03-01,83.4988707284304,84.72226297707242,83.12244287979038,83.59297943115234,5426302,-0.00051161082561,0,normal
2017-03-02,84.52549489272845,84.77359458794831,83.51597594486302,83.87529754638672,5423075,0.003371604315423,0,normal
2017-03-03,83.97796295512182,84.80781414101337,83.3619850552404,84.49983215332031,3947295,0.0074184052264589,0,normal
2017-03-06,84.06351749748656,84.29450399496929,83.60153057802535,84.16617584228516,3143300,-0.0039564195564256,0,normal
2017-03-07,84.43993278311014,85.48367105446856,84.16616331323837,84.72225189208984,8801080,0.0065851528935114,0,normal
2017-03-08,84.63669689352126,84.90190975292116,83.72129374945915,84.71369934082031,3064671,-0.0001009532063838,0,normal
2017-03-09,84.3543793878834,84.3543793878834,82.70321991735882,82.89999389648438,3759439,-0.0216423396244094,0,normal
2017-03-10,83.00265262677273,83.66140649038081,82.7459963623405,83.33631134033203,2914404,0.0052493761233938,0,normal
2017-03-14,83.84107618006217,86.33920020431314,83.73841087847748,85.78311157226562,6553246,0.0289377876577185,0,normal
2017-03-15,86.52741710747672,86.56163655647984,84.25172975842177,84.66238403320312,9607608,-0.0131507575112239,0,normal
2017-03-16,85.09013635554142,86.04831564657741,84.69659532429122,85.64622497558594,8848888,0.0115537540049466,0,normal
2017-03-17,86.23653608458378,86.74984867504712,85.37245849818764,86.27931213378906,8875816,0.0073647002107533,0,normal
2017-03-20,86.23653641445084,86.27931246381975,84.73081808421594,85.12435913085938,3751881,-0.0134766131259889,0,normal
2017-03-21,84.37149100032323,85.894315348309,84.37149100032323,85.32111358642578,5951390,0.0023087095224498,0,normal
2017-03-22,84.43993903811683,86.13386774196887,84.18328275194244,85.64622497558594,10620082,0.0038032033927857,0,normal
2017-03-23,86.06543133550413,87.60536909701278,85.70610973958642,87.2631607055664,14922870,0.0187032399487092,0,normal
2017-03-24,87.16905465817591,87.9475801648578,87.16905465817591,87.81925201416016,8062056,0.0063523590967875,0,normal
2017-03-27,86.9808324475116,87.68235539907288,86.03120286836784,86.23652648925781,5232713,-0.0181869187451466,0,normal
2017-03-28,86.40764649731615,87.43427175209521,86.01410542386789,86.84396362304688,3323252,0.007019157703521,0,normal
2017-03-29,86.99795022873141,87.9304736911497,85.92854897572671,87.64814758300781,5380707,0.0092174900992283,0,normal
2017-03-30,87.39148670833387,88.75176363851122,86.64718069029948,88.2812271118164,14290321,0.0071970046222569,0,normal
2017-03-31,87.63958443969237,88.57210783251325,87.22893717408567,88.23844909667969,8061645,-0.0004846826925248,0,normal
2017-04-03,88.36677240490462,88.37532900627167,86.51884588623854,86.76695251464844,4160286,-0.0168169810522309,0,normal
2017-04-05,86.57874267589219,87.60536783544732,85.91143910708033,87.37437438964844,6502814,0.0069762226954477,0,normal
2017-04-06,86.76695701986928,88.21278600957825,86.65573512081647,88.06734466552734,7980291,0.0078997616235474,0,normal
2017-04-07,87.84492774628553,87.86203399018362,87.07495182792148,87.58826446533203,12196978,-0.0054547804134434,0,normal
2017-04-10,88.11012813690965,88.59777789652757,85.97988221874542,86.30497741699219,13798807,-0.0147597495036935,0,normal
2017-04-11,86.20231849292014,87.50270623939906,85.586340586208,87.28882598876953,6303993,0.0113351869331843,0,normal
2017-04-12,87.21183166207446,87.23750146984334,85.43235073784093,85.68045043945312,7258323,-0.0185977757511679,0,normal
2017-04-13,85.68043235449795,86.22796429544223,84.23460353845483,84.76502227783203,9674765,-0.0107416987868793,0,normal
2017-04-17,84.82491954971859,84.82491954971859,83.85817673909588,84.23461151123047,7798259,-0.0062770847048936,0,normal
2017-04-18,84.01217724283507,85.16713051249621,83.94373139024754,84.5254898071289,6285310,0.0034472435330394,0,normal
2017-04-19,85.12434216555505,85.47510709292203,83.89239358170786,85.25267028808594,6543459,0.0085662953036855,0,normal
2017-04-20,85.20990605151998,86.42474856467172,84.87625427916757,85.50933837890625,5025646,0.0030061520840067,0,normal
2017-04-21,85.55212396202046,86.13387547803316,82.64335245746106,84.05496215820312,8445800,-0.0171546945023637,0,normal
2017-04-24,83.39619854438165,84.69659314578297,82.91710543006289,84.10628509521484,6887352,0.00061040149789,0,normal
2017-04-25,84.43993563397777,85.55211282923011,83.69562964917928,84.57682037353516,11770706,0.0055789404332626,0,normal
2017-04-26,86.06542425251664,87.69091397811279,83.60151985952795,83.98651123046875,60514032,-0.0070040328540548,0,normal
2017-04-27,84.5083806507202,85.23557348496341,83.56730757111133,84.87625885009766,19864101,0.0105382122222961,0,normal
2017-04-28,85.03880435048553,85.15857589249202,83.84963160797925,84.56826782226562,12086663,-0.0036353061744414,0,normal
2017-05-02,84.89336939194015,85.2013583533148,84.45705923909465,84.67948913574219,5568494,0.001314301961643,0,normal
2017-05-03,85.22701295480456,85.50077545654322,84.56825909835362,84.94468688964844,4065380,0.0031268888220976,0,normal
2017-05-04,85.06447069279666,85.77455729648028,84.50838204566683,85.54356384277344,4048926,0.0070254626202945,0,normal
2017-05-05,85.50078141894245,85.72321825366134,84.92758657198101,85.43234252929688,2722905,-0.001301017570543,0,normal
2017-05-08,85.55210720385134,86.28785653862782,84.88480371547651,85.94564819335938,5002041,0.0059903514665498,0,normal
2017-05-09,86.23653576605287,87.22038489414024,85.64622768164996,87.07494354248047,7581832,0.013054069166686,0,normal
2017-05-10,86.81829085187515,87.28882741092636,85.32112907307584,85.49223327636719,4459065,-0.0183436349300789,0,normal
2017-05-11,86.03975822757455,86.53595755108238,85.62054742826133,86.34774017333984,3393796,0.0099571007603653,0,normal
2017-05-12,86.51884992515325,86.88672810313463,86.27075024740827,86.7583999633789,6031102,0.0047446099842449,0,normal
2017-05-15,87.26314997182295,87.26314997182295,85.83442732837439,86.63006591796875,3549668,-0.0014803068726951,0,normal
2017-05-16,86.49319444457812,88.32400800181964,86.49319444457812,88.17857360839844,7146846,0.0177170670749422,0,normal
2017-05-17,88.46088222979682,88.54643432007056,86.92094460486935,87.35726165771484,7362627,-0.0093578378784497,0,normal
2017-05-18,86.7412924560926,90.3173743628062,86.54452541377778,89.8981704711914,17123643,0.028671424548599,0,normal
2017-05-19,90.17194016217664,90.31738152655244,88.6405588648443,88.93143463134766,5097614,-0.0108119151377499,0,normal
2017-05-22,89.26507938151417,89.54740548490054,86.67285357279353,89.17952728271484,5733070,0.0027858230526751,0,normal
2017-05-23,89.31641225370278,90.51414163984975,89.00842330481547,90.06927490234375,8735341,0.0099275969083798,0,normal
2017-05-24,90.29169945838498,91.06166830401396,88.94853576058053,89.82971954345703,6636990,-0.0026632222288611,0,normal
2017-05-25,89.94094441496759,92.17384857127814,89.94094441496759,91.7888641357422,20100101,0.0215751114022761,0,normal
2017-05-26,91.3696530497922,93.23469279001912,90.95900580249749,92.22517395019533,7765843,0.0047421450736431,0,normal
2017-05-29,92.22517618231792,92.23373278397844,90.68523852432128,91.47232055664062,3166943,-0.0081967106919558,0,normal
2017-05-30,90.68524619935812,92.3962881863886,90.5825878574849,91.73754119873048,6637379,0.0028952680256191,0,normal
2017-05-31,91.97707722871344,92.39628109089398,91.19855179195126,91.62631225585938,15642998,-0.0012132048320143,0,normal
2017-06-01,91.61774874177908,93.25179498307236,91.47231437237129,92.59304809570312,4250820,0.0104955821407211,0,normal
2017-06-02,92.9181571764501,94.7746405131128,92.53317273023184,94.38965606689452,6428073,0.0192174273116005,0,normal
2017-06-05,94.37254425618356,95.45905871645914,93.51702325195012,95.05696105957033,9633970,0.0070448104339,0,normal
2017-06-06,95.1339425647502,97.18719267290868,94.3725303754241,95.91246795654295,11049943,0.0089596813942502,0,normal
2017-06-07,95.8525958759578,96.075025758222,91.58354066850458,94.00466918945312,13762215,-0.0200915301486022,0,normal
2017-06-08,94.09021660726238,94.62063540460738,92.67860707783672,93.40579986572266,8001795,-0.0063910128943387,0,normal
2017-06-09,93.08925504700753,93.08925504700753,90.95900931518652,91.8744125366211,9384610,-0.0165308770169341,0,normal
2017-06-12,91.64341296354436,91.64341296354436,89.0854071306127,90.06069946289062,12396076,-0.0199386818779254,0,normal
2017-06-13,88.97419689465183,91.26699714605007,87.86201969455294,88.63198852539062,8946043,-0.0159910447205477,0,normal
2017-06-14,89.41907519203843,89.41907519203843,86.33919970913153,87.63958740234375,8080517,-0.01126002990787,0,normal
2017-06-15,88.97419995217545,89.62439726856462,87.28027125102093,89.26507568359375,8317803,0.0183775147705285,0,normal
2017-06-16,89.00841056790412,90.03503560912227,86.51029381162128,87.34870147705078,8030288,-0.0217021508943613,0,normal
2017-06-19,87.60536071215928,88.25555798612544,86.69850716917334,87.10916137695312,3891671,-0.0027461101117749,0,normal
2017-06-20,87.26315652543089,87.72513643930391,86.74984396285036,87.00650024414062,2063458,-0.0011792292979651,0,normal
2017-06-21,87.00650648163104,87.77647538070084,86.23653758256123,87.57115173339844,4895705,0.0064687942799226,0,normal
2017-06-22,87.6053762805269,88.58066888367212,86.64718992100816,87.28028106689453,3843239,-0.0033270637838995,0,normal
2017-06-23,86.92094776227611,88.93997855852733,86.57873938875038,87.896240234375,6051953,0.007032468751591,0,normal
2017-06-27,87.4342575359137,88.3068916454911,86.73272760764581,87.7935791015625,9540496,-0.0011686635558607,0,normal
2017-06-28,88.28978151750105,88.76887463430346,87.00650011298421,88.42666625976562,4448070,0.0071852116720867,0,normal
2017-06-29,88.97420802053011,89.28219698382743,87.62248757781985,88.73466491699219,12944967,0.0034770450807215,0,normal
2017-06-30,87.87913472181677,89.26507446874106,87.67381108844805,88.40955352783203,7242552,-0.0036705883718823,0,normal
2017-07-03,88.97420317021886,89.11108792002757,86.23653602303499,88.83731842041016,5572713,0.0048267788127844,0,normal
2017-07-04,88.28978064538029,89.29929951764323,87.26315553190774,88.97419738769531,5868339,0.0015395965070172,0,normal
2017-07-05,88.97420733938914,89.11109209561202,87.75937166324985,88.22135162353516,5030668,-0.0084973950907549,0,normal
2017-07-06,88.2213368353147,88.99130562747246,87.55402637142993,88.2042236328125,4398852,-0.0001941667556026,0,normal
2017-07-07,87.29737878603416,88.3753365946694,87.26315933987458,88.18712615966797,3889807,-0.0001938584087959,0,normal
2017-07-10,89.05975711253932,92.03697437409323,89.05975711253932,91.79742431640624,1769468,0.0401232492265934,0,normal
2017-07-11,91.09590009046973,93.59401720422768,89.69284009689945,90.06927490234375,10827743,-0.0190051442933087,0,normal
2017-07-12,90.24038534783956,90.95902163683046,89.41908374802932,90.27460479736328,3170908,0.0022770940060041,0,normal
2017-07-13,90.30882054493676,90.97612415116382,89.47041273585684,90.3601531982422,4331508,0.0009471976293404,0,normal
2017-07-14,90.39437339225958,90.66814290398231,88.6319986958831,88.9228744506836,6545345,-0.0160339721898576,0,normal
2017-07-17,91.16433024946284,93.76511241772693,90.53124616989643,91.31832122802734,20717986,0.0265820232643658,0,normal
2017-07-18,91.47231809325432,93.30313142267416,91.19854862097326,92.05406951904295,7342675,0.0080246784835127,0,normal
2017-07-19,92.39627727786976,93.09780719462708,91.4723174988572,92.772705078125,7928152,0.0077763536378254,0,normal
2017-07-20,92.6529397301485,93.8506690596108,91.79741878053257,92.10540771484376,7137662,-0.0072188129898851,0,normal
2017-07-21,97.15297591257516,99.54843443823104,95.90391400317668,97.88872528076172,43712663,0.0608977200075715,0,normal
2017-07-24,99.30890171009167,100.43819220323266,98.98380651837566,99.77088165283205,17479614,0.0190449965065484,0,normal
2017-07-25,100.2157544107446,100.249973857617,98.89825348930071,99.08646392822266,8993269,-0.0068835317608044,0,normal
2017-07-26,99.24046511456352,99.7537777211096,98.48760244761397,99.01802825927734,7921576,-0.0006909047938483,0,normal
2017-07-27,99.24045215803903,100.3526293270198,98.2993722066546,99.13778686523438,15748342,0.0012087318301778,0,normal
2017-07-28,99.24045399273628,99.53132971139786,98.52181085431152,98.91535186767578,6488043,-0.0022462162680785,0,normal
2017-07-31,99.24045536158592,99.41155954695247,98.3507080278822,98.71002960205078,6801080,-0.0020778944280719,0,normal
2017-08-01,98.89825964319404,101.27660533915886,98.89825964319404,100.88306427001952,10760455,0.0217755082732171,0,normal
2017-08-02,100.60929363307292,101.8754618801505,100.26708524605225,100.54084777832033,6469635,-0.0033979761141091,0,normal
2017-08-03,100.84883004770371,101.08837311787288,98.76136041741798,98.93246459960938,9722197,-0.0161266488926266,0,normal
2017-08-04,99.17201047449568,100.33552033875226,98.89824795259526,99.03512573242188,6796056,0.0010371509987354,0,normal
2017-08-07,99.10357294304715,99.20623127932431,98.2480519961678,98.4704818725586,3921329,-0.0057177657386784,0,normal
2017-08-08,99.68532977877368,99.77088187807604,97.49519464418324,98.35071563720705,7279766,-0.0012170056035536,0,normal
2017-08-09,98.24803992240162,98.74423922571448,97.8373857410167,98.04270935058594,2906265,-0.0031366278088498,0,normal
2017-08-10,97.87162662111712,99.05224981868824,97.78607451820248,98.6073760986328,7222248,0.0057428736801883,0,normal
2017-08-11,98.55603543866629,100.79749601726397,98.4533701458616,99.13778686523438,9466389,0.0053646019018271,0,normal
2017-08-14,99.25756112873924,99.54843685002376,98.29937491036382,98.72714233398438,4292153,-0.0041507620626726,0,normal
2017-08-16,99.03512550530706,99.27467554394866,98.5560393525182,99.2233428955078,5363422,0.0050133911037759,0,normal
2017-08-17,99.5484389498384,99.58266535726791,98.5560402283166,98.67581176757812,7032915,-0.0055334498617289,0,normal
2017-08-18,98.5731501623434,99.5826690876439,98.52181751152348,98.59026336669922,7948899,-0.0008673402781864,0,normal
2017-08-21,99.01802966709228,99.65111383171724,98.31649964327268,98.45338439941406,7613358,-0.0013893265868176,0,normal
2017-08-22,99.41155611805272,100.26707701537688,98.86401717396777,99.32600402832033,7238720,0.0088242288359072,0,normal
2017-08-23,99.6168834438068,99.85642651906284,99.10357088633204,99.2404556274414,6223409,-0.0008616601849098,0,normal
2017-08-24,99.39444731008471,99.5826647007171,98.82980210043476,99.03512573242188,7413579,-0.0020711573963012,0,normal
2017-08-28,99.2404602704704,99.8564311909104,99.13779496927332,99.4800033569336,5715785,0.0044820600959667,0,normal
2017-08-29,99.51422996152677,99.92488423360682,99.27468685783268,99.49712371826172,4691806,0.000172083712556,0,normal
2017-08-30,99.73665988520474,99.92487728376511,99.44578414745028,99.65110778808594,4899684,0.0015464269940679,0,normal
2017-08-31,100.95150777769464,102.83365401365351,100.6435188193609,102.35456085205078,27585715,0.0267677090571059,0,normal
2017-09-01,101.97811861129983,102.08077694143054,101.22525604577356,101.44769287109376,8535629,-0.0088995479672897,0,normal
2017-09-04,101.6187996310078,101.97812120120804,101.19103917231558,101.7385711669922,8020043,0.0028631708544635,0,normal
2017-09-05,101.77279938351708,102.1150077799674,101.43059098706676,101.72147369384766,7789014,-0.000168067132753,0,normal
2017-09-06,101.63591444294435,101.94389640827984,101.32792551536173,101.70435333251952,8243296,-0.0001683204302889,0,normal
2017-09-07,101.97811986740024,102.62831018631069,101.80701568616132,102.30321502685548,8910077,0.0058709921333681,0,normal
2017-09-08,102.6625368705435,103.24428830343352,102.14922432543572,102.8336410522461,12046586,0.005171447175952,0,normal
2017-09-11,103.1416357806437,103.82605259219945,102.74810168379742,103.05608367919922,14275591,0.0021607947049577,0,normal
2017-09-12,103.381162414478,103.65492489971334,101.80700549707444,102.0123291015625,20911485,-0.0101796622577685,0,normal
2017-09-13,102.01234596128025,102.55987798448854,101.05415969898016,101.25948333740234,17684075,-0.0074073153321734,0,normal
2017-09-14,96.3316899609738,98.8640336310408,96.22903161355435,96.9990005493164,15503769,-0.042985689357204,0,normal
2017-09-15,98.2138322799273,98.299384380444,96.38301872131925,97.78607177734376,15001278,0.0080814766991519,0,normal
2017-09-18,97.0161039876466,99.24046558889222,97.0161039876466,99.00091552734376,4860657,0.0123469463086189,0,normal
2017-09-19,99.00090140652698,99.73665076693352,98.38492357868736,98.98379516601562,4557233,-0.0001729462978312,0,normal
2017-09-20,98.8469089622153,99.97619234681544,97.95716167694356,99.89064025878906,5712945,0.0091198386170647,0,normal
2017-09-21,99.44577357839994,100.23284861089458,99.13778466905563,99.89064025878906,4954436,0.0,0,normal
2017-09-22,99.4628881441306,100.93438696625384,99.39444925287955,100.7632827758789,8097163,0.0086980409413293,0,normal
2017-09-25,100.33551390142492,100.79749378431802,99.2746694023472,99.89064025878906,3578780,-0.0086980409413293,0,normal
2017-09-26,99.58266029751756,100.02752698677796,98.9153498202566,99.32600402832033,4138670,-0.0056685799967537,0,normal
2017-09-27,99.46288733138589,99.51421998052837,98.316490657691,98.65869903564452,6102854,-0.0067410007871222,0,normal
2017-09-28,99.12069155360034,99.3260221762718,97.49520155168965,97.83740997314452,10644440,-0.0083593904147711,0,normal
2017-09-29,98.29938178590965,98.5218186338316,95.54460839933029,95.90392303466795,4236150,-0.0199601303541658,0,normal
2017-10-03,96.29745511465048,97.75184064965656,95.90391410684651,96.827880859375,3430145,0.0095880896087461,0,normal
2017-10-04,96.8107702090147,97.95716685673816,96.36590350510184,96.75943756103516,2334927,-0.0007071052148468,0,normal
2017-10-05,97.05032348632812,97.52940965080988,96.48567826419196,97.05032348632812,1547076,0.0030017697988267,0,normal
2017-10-06,97.52941867159008,98.2138354981504,97.10165815498986,98.07695770263672,3982263,0.0105228103754964,0,normal
2017-10-09,97.85451001552968,98.31648992989766,97.3754168974918,98.1453857421875,1350306,0.0006974541341557,0,normal
2017-10-10,98.1453901472704,98.65870273344,97.52941225896788,98.21382904052734,2435394,0.0006971233938513,0,normal
2017-10-11,98.19671483727105,99.87353720859686,97.94005856499405,99.46288299560548,5113769,0.0126375086441292,0,normal
2017-10-12,99.58268130105115,100.95151502547806,99.20624645703506,100.42108917236328,4607998,0.0095876973679045,0,normal
2017-10-13,100.79749378431802,101.20814798419268,99.51421246392236,99.89064025878906,4222649,-0.0052962465554502,0,normal
2017-10-16,99.89065063722694,100.07886803533908,98.29938024215716,99.4800033569336,6938446,-0.0041193374819981,0,normal
2017-10-17,99.92486678198706,100.14729664132132,97.92294235000456,99.18911743164062,9840952,-0.0029283477171073,0,normal
2017-10-18,99.10356942817592,102.35454891101624,99.10356942817592,100.8659439086914,14532324,0.0167640422186341,0,normal
2017-10-19,100.88305147514492,100.88305147514492,99.6168832869333,99.94197845458984,739517,-0.0092025450376738,0,normal
2017-10-23,100.16440471881327,101.77278110841836,100.0275199923637,101.60167694091795,7465974,0.016470238188301,0,normal
2017-10-24,101.4476875797498,102.28609522886492,100.9857077126405,101.56745910644533,3978687,-0.0003368408751631,0,normal
2017-10-25,101.73857030488492,103.29562114622928,101.29370360896296,102.28610229492188,4602841,0.0070506118272426,0,normal
2017-10-26,101.9096853061794,104.01426836099432,101.68724845347988,103.44962310791016,10070656,0.0113109496711887,0,normal
2017-10-27,102.45720499717048,102.64542237958057,100.95149378687744,101.6187973022461,3277807,-0.0178562301064308,0,normal
2017-10-30,101.39635423958286,101.39635423958286,99.94196880281686,100.35262298583984,3809919,-0.012538317574168,0,normal
2017-10-31,100.35264887426231,101.44771305366264,100.16443145487403,100.62641143798828,2886132,0.0027245490784455,0,normal
2017-11-01,101.29369874769571,101.51612860385842,100.28417994483696,100.45528411865234,2277490,-0.0017020680094796,0,normal
2017-11-02,100.4381750703555,101.1910306291946,100.24995769952248,100.35262298583984,2564335,-0.0010224810689658,0,normal
2017-11-03,100.52373808747592,101.2423742831144,100.47240543873448,100.79750061035156,2107524,0.0044233465227918,0,normal
2017-11-06,100.57506955674556,103.0047547307309,100.42107856391443,102.61121368408205,3876529,0.0178336621332517,0,normal
2017-11-07,102.61120887413168,105.65686483892252,102.06367686031751,103.43251037597656,15161185,0.007972104419986,0,normal
2017-11-08,103.94582784549873,104.92112037894236,103.02186100151452,103.4838409423828,5255548,0.0004961480050482,0,normal
2017-11-09,103.6891706022124,104.1853699856044,102.5256606772185,103.51806640625,2553036,0.0003306777663789,0,normal
2017-11-10,103.53518515117554,104.03139155673584,102.06369306555322,103.56940460205078,4214004,0.000495811712823,0,normal
2017-11-13,102.76520025298622,104.16825321945622,101.99523139748165,102.1834487915039,2073570,-0.0134722483832048,0,normal
2017-11-14,102.59409001836978,102.71386155194229,101.1054850445474,102.14922332763672,3545721,-0.0003349974708628,0,normal
2017-11-15,102.1492223163767,102.57698276222004,100.64350415455876,101.46480560302734,3918684,-0.0067227224557164,0,normal
2017-11-16,101.9781235327082,102.37165759390466,100.8488331110433,101.85834503173828,4846150,0.0038710783196371,0,normal
2017-11-17,102.04656119135213,102.2689980247228,100.780393004853,101.00282287597656,4640212,-0.0084346081271879,0,normal
2017-11-20,100.98572123107382,101.60169214892753,100.0617544109221,100.72906494140624,5142518,-0.0027140786276182,0,normal
2017-11-21,101.687249609725,101.9781323231576,100.31841599262208,100.60929870605467,5494382,-0.0011897012303885,0,normal
2017-11-22,101.19106067625768,101.19106067625768,100.26710067403216,100.71196746826172,3391791,0.0010199495866345,0,normal
2017-11-23,101.01992928469244,101.01992928469244,100.30129314711716,100.45528411865234,1803850,-0.0025519411026069,0,normal
2017-11-24,100.74618023488568,100.74618023488568,99.58267718698932,100.1644287109375,4289313,-0.0028995716063331,0,normal
2017-11-27,99.66822857584786,101.07128168290076,99.58267647221966,100.88306427001952,2796903,0.0071489438545775,0,normal
2017-11-28,100.95149438978676,101.25947634502892,100.36973599847464,100.90016174316406,4009460,0.000169463770832,0,normal
2017-11-29,100.95150642609526,102.38877892941257,100.43819382316084,102.2005615234375,6735475,0.0128056417501207,0,normal
2017-11-30,102.4400966593232,102.8165244541899,99.01801313826805,99.89064025878906,18265488,-0.0228611819509882,0,normal
2017-12-01,99.92487307477802,100.5579571743413,98.57314581988906,99.03512573242188,3808745,-0.0086013975779648,0,normal
2017-12-04,98.19671777567936,99.6168839172248,96.75943843057128,99.2233428955078,8790643,0.0018987054720369,0,normal
2017-12-05,98.76137528362138,98.76137528362138,96.74234423739571,96.9990005493164,4956230,-0.0226726232210765,0,normal
2017-12-06,96.94765865167018,97.34119968487867,96.02369880174358,96.67388916015624,5759926,-0.0033573278637639,0,normal
2017-12-07,97.03321513906197,97.44386243267073,95.81837253857712,96.2290267944336,6731998,-0.0046123009822069,0,normal
2017-12-08,96.74232923977162,97.87161265980497,96.36590143309384,96.8107681274414,4843796,0.0060271830926419,0,normal
2017-12-11,97.25564497220395,99.2404563266562,97.25564497220395,99.03512573242188,4125876,0.0227163635023686,0,normal
2017-12-12,99.41156910101324,99.70244485164189,97.5978617769206,98.48760223388672,3314548,-0.0055439179735676,0,normal
2017-12-13,98.6929196122194,99.05224119808813,97.61496181686064,98.2822723388672,2911417,-0.0020870061536921,0,normal
2017-12-14,98.69291431840482,99.41155745159472,96.62255789645604,98.76136016845705,3375145,0.0048627683884667,0,normal
2017-12-15,98.76135906202872,99.49710842780384,98.11116178617522,99.13778686523438,4930972,0.0038042321697266,0,normal
2017-12-18,98.21382888396936,101.89257604123496,97.27275581082522,101.22526550292967,6890507,0.020837715798593,0,normal
2017-12-19,100.95149967471646,101.61880322900456,99.42866821050542,100.06175231933594,10183834,-0.0115608662211101,0,normal
2017-12-20,100.90016042206476,102.1492223163767,100.06174577086372,101.46480560302734,7081611,0.0139244769328694,0,normal
2017-12-21,101.22526757304782,102.32033862154076,100.74617442447264,101.892578125,3711281,0.004207107163614,0,normal
2017-12-22,101.9781265847973,103.8260462941046,101.31081605666084,103.21007537841795,4689556,0.0128473752288869,0,normal
2017-12-26,103.09029950239272,105.05799763353652,102.02944798363052,103.65493774414062,4948094,0.0043009984606348,0,normal
2017-12-27,103.99714528981696,105.40020516808308,102.67964446577768,104.92111206054688,4841953,0.0121412776923897,0,normal
2017-12-28,104.68155678369511,106.05039714907367,103.51805396083049,105.40019989013672,13459388,0.0045557785254679,0,normal
2017-12-29,104.51046683707864,108.27476617043553,103.68917225318025,107.5390167236328,10069992,0.0200891953886808,0,normal
2018-01-01,106.59793227694544,109.50670334480304,105.8964023521516,108.32608032226562,8934389,0.007292212563918,0,normal
2018-01-02,108.08654374789911,110.87554344943383,107.60745062137366,109.06183624267578,7665379,0.0067690858022615,0,normal
2018-01-03,109.64358637619758,109.64358637619758,105.65685764098929,106.0675048828125,5860470,-0.0278392964176159,0,normal
2018-01-04,106.11885093032984,107.11125667935464,105.2119972810098,106.64927673339844,3905556,0.0054699332767667,0,normal
2018-01-05,107.11125669840622,107.4192456498477,105.29754939944355,105.93063354492188,4301878,-0.0067611838313528,0,normal
2018-01-08,106.08463125201116,107.07703699887604,105.7766423012948,106.4781723022461,4760660,0.005155529855882,0,normal
2018-01-09,106.97436579730632,109.50670919590316,104.8526696688615,108.54852294921876,12201522,0.0192572798961556,0,normal
2018-01-10,108.27475747905603,112.19304052955776,107.82988381328204,111.79949951171876,10163032,0.0295097949405906,0,normal
2018-01-11,110.721562985019,111.57708402003004,109.16451191639972,109.88314819335938,5643897,-0.0172895720594956,0,normal
2018-01-12,109.8489166826402,110.78998971781944,108.54852206731178,109.09605407714844,8433768,-0.0071887877726437,0,normal
2018-01-15,109.11317817338316,110.96110498302244,107.24814512056308,107.7956771850586,3187225,-0.0119911668927468,0,normal
2018-01-16,108.4458750571464,114.29763751275158,108.13788609374656,113.59610748291016,16443849,0.0524116832380361,0,normal
2018-01-17,113.95542232396994,114.12652651987833,111.21775518943588,111.4572982788086,8113347,-0.0190076981162219,0,normal
2018-01-18,111.90216197315674,112.32992242470172,110.24245281361156,111.33751678466795,4722081,-0.0010752629557142,0,normal
2018-01-19,111.9021621168388,112.92878720186496,109.6778077659488,112.56946563720705,4288268,0.011004223904778,0,normal
2018-01-22,108.48009643403884,112.56948424721944,108.48009643403884,110.03714752197266,12193514,-0.0227524898893936,0,normal
2018-01-23,110.22534393042736,110.51621965642812,107.24813385589496,107.88121795654295,8613403,-0.0197872254006581,0,normal
2018-01-24,108.3089821315396,110.6702213898646,106.83748328529794,107.43634796142578,17542056,-0.0041322279141011,0,normal
2018-01-25,108.03521167421894,108.8222937407248,105.65686619513188,106.7519302368164,22129831,-0.0063908264244778,0,normal
2018-01-29,107.48768429166608,108.1721010878146,105.94774650033192,106.4781723022461,9397269,-0.0025677245541073,0,normal
2018-01-30,105.93063633720948,106.87170945893556,104.27092695134216,105.1606674194336,6079993,-0.0124506626889351,0,normal
2018-01-31,105.09199299271545,106.07046955841824,103.5298587144168,104.61133575439452,7530432,-0.0052374283740235,0,normal
2018-02-01,104.73149915191368,106.121970640814,102.99770904430932,103.25520324707033,5872873,-0.0130482929557826,0,normal
2018-02-02,102.75737115091783,103.83884813867932,101.34973765199548,103.20369720458984,6713662,-0.0004989471845133,0,normal
2018-02-05,102.31104830170584,104.90315217693322,101.6072280857632,102.56854248046876,5851054,-0.0061733958116088,0,normal
2018-02-06,100.14810382235432,101.67589996600528,99.59878425300664,101.1609115600586,6489310,-0.0138188493866877,0,normal
2018-02-07,102.3797236335231,102.3797236335231,98.87780515127815,99.34129333496094,6662763,-0.0181511039620225,0,normal
2018-02-08,99.59879669165704,101.16092419379927,98.55165067479896,99.49579620361328,14125508,0.0015540651908159,0,normal
2018-02-09,99.22113358189245,99.22113358189245,97.50449847162092,97.84782409667967,8405269,-0.0167019375988015,0,normal
2018-02-12,98.8434695340886,99.89061548162462,98.1568182858624,99.20396423339844,6722288,0.0137645190592872,0,normal
2018-02-14,99.56447632741906,101.88192469505924,99.40997557858904,100.74894714355467,8063123,0.0154537750615526,0,normal
2018-02-15,101.48709104067972,101.48709104067972,99.71896250510667,100.42278289794922,4415065,-0.003242647774944,0,normal
2018-02-16,100.57725799378498,101.5900657029558,99.58161237334252,99.90777587890624,8209045,-0.0051415835581183,0,normal
2018-02-19,100.59443290464876,100.59443290464876,99.15246113396294,99.54728698730467,4420870,-0.0036147418766336,0,normal
2018-02-20,99.56445179289004,100.6802599912424,99.25545735635086,100.06227111816406,9160624,0.0051599259911263,0,normal
2018-02-21,100.9377673963112,101.22959279706366,99.75328973211148,100.3197784423828,13748271,0.0025701650076523,0,normal
2018-02-22,100.56010509401864,101.02360030884252,99.92495403941696,100.47427368164062,12838500,0.0015388430893361,0,normal
2018-02-23,101.45276024172324,101.6072539943844,100.3541139412073,101.28109741210938,9779768,0.0079980823022189,0,normal
2018-02-26,101.21242406185983,101.52141853986512,99.70178982437268,100.11378479003906,13418935,-0.0115924067345858,0,normal
2018-02-27,100.405600708938,101.05792077090098,99.959274617864,100.16527557373048,10467034,0.0005141903974621,0,normal
2018-02-28,100.59442614515255,100.86908242708168,99.22112378057584,100.5257568359375,13724575,0.0035924041603383,0,normal
2018-03-01,100.52577640435504,100.97210255371544,99.97645674858882,100.42278289794922,10895423,-0.0010248787787965,0,normal
2018-03-05,100.8004239898219,100.85192422747484,99.4957838991748,99.89060974121094,9996650,-0.0053134181571241,0,normal
2018-03-06,99.99360630183938,100.23393142150816,98.24264020005226,98.51730346679688,12604231,-0.0138434821884771,0,normal
2018-03-07,99.03229502960949,99.85627787129502,97.60749238450406,97.96798706054688,4868340,-0.0055914398063734,0,normal
2018-03-08,98.34564565789896,98.7919647577681,97.2126683563516,97.91648864746094,5387353,-0.0005258039371041,0,normal
2018-03-09,97.84782115964632,98.84346683942664,97.53883369435027,97.864990234375,2681455,-0.0005260805523361,0,normal
2018-03-12,98.29415249958356,100.2511127991234,98.22549016695882,99.8047866821289,4658262,0.0196272667462391,0,normal
2018-03-13,100.42276500960588,102.79170603967856,100.42276500960588,101.83039855957033,8546243,0.0200925252319406,0,normal
2018-03-14,101.28108685026233,101.83040645074666,100.59443560341248,100.88626098632812,5547337,-0.0093149167124764,0,normal
2018-03-15,101.4355937900892,103.68437971022476,100.25112302908866,100.73177337646484,13181140,-0.0015324783875199,0,normal
2018-03-16,101.28108001855009,102.01922447114144,99.92493970651074,101.53857421875,12891090,0.0079774928024081,0,normal
2018-03-19,100.78325666551495,101.79607140701732,98.39714646761252,99.10095977783205,3963271,-0.0242996416165288,0,normal
2018-03-20,98.50014441354725,101.3497499022453,97.72766175534352,100.80043029785156,8064555,0.0170034982242004,0,normal
2018-03-21,101.10944907803852,101.7274311622584,99.97647144616629,101.366943359375,8382829,0.0056044111776802,0,normal
2018-03-22,100.86908580417236,101.28108071832516,98.58596914962958,99.03229522705078,5036841,-0.0233010242808386,0,normal
2018-03-23,97.52166715559926,98.74047591365895,97.17834153191797,97.7276611328125,8771707,-0.0132613692151286,0,normal
2018-03-26,97.71050054094248,98.05382616988848,93.50475460137638,94.0712432861328,18744243,-0.038132239635173,0,normal
2018-03-27,95.77071411594008,96.40586516416592,93.81375374237886,94.08841705322266,14239615,0.0001825446230778,0,normal
2018-03-28,94.071236761648,97.332830010421,93.727911156514,96.52601623535156,13853121,0.0255776231779822,0,normal
2018-04-02,97.3328286917743,99.83910836928882,95.71920116349654,99.44428253173828,6543819,0.0297849424611973,0,normal
2018-04-03,98.63747761067124,98.6546466862255,97.17834367780516,97.4701690673828,4300609,-0.020051139859083,0,normal
2018-04-04,97.847820599501,98.36280901868294,96.1311925355612,96.6805191040039,4358041,-0.0081344477840694,0,normal
2018-04-05,97.16116929836932,98.43147825568344,97.16116929836932,98.2769775390625,2813628,0.0163778684875905,0,normal
2018-04-06,98.191156221445,98.191156221445,97.26417976641676,97.48734283447266,1802274,-0.0080672411147819,0,normal
2018-04-09,97.74482766620682,98.20831584912838,97.24700133382792,97.864990234375,2986425,0.0038663256732833,0,normal
2018-04-10,96.3371941174612,99.01512972362887,95.35871052667288,98.19114685058594,11673823,0.0033271788574742,0,normal
2018-04-11,98.87781708775012,99.28980508187476,97.45301421518666,98.08816528320312,3468465,-0.0010493370464033,0,normal
2018-04-12,98.29414693929772,99.73611870764913,97.88215899689874,98.48297882080078,5989886,0.0040170094171418,0,normal
2018-04-13,99.39279919891288,101.26392111428808,98.4829848698401,100.9892578125,8491437,0.0251304234967371,0,normal
2018-04-16,99.22113337568084,100.93776149740695,98.68897586395464,99.53012084960938,6256147,-0.0145538324326537,0,normal
2018-04-17,98.91213212942422,99.15245725598368,97.26416645165946,97.7619857788086,5854046,-0.0179245124484124,0,normal
2018-04-18,98.94647733530316,100.86909957557516,98.36281954014568,100.47427368164062,7066675,0.0273659034508941,0,normal
2018-04-19,100.59443338417375,100.86908968586782,99.4442869830918,100.40560150146484,2552252,-0.0006837139139834,0,normal
2018-04-20,101.2124083775544,102.9977056488286,100.90341394743224,102.32821655273438,8937349,0.0189674590070643,0,normal
2018-04-23,102.9290432179052,103.3410381472599,100.86908952606434,102.08789825439452,10660490,-0.0023512667705514,0,normal
2018-04-24,101.07507632532584,101.50423331400368,98.24264020005226,98.51730346679688,9443424,-0.0356019873214936,0,normal
2018-04-25,98.8434545672788,100.86907683982324,97.21265809967572,98.5859603881836,17195110,0.0006966594344577,0,normal
2018-04-26,94.41455771301013,97.1611624186997,94.07123212479893,96.5946807861328,25550129,-0.0204051865214287,0,normal
2018-04-27,94.8952262437085,95.89087196518366,94.19140590999903,94.80939483642578,6519427,-0.0186551693758358,0,normal
2018-04-30,94.8093963727669,96.93801949885848,94.79222729704102,95.70204162597656,5648769,0.0093711258353277,0,normal
2018-05-02,95.78788726453584,95.78788726453584,94.19142142904674,94.6034164428711,6354939,-0.0115460418123172,0,normal
2018-05-03,94.41456436734197,94.67205857664854,92.5434425737052,93.19576263427734,8949440,-0.0149913346632892,0,normal
2018-05-04,93.55624992769664,93.6077501663285,90.65515130950465,92.66360473632812,8256123,-0.0057264732976252,0,normal
2018-05-07,92.697946148842,94.63773746193236,91.7366385230032,94.32874298095705,5265878,0.0178101647490009,0,normal
2018-05-08,94.48323416000956,94.7407283706221,92.69793677544286,93.64208221435548,5221180,-0.0073060680592638,0,normal
2018-05-09,93.72791313423592,94.20857038856116,92.56060465515388,92.78376770019533,5165820,-0.009208171283995,0,normal
2018-05-10,93.00693361672022,93.24725875881389,92.14861955927474,92.8524398803711,4808846,0.0007398576409558,0,normal
2018-05-11,93.21292409038271,93.93390647454542,92.11428493213266,93.60774993896484,4066852,0.0081016134395675,0,normal
2018-05-14,93.17858896169555,94.05407202412748,92.6979317310462,93.50474548339844,4104721,-0.0011009897093066,0,normal
2018-05-15,93.65924864765742,94.01973634136192,92.06278318988808,93.041259765625,4501617,-0.0049691406778435,0,normal
2018-05-16,93.00693663955124,95.77071078834253,92.69794217183264,94.31157684326172,8413891,0.0135609000426031,0,normal
2018-05-17,94.41456611359015,96.40585749638196,94.19140306440146,95.56471252441406,6949715,0.0131996878593136,0,normal
2018-05-18,94.92953961903238,94.92953961903238,92.02844139055765,92.3202667236328,12844244,-0.0345399441874993,0,normal
2018-05-21,92.38894344817768,92.5091130025722,90.6723153565716,90.9298095703125,8120387,-0.0151758063856792,0,normal
2018-05-22,90.63799354245164,91.6508084119734,90.32899905708943,90.9641571044922,3966732,0.0003776654631906,0,normal
2018-05-23,91.17015548416484,91.22165573169828,90.15734056593628,90.4491729736328,9401189,-0.0056774826189656,0,normal
2018-05-24,90.6723244096039,91.3246445465396,89.93417984449648,90.7581558227539,6267787,0.0034102720969189,0,normal
2018-05-25,90.9813105272425,91.20447357790596,90.5178223358508,90.84397888183594,6265014,0.0009451768351826,0,normal
2018-05-28,90.17450386279914,90.89548632711256,90.17450386279914,90.39766693115234,3131052,-0.004925058485691,0,normal
2018-05-29,89.83116667758534,90.80964325241531,89.83116667758534,90.2946548461914,4768596,-0.0011401933973465,0,normal
2018-05-30,90.26033126692866,90.44916315906836,88.76686616038583,89.55651092529297,7799451,-0.0082084323702309,0,normal
2018-05-31,89.88267627929292,90.80965271307862,88.5780360536157,89.91700744628906,13729428,0.0040172723986131,0,normal
2018-06-01,90.27750106883316,90.80965161327332,88.93852969237622,89.4706802368164,3800052,-0.0049761289219771,0,normal
2018-06-04,89.76251111055537,90.10583674055972,88.59520257154504,89.3161849975586,4223321,-0.0017282620567264,0,normal
2018-06-05,89.3333465312687,89.951328422118,87.20472361395963,87.63388061523438,6572043,-0.0190150262515818,0,normal
2018-06-06,88.28619692555719,89.43633624340397,87.03305713776362,89.0071792602539,5079518,0.0155493441422462,0,normal
2018-06-07,88.59520025509185,91.27313590812042,88.59520025509185,90.84397888183594,5339491,0.0204264849426945,0,normal
2018-06-08,90.84398685258186,90.98131851003804,90.12300438215972,90.63799285888672,5026132,-0.0022700448912811,0,normal
2018-06-11,90.80966075988202,91.41048068297712,90.38050367195694,90.77532958984376,5541131,0.0015140757617961,0,normal
2018-06-12,91.58212709760528,92.40610995567825,91.17013916105748,91.47913360595705,6065963,0.0077233501146602,0,normal
2018-06-13,92.35460440145005,92.69792999047054,91.61645298806052,92.28594207763672,4100905,0.0087809248055226,0,normal
2018-06-14,91.71945403224258,92.3889361410278,90.8611400543246,91.4619598388672,6231142,-0.0089686766858347,0,normal
2018-06-15,92.2687875172052,92.2687875172052,90.9813163558712,91.63363647460938,12894495,0.0018752683244063,0,normal
2018-06-18,92.35461598245855,92.35461598245855,90.60365665588397,91.23880767822266,8318768,-0.0043180853376698,0,normal
2018-06-19,91.3074753780171,91.3074753780171,89.29901487799216,89.6080093383789,9780146,-0.018035623435562,0,normal
2018-06-20,89.71100936007231,90.1401663903591,88.6981945776089,89.16168975830078,5125212,-0.0049932456076717,0,normal
2018-06-21,89.60800704069825,89.71100751984534,88.26903573667406,88.80119323730469,10174400,-0.0040513730505562,0,normal
2018-06-22,88.83553459342366,89.12736000451578,87.54806338127165,88.66387176513672,6965470,-0.0015475890939269,0,normal
2018-06-25,88.5437037214679,89.69384320306074,87.89138361721321,88.4063720703125,4371876,-0.0029084488817998,0,normal
2018-06-26,88.40637317872833,89.24752518699007,87.94288496212346,88.44070434570312,5289660,0.0003882707762858,0,normal
2018-06-27,88.95569309061808,89.23035639725363,87.27339605367601,87.90855407714844,8530568,-0.0060352041006872,0,normal
2018-06-28,88.02871781101987,88.9042010005676,87.7883856683116,88.26904296875,10412698,0.0040923409190041,0,normal
2018-06-29,88.92135666408538,90.12299633583068,87.54805418209075,89.77967071533203,9652752,0.0169691087793228,0,normal
2018-07-02,89.50501838837468,90.03716893281486,88.6123661474181,89.4706802368164,10055613,-0.0034475891726408,0,normal
2018-07-03,89.76251370231745,90.2260019192103,88.76686794956147,89.91700744628906,10490968,0.0049761289219771,0,normal
2018-07-04,89.96850474985885,90.14016756420904,88.61236432550568,89.93417358398438,10224848,0.0001908926886011,0,normal
2018-07-05,90.12300548272268,90.9126572840051,89.31619158966006,90.67232513427734,12472818,0.0081741871487119,0,normal
2018-07-06,90.2946602557572,90.77531752735788,89.77967181868026,90.22599792480467,7580592,-0.0049345743796607,0,normal
2018-07-09,90.39766837882456,91.0671506096274,90.00284248002721,90.9641571044922,5832667,0.0081479400838668,0,normal
2018-07-10,91.32463423737664,93.4875883985834,90.53498951652246,92.9039306640625,13242228,0.0211004046711371,0,normal
2018-07-11,93.71076244772595,94.34591351091836,92.4919535814818,93.41893005371094,10556522,0.0055280463080631,0,normal
2018-07-12,93.53910314291318,96.64619623903472,92.64645082051234,95.9423828125,11900279,0.0266538303187093,0,normal
2018-07-13,96.06252474226886,99.49578067484023,95.53036727872949,96.42301940917967,20625128,0.0049971314103878,0,normal
2018-07-16,95.87369409596666,98.53446747767846,95.73636944489228,97.19550323486328,12543791,0.007979483718187,0,normal
2018-07-17,97.1611746022509,99.20396629925013,96.73201756317265,97.4701690673828,14471569,0.0028219255253461,0,normal
2018-07-18,98.19115515416564,98.6374812854261,97.3843412876361,97.77916717529295,6125915,0.0031651668766254,0,normal
2018-07-19,98.19115226199622,98.99797308973938,96.68052506063913,98.12248992919922,7434390,0.0035050556536297,0,normal
2018-07-20,98.7061517436503,99.7704669157898,96.30287203749027,97.16118621826172,13966393,-0.0098452824607484,0,normal
2018-07-23,96.98951524419118,96.98951524419118,90.4148277741362,94.9123992919922,23582642,-0.0234169594980677,0,normal
2018-07-24,95.51321392395133,95.61620742036013,92.42328330208834,93.71075439453124,9224277,-0.0127413960640749,0,normal
2018-07-25,94.41457034251596,94.99822811153504,93.5905874235924,94.31157684326172,6629507,0.0063909907914796,0,normal
2018-07-26,93.86523237180822,94.44888304173055,92.57776149552964,93.17858123779295,11554893,-0.0120860679697258,0,normal
2018-07-27,93.38459060381314,94.58623028679506,93.38459060381314,94.24290466308594,4829553,0.011357661170126,0,normal
2018-07-30,94.00258200361397,94.07124433617844,92.52627898867624,93.7794189453125,7272923,-0.00493012369673,0,normal
2018-07-31,93.89957981096892,95.18705091045754,93.10993506093592,94.89522552490234,7436176,0.0118279760508608,0,normal
2018-08-01,94.7578945832566,95.61620865597692,93.9682498273406,95.2213897705078,4219572,0.0034312052641736,0,normal
2018-08-02,95.10120764664605,96.4058476587903,94.2772248487116,95.82219696044922,8010016,0.006289760163491,0,normal
2018-08-03,96.285701575576,96.285701575576,95.13555508533166,95.44454956054688,4362841,-0.0039489132065195,0,normal
2018-08-06,95.7878674697096,96.02819959101993,94.50039641440344,95.1183853149414,4540062,-0.0034231689842538,0,normal
2018-08-07,94.62055645818296,95.95952771697436,94.62055645818296,95.2557144165039,4592433,0.0014427290852774,0,normal
2018-08-08,95.94237448390308,95.94237448390308,94.20857722164632,95.6162109375,3821153,0.0037773700765422,0,normal
2018-08-09,95.47888151317268,96.25136415856308,94.60339838773912,95.68487548828124,6388521,0.0007178689364799,0,normal
2018-08-10,96.09686926280604,96.09686926280604,94.92956068647143,95.73638153076172,3598180,0.0005381434071178,0,normal
2018-08-13,95.44454060502778,97.65899498214056,95.2728777999017,96.76634979248048,6481139,0.0107009192343827,0,normal
2018-08-14,97.84782115964632,98.53447238915308,96.4745187006328,97.864990234375,5241916,0.0112895704319564,0,normal
2018-08-16,97.84783607382812,97.84783607382812,95.46172548158692,95.9423828125,6015278,-0.0198410459159434,0,normal
2018-08-17,95.92519816168505,96.47451774284131,95.25571601355352,96.14836120605467,7277246,0.0021445954988958,0,normal
2018-08-20,96.40585637167312,98.32847841729657,96.13119308587942,97.864990234375,4291894,0.0176964504170475,0,normal
2018-08-21,97.79633057153028,101.1094242412172,97.504498203052,99.20396423339844,16189619,0.0135890973548065,0,normal
2018-08-23,99.56445383815986,100.62876182145604,99.01512727970488,99.47862243652344,7277960,0.0027647956742251,0,normal
2018-08-24,99.1181265121666,101.22958036292869,98.50013763414644,100.30259704589844,11267031,0.0082488162165024,0,normal
2018-08-27,100.25110431563422,102.07072582598806,99.92494080082272,101.57290649414062,6811390,0.012585243803973,0,normal
2018-08-28,101.88190930913797,102.3110663494464,100.97209498668846,101.4870834350586,4051198,-0.0008452976307369,0,normal
2018-08-29,101.81323528778732,102.15656090417195,100.62876470525136,101.88190460205078,4285462,0.0038828109126871,0,normal
2018-08-30,102.13938773548078,102.99770168334274,100.93774820847403,102.63720703125,9067763,0.0073861641289587,0,normal
2018-08-31,102.99771522307148,105.22933178087328,102.82605241093287,103.42687225341795,18087318,0.0076643060781984,0,normal
2018-09-03,112.26751122032124,112.26751122032124,105.1606663446113,105.86448669433594,68625769,0.0232950341082718,0,normal
2018-09-04,106.58546241193238,108.14759675548164,106.1906365573562,107.58110809326172,21828613,0.0160852081564231,0,normal
2018-09-05,107.99309556526497,109.8642243513844,107.97593347556216,109.46939849853516,30871477,0.0173999874608226,0,normal
2018-09-06,109.86423424933484,110.72254836112718,109.17758295990092,110.2762222290039,26924326,0.0073432849617667,0,normal
2018-09-07,110.51655190430834,112.69666830260007,109.5552373265684,111.47785949707033,22940730,0.0108376722559464,0,normal
2018-09-10,111.3748699600704,112.61084090044648,110.9628749899596,111.58086395263672,16966961,0.0009235636364728,0,normal
2018-09-11,112.25033666277696,112.61083135795384,110.9457034970911,111.2203598022461,12710847,-0.0032361084820529,0,normal
2018-09-12,111.5980222936772,113.46914410821034,111.5980222936772,112.86832427978516,16704169,0.0147084105908401,0,normal
2018-09-14,112.86832292934422,114.32745678091864,111.30618860013824,113.36614227294922,11404741,0.0044009102965443,0,normal
2018-09-17,114.06995153081222,115.3574224517028,112.6451489813646,113.2631378173828,12352938,-0.0009090128391013,0,normal
2018-09-18,113.09148134308909,114.51628397209927,111.5808473145599,114.17295837402344,7248678,0.0080007125088048,0,normal
2018-09-19,114.46479655305548,114.51629679552924,112.28468015814182,114.2244644165039,7797531,0.0004510212306625,0,normal
2018-09-21,113.94981607125254,116.00977003451274,112.61084459813772,115.0827865600586,17700584,0.0074862539108195,0,normal
2018-09-24,113.3833194010183,116.04409308405712,113.3833194010183,114.2244644165039,9975645,-0.0074862539108195,0,normal
2018-09-25,114.32745662131902,114.97977668046067,112.0100087426418,112.71382904052734,9037680,-0.013313378414403,0,normal
2018-09-26,112.67948897825607,112.93698318262616,108.6282510204869,109.60672760009766,20972861,-0.0279533643347864,0,normal
2018-09-27,110.51655323581625,111.11737310789792,108.73125571064388,109.50373840332033,47992758,-0.0009400664992442,0,normal
2018-09-28,109.52090539604237,112.14734789817712,108.28493450826656,111.23753356933594,18433179,0.0157091676203142,0,normal
2018-10-01,111.23752978630922,114.13862850652204,110.8942041633265,113.34898376464844,10879266,0.0188035544856024,0,normal
2018-10-03,113.07432185066745,113.29748490532212,110.7225427015628,112.43917083740234,9550589,-0.0080590397052873,0,normal
2018-10-04,111.6151918471241,113.43482052887998,110.413552109921,111.80402374267578,12296495,-0.0056648211279259,0,normal
2018-10-05,111.51219034213538,112.59366044000907,110.27621254174684,111.68385314941406,8937680,-0.0010754105011363,0,normal
2018-10-08,110.3448918248966,111.03154311604774,107.35795451740223,109.00592041015624,9465389,-0.024269943671328,0,normal
2018-10-09,108.83425190272644,110.82554333704668,107.0146232822277,110.43071746826172,9932090,0.0129861366355443,0,normal
2018-10-10,110.00155034732678,110.1217129089882,106.48246298666253,108.47374725341795,9764277,-0.0178801501738652,0,normal
2018-10-11,105.74432104195532,108.30209416877663,104.6628439200525,107.47811126708984,7138056,-0.0092209721902403,0,normal
2018-10-12,108.5424169656518,109.84705004491455,106.2593003457205,108.59391021728516,8960733,0.0103281198652256,0,normal
2018-10-15,108.95440834319608,110.56804289328548,107.85576919056372,109.84705352783205,8342805,0.0114736452036039,0,normal
2018-10-16,109.86421892790378,110.10454405169916,108.52524770324216,109.53805541992188,8320912,-0.0028169488232121,0,normal
2018-10-17,110.79120850046796,112.9884939801072,108.66259233939812,110.94570922851562,12641962,0.0127689486508817,0,normal
2018-10-19,111.01437156210704,111.958517066368,109.0059179773112,110.94570922851562,7051648,0.0,0,normal
2018-10-22,111.44352790569336,112.3533422374128,109.86423137826267,110.61954498291016,4842137,-0.0029441843882214,0,normal
2018-10-23,109.48657272724472,109.95006093067862,104.7486762399746,106.12197875976562,10176672,-0.0415076156918416,0,normal
2018-10-24,106.15631358730523,106.99746560067692,102.99772047683098,106.01898193359376,12479882,-0.0009710226061772,0,normal
2018-10-25,101.62440592464498,110.94569739692956,101.62440592464498,109.36639404296876,37804166,0.0310855056210872,0,normal
2018-10-26,109.45223203372424,110.72254102600871,108.49092448318814,110.07022094726562,11805695,0.0064148758210045,0,normal
2018-10-29,109.52089005680033,114.05278500557752,108.7140763253484,113.12580871582033,6600369,0.0273820164962703,0,normal
2018-10-30,112.9541592781542,114.89395046864848,111.80401982413726,112.43917083740234,9880349,-0.0060881791196694,0,normal
2018-10-31,112.67949577662743,114.58495579792029,110.5852108517238,113.70947265625,8013245,0.0112343382620574,0,normal
2018-11-01,114.31028506114303,114.31028506114303,110.72253529134328,113.17731475830078,6681864,-0.0046909639813215,0,normal
2018-11-02,112.95415331824024,113.84679850478172,108.85140809907432,109.31490325927734,9761930,-0.0347230082683518,0,normal
2018-11-05,108.18193510200427,111.75252313503452,107.83860946392404,111.27186584472656,6810854,0.0177437108960427,0,normal
2018-11-06,111.5122005096556,112.21601389268436,110.24189142898187,111.5465316772461,6109153,0.0024653796517224,0,normal
2018-11-07,111.71818073188324,112.5249945032289,111.4263553658617,111.70101165771484,380109,0.0013839346477642,0,normal
2018-11-09,112.6108350461292,112.6108350461292,109.05741615791334,111.52935791015624,12329274,-0.0015379070663481,0,normal
2018-11-12,111.49503874139792,112.0958586610364,110.48223081371306,111.0143814086914,6897542,-0.0046281007252275,0,normal
2018-11-13,111.06585565566284,112.5078203312429,110.20754168568018,111.97566986083984,6101731,0.0086218591508107,0,normal
2018-11-14,111.58084717954615,111.9585039399772,109.40073103139792,111.42635345458984,4883777,-0.0049177487756333,0,normal
2018-11-15,111.2890348664287,113.46915127018109,110.43072077164602,110.94570922851562,8942797,-0.0043228899239675,0,normal
2018-11-16,111.0658672376736,113.43481543885636,111.0658672376736,111.99284362792967,7275846,0.0093939974629018,0,normal
2018-11-19,111.75252829947382,115.15145367053908,110.37922568368812,114.27597045898438,7513344,0.0201813434195692,0,normal
2018-11-20,113.60647912108315,113.60647912108315,109.89855956169735,110.31055450439452,6907315,-0.0353167057427068,0,normal
2018-11-21,109.86421965416756,109.86421965416756,107.54677186019492,107.85576629638672,6943816,-0.0225047734540009,0,normal
2018-11-22,108.14759944784844,109.45223262743376,105.05766883333594,105.4353256225586,8239488,-0.0226970996335609,0,normal
2018-11-26,104.16500872659093,109.82988807538467,103.9075145282356,109.33206176757812,18657115,0.0362919518100648,0,normal
2018-11-27,108.78276210750214,110.65389114881896,106.77430838992368,107.13479614257812,11458234,-0.0203018708317435,0,normal
2018-11-28,107.78709828388904,108.33641785208152,106.17347074264038,106.5339584350586,16926705,-0.0056240257720201,0,normal
2018-11-29,107.80427914690192,108.714093491982,106.29364493044532,108.11327362060548,7793384,0.0147157144368801,0,normal
2018-11-30,108.1647543715581,112.0615055318837,107.70126620708535,111.46068572998048,16991251,0.0304924270672906,0,normal
2018-12-03,111.58084708201642,113.12581227013791,110.91136496115465,112.6966552734375,7115262,0.0110278080894694,0,normal
2018-12-04,112.69667672539752,117.1599103406642,111.82119349148844,114.99695587158205,15925097,0.0202059148673114,0,normal
2018-12-05,114.3274542024904,116.28440735353465,112.662326418184,115.51192474365234,10264210,0.0044681118352842,0,normal
2018-12-06,114.41329514072386,115.51193437236692,112.95416120042844,113.86397552490234,6232265,-0.0143692303482545,0,normal
2018-12-07,114.2588028795138,115.47760470149852,111.39202821876744,114.4304656982422,9264269,0.0049628132249077,0,normal
2018-12-10,112.7138381367907,115.52910558557646,111.61519189984216,112.13018035888672,8528293,-0.0203068310912257,0,normal
2018-12-11,111.7181718542669,114.60210809190718,111.51217790550189,112.6108169555664,11795237,0.0042772554646459,0,normal
2018-12-12,113.228820084353,113.98413365352444,112.59366210007516,113.3146514892578,7028448,0.0062306991374994,0,normal
2018-12-13,113.64081513913186,118.0868793971947,112.95416385696136,116.26725769042967,13728244,0.0257230111465229,0,normal
2018-12-14,116.38741612536936,117.76071864083198,114.08713720596056,114.3617935180664,12792082,-0.016524436280175,0,normal
2018-12-17,115.34026677173964,117.33155815459736,114.80811625363252,116.5934066772461,9162003,0.019325675390049,0,normal
2018-12-18,115.0999428480662,116.18141995560816,114.1729664615889,115.03128051757812,9864405,-0.0134886299328425,0,normal
2018-12-19,115.03128508043996,117.5032268657506,113.7781451119928,116.9710693359375,9978008,0.0167225377109074,0,normal
2018-12-20,115.44326880129104,116.73073988896444,114.1042974731152,114.41329193115234,6421739,-0.0221093731825758,0,normal
2018-12-21,114.3961337213942,114.94546035895898,110.12173209832484,110.58522033691406,26209361,-0.0340308119204877,0,normal
2018-12-24,110.79120252727076,113.4691451526053,110.34488341303344,112.1645050048828,11285031,0.0141801398724528,0,normal
2018-12-26,111.82116915525678,112.37049568402723,109.64105306849623,111.97566986083984,6281385,-0.0016849740465625,0,normal
2018-12-27,112.54217426033811,113.76097607764557,111.23753404901792,112.42200469970705,13527065,0.0039780753374412,0,normal
2018-12-28,111.99284226574134,114.29312810817736,111.8555176058757,113.3146514892578,5945206,0.0079087859052702,0,normal
2018-12-31,113.64081756603557,114.60213217559526,112.97133534561314,113.58931732177734,5696321,0.0024209886509645,0,normal
