Date,Open,High,Low,Close,Volume,ret_1d,is_outlier,vol_20d,market_regime,ret_5d,ret_10d,price_vs_ema20,ema20_vs_ema50,rsi,macd_hist,atr_norm,volume_ratio,obv,obv_slope,rsi_norm,macd_hist_norm,atr_norm_norm,vol_20d_norm,obv_norm,price_vs_ema20_norm,ema20_vs_ema50_norm
2010-05-03,189.5741929942751,190.8159453501328,188.50214830952893,190.1660919189453,13160890,-0.0015430238059088,0,0.0173579643177089,normal,0.020252746323452,0.1,0.0545816437986719,0.027104557468581,74.37326917880189,1.341143725313906,0.0255580457154031,0.1,174900200,14362455.81818182,1.118069851735056,0.942567848486164,0.2431171229772473,0.9006670206093911,1.9353663896291218,1.3742996457463048,1.8916295696854017
2010-05-04,190.81595220407223,191.71828925011803,188.17515674467856,188.754638671875,13397620,-0.0074222130392831,0,0.0172986538865914,normal,0.0280909760096779,0.0866157626705492,0.0421139974815254,0.0286475185310444,71.34992981447347,1.1124929572420288,0.0255549360831226,0.1,161502580,9857348.242424246,0.9084881160456441,0.6560940331732794,0.27288337407265517,0.875987196448662,1.7217408129171647,1.0115276422348796,1.86059109127069
2010-05-05,187.09070459380595,189.1602920340029,185.47642891680417,188.43179321289065,16717010,-0.0017103974835054,0,0.017176014826155,normal,0.0197114815728327,0.0809192727690328,0.0363508393053986,0.0297664175797676,77.77226791922763,0.8550500079120091,0.0250793714868498,0.1,144785570,4001998.3030303074,1.280687100816111,0.32234643345204167,0.23540174781176418,0.8385982432194902,1.49203461648474,0.8245365228572314,1.8164517475155741
2010-05-06,188.74634356091124,192.05768292162887,187.28107235690163,191.3623046875,17751300,0.0155521073415592,0,0.0172185153706023,normal,0.0165347221383513,0.0398092825119282,0.0472352662379775,0.0315224148798529,80.7575838298707,0.7987290691148896,0.0255635982267434,0.1,162536870,2380200.969696971,1.4384918945098781,0.2226032682991679,0.3411753895669702,0.8454795806247299,1.6053134283973471,1.1112053263496997,1.7993574809230806
2010-05-07,188.3490121011845,189.72320852344896,183.64277241301843,184.2884826660156,16085350,-0.0369655979689216,0,0.0194456225902027,normal,-0.0324030993467785,-0.0152391917113149,0.0077055629355138,0.0307302225303545,69.40109426335134,0.2311462899283851,0.0283913902851988,0.1,146451520,1487937.2727272692,0.6751553171847735,-0.559881163318819,0.8172448995810475,1.3953459124988414,1.40054515395766,-0.08866361764303524,1.695554215895044
2010-05-10,186.26283709205703,192.47987212934163,185.612983717692,191.05186462402344,14791690,0.0366999709377664,0,0.0208421693492111,normal,0.0046578898274654,0.0250049712119957,0.0402609447513562,0.0320092041819801,70.33983960051884,0.2553993237334531,0.0277994866858269,0.1,161243210,660973.3939393898,0.7155203559589741,-0.579447127185509,0.7892909981919187,1.713093308592286,1.493862318400149,0.8999506738914609,1.6736575160499358
2010-05-11,191.5609744523598,193.6264309411125,188.84154663817307,189.3961944580078,18377970,-0.0086660769800591,0,0.0209038974890399,normal,0.0033988875221662,0.0315853415996889,0.0281862803906831,0.0324786065574611,67.25428696111855,0.1114658504131931,0.0288355166461754,0.1,142865240,-2166401.4545454485,0.47374577458471845,-0.8205208277512573,1.030503795899201,1.6924565573729888,1.2690714694370024,0.48717304776716525,1.6262662833407109
2010-05-12,189.57420152486787,193.63058768383183,188.9119310455908,192.4053955078125,20204040,0.0158883923640391,0,0.0210295381784832,normal,0.0210877486605058,0.0412149010024727,0.0401121833968101,0.0336766025557355,61.318896297259336,0.1671086930347627,0.0250101008886562,0.1,163069280,-2816165.333333332,-0.00023881594656855663,-0.7781742986929696,0.46414233604542715,1.6820236122642374,1.422528346026865,0.8640268212730688,1.6089819970657326
2010-05-13,193.0511274107905,194.45844444229928,190.915311507167,191.8714599609375,17762910,-0.0027750549586501,0,0.0203352145094757,normal,0.0026606874027199,0.0192394032679725,0.0335615130582058,0.0344142828277549,56.8764920305277,0.1184296395962407,0.0238408160324704,0.1,145306370,-3197018.484848487,-0.3952502959229695,-0.878353497488815,0.32758980165054075,1.4856075642943212,1.208201147004666,0.6156882830706211,1.5787483955802735
2010-05-14,191.643778986468,193.20838643922968,183.08396916832712,184.1311798095703,33008880,-0.040340966566591,0,0.0227932345008366,normal,-0.0008535685690698,-0.0332290096487055,-0.0073644564676191,0.0325601720465105,47.27000869261967,-0.4532465232504279,0.0275533916517856,0.1,112297490,-3815772.787878785,-1.2448445260317533,-1.7250034741178648,1.2386865054799898,2.0028434039641985,0.8517633896877188,-0.9385587486268017,1.4635469688555194
2010-05-17,182.95149626979125,188.08406965689105,177.2684056504487,186.32492065429688,25703050,0.0119140106906139,0,0.0226749058456112,normal,-0.0247416793289553,-0.0201990335179504,0.0040351646609444,0.03149549697675,53.34347556270109,-0.6877598802347284,0.0299185668099236,0.1,138000540,-2991588.5454545435,-0.7942037253533105,-2.012714696314726,1.925461350347429,1.913247481247422,1.0806772072037436,-0.5537937219445691,1.3827108226998301
2010-05-18,186.08901266342951,190.2364738430408,184.71894683311243,188.74636840820312,18901340,0.0129958340806108,0,0.0218556823221641,normal,-0.0034310406904651,-4.381488968996372e-05,0.0154313381769748,0.0311875057812769,54.708434690438224,-0.6825532778798618,0.0294501551860601,0.1,156901880,-1582328.1818181728,-0.691467620636737,-1.9224922839336425,1.8937137851441017,1.6906558963941127,1.2371533495872489,-0.12786291476223416,1.3323345188847278
2010-05-19,187.09070336117884,188.1668913493428,181.29585856680603,183.29507446289065,20415020,-0.0288815832128908,0,0.0230892729891629,normal,-0.0473496131482026,-0.0272603612289382,-0.0125891657143293,0.0291424378719882,44.371310486184605,-1.028232093954944,0.0315260973377567,0.1,136486860,-2345315.63636363,-1.6134686329237131,-2.2677211698888393,2.3839616792061022,1.9095522287277866,0.9976904054771665,-1.2830537026212714,1.2225533876979233
2010-05-20,183.94489684572,188.91190582966428,183.8703947425825,187.7115478515625,17039960,0.0240948830819018,0,0.0201725415466865,normal,-0.0216807237002413,-0.0190777219259523,0.0101246873186739,0.0285998555809126,47.02666511276723,-0.9436366304926792,0.0315072891987786,0.1,153526820,-894840.3030302984,-1.458827549769701,-2.0441780988147777,2.3165339770917406,1.256836512266407,1.151303501915436,-0.40742523912258455,1.171421932240401
2010-05-21,183.9449067136812,188.74635151542512,182.9804846422008,188.01785278320312,15706440,0.0016317852318965,0,0.0198338952539745,normal,0.0211081739532241,0.0202365881103174,0.0106398265821099,0.0281118279546828,47.6765927783552,-0.8539388284623124,0.0327674119745914,0.1,169233260,449206.0000000014,-1.4543610418464272,-1.8407185290785308,2.461396715182729,1.1772036629067726,1.291152632624496,-0.4314546036439404,1.1247156678557337
2010-05-24,188.9119151133889,191.3126438193289,184.02355120866807,184.70651245117188,15195470,-0.0176118399556952,0,0.0202233056212124,normal,-0.0086859460207566,-0.0332127204585978,-0.0064819723668276,0.0265754148876866,45.794613260018814,-0.9946684563916568,0.0348034670481316,0.1,154037790,1674378.8484848442,-1.6582239359560567,-1.9206145249304583,2.700024900543778,1.251837277948531,1.1035483362342449,-1.2521289838804797,1.0399425443343797
2010-05-25,183.77932976735568,183.77932976735568,176.99108677977767,178.40667724609375,17355820,-0.0341072717007935,0,0.0213752423441881,normal,-0.0547808747225676,-0.0580239600028004,-0.0366645348363833,0.0232251586157996,40.73588285525095,-1.46089996417391,0.0376465493176368,0.1,136681970,815011.030303028,-2.15174003535377,-2.3293958126492122,2.99650722005511,1.4792344973328453,0.8867555160745277,-2.5679111058827746,0.8837581969744532
2010-05-26,179.78920029369488,180.9647371165541,178.11698267873123,179.93821716308594,16500270,0.0085845436988862,0,0.0214200030208095,normal,-0.0183139525687818,-0.0647964071476381,-0.0257601406812427,0.020691411004414,39.16290733056788,-1.6035993668813306,0.0365604396865967,0.1,153182240,2277542.6666666614,-2.243937339850621,-2.3333148586685426,2.5730290862799654,1.442629843306992,1.0739323248849681,-2.07041330858836,0.7578247963054222
2010-05-27,179.64016896458318,186.09728355509947,178.58881513006415,183.72967529296875,21781920,0.021070888606429,0,0.0215403794424755,normal,-0.0212127202836903,-0.0424335368565305,-0.0047361114534346,0.0195690260432128,49.43470191184428,-1.3881569473992197,0.0357239206796213,0.1,174964160,3863827.93939394,-1.233403600822279,-1.9852766181275465,2.269229745000511,1.4312409138143791,1.3241854303602918,-1.1113047845693422,0.6877510050614595
2010-05-28,185.7661271407117,186.99133175984693,182.3844290005468,185.3853302001953,13567960,0.0090113635948385,0,0.021463949737928,normal,-0.0140014500965676,0.0068111788124207,0.0038279280519082,0.0190255522247846,43.60698600347881,-1.0926701013254692,0.034023779418112,0.1,188532120,3630103.393939399,-1.7134373147192388,-1.6008025405123518,1.8721958804322387,1.375080920612277,1.46955888331407,-0.7221767805200359,0.6409730000470878
2010-05-31,184.60716494556928,188.29102736992544,184.60716494556928,187.8191680908203,11989040,0.0131285355103163,0,0.0216984903187633,normal,0.0168518997968265,0.0080195790840873,0.01536214927994,0.0192229297245558,48.25149199745282,-0.7103506319138906,0.0331641611742979,0.1,200521160,4839807.030303026,-1.2521767302775528,-1.1587801982457755,1.6515294561638545,1.3825867356445327,1.5892955460223415,-0.20207634812330752,0.6269025532995052
2010-06-01,186.3539102405526,188.4152236380625,182.2975243834655,182.9225311279297,14423360,-0.0260710182707382,0,0.0224055165372969,normal,0.025312134901805,-0.0308553607117789,-0.0100619860100376,0.0178292279294074,39.90836369635698,-0.7598427218073827,0.0345982353218935,0.1,186097800,5765045.575757575,-1.9053926030866357,-1.1768805169053016,1.8042144804834115,1.4742221136687967,1.3657572090597023,-1.284934656620289,0.5356716906275665
2010-06-02,183.13363981606244,187.67017158634968,182.9515151253065,186.94581604003903,12342500,0.0219944743127111,0,0.0230032330020294,normal,0.0389444720940066,0.0199172923104788,0.0105840248163351,0.0177770892131816,45.12052849516308,-0.5064110635972114,0.0343138625147407,0.1,198440300,5648620.121212116,-1.3948446730718942,-0.8793054034734955,1.681119609752557,1.5357545375040773,1.493102031380424,-0.364991063302673,0.5077801843882948
2010-06-03,187.508752374473,190.89459416163712,187.508752374473,189.3506774902344,12587190,0.0128639490368711,0,0.0229143839509915,normal,0.0305938721564853,0.0087321726203444,0.0212901988808136,0.0183945372890033,55.78174835919136,-0.178527766139938,0.031548426582835,0.1,211027490,6603815.212121212,-0.44469010975840434,-0.4936486243412838,1.196763279619204,1.4626389906508306,1.6058262185557362,0.11774010697620262,0.5141982328078156
2010-06-04,189.574206997642,194.375652321314,188.6635834833776,193.7754669189453,19478740,0.0233682260204171,0,0.0217731734006736,normal,0.0452578243903636,0.0306226991241149,0.0406804246181704,0.020198464797728,57.86440936760214,0.3081461777356125,0.0289467677428994,0.1,230506230,8971605.212121215,-0.24269078877554787,0.09564324571925323,0.7625509010821778,1.2038078786586377,1.8040079605100123,0.954890270877321,0.5856848726189857
2010-06-07,186.3621706510356,192.05767825525,184.8431008299988,189.3051300048828,14925200,-0.023069674325349,0,0.0209530152208445,normal,0.0079116627401094,0.0248968890846585,0.0150605176593521,0.0203295911783973,50.5653462029528,0.3004662601422101,0.0309188161572607,0.1,215581030,8769559.393939393,-0.8662081704828424,0.1199604570057162,1.040978578942626,1.016239900448779,1.559517923871156,-0.1651815946437312,0.5680555662990601
2010-06-08,189.4086021813816,193.00554534883253,187.80260067021857,189.0609130859375,14018340,-0.0012900702634894,0,0.0208617781331666,normal,0.0335572765156788,0.059718817727586,0.0124251252799147,0.0202910373796441,56.520882285537546,0.2523537950931385,0.0301096088586515,0.1,201562690,5899843.515151513,-0.32077852015121877,0.09224308643114733,0.8869828466722445,0.9682311680805604,1.3322975726968733,-0.27436662506795784,0.5406743737716564
2010-06-09,190.83144178065268,192.83579318341364,188.5765432667077,189.7875061035156,18141760,0.0038431688799038,0,0.02055419877029,normal,0.015200607981876,0.0547370597292449,0.014739233440751,0.0203983737703477,52.56160273297872,0.2428007843423723,0.0294833951653743,0.1,219704450,4333263.212121207,-0.6487466722350789,0.1086243614357518,0.7645257340635906,0.8815958043305396,1.5369005877578845,-0.16932171135345095,0.5215607460023047
2010-06-10,189.24469602103736,195.2577639695,189.24469602103736,194.3265686035156,24496840,0.023916550637028,0,0.0212521841125981,normal,0.0262787077354809,0.0576765473168632,0.0351625882397275,0.0217769409053245,57.04830134178346,0.5006663807774494,0.0288855883160959,0.1,244201290,4748672.363636363,-0.21906631569115897,0.45736871581804395,0.6504300964119382,0.9794071634956345,1.8204835030100337,0.7012585310106112,0.5804221324172028
2010-06-11,219.65246096543896,219.65246096543896,194.2639336227796,195.4164428710937,15063270,0.0056084676192773,0,0.0189203602747353,normal,0.0084684401913208,0.0541095277607235,0.0369224628294291,0.0232101423765418,62.59044348519894,0.6913667837526558,0.0353401890069589,0.1,259264560,6051007.151515148,0.30971026549459735,0.7102873002948037,1.5860239390530408,0.5275142525774346,1.956191692507111,0.7531424438524094,0.6463906120089042
2010-06-14,195.8423309326172,197.09087391122225,194.2555538177121,195.8423309326172,10187660,0.002179387032464,0,0.0188079099217728,normal,0.0345326137097592,0.0427174868430748,0.0353188712034948,0.0244851941642236,73.78148958904372,0.7860227012049901,0.0334834406078397,0.1,269452220,7850938.909090905,1.3452622425170875,0.8308214464926557,1.2574712613420544,0.48667120887985643,2.0126671253301742,0.6620701832518072,0.7060387355202883
2010-06-15,196.25159007919925,198.29352194589544,193.7544909742926,197.4458465576172,15305340,0.008187788704127,0,0.0186992995791328,normal,0.0443504335973894,0.0793959898768861,0.0394602207898227,0.0259679885395665,73.83286708115612,0.8888797114343827,0.0338233527795832,0.1,284757560,8688622.060606051,1.3519806181280216,0.9534471465900045,1.2632280748662945,0.4457488629056145,2.1189439104033414,0.8174042720018586,0.7835721714198862
2010-06-16,201.8554160724012,201.8554160724012,195.87574897871684,197.237045288086,14141550,-0.0010575115818922,0,0.0172246168546903,normal,0.0392519999736293,0.0550492622196092,0.0345812130175731,0.027085131806892,70.37473329512589,0.8738013063250021,0.0333055102214211,0.1,270616010,8381905.39393939,1.0300964570563895,0.9257085400311968,1.1466895624127231,0.15219359899689422,1.8482163028002099,0.5929639076470096,0.8394500026819202
2010-06-17,197.01152215042083,197.26206924412915,194.0509223057645,196.3308868408203,10331080,-0.0045942609104803,0,0.0166311101850215,normal,0.0103141750081232,0.0368639259341752,0.0269108602107299,0.0276766228110849,66.89240806207158,0.7390984267232472,0.0329514305549789,0.1,260284930,7475964.18181818,0.6975297536385617,0.7467023980113597,1.0579687516760423,0.020912235880982757,1.6524650920869994,0.2486416655494688,0.8608827535587119
2010-06-18,196.2473810278372,198.7611735564685,195.4247592026559,198.1473388671875,15597620,0.00925199318149,0,0.0167002258404174,normal,0.0139747503125682,0.0225615348410999,0.0328301905933205,0.0286145535531101,66.24924079288829,0.7085446766495362,0.0325241100942959,0.1,275882550,8122325.030303034,0.6219230245001898,0.7013703112305375,0.9617385454533233,0.014264067986625231,1.7869501391596672,0.49092955940188115,0.9102605568456118
2010-06-21,198.3477893926685,200.66532162401933,198.3477893926685,199.41677856445312,8879250,0.0064065442640968,0,0.0160073603669666,normal,0.0182516599695996,0.0534145512026509,0.0355566184417206,0.0296850237466086,79.29365714697627,0.7083472957619148,0.0310276963742302,0.1,284761800,7707979.272727267,1.7451545635725136,0.6934911247282,0.7117533859652408,-0.13948735839191528,1.823693133014055,0.5913892391916151,0.9732126411097428
2010-06-22,198.3478005225789,199.93457782941684,196.26827583686008,196.63992309570312,8514510,-0.0139248837973405,0,0.0139902390096913,normal,-0.0040817443160491,0.0400876621510899,0.0190851834359637,0.0296802965971041,68.01420237534221,0.4673474746290851,0.031073063390102,0.1,276247290,5056094.909090914,0.7094295671315387,0.38711103563888977,0.6923861589865453,-0.5509867493292024,1.6455149743978763,-0.12065736381073429,0.9531833076332918
2010-06-23,196.2599007105528,196.92802207015336,194.46433650352168,196.22232055664065,10849420,-0.0021236915296148,0,0.0140494244927138,normal,-0.0051446964740483,0.0339053638737174,0.0152848090049988,0.029438074044769,63.78763478718782,0.2375477888243877,0.0305985921413257,0.1,265397870,2116606.787878788,0.3208032684936122,0.10258093517346303,0.5948905927385869,-0.5573432654061662,1.4510659450508108,-0.27535785830594794,0.9124444355813756
2010-06-24,196.25991589883523,197.5961587214463,195.2577401535549,196.8904571533203,12123400,0.0034049979369539,0,0.0134927750127378,normal,0.0028501389745856,0.0131937108148902,0.0169267003144253,0.0293085024871726,57.35954270354611,0.0955625258133872,0.0292708535485819,0.1,277521270,917658.0606060644,-0.2509812771310012,-0.06849410214830991,0.36465092447931086,-0.6992042140401571,1.5460498668866345,-0.2013675902347037,0.8803767916048154
2010-06-25,196.27245748366468,196.6775050845497,190.83146459371383,192.1510009765625,13022720,-0.0240715382821583,0,0.0147569022777978,normal,-0.0302620157550749,-0.0167101695566388,-0.0068379422955523,0.0277002586392931,56.639287013614855,-0.3292570001367991,0.0289247037060435,0.1,264498550,-391281.3939393984,-0.3078380723719119,-0.5948172477875705,0.28426129983766957,-0.47391542730300157,1.3377102755465273,-1.1990484802357075,0.7160638158177427
2010-06-28,191.0819979993511,193.295136643024,189.9963022947101,192.3890075683593,10718170,0.0012386435177915,0,0.01451820688827,normal,-0.0352416233312203,-0.0176331814874388,-0.0050764065280143,0.0262685126609962,57.76654293942858,-0.5906813322220561,0.028181978574865,0.1,275216720,-499858.36363635695,-0.1964383340748692,-0.9012695867565943,0.1365558389812055,-0.562332943055399,1.4237760798942272,-1.0905733450957422,0.5602352318728462
2010-06-29,192.50175374673307,194.4977584059997,190.509928908372,191.34507751464844,14208420,-0.0054261418929557,0,0.0131377700547974,normal,-0.0269266052269443,-0.0308984420251579,-0.0094868480373127,0.0246211412145533,53.5817471495712,-0.8164523464524067,0.0282344118109134,0.1,261008300,-432956.7878787842,-0.5497949627029941,-1.1493796119448652,0.11654956423540128,-0.894844292479325,1.2043435152679158,-1.2332296089040407,0.3759697011627628
2010-06-30,190.3971745302346,193.0863540455219,189.9963067698052,192.251205444336,10610400,0.0047355695869322,0,0.012319869339802,normal,-0.0202378358437483,-0.025278414795089,-0.0043414058116925,0.0233622410319829,44.2701957159698,-0.8817322572776098,0.0270153235899116,0.1,271618700,-442206.3030303045,-1.3462727042101077,-1.1901876160355487,-0.12345023243440088,-1.1085170566749842,1.2971595551349926,-0.986582331335887,0.2225897823600388
2010-07-01,191.3409334046542,192.00069531967048,188.24252589002035,188.93153381347656,14219900,-0.0172673644526021,0,0.0126902771427034,normal,-0.0404231035618251,-0.0376881760501746,-0.019523005530618,0.0212104130054906,34.05876197013525,-1.1106683824678196,0.0194070119833329,0.1,257398800,-1927979.212121222,-2.147906200277178,-1.4229480042636502,-1.4783392615668127,-1.06295235118962,1.0860635900644644,-1.5586035803897231,-0.029577595911151354
2010-07-02,189.1611491588113,190.40552510291664,188.5222610190688,189.1653289794922,8907340,0.0012374597363213,0,0.0114461554626308,normal,-0.0155381547943873,-0.0453299546642698,-0.0165948611351735,0.0193292172919075,33.43007052322895,-1.200874454953872,0.0190235312119357,0.1,266306140,-1853072.484848478,-2.080879729177037,-1.4761413256852167,-1.5654190579783924,-1.3840377211416477,1.1727634202544988,-1.3964210457860733,-0.26474308614779407
2010-07-05,189.16949159504253,191.5830703708492,188.2048960488364,189.7875061035156,6192550,0.0032890653238619,0,0.0102425332558141,normal,-0.01352208994539,-0.0482871728761041,-0.0121033610200381,0.0178042735258989,30.021662236297274,-1.1718758016507165,0.0185242657966448,0.1,272498690,-732362.6060605976,-2.2270472142063373,-1.3889483784044738,-1.6743053558056662,-1.691827266204627,1.2232696695430467,-1.1832550397514645,-0.470611549492022
2010-07-06,189.8292648593168,193.6709404804789,189.4409238483228,193.1531524658203,10143910,0.017733761465146,0,0.0109574886474997,normal,0.0094492890784372,-0.0177317534251975,0.0048974493992985,0.0173989635546043,40.85291081962268,-0.8919293533855372,0.0175544594105322,0.1,282642600,522661.2121212098,-1.3027250473500078,-1.0236047869155418,-1.8571004639036428,-1.5559923970604543,1.330905850677493,-0.5061678292993937,-0.5589110408325197
2010-07-07,192.8358352022564,193.67098392594457,191.33257769430423,192.42662048339844,8912210,-0.0037614295865578,0,0.0109902194875351,normal,0.0009124262116173,-0.0193438751640212,0.0010110528442699,0.0167681623571145,41.184301738263954,-0.7284893187830919,0.0172967780897854,0.1,273730390,490750.9090909157,-1.2327855330971962,-0.810415868906631,-1.9082372772049006,-1.5831267434725402,1.1806599347821929,-0.6543130731375161,-0.6783063838905665
2010-07-08,193.3368897358225,197.66713293783693,193.3368897358225,196.8278045654297,17562290,0.0228720125675696,0,0.010876216349766,normal,0.0417943505383742,-0.0003182103835628,0.0215802766609936,0.0174442279962072,47.33196306825017,-0.317741809376322,0.0176010069710686,0.1,291292680,2124010.121212128,-0.737744241615926,-0.3243061427536008,-1.8463536879376123,-1.640213645315545,1.4006249785906772,0.13997227089533149,-0.651305581618977
2010-07-09,197.512625715604,198.6442483962791,197.10339835167204,197.8383331298828,9803290,0.0051340742568573,0,0.0108654508433085,normal,0.0458488043088005,0.0295982436959254,0.0242085225365231,0.018257134850657,46.774687383663306,0.010821654838395,0.01725781643505,0.1,301095970,3256886.727272721,-0.7761136032326739,0.05384780552796957,-1.899146727010245,-1.6723665955527098,1.5244085059848302,0.22355935424003887,-0.6134102944981076
2010-07-12,198.3519672233263,201.43783459447576,197.93439293405777,200.4941253662109,14948170,0.0134240528329994,0,0.0112322793681642,normal,0.05641372017848,0.0421287988346825,0.0342188456205736,0.019662585107929,57.91463230451165,0.3756221311395848,0.0170054168143884,0.1,316044140,5476057.636363633,0.08175570364279916,0.46684708631736593,-1.9286572697002031,-1.613651435133576,1.7412403932590987,0.6032913989496432,-0.5020782465675068
2010-07-13,200.51918598726584,203.5340729735208,199.60886431909955,202.865951538086,17615470,0.0118299035821765,0,0.0113795044574512,normal,0.0502854804504648,0.0602099315701265,0.0418442814689072,0.021488628875848,62.62912748197139,0.7250336511627256,0.0173211948595507,0.1,333659610,7213966.545454551,0.4426961497548469,0.8563105743615401,-1.84638248961631,-1.5708894503888498,1.9821119769205449,0.8914452761470036,-0.31285833666666707
2010-07-14,203.52571375845773,207.0333353726504,203.52571375845773,205.82237243652344,18159640,0.0145732730210392,0,0.0117319429456782,normal,0.069614858482019,0.0705908031152335,0.0513174709469228,0.0238348655056843,65.62010005625099,1.0821379136487566,0.0177071180844263,0.1,351819250,9769139.333333332,0.6645282514109454,1.2382800198419595,-1.7646246160967274,-1.4862651506164581,2.209847891727413,1.2376196668116914,-0.005791301317404357
2010-07-15,206.32344997306367,206.53223710868843,203.27515014692884,203.7637176513672,8162390,-0.0100020943339925,0,0.0119568909537996,normal,0.03523848219133,0.0785056022068488,0.036773282866825,0.025175703923107,72.4094656422017,1.1028270173560757,0.0169038186911744,0.1,343656860,9958969.636363637,1.1951783454363258,1.235957607692331,-1.847589232909847,-1.3874004305684973,1.988264219081018,0.6848235976066114,0.1823075297480328
2010-07-16,204.1938539477772,205.8432777017536,202.782450627974,204.5279083251953,9528070,0.0037503765765387,0,0.0118422552716807,normal,0.0338133418811243,0.0812124474848592,0.0366471252103752,0.0264543666135204,72.95861973829204,1.0892068966413024,0.0167575390931945,0.1,353184930,10216783.272727275,1.2295172716458262,1.220096664720594,-1.807682308422136,-1.3735953150672238,2.027585817705492,0.7332871419882268,0.3868393424716659
2010-07-19,203.68856694091727,205.69709826082243,202.6070510566112,205.0498504638672,7630370,0.0025519360313508,0,0.0117920743570476,normal,0.0227224867029647,0.0804180668880651,0.035417892568444,0.0276041413514249,76.44229750131294,1.0368541495546548,0.0164021436988505,0.1,360815300,10250559.333333332,1.4672410075199058,1.176073665066995,-1.801252048129972,-1.3444061971844354,2.0377982175526403,0.7178310730707619,0.5806686967016588
2010-07-20,205.04987625450968,205.85580442232285,203.7971532241552,204.5279083251953,5076900,-0.0025454402307103,0,0.0112738261055947,normal,0.0081923889864647,0.0588898276531513,0.0295678600553084,0.0283407461866445,74.04339349515928,0.8939875039279612,0.0160837999629343,0.1,355738400,9613169.878787888,1.2496530824699748,1.0256610253690133,-1.7837969568632825,-1.4206358897560638,1.8796550296357224,0.472277254255548,0.6986314521897222
2010-07-21,205.07492311039903,205.7054644266377,203.2751787673841,203.50485229492188,5055340,-0.0050020363414013,0,0.0113477556021731,normal,-0.0112598067652548,0.0575712018622662,0.0220411505512883,0.0285761654013525,81.36247301567077,0.6678603096564881,0.015610652559085,0.1,350683060,7219877.575757573,1.7490458267843925,0.7778049947425305,-1.7845884135964276,-1.3577182304631776,1.7306287651328403,0.1560927068045523,0.7188677774223025
2010-07-22,202.7030826138181,207.73486040660936,201.91804091712663,206.8036651611328,11585880,0.0162099961205359,0,0.0117906240281779,normal,0.0149189833440654,0.0506831878642783,0.0348034678258353,0.0296010071841132,83.53460840423507,0.6756903652604804,0.016720263559301,0.1,362268940,5696602.060606059,1.8559042365591243,0.8114649730152509,-1.556567957987734,-1.2162265269573447,1.8107875307577352,0.7604558979044475,0.8951106560977297
2010-07-23,207.20035871771125,209.10031655663,206.7827844460056,208.51988220214844,14843460,0.0082987747807972,0,0.010039168154031,normal,0.019517991014732,0.0539913013988704,0.039097018256784,0.0308531426878513,84.19222030168044,0.7272122247758612,0.0162193244732823,0.1,377112400,4776204.181818183,1.8509496946489916,0.9038678840533332,-1.5743248582257945,-1.5599044647399634,1.9191217192231456,1.0020918997153168,1.1129347055207444
2010-07-26,208.62012400487188,208.98341160898303,200.61105194412224,201.2833404541016,15780730,-0.0347043249383357,0,0.0132804749788818,normal,-0.0183687527752151,0.0039363501870648,0.0027459344585547,0.0297788540695258,63.002624830762414,0.2304167851192056,0.0182724177046293,0.1,361331670,3070172.606060611,0.3461281507204143,0.31961879546120864,-1.234712854519301,-0.8051743611414437,1.6318322457402006,-0.6830666218439458,0.8865756334671092
2010-07-27,202.10177118541185,204.3525026656993,200.485760764858,203.37120056152344,23112370,0.0103727417416243,0,0.0132636690287803,normal,-0.0056555008709752,0.0024905560524413,0.011880173393107,0.0293197184000837,66.773318491565,0.0105258993264341,0.0186216145492495,0.1,384444040,3250240.6666666684,0.628136726143985,0.06554399619969922,-1.1533040554182916,-0.789593495008237,1.8544613910652745,-0.22193412875301985,0.7927529010853501
2010-07-28,203.3294623776871,206.9498373711872,202.3690465305348,206.39028930664065,16576370,0.0148452127773317,0,0.0135180187390708,normal,0.0141787135745401,0.002759257234256,0.0242774778238872,0.0296549147850535,65.30346519445602,0.0351253124327017,0.0181208968087879,0.1,401020410,4929548.181818182,0.5444380785372841,0.11622401572535619,-1.1946663724661415,-0.715744334704269,1.9772716829972152,0.39465888588844134,0.8592300447422117
2010-07-29,205.61357188470427,207.35068240993223,203.4505401836359,206.53640747070312,15800230,0.0007079701499201,0,0.0126225596845641,normal,-0.0012923256955889,0.013607377462949,0.0225676940333263,0.0298693312889439,64.31618533083062,0.0282506380490903,0.0188287032884888,0.1,416820640,6330149.393939418,0.5030768590642788,0.12533539500565832,-1.066593785010623,-0.8924932236446471,2.0690425813015914,0.33741449768743265,0.9121400478787255
2010-07-30,205.4465456786729,210.6244641999521,204.64897727498595,209.02932739257807,26944870,0.0120701233860114,0,0.0127054968304054,normal,0.0024431492337779,0.0220088256133026,0.0314807634702813,0.0306330840777986,64.12383743332143,0.1517120138804579,0.0194160600922926,0.1,443765510,8948841.757575763,0.497505671117818,0.2900517121456671,-0.9550387401639926,-0.846738993076466,2.27416481624291,0.7607064955525789,1.0637745622130734
2010-08-02,210.45328825640664,217.1386575404793,209.7893465827454,215.99868774414065,20585770,0.0333415432106971,0,0.0141744192335216,normal,0.0731076265767487,0.0533959778829626,0.0592268467489671,0.0331072214646057,68.86175971822207,0.6357236397001333,0.0201732327551461,0.1,464351280,12101139.21212122,0.8615149620972742,0.9150607188452209,-0.8258228207186653,-0.5001830041912306,2.369846808566754,2.0733592766037368,1.5411414273342685
2010-08-03,217.0509282242291,218.53749165798604,215.3848109064936,217.1845550537109,16001370,0.0054901597873362,0,0.0139298582722495,normal,0.0679218810433717,0.0618822479149974,0.0584853915553287,0.0354339774288328,67.19324786490557,0.9498105305624004,0.0197293633976918,0.1,480352650,14532797.090909086,0.7344133883802481,1.2904346052443958,-0.8623381508735712,-0.5320051175829283,2.405438873630332,1.9510629566641886,1.9564809887442298
2010-08-04,217.96960039339228,217.9737802141822,214.88372026167173,216.7335968017578,9779810,-0.002076382696005,0,0.0138728627304315,normal,0.0501152817308656,0.0650045655307749,0.0506553008389085,0.0371728957196226,70.6297606542545,1.0343037419800436,0.0197153674991535,0.1,470572840,14583512.36363636,0.9771800588648873,1.3597535438256096,-0.8468124973807557,-0.5218973994880096,2.170465337922318,1.5568638613155819,2.2322600182571093
2010-08-05,217.1386561746274,222.3750292079289,216.30350749703268,220.95529174804688,22437960,0.0194787287646527,0,0.0136757433327562,normal,0.0698127969490756,0.0684302503821085,0.0639144095203625,0.0396749942492651,73.54007312699011,1.2663032328254102,0.0203119467824947,0.1,493010800,15177298.909090895,1.1626598197251405,1.595204774466277,-0.752717798267116,-0.5440461353119707,2.2845378317953506,2.079334099138185,2.5946239166878353
2010-08-06,220.06160217315767,221.7235393241464,217.80669131104628,218.7545928955078,12794400,-0.0099599282512251,0,0.0141284947498927,normal,0.0465258422071306,0.0490826610166477,0.0479962831663363,0.0410714327002237,68.73710219691368,1.1658466757008252,0.0207862576403314,0.1,480216400,14478023.272727285,0.776944154949442,1.4150913105214593,-0.6694039553332665,-0.416527382591284,2.0618322631324375,1.3159364806066458,2.6819556533499926
2010-08-09,219.22650871112629,221.7444939876591,218.4748800643164,221.38536071777344,8402850,0.0120261146860685,0,0.0140887187394215,normal,0.0249384523114024,0.0998692699471355,0.0545135962630931,0.0428202510602988,71.79093702784698,1.167954922772099,0.0209299596433177,0.1,488619250,11935290.787878811,0.9755143780688889,1.3660798828431484,-0.6287363899921864,-0.40058258539105235,2.054783974783114,1.5435394827275246,2.774701684817289
2010-08-10,221.32275841782288,223.4022704618876,219.1471869452103,219.6148681640625,13309390,-0.0079973334640134,0,0.0142837165882039,normal,0.0111900825993385,0.0798720151018879,0.0415095307252639,0.0436774444119498,70.42997561064345,0.9506981237376876,0.0216921987539894,0.1,475309860,8664536.48484849,0.8502280914490247,1.0656811574230116,-0.5062663157172113,-0.330486560428358,1.837299797675194,0.9442773138517243,2.7100860013555046
2010-08-11,219.22647839040548,221.06381526112304,216.35356554894304,217.10519409179688,9961780,-0.0114276145929737,0,0.0144597410411886,normal,0.001714534781513,0.0519157409059916,0.0267124705161612,0.0435683161473026,63.330736115713,0.557996853034803,0.0215788880167758,0.1,465348080,4854099.818181825,0.3051831500291458,0.5651473949227219,-0.5010714979560595,-0.2609256587991116,1.6769560325517656,0.2730678485625948,2.5127822552824823
2010-08-12,216.2951650910188,233.424073989234,215.1593750326024,232.538818359375,64002190,0.0710882313624079,0,0.0207082987560829,normal,0.0524247530787209,0.1,0.0893559866169391,0.0474140506150395,72.93823904947018,1.2197440294656374,0.0250451604527809,0.1,529350270,4808311.030303032,0.9881353672431026,1.3310998782173467,-0.007319324088613406,1.272154467390501,2.2155677577085053,2.7969576298363314,2.813952720255396
2010-08-13,232.5053787271252,240.49775741290264,232.5053787271252,238.03823852539065,40721170,0.0236494715369053,0,0.0210283172948612,normal,0.0881519577469809,0.1,0.103025457662645,0.0519673311594883,86.3057627247398,1.87095144300336,0.0243525181278232,0.1,570071440,7416006.121212139,1.8883180202433996,2.024497921017888,-0.08497685450744777,1.3378889891123575,2.4606918651621155,3.0,3.0
2010-08-16,237.76680825797484,238.4015038407028,234.6391554520628,235.6288299560547,15501900,-0.0101219391651604,0,0.0213834226323401,normal,0.06433790017597,0.090880840142727,0.0823912516329763,0.0550224471781992,81.66231828924548,1.9724281184446308,0.0245698874812622,0.1,554569540,9019546.727272747,1.492691957756564,2.0451560163691984,-0.03100629633364185,1.411212876375306,2.1973379540973865,2.1268719063751016,3.0
2010-08-17,235.9294828691948,238.5226284844428,234.80620696668527,235.3824615478516,12544710,-0.0010455783710722,0,0.0213500972144543,normal,0.0717965660321775,0.0837900581357649,0.0729559181669283,0.0573509784536776,80.09523878915212,1.8575692494565068,0.0243333047661084,0.1,542024830,9912033.757575748,1.3365840164388156,1.8538975273997707,-0.034111367840654175,1.4034323761065526,1.9977793903230947,1.7445535933919905,3.0
2010-08-18,236.1340995863168,236.7395874513709,231.01045449276285,235.0692901611328,15230490,-0.0013304788498658,0,0.0212546651422174,normal,0.0827437415511134,0.0846001433554684,0.0642782689151186,0.0590310836522314,79.51610739208465,1.6046395579515345,0.0249214832128438,0.1,526794340,8574237.878787888,1.2578213184316558,1.5291737364698132,0.08325833692654092,1.3822588093221628,1.7887449126323476,1.3853525767509136,2.9200223267174734
2010-08-19,235.0985040919596,235.91277905134257,232.3926308600033,234.3176422119141,10875610,-0.0031975591056725,0,0.0212764897697881,normal,0.0076495781009346,0.0604753584227535,0.0547600615176202,0.0600370640473535,77.13737121867852,1.2467888941492369,0.0242529498711413,0.1,515918730,7457618.181818178,1.0488892701175594,1.0749515024792025,0.011338515121749132,1.3907762481030352,1.6281416237231463,0.9867958008713386,2.768199525078623
2010-08-20,233.84161651946087,236.6560633261245,232.1796789006602,232.74757385253903,9755310,-0.0067005981476849,0,0.0214722886197985,normal,-0.0222261125171587,0.06396656989833,0.0429552825216532,0.0602536117918348,70.32934631906504,0.786863557998597,0.0233016302498365,0.1,506163420,4678258.787878769,0.5294494826775017,0.4781311784731941,-0.11087310496823558,1.438307048292132,1.485627710686659,0.5083187336005037,2.5834247854866224
2010-08-23,233.00641590638904,237.3909452379609,231.3778662456935,235.7832946777344,13250210,0.0130429751638085,0,0.0192833657989812,normal,0.0006555425399707,0.0650356189464385,0.0508978339259595,0.0609627764042126,71.60447699025104,0.5792071254277484,0.0238681543372511,0.1,519413630,2867318.7878787923,0.5991734605799746,0.1889514727612985,0.003529592422748127,0.9267686014929976,1.5504618569241,0.7921179770133117,2.4636896973492517
2010-08-24,233.54930367004337,238.42656849363863,233.54930367004337,237.6665802001953,19905960,0.0079873577347155,0,0.0192760276496327,normal,0.0097038608455515,0.0821971307636937,0.0533436766029424,0.0617960615765675,73.53287484278407,0.4656877887693262,0.0242161500092169,0.1,539319590,881600.5454545623,0.7169412156546768,0.01524234690968292,0.09000869294823556,0.9543623852629236,1.6716768211021797,0.859125774494461,2.3715285315002403
2010-08-25,236.8481360031616,238.3931659318712,235.0943189350781,235.80838012695312,9216230,-0.0078185164766412,0,0.0195167031587276,normal,0.0031441366301556,0.0861480358099959,0.0406375039056685,0.0617901147433328,67.63499098514137,0.1772883647048804,0.023567107163236,0.1,530103360,-3046815.333333333,0.24461131458761645,-0.3875702097583712,0.012434963378088849,1.0522186941957417,1.5332494987292384,0.3404725540335213,2.2340104253025497
2010-08-26,236.3470350731489,240.9236582137388,235.92946080623523,239.3660888671875,22642910,0.0150872871367802,0,0.0195429691015744,normal,0.0215453117725878,0.029359702418636,0.0507003529055871,0.0624204964632946,73.7079655057302,0.139622436092214,0.0235744484077374,0.1,552746270,-2258263.2121212184,0.6910243261258445,-0.4474638739220914,0.036940399767288995,1.0976855589403764,1.6743427885650037,0.7173857070914196,2.155337436091929
2010-08-27,238.9861316179615,239.3118263259352,232.5888901448012,233.3739318847656,12367930,-0.0250334414986688,0,0.0208139820262278,normal,0.0026911474171731,-0.01959477884528,0.0220229436202878,0.0612127069488395,62.79983825945796,-0.3486824328352984,0.025253314439728,0.1,540378340,286831.33333333366,-0.1591211952014386,-1.0816245460167186,0.34091566404807405,1.4445026483354637,1.5058795290810816,-0.4022219464714595,1.9636706881735806
2010-08-30,234.39694885342607,236.388760592692,232.70577832510293,233.8415679931641,9183040,0.0020038061004576,0,0.0197793504760483,normal,-0.0082352173729026,-0.0075850733682458,0.0217286026671892,0.0600389962905425,65.6240898553454,-0.6807976895130956,0.0250280604907587,0.1,549561380,2659275.333333337,0.04072637368869527,-1.4760530577808773,0.3234185279727621,1.185061519052078,1.5336494653420834,-0.41924566933466184,1.7953516044039448
2010-08-31,233.0064301583905,233.0064301583905,228.9643145000694,231.0354919433593,13063890,-0.0119999026430015,0,0.0201013390517588,normal,-0.027900802255203,-0.0184676869122153,0.0085585312190885,0.0580871627532539,65.19962013270029,-1.1049752788813263,0.0253836746083949,0.1,536497490,3543534.48484848,-0.003865120553935679,-1.938302608900692,0.4050222121606045,1.2799855237735909,1.374172462850716,-0.9355289949425829,1.5929440161227442
2010-09-01,231.7537153627129,232.69743727251404,228.60103478259828,231.8789825439453,11380730,0.0036509135176201,0,0.02006173120395,normal,-0.0166635196802265,-0.0135717754326847,0.0110620152029692,0.0563777619188325,48.94373404658094,-1.329194384932351,0.0209269012700064,0.1,547878220,4100192.78787877,-1.270418578753303,-2.1054399927050405,-0.37155812316676406,1.2754076256092635,1.4294844527986472,-0.8327482490098868,1.421442953546722
2010-09-02,233.0022838862924,234.24249283330883,229.74938920437748,230.4258575439453,10757500,-0.0062667387274938,0,0.0198115783379442,normal,-0.0373496152506492,-0.0166090125832227,0.0042739392254118,0.0543158347062715,36.00050959789485,-1.5598645908809443,0.0199741487565595,0.1,537120720,3089475.5151515254,-2.1693937124131386,-2.2416689467248885,-0.5210358260526825,1.2261830271554637,1.2889536364516632,-1.0692926342734024,1.2371383666879707
2010-09-03,230.6388277453175,232.92294700687265,229.7786256788508,231.6201171875,6371210,0.0051828369276087,0,0.019607415658005,normal,-0.0075150411320643,-0.0048441177984237,0.0085684371044638,0.0526129906676167,42.28289803373487,-1.6099809577972986,0.0196805684292366,0.1,543491930,1518930.9696969583,-1.6328603298591993,-2.165145117130641,-0.5508757063798811,1.1639958381495554,1.3014102908259464,-0.8777790684191255,1.0848394006469664
2010-09-06,231.7537704541473,239.8547232556996,231.7537704541473,238.77737426757807,15331120,0.0309008438774087,0,0.0204968122103043,normal,0.0211074802344732,0.0126984381736454,0.0358143289798671,0.0526976874569058,55.16198291194758,-1.160088455532157,0.020442234314526,0.1,558823050,1215509.8787878775,-0.6636065429395653,-1.5924404410061788,-0.37819014898682507,1.383445753406703,1.3892944533153722,0.17794100877092173,1.054649390580677
2010-09-07,238.94019855567325,239.05710610618024,236.196732355712,236.93582153320312,8915520,-0.0077124256015617,0,0.020488144976113,normal,0.0255386284601257,-0.0030747220176123,0.0251090817917927,0.0521045909564532,52.71202095389529,-0.9920231324723288,0.0197362797719458,0.1,549907530,1275161.7575757548,-0.8166665254649057,-1.356515625939587,-0.4928398265869882,1.3607003502401889,1.2645367488662356,-0.22779927812706027,0.9820492872690909
2010-09-08,235.9336568572984,242.69418572317468,234.60995347639977,241.8506774902344,24261960,0.0207434060634117,0,0.0204762965666264,normal,0.0430038757152095,0.0256237601056767,0.041772339690161,0.052586518899333,59.76404199713846,-0.5759726475207376,0.0206831658180358,0.1,574169490,1915439.2727272664,-0.2863684887108335,-0.8764487257418131,-0.26583585997617376,1.325572198497595,1.4295410460213154,0.41312467424206917,0.9816647023242149
2010-09-09,242.19304192466151,250.10189848560063,241.9466619264836,249.21246337890625,32230550,0.030439385016687,0,0.0148897930487019,normal,0.0815299378082083,0.041135210749013,0.0660227901644348,0.0545793878902203,68.5552868766901,0.1311701886554983,0.021154113954902,0.1,606400040,5289139.212121243,0.3575595020676981,-0.10068191439897306,-0.12741474837681493,-0.12475444029991967,1.6520875364226257,1.3075549898764693,1.0777764027255323
2010-09-13,249.79712403734564,264.40804429879387,249.79712403734564,262.9507141113281,49114260,0.0551266599838309,0,0.0183784539263563,normal,0.1,0.1,0.1115783212383751,0.0593780393977956,74.66642135701301,1.390326601563455,0.0225432429957941,0.1,655514300,9866921.393939372,0.7920912062069697,1.23893943715434,0.24110085844418014,0.775764058346598,1.9872485054263707,2.787927954151636,1.3445820820690464
2010-09-14,263.4100556744026,264.40806441561483,257.43456817706056,259.6936340332031,24448530,-0.0123866561425119,0,0.0184841547597767,normal,0.0875973271327874,0.1,0.0876776497368512,0.0624551690557306,69.51250271351469,1.8416962265682253,0.0234025477062962,0.1,631065770,12327762.666666685,0.4314363991134093,1.665363144862757,0.5015475859302042,0.7884324720069869,1.7041748342570409,1.8512586138755294,1.4854630351912108
2010-09-15,259.3971248095553,260.9588484002648,254.16490731193943,255.5804901123047,18165620,-0.0158384472388435,0,0.0190281818635089,normal,0.0786907967670424,0.1,0.0633161266674502,0.0638554215328885,66.8421259225388,1.704269607988505,0.0247559672284447,0.1,612900150,11938893.939393938,0.2359494667016532,1.4719315611225254,0.9120166293087139,0.9021628543180679,1.494811335682418,0.9806623534364102,1.5132088182706809
2010-09-16,255.8060303390225,262.4037252965183,255.5554959298557,258.4618225097656,32196770,0.0112736789736762,0,0.0190408140870822,normal,0.0686834752414615,0.1,0.0676466921328449,0.0654697350748445,66.4555966685338,1.6474878043322263,0.0249589065382499,0.1,645096920,13138835.15151515,0.2040639071978459,1.366731647367625,1.0369959016879304,0.8791915761135554,1.702765870142313,1.0918591904201373,1.550129249810557
2010-09-17,262.2367327348852,262.2367327348852,257.2258397526899,258.2906494140625,13313900,-0.0006622761305362,0,0.0189922748328392,normal,0.0364274960893655,0.1,0.0601807493634274,0.0665409806742176,73.86612164817424,1.4456704769725066,0.0244869870060991,0.1,631783020,11716988.484848505,0.7285736924208015,1.1273449213685955,0.9631058416089396,0.840294892183291,1.5350913296216953,0.8115687505123959,1.5515216292211549
2010-09-20,258.89607925362344,260.8753774590753,256.8082076467394,259.6393737792969,13964290,0.0052217312871913,0,0.0187900384863723,normal,-0.0125930075650195,0.1,0.0590881750286793,0.0674964675706848,74.29990723783472,1.2572286207013548,0.0244654793724798,0.1,645747310,10334155.878787888,0.7372144483232309,0.9087929119490803,1.0144300812193612,0.7680597061002025,1.5971170955863527,0.7475570114696354,1.545697182855197
2010-09-21,260.1487728855984,261.3179757562814,257.7017937550421,258.7916564941406,9449940,-0.0032649797017182,0,0.0188060389014046,normal,-0.003473237002595,0.0838198438522663,0.0500668918701507,0.0678388954998407,77.14605756964903,0.9440114308961824,0.024197554485263,0.1,636297370,8218487.515151503,0.9175562147216016,0.5731515344611382,0.9853490709469268,0.7509599166536495,1.4690062153707897,0.4125195177760669,1.5058883360951414
2010-09-22,260.2156105838113,263.81512478821395,258.74576626009986,262.9632568359375,19799750,0.0161195318207305,0,0.0189650992724942,normal,0.0288862687460562,0.1,0.0602288671317681,0.0688101906315294,78.54289562980225,0.8871763738943166,0.0240779725061362,0.1,656097120,5649354.848484883,0.9863609652788689,0.4926854712368902,1.005368440497962,0.7657975038073591,1.5849139827887726,0.7423096653663814,1.5045670951680263
2010-09-23,263.7398885158684,264.32450266589547,261.08830219881696,262.1907043457031,13751230,-0.0029378723838835,0,0.0188190871498864,normal,0.0144272055336009,0.0841015913891332,0.0513950567022518,0.0691793046711852,79.53699749287384,0.6764697206786501,0.0238065010219224,0.1,642345890,2660472.5454545687,1.0270435361168013,0.2563246468722922,0.9600750444984419,0.7036547907971933,1.4259543832514132,0.4015966239735907,1.470880795267975
2010-09-24,261.8274594543047,263.90697142146587,260.8461445058832,262.3536071777344,10802760,0.0006213142927311,0,0.018708167238345,normal,0.0157301775069627,0.052730684575948,0.0468590427965294,0.0692450100555142,79.13683281043322,0.4385216848257602,0.0237689866414422,0.1,653148650,1583154.4242424562,0.9810833241958519,-0.015297467155160513,0.9190567388759651,0.6518477680512251,1.4777599269409796,0.20445662927669203,1.4246570387989004
2010-09-27,262.65422408411763,267.235001736351,262.65422408411763,265.63153076171875,12317840,0.0124942958446296,0,0.0173989389449149,normal,0.0230787684286877,0.0101951297582543,0.0539225368095948,0.0697552191489587,77.48038179610568,0.3937667748286912,0.0225739928513733,0.1,665466490,3885352.666666667,0.8403871608992745,-0.09274127953043046,0.5110056469584713,0.2978010031995606,1.540586865947811,0.4468415388710988,1.4081448685194173
2010-09-28,265.49372068882946,268.0785064874996,264.1867111605709,266.4708557128906,14599770,0.0031597338944102,0,0.0173846576467462,normal,0.0296732874729439,0.0260969881103092,0.0515191033005903,0.0700908083168361,80.85670851658215,0.3159245578155367,0.0227793663589302,0.1,680066260,5233367.393939373,1.12342010916301,-0.20932032685325477,0.5565370729396961,0.2689565009160115,1.6206481762427372,0.32255690790371366,1.3857545597439387
2010-09-29,266.4123869449668,269.33540686442564,266.0950264186946,266.888427734375,14836720,0.0015670457482761,0,0.0168740550980424,normal,0.0149266895522457,0.044244134664197,0.0478610243864605,0.0701799737104627,78.87122269955574,0.193789132763289,0.0214473436727584,0.1,694902980,5585671.090909096,0.934834499381246,-0.3723829170362457,0.10065023760680303,0.11124731221114638,1.6984201718570953,0.1449160800851177,1.3525370320805892
2010-09-30,267.1639951241624,273.48607526934643,265.1596438584795,270.6257019042969,30806190,0.014003133075674,0,0.0169126491022556,normal,0.0321712304013344,0.0470625768882042,0.0562437400280262,0.0707963638807636,76.94399303272897,0.2617080748652274,0.0211710120809707,0.1,725709170,8770790.06060606,0.7433555507497743,-0.3194439746625826,-0.012349828911434376,0.09700336524253925,1.9085924185035983,0.47358836180085917,1.3534569207274383
2010-10-01,270.5380561064818,274.5968663176582,269.00138564669186,273.2731628417969,16451380,0.0097827402159911,0,0.0165831740591388,normal,0.0416215190693562,0.0580064104593893,0.0598565316291483,0.071614839106805,68.0173970479351,0.3750431690273448,0.0184566186654978,0.1,742160550,10988545.515151512,-0.14627535375803316,-0.20384623968825466,-0.9331903409890118,-0.018724229065408476,1.9823787345741872,0.6066760999525841,1.3675865270168852
2010-10-04,273.5111123999775,275.594803666953,271.0223608890317,272.2291564941406,12102230,-0.0038203764204267,0,0.0168041635366084,normal,0.0248375097395352,0.0484894973038469,0.0502255339415242,0.0717868185243038,73.71214124161372,0.2744673970867275,0.0178974023290329,0.1,730058320,12139222.54545457,0.390590748307015,-0.32654606594661023,-1.1305985067483162,0.015468506353849469,1.817799791987191,0.16752089675028872,1.3447382535105357
2010-10-05,271.8408703203951,273.51952716844426,270.3543068262836,271.2562561035156,9620340,-0.0035738287667431,0,0.0161113737457178,normal,0.0179584381857542,0.0481646115575491,0.0418610095028884,0.0714214614352686,83.64986455900609,0.0490010359179144,0.0170060608618617,0.1,720437980,11113206.12121212,1.3717707420937553,-0.5811915869801006,-1.4327544988136243,-0.20857491142885512,1.6815392659410153,-0.20738467705219654,1.2904231643375281
2010-10-06,271.8408787095876,273.753376206067,269.29783992040853,270.0285949707031,7865720,-0.0045258352763816,0,0.0159784490103633,normal,0.0117658426144029,0.0268681572466744,0.0334895551671232,0.0705425632283816,76.72693425098018,-0.2592949264998854,0.0164504568573411,0.1,712572260,9958247.575757582,0.6336265759160583,-0.9137961749793633,-1.6044091728264307,-0.2751292539595574,1.5642573095998926,-0.5697846580362939,1.2049353750899259
2010-10-07,270.2541180090683,271.1644270120771,267.91568641248784,268.9095153808594,8527160,-0.0041443003099918,0,0.015793367396688,normal,-0.0063415503825442,0.0256256645403316,0.0263515973152901,0.0692513400394487,73.50689954750642,-0.5958250885262792,0.0160508478785954,0.1,704045100,6736875.393939399,0.2871358386605237,-1.2565710376132921,-1.7062902746555244,-0.3568896650097586,1.44419772475978,-0.8609037986704592,1.0930988683571718
2010-10-08,268.7508073351146,272.91821614983826,268.50027295161766,271.2061462402344,9432630,0.0085405340012689,0,0.0146889261152047,normal,-0.0075639209502585,0.0337427762390274,0.0316667845573221,0.0683529130076869,74.5739656786595,-0.7130697656502871,0.0160073104039773,0.1,713477730,4002325.0909090815,0.39360989276942965,-1.3400770335175398,-1.7023587435445129,-0.7153132166584818,1.4860473930709144,-0.6230566169101082,1.006813673180223
2010-10-11,272.0914111598801,273.38590681746854,271.0182676077072,272.676025390625,6559420,0.005419785542355,0,0.0085767412618304,normal,0.0016415173974724,0.0265197983413552,0.0335906046469358,0.0676155828578635,78.73805063108838,-0.7378605217803837,0.01559396112027,0.1,720037150,1715489.0909091008,0.8106517367706296,-1.3190123588610463,-1.812866054366728,-2.487149624164301,1.501492693264048,-0.536121887861702,0.9310692357632905
2010-10-12,271.8408813060446,272.74283061972625,267.3811906434848,270.0578308105469,7547160,-0.0096018510476943,0,0.0083530972756543,normal,-0.0044180558641618,0.0134610409384545,0.0213641425549928,0.0661385722428673,65.69362480034889,-0.962612960570386,0.0158224502205366,0.1,712489990,-671154.7272727074,-0.5151546287472759,-1.507927035462224,-1.7261934605703435,-2.451702437190807,1.3941764935888095,-1.0517583241436181,0.8051197899750752
2010-10-13,270.583929070295,276.85172252231627,269.16834627271464,276.0666809082031,15432970,0.0222502346242705,0,0.0084157373322005,normal,0.0223609130660962,0.0343898506643491,0.0397239104566509,0.0658859409277112,74.92123869553302,-0.7481637872854812,0.0166287071753864,0.1,727922960,-1619900.4242424036,0.4343345800261915,-1.2291822641561685,-1.4746151392393745,-2.3550507573471227,1.4963142879017113,-0.26421813742803196,0.762468035794876
2010-10-14,276.85177731248245,277.67438649862675,271.2729904505687,272.3795471191406,6700620,-0.0133559536302337,0,0.009056962680213,normal,0.0129040868389005,0.0064807045395265,0.0233193188031359,0.0646083116265858,65.98325244324397,-0.8867431557802803,0.0177298337179557,0.1,721222340,-1280630.666666666,-0.46409899855288633,-1.3318053569750006,-1.1473030405077758,-2.1234532139151927,1.4027437030368526,-0.9797085971728563,0.6467205960896997
2010-10-15,274.0121934553815,274.0121934553815,263.09261799772617,264.3787536621094,14198900,-0.0293736939562927,0,0.0115455895021266,normal,-0.0251741808685902,-0.0325476863047713,-0.006101423014219,0.061534111553763,48.264215118762,-1.5125960309676092,0.01989775139406,0.1,707023440,-564701.8787878852,-2.1851447375503668,-1.9022011327537587,-0.45412762704248444,-1.4395997473422646,1.2410797236359563,-2.145058559176157,0.39455223229796843
2010-10-18,265.99486637052905,268.03263127899254,261.6395688696813,264.5542297363281,17299680,0.000663729864023,0,0.0115075526536794,normal,-0.029785514302777,-0.0281928903452253,-0.0049260345960695,0.0586691062717601,47.29465219541361,-1.885816325653896,0.020559885412216,0.1,724323120,713934.8484848785,-2.168747866661271,-2.155679888211756,-0.2615797069400013,-1.4733111849363092,1.3759661478913496,-1.9941995566067336,0.14749491978817778
2010-10-19,265.9781291040289,267.5816001060975,259.37210077359094,260.28240966796875,11811670,-0.0161472378370852,0,0.0121039832647886,normal,-0.0361975104118934,-0.0404556436529119,-0.0190323810666038,0.0550445680369628,41.59050965242566,-2.360644481880869,0.0222609807532841,0.1,712511450,776460.242424217,-2.549806368420565,-2.44853721605288,0.3063740911607729,-1.2950939376292938,1.2387340105904887,-2.4728711890778508,-0.1756446787320326
2010-10-20,259.3136295971642,261.7272211851684,256.89170385446863,258.4241943359375,12889050,-0.0071392274814179,0,0.011617391581619,normal,-0.0639066131205164,-0.0429747102747568,-0.0236146933623365,0.0512916191695038,33.68699615899649,-2.7148561987492155,0.0214561593993127,0.1,699622400,-292355.6363636458,-2.979604433104815,-2.5790229392316735,0.009185999400021943,-1.4082083947850816,1.0855989063997646,-2.5164159007288402,-0.5336997500438135
2010-10-21,259.5641260597897,268.03672333106925,259.401291483196,266.8382873535156,12952060,0.0325592309156637,0,0.0137840393596971,normal,-0.0203438908105725,-0.0077023233053328,0.0073912717911519,0.0496451046824311,42.54614252323564,-2.313157077328298,0.0218548949152093,0.1,712574460,-1066204.8484848682,-2.1016104220439096,-2.102850206552063,0.1290294087762132,-0.8211755965893356,1.195322594457187,-1.3278039010855414,-0.7353038899588554
2010-10-22,267.2475927263424,269.0849301210226,264.82566651460314,267.765380859375,12025260,0.0034743646238111,0,0.0137950109256431,normal,0.0128097555130846,-0.0126869004576745,0.0098438374609173,0.0482231836949884,44.81532917762839,-1.9312560835744532,0.0216956828772981,0.1,724599720,-658674.9696969778,-1.8330453373271323,-1.7047364606256403,0.055807814931014665,-0.8279099606222989,1.2944595268213142,-1.2192201073969475,-0.934022463340147
2010-10-25,267.9991668335719,271.62370851240604,267.91564688053285,270.5213317871094,9432490,0.0102924094178618,0,0.0137078989892952,normal,0.0225553076839044,-0.007902028058495,0.0182749537580104,0.0473914616359552,49.18033679641774,-1.4606689224558984,0.0216576652754203,0.1,734032210,565837.0303030775,-1.437109023868628,-1.2726562985451162,0.028922026085614772,-0.8602918549756786,1.3600960791358463,-0.8957973516781789,-1.091726818674763
2010-10-26,270.0870394284086,270.0870394284086,265.0761480642945,265.64404296875,14037350,-0.0180292207869123,0,0.0143367149572996,normal,0.020599291775502,-0.0163438617149127,-7.577459946261911e-05,0.0454437583149269,45.47802511505349,-1.4429703143825376,0.0223214098464,0.1,719994860,351894.30303035176,-1.6580747975158519,-1.2160380293760076,0.2556566445030136,-0.6885405152534265,1.1711013443906062,-1.506148864372053,-1.3577301492826246
2010-10-27,265.52717905629805,268.4000926160874,263.6272208658684,266.237060546875,8411000,0.0022323767229923,0,0.014341455050255,normal,0.0302327196221465,-0.0356059642148436,0.00195065778238,0.0437061955217517,47.213547914528135,-1.3576702719095488,0.0226805992175393,0.1,728405860,1534629.9393939397,-1.470486093402238,-1.1087866526918166,0.36860891179737015,-0.6901105436773185,1.2269609518187965,-1.380398129039569,-1.595645151249554
2010-10-28,267.08057372973144,270.2541544342479,264.3329525519908,266.274658203125,19709480,0.0001412187175322,0,0.0139576625358743,normal,-0.0021122499172838,-0.0224131693461745,0.0018925223108665,0.0420389039614499,44.6039561971941,-1.2668217258640948,0.0230806481130453,0.1,748115340,3339866.787878791,-1.599771985426054,-1.0017044939116666,0.49421223529271646,-0.7964690076947755,1.406435296425444,-1.3340750624415432,-1.8124279082199628
2010-10-29,265.5939196573965,266.2745677311694,260.40347473235823,263.12188720703125,9741720,-0.011840296847508,0,0.0139389339379475,normal,-0.0173416505055312,-0.0047540372956159,-0.0090292149777482,0.0397589376521922,39.91717831718295,-1.3779724473203403,0.0243082964963517,0.1,738373620,3341167.999999996,-1.852519393561802,-1.0552415827519366,0.9109345164225839,-0.8036667252351845,1.2567920590413095,-1.6444347583757237,-2.0581178549776586
2010-11-01,266.82997574298844,268.7508073142154,264.59178362821507,267.1181030273437,8783170,0.0151876982288747,0,0.014433105943954,normal,-0.0125802602600074,0.0096912957829888,0.0054447659633967,0.0384810595501776,46.98528523509881,-1.1505333765550247,0.0240161045400054,0.1,747156790,4594861.030302998,-1.299186985734464,-0.8433922438721925,0.7827284269397268,-0.6694420592025296,1.318765682047924,-1.1111163650945581,-2.16985638601692
2010-11-02,267.1640181771662,270.58813235680134,265.3016532073168,267.40203857421875,12948750,0.001062958832281,0,0.0144242624571532,normal,0.0066178619547496,0.0273534769995875,0.0058895243722694,0.0372847876548112,39.93218694616444,-0.957082271707356,0.0233503431178103,0.1,760105540,5490633.090909107,-1.7193777921540145,-0.6625431667451599,0.5280874171892375,-0.6741893494576967,1.4243063242483847,-1.0608259467121863,-2.2430413922516284
2010-11-03,268.5002960277726,274.4298566517009,268.17457581452027,273.3107604980469,13392290,0.0220967721687286,0,0.0152493441764793,normal,0.0265691783729953,0.0576051565154833,0.0253707435518941,0.0373591658320684,51.028897056344206,-0.433933081873834,0.0230092432889339,0.1,773497830,5680725.636363628,-0.9233397015230566,-0.22156812097577933,0.39723317729111923,-0.4517668702573164,1.5371245499180315,-0.3924283568930262,-2.178511366466516
2010-11-04,275.4319812789348,288.04272946679134,274.4423322872584,286.7440795898437,19974730,0.0491503483701762,0,0.0186360113220078,normal,0.0768733364445961,0.074598710828766,0.0680609376739624,0.0401149717718598,72.0628372117387,0.7496313690194123,0.02288098716245,0.1,793472560,6928359.818181831,0.5124915515753851,0.7391594460700874,0.34316302529959203,0.4684624056682333,1.7262765296859923,1.0182460863011515,-1.8718271974669514
2010-11-08,292.71958314904793,293.5547317457642,285.05710496886127,286.0509338378906,17527910,-0.0024172975182069,0,0.0186373619530877,normal,0.0871423007574363,0.0682894589279217,0.0588758541874132,0.0421782845148026,70.9915688515973,1.3818603610564768,0.0234619532270561,0.1,775944650,7041027.1515151495,0.44169372806655527,1.2480313021600487,0.5652870067867646,0.48201188454861843,1.4679676962607122,0.7434559947402597,-1.6339230263204432
2010-11-09,278.1044735241095,279.6077307538795,272.3502876491032,273.3065490722656,39874860,-0.0445528514612276,0,0.021414911214707,normal,0.0231674528037826,0.0102957399579419,0.0105738556582015,0.0411196613846596,60.912421917149736,0.8631490209085042,0.0259911020420908,0.1,736069790,4985172.000000012,-0.22614935637505804,0.8556251561448781,1.45167794064317,1.2545416980317428,0.9653995758271207,-0.8921983115464986,-1.6852341743310446
2010-11-10,273.17710817918504,274.9225656693612,267.9991767399039,268.46685791015625,23510530,-0.0177079223989971,0,0.0216878005038586,normal,0.0039820913169363,0.0106263062023126,-0.0066286623010558,0.039028833770307,58.01397071429686,0.1527340713020253,0.0270151487144146,0.1,712559260,686403.0303030162,-0.40631387897391735,0.30206846256837133,1.7670868372716912,1.3268480306370298,0.6627998035097091,-1.46035437310326,-1.8118395666443778
2010-11-11,269.0848510890357,271.7573109393502,264.41634864645664,265.2389831542969,23159970,-0.0120233640047279,0,0.0211792223501586,normal,-0.0295333316882255,-0.0037488296728035,-0.0168333090329271,0.0363890590514583,48.60859914720079,-0.5380816155271839,0.0267321840951419,0.1,689399290,-4224775.212121203,-1.0381546415430534,-0.25686963588814987,1.625634310416621,1.1870870230329846,0.3639819761897266,-1.7540780810680479,-1.9612929698730122
2010-11-12,264.7629677610381,265.1596684253159,250.7157628319004,252.7827606201172,27246230,-0.0469622616783051,0,0.0233657095808764,normal,-0.1,-0.0506691011230804,-0.057348680014795,0.0313394294187752,39.14305042046725,-1.7681043635908344,0.030949725658203,0.1,662153060,-8835339.2121212,-1.642748984146195,-1.290142373820632,2.845857779456438,1.7610003302279578,0.008384718308910183,-2.9131184266125967,-2.2744731823627027
2010-11-15,253.2171094147739,265.1346728182848,251.379771983002,264.1993103027344,38057580,0.0451634820927286,0,0.0249094054526185,normal,-0.0763906736537343,0.0040947680451051,-0.0133869336691678,0.0292382836898361,45.9297182829054,-1.7440774072672285,0.0322879539957455,0.1,700210640,-10977516.181818176,-1.1277040220097139,-1.2288928409548185,2.986728583563768,2.109561967307265,0.4518460202307308,-1.4031579043796105,-2.302036638926683
2010-11-16,264.90078979782777,266.2453668270821,255.6724078466832,257.27587890625,31881610,-0.0262053348608333,0,0.0256014575367762,normal,-0.0586545409190941,-0.0368459644237821,-0.035637364473533,0.0258403051008795,44.75066380533226,-2.101735565693606,0.0345804856477054,0.1,668329030,-13810563.818181816,-1.1698394560447412,-1.4856412150653922,3.0,2.2057685495489956,0.014203036166017338,-2.0173247423946727,-2.4097118004167037
2010-11-18,259.56418296558576,259.8147428456064,247.62156779929344,255.97723388671875,43440440,-0.0050476749901784,0,0.0253770409240579,normal,-0.0465220330012474,-0.0427251966679714,-0.0367894401345597,0.0225129979058782,43.620503104984245,-2.316126521366815,0.0368265035092802,0.1,624888590,-17194351.999999985,-1.2056084408079455,-1.6039520843034436,3.0,2.048849941624736,-0.5973188148219606,-1.949372980033616,-2.4828714862145795
2010-11-19,256.22361266255564,256.22361266255564,248.46091971719585,249.788803100586,22096350,-0.0241757077071604,0,0.0258913476303403,normal,-0.0582500350060649,-0.0860630490896057,-0.0546670155822516,0.0182165783536589,40.477576738295255,-2.7362574250875267,0.0382654524915275,0.1,602792240,-19251582.96969695,-1.370066940621354,-1.8696394527377183,3.0,2.0736293452455845,-0.9290366081026183,-2.3384377193686636,-2.591981520887521
2010-11-22,250.6489433958807,254.72029233067428,248.9201798852196,253.8726043701172,22722140,0.0163490165245185,0,0.0250117678634395,normal,0.0043113847927225,-0.1,-0.0356102834338976,0.0152784562988459,44.71435539849713,-2.601531850047716,0.0376299171777728,0.1,625514380,-16668617.151515145,-1.0474179289016774,-1.6806275405254294,2.907044727989637,1.7920378372675,-0.6563110014537377,-1.7003166729400498,-2.5873698152222526
2010-11-23,251.7137847686597,251.7137847686597,239.71688319837887,246.6527862548828,44970820,-0.0284387444369882,0,0.0256413885349069,normal,-0.0664139661369508,-0.1,-0.0573773198113445,0.0111151366876218,38.72036247835053,-2.8415366852419157,0.0412006790977353,0.1,580543560,-15671275.75757572,-1.3993592310012681,-1.7896263164243988,3.0,1.862161878376963,-1.315861790034169,-2.1887753245366883,-2.6411000307609336
2010-11-24,246.83232761457484,248.5485517960774,235.03585415293207,238.10086059570312,34672020,-0.0346719199447534,0,0.0263046568247792,normal,-0.0745309602752699,-0.1,-0.0821876628043576,0.0055953409102738,35.19932654493253,-3.382369386305296,0.0451483010326641,0.1,545871540,-16854961.39393935,-1.5704555435275347,-2.0966652554124776,3.0,1.9369507174170708,-1.819917304624807,-2.6497543607283967,-2.73941013777403
2010-11-25,239.77116055735976,240.856843508262,231.7537291541443,235.6705780029297,46879080,-0.0102069458577055,0,0.0261747568467945,normal,-0.0793299293669829,-0.1,-0.0835647817736728,0.0002187860390083,30.294650370391864,-3.685025758579874,0.0462428737222634,0.1,498992460,-19857623.09090907,-1.803423339863173,-2.1931967370552528,3.0,1.8328125027897824,-2.4203932094754244,-2.494427152892148,-2.7928395221067537
2010-11-26,236.43893112312813,243.0032130166215,233.15262309845463,239.08218383789065,40665000,0.0144761635664107,0,0.0265096919608851,normal,-0.0428626869170911,-0.0986159689097816,-0.0640319367657764,-0.0037392148643121,22.122919506968277,-3.441317484211929,0.0441246381353586,0.1,539657460,-19597503.393939383,-2.186288979073184,-1.9229920431906764,2.7002268679732637,1.831181016079621,-1.8527413138799464,-1.9233072765511474,-2.756219451812569
2010-11-29,239.86302169632708,242.2807931990435,237.265721790158,240.50192260742188,18550930,0.0059382876078037,0,0.0266007580590563,normal,-0.0526668948619694,-0.0485825773188346,-0.0532012218946271,-0.0068728870776794,23.583260649173354,-2.9872068687194258,0.042829848426675,0.1,558208390,-18326877.63636363,-2.003293457810478,-1.5500406324978115,2.3562704045404783,1.7802769272381238,-1.6008888306160645,-1.6047494921377254,-2.68145431489816
2010-11-30,239.8880688421352,250.53621318736216,238.45579209253555,249.8931579589844,31774970,0.0390484834788289,0,0.0282675843505168,normal,0.0131373813095834,-0.0541490904247902,-0.0147071687196819,-0.0075131399221679,35.871589300262386,-1.909494633127701,0.0407571404152536,0.1,589983360,-11525964.303030305,-1.2756594216049222,-0.7929687585218611,1.9773986088374638,2.0204176219766476,-1.1879296215343238,-0.7030830605635386,-2.5147803640112527
2010-12-01,250.46105461656225,260.85866465598906,248.46088293811133,258.9085998535156,28775250,0.0360771858187927,0,0.0293104351391121,normal,0.0873904412010679,0.006346187424203,0.0188173698416727,-0.0060566756330637,44.50895751452595,-0.5170465754393216,0.0408482321176077,0.1,618758610,-3944844.303030315,-0.7681551290215081,0.16219452108936,1.8911403700052807,2.1104207921551557,-0.8115916316216837,0.06682029898291342,-2.293950298746548
2010-12-02,260.8628081072968,265.04270476814224,257.8144958189622,258.8292236328125,20127970,-0.0003065800855901,0,0.029306586703351,normal,0.0982670209668468,0.0111415757674602,0.0167131827710556,-0.0047864264788882,46.179504968180574,0.4204457787701718,0.040829642903029,0.1,598630640,243210.66666665504,-0.6578771565804451,0.7931547224498664,1.8006544763155323,2.0111759326839938,-1.134599823041841,0.02563693008713128,-2.1127068214471163
2010-12-03,258.3114629135726,259.3136514714327,254.55329405166776,256.4532775878906,16717370,-0.00917958958256,0,0.02882740323937,normal,0.0726574162538953,0.0266804372517088,0.0066726094069888,-0.0041868273147918,52.48659024822384,0.8761158117023902,0.038488716215472,0.1,581913270,2364597.2727272706,-0.28505014869170087,1.076895153529936,1.4617352403710007,1.843651134910737,-1.4117613464649474,-0.1995002960533078,-1.9796056671144666
2010-12-06,257.2007409866599,258.0609431108943,245.1161385211892,246.5651092529297,31659450,-0.0385573872479446,0,0.0271323992688049,normal,0.0252105537443245,-0.028784102701109,-0.0291702023265277,-0.0058240408647127,37.80110247401145,0.5244926502380389,0.0397975749115449,0.1,550253820,4526992.545454524,-1.118843980493163,0.8181723180945583,1.5512013503916373,1.4934826606809855,-1.8667472168303985,-0.9958538780330559,-1.9413485054591992
2010-12-07,246.61934596061903,246.7863858580835,238.017326462111,239.22830200195312,38866190,-0.0297560643239688,0,0.0275655618403729,normal,-0.0426776629025662,-0.0301009543239356,-0.0528209828029428,-0.0088513254039848,37.586137553076334,-0.1530670993609018,0.040479505788874,0.1,511387630,2483608.363636361,-1.094169877042413,0.3594165547274984,1.5641161101762895,1.5075527799619337,-2.331451835263823,-1.4841237374226877,-1.9528804424457085
2010-12-08,238.0173700506037,238.852518717448,233.17351797759304,234.2592010498047,34752920,-0.0207713757551473,0,0.0264192947960863,normal,-0.0952050214541231,-0.0161345890824879,-0.0660468977521686,-0.0125694024841178,35.77949496437061,-0.8479484307938758,0.0394664836759897,0.1,476634710,-2928603.939393944,-1.159167764283826,-0.09173066242586432,1.3952824738652605,1.2690021777233425,-2.621011537860511,-1.752353975279464,-1.9829761956758027
2010-12-09,235.0943235817317,235.2613634912169,222.69236216045067,224.3960723876953,43130530,-0.0421034845927457,0,0.0274652569213326,normal,-0.1,-0.0478401067743561,-0.096300777273522,-0.0179876038753588,34.136756510253775,-1.8276525356274516,0.0427311163424937,0.1,433504180,-12979428.30303031,-1.2112985910601326,-0.747941779440995,1.6853795896916999,1.3972605292316052,-2.9256486921835463,-2.338878928410447,-2.06129292800692
2010-12-10,224.1538839799229,229.2107027452386,221.77370532121589,228.2001800537109,52261980,0.0169526481704329,0,0.0280317789369881,normal,-0.1,-0.0455157452951754,-0.0738377056784096,-0.0218207779373555,33.9057849209498,-2.058143645705207,0.0425311453712476,0.1,485766160,-16674801.878787866,-1.1831154690784964,-0.8856907803327242,1.5958818210679837,1.4403677723831532,-2.1597162683079034,-1.7520532250820755,-2.0763689142672703
2010-12-13,229.29006551306009,232.1713387242888,225.0725747704886,229.2357788085937,42073330,0.0045381154153298,0,0.0265028390367821,normal,-0.0702829791970255,-0.0468442982770588,-0.0634234166426935,-0.0248687478778413,38.16336540744907,-1.978948685757568,0.0401400981414095,0.1,527839490,-16185309.999999983,-0.9103341288396047,-0.8027566695067314,1.293992967435512,1.1556387640020311,-1.5926295920503237,-1.4667910469990848,-2.063333527710696
2010-12-14,229.5990877205361,234.2592061692128,228.8766667769624,233.23196411132807,24181790,0.0174326421621604,0,0.0244080500630117,normal,-0.025065336502602,-0.0666732694233708,-0.042803027141129,-0.026540023548109,46.47266906621148,-1.5163518860292091,0.0369624339545277,0.1,552021280,-11890372.181818169,-0.41575958119569273,-0.4325444524499311,0.929741247638565,0.7969798771610754,-1.274376401111218,-0.97004009685097,-2.009650115794091
2010-12-15,232.4218540577665,232.4218540577665,222.9846847121979,225.3272705078125,30594750,-0.0338919823174084,0,0.024801451484858,normal,-0.0381284086258503,-0.1,-0.0685695816587861,-0.0297190283527831,43.05735672801156,-1.5937265460000365,0.0386218105095795,0.1,521426530,-6885742.484848466,-0.5873027574624069,-0.4660308841260066,1.0700904732548555,0.8392079913792592,-1.5729138634469262,-1.500748403910616,-2.0043813207764374
2010-12-16,226.24174779528025,232.0877879217045,223.6026751940889,230.7473907470703,45922940,0.0240544352534102,0,0.0257165346791865,normal,0.028304053149387,-0.1,-0.041952374059057,-0.0311539974157372,44.55239782498425,-1.151497832966454,0.0372919192338186,0.1,567349470,461692.9696969752,-0.47626649549893363,-0.09510440960532945,0.9037426268148678,0.9598369114865051,-1.0266325676965342,-0.8690235175762999,-1.949272469582162
2010-12-20,229.6658599691372,229.6658599691372,224.65496847890148,225.5277099609375,24810450,-0.0226207575705775,0,0.0256573462292263,normal,-0.0117110779322978,-0.1,-0.0579156319046962,-0.0335075407493042,40.67603430603699,-1.0831569004491346,0.0384962304342284,0.1,542539020,5720505.515151528,-0.6781458248979508,-0.014738536276452687,0.9969298625123916,0.92587299085933,-1.2681144230330477,-1.1945810000604913,-1.9249049253028103
2010-12-21,226.2626326678996,230.9185964805933,226.2626326678996,229.14390563964844,19613340,0.0160343741322841,0,0.0256438005078036,normal,-0.0004007802334466,-0.0706555914016624,-0.0388913306101528,-0.0346131160517489,36.0789149804434,-0.6863904025159924,0.0358034518562995,0.1,562152360,10415770.24242424,-0.924753646433009,0.3321457495136344,0.6976873107013407,0.8996206110971726,-1.0250750205147117,-0.7323329841419507,-1.868682683864862
2010-12-22,229.49880903701023,232.83940320341043,227.99555185681447,229.2440948486328,18938400,0.0004372327018897,0,0.0250486848883723,normal,-0.0170982964444433,-0.0417350583930441,-0.0349351874896249,-0.0354360941561665,27.39306349105564,-0.3273911745838136,0.0334341276869219,0.1,581090760,13408734.545454549,-1.411209149636005,0.6464322179631521,0.43796790527517193,0.7857629384046934,-0.7978699689886942,-0.6157107317675893,-1.8100954269844012
2010-12-23,230.08341608407773,231.1607648056504,228.4214786935189,229.3526611328125,11988360,0.0004735837765041,0,0.0239444108522439,normal,0.0178646402449562,-0.0209449186841076,-0.0312972840659067,-0.0360065410153593,27.546281874726237,-0.0096022764811012,0.0320202911833051,0.1,593079120,13893861.63636361,-1.3616849844489407,0.923500252394365,0.27724352216035447,0.5954939628365469,-0.6504149879731078,-0.505832154282966,-1.7503717768867877
2010-12-24,229.3317937950008,231.2526252390805,227.9955510359097,230.11265563964844,11545630,0.0033136502671571,0,0.0238792932261596,normal,-0.0027507791328293,0.0254754158177796,-0.0254805170950144,-0.0362009381402246,29.4286331912938,0.307292278946786,0.0314479079840658,0.1,604624750,10721934.303030306,-1.2169315040792466,1.1904139449367495,0.20398367844953627,0.567799865825877,-0.5093156204820627,-0.34324510160614324,-1.6861854493009043
2010-12-27,230.87686002616925,231.4489348262068,229.2984168061779,229.7660980224609,10204450,-0.0015060345821666,0,0.023602749230668,normal,0.0187932031157391,0.0068620365171554,-0.0244444205121898,-0.0363249093193882,34.582667453119456,0.5356961887631746,0.0281396655420856,0.1,594420300,8403343.878787871,-0.8675725823860974,1.3695813049341965,-0.15115058935168915,0.5073990401213883,-0.6019996996428334,-0.2940793372554329,-1.6255218578710606
2010-12-28,230.9186030443311,230.9186030443311,227.5780084252449,227.8703155517578,9764330,-0.0082509233826035,0,0.0235736840732199,normal,-0.0055580360487241,-0.0059565887311858,-0.0294902826838304,-0.0367521353116938,38.41964803279773,0.5965736950328333,0.0266721606650793,0.1,584655970,7040022.424242432,-0.5945212535457439,1.4073200241507735,-0.3154393892615444,0.48580851201504427,-0.6844118067716508,-0.3923015030908558,-1.5778155661473128
2010-12-29,228.4131372131376,230.7682623315611,228.099956494838,230.10012817382807,9241550,0.0097854457991646,0,0.0216972499671128,normal,0.0037341564927135,-0.0134279876664121,-0.0181237880591186,-0.036469895052825,45.50862011292665,0.8111837261641677,0.0254337333013848,0.1,593897520,7104220.242424259,-0.10001275278560424,1.566272887428817,-0.4621191385307312,0.18098738608411472,-0.5598366214358363,-0.0755487270810502,-1.515966706529493
2010-12-30,229.7493956780641,232.20891453664288,228.9810477160574,229.6366424560547,21062540,-0.0020142783989378,0,0.01957181912391,normal,0.0012381863015653,0.0191249462993552,-0.0182220106498353,-0.036204048211655,57.10085670265004,0.9371712533163938,0.0225795036173094,0.1,572834980,3472311.454545457,0.7193574992453807,1.6400149039393592,-0.7792700000000671,-0.15841527255726257,-0.7652712998691188,-0.04972462772203195,-1.4590270317346692
2010-12-31,229.9998866004748,236.1340532136994,229.92054647530097,234.8354034423828,19624140,0.0226390741944548,0,0.0205582586863925,normal,0.020523633476857,0.0177163983613297,0.0036217686088393,-0.0346119623293266,58.66316139268507,1.3602227912783071,0.0217938521648259,0.1,592459120,3349206.9090908966,0.902751876805451,1.9171896713327101,-0.8803063884257134,-0.015683190170664475,-0.5268206527483724,0.5594609131936751,-1.3711327793676074
2011-01-03,236.5725418807113,238.184398097219,235.1068774523523,235.68728637695312,11060070,0.0036275745568292,0,0.0206091266811791,normal,0.0257705048980436,0.045048018346727,0.0065662748441572,-0.0328974588095059,58.46390001689564,1.666783410400459,0.0205786552004406,0.1,603519190,1870989.5151515123,0.9444521038105546,2.062335787563882,-1.0284373962383162,-0.019911757678016968,-0.3854922331759682,0.6598618412133459,-1.2841450827209664
2011-01-04,236.71452936564583,236.71452936564583,227.75755522519367,228.4632568359375,31035310,-0.030650908888915,0,0.0199777025087276,normal,0.0026020997195004,-0.0029703988932672,-0.0220238938287179,-0.0329961174956648,44.23229818524891,1.3650745602404672,0.0223468939378458,0.1,572483880,-731660.5454545482,-0.10003677223540457,1.7588515102663946,-0.8592555911142805,-0.13131394477882,-0.70744221149963,-0.10509357542215135,-1.248746913714034
2011-01-05,228.4131719572337,228.5301050101408,223.98689399333384,224.92225646972656,25213120,-0.0154992116248862,0,0.0192364059442129,normal,-0.0225026893517847,-0.0188525614226177,-0.0337601820117102,-0.0338078472741943,49.45232935921524,0.9298613040072344,0.0208872647245544,0.1,547270760,-3572242.242424256,0.3600728860336243,1.3903090013241366,-1.0417666781551793,-0.26300463477441743,-0.9564670872479215,-0.40765371492794533,-1.2343490511162976
2011-01-06,226.6593492086799,226.6593492086799,218.2327019909333,219.00938415527344,37167080,-0.0262885158954866,0,0.0195432724836583,normal,-0.0462785824906623,-0.0450976976959928,-0.0538300937524685,-0.0358121071873909,34.33629695270639,0.28029800189013,0.0214321163615148,0.1,510103680,-7230955.818181822,-0.8799574668752237,0.894914117722749,-1.0064739647364171,-0.2515658402938479,-1.3220952704325335,-0.9449694242225045,-1.253698050666403
2011-01-07,218.6335701255488,220.6462814111753,214.3951805727115,217.21798706054688,44430600,-0.0081795449160136,0,0.0173342586985663,normal,-0.0750202743010101,-0.0560363294372402,-0.0560341570632515,-0.0378748122404328,37.79436814171982,-0.2071805105265536,0.0216610459048242,0.1,465673080,-11537685.090909077,-0.5506076860005092,0.5289412744418706,-1.0065363573480859,-0.6652911799261382,-1.7342517985176846,-0.975425387838113,-1.2749033681147304
2011-01-10,217.12606295025537,219.9781021143544,211.7936572950872,212.72067260742188,29547190,-0.0207041530675423,0,0.017271679568836,normal,-0.0974452806622711,-0.0741859898468256,-0.0688760134816692,-0.0406394806085307,26.48559724725537,-0.7397261057270823,0.0230570381688637,0.1,436125890,-16452113.272727262,-1.5795315955950449,0.14139594020585236,-0.8716489670822374,-0.7290458660997815,-1.9558784960970461,-1.3092439478870157,-1.3164786810410436
2011-01-11,212.6496995895833,219.5271356666944,211.71015747063083,218.2117919921875,34477870,0.025813755275678,0,0.0184021621043144,normal,-0.0448713941389345,-0.0423860542615367,-0.0407437067119769,-0.0415921940049638,36.31654948569694,-0.633477457074135,0.0234500382606834,0.1,470603760,-18218165.57575756,-0.6202599250573106,0.21553846786190226,-0.8481304789928759,-0.5781562874055963,-1.5296953672210858,-0.4661126046328424,-1.3076032044636658
2011-01-12,219.47704432920824,224.57145594327744,214.6081391511462,222.95962524414065,41769810,0.0217579133034346,0,0.018669733596813,normal,-0.0087258204518771,-0.0310321553766939,-0.0180137851365039,-0.0411259126189094,42.88901697373085,-0.1784056428849787,0.0252650095568174,0.1,512373570,-15707310.242424203,0.03982050205596265,0.5298462728476202,-0.6504256211877687,-0.565970877989337,-1.0556523635237824,0.2116108766924143,-1.2588415966578566
2011-01-13,223.3187286931368,223.3187286931368,213.3762857119484,213.85650634765625,28050330,-0.0408285530912446,0,0.0193439972946249,normal,-0.0235281142289496,-0.0687178489444177,-0.0528654312395318,-0.0427970748135413,34.74888905240269,-0.4120826280513796,0.0285733808534724,0.1,484323240,-15142473.151515145,-0.745880435172376,0.3433609798867661,-0.27364798373508303,-0.4769191637721551,-1.3034037205958633,-0.794629993129196,-1.272347698613362
2011-01-14,214.357612610387,216.1364578044771,208.0689316282541,208.85397338867188,26839080,-0.0233920073063009,0,0.018827483928435,normal,-0.038505161497255,-0.1,-0.0683644237493878,-0.0453455361180196,31.95704543042909,-0.8025752491970586,0.0312814103442244,0.1,457484160,-13660440.3030303,-0.9978805667157398,0.04014841100266276,0.036672762666058074,-0.6183152259653283,-1.5233666953087208,-1.2128747502660795,-1.3103760085594642
2011-01-17,209.12120861012232,211.710174420297,207.95200564360533,210.1400909423828,16030680,0.0061579750331945,0,0.0184907464526516,normal,-0.0121313158397234,-0.1,-0.0570029123752049,-0.0471109551458158,34.539737162971605,-0.8677303888687522,0.0312318964920192,0.1,473514840,-8930608.606060572,-0.7464833185093149,-0.031009148373489205,0.01081057669097266,-0.7343896302908793,-1.3100471963865017,-0.8597780630643281,-1.3238850812235754
2011-01-18,210.45744040005025,213.96507460140245,210.45744040005025,213.34288024902344,11847170,0.015241210243498,0,0.0184477532055899,normal,-0.0223127801605624,-0.066182968746577,-0.0387276845397025,-0.0477033403821234,35.63194540206506,-0.6012595112442582,0.0310734085962561,0.1,485362010,-4047777.9999999977,-0.6256638742962866,0.14867978896923387,-0.02815155328054103,-0.7758306432448285,-1.1494867116501235,-0.3102717248037894,-1.3032154376416563
2011-01-19,213.9567377846484,214.2866123309642,207.72235608041024,208.93331909179688,22819750,-0.0206688929674124,0,0.0188164939393089,normal,-0.0629096238253225,-0.0710865061950049,-0.053313054277603,-0.0491582541799868,33.37358371077764,-0.6253327450863075,0.0328698364130937,0.1,462542260,-1034513.0303030396,-0.8239309069123134,0.11471578218834154,0.17564631070653908,-0.7315562882837352,-1.3377367849375947,-0.7101422002192154,-1.3093096415446008
2011-01-20,208.0355268088165,212.5453242696512,205.70545501747853,211.71435546875,28013320,0.0133106408735661,0,0.0192084541452092,normal,-0.0100167673899238,-0.0333092059715185,-0.0369780832797876,-0.0495699570351622,30.68178370129368,-0.3699390446214092,0.0325536042445978,0.1,490555580,2055957.9999999816,-1.0508122639039883,0.29578578615565326,0.11405236631544574,-0.6835472440577629,-1.018432225513368,-0.20619022173719875,-1.2853026114185198
2011-01-21,211.20073236280547,217.72325373879968,210.62447778054107,216.87974548339844,29086400,0.02439792050573,0,0.0201746699676183,normal,0.0384276725240502,-0.001557152709707,-0.0122140008568142,-0.048462470152792,35.3423624729013,0.2002380010829565,0.0330132574000594,0.1,519641980,4007866.606060609,-0.5815432317137936,0.7082812837026264,0.15209171510698247,-0.5007980805465018,-0.6911615048856607,0.5426368651948268,-1.2164406195135617
2011-01-24,220.47922419982007,226.10811744977988,220.1451698665568,225.07672119140625,36693320,0.0377950264084723,0,0.0221233865097349,normal,0.0710793936656228,0.0580857912516457,0.0226728327851903,-0.0452665293894268,47.40013466726082,1.1308378600127007,0.0318970899500196,0.1,556335300,5337247.878787885,0.5853428719169039,1.3651922277109658,-0.01327288885681052,-0.0831389292549569,-0.28222575296943087,1.5591119113485674,-1.084919601934224
2011-01-25,226.24174058165625,228.61355944177564,222.81762637658457,223.64862060546875,41470240,-0.0063449501946628,0,0.0220936755844433,normal,0.0483059961711211,0.0249153749375556,0.0146201543544572,-0.0426756422419766,48.98943708780053,1.6217328819990922,0.0325008602697064,0.1,514865060,5246056.969696963,0.7293572331853035,1.6592650761441934,0.046128871041696454,-0.12706007358502217,-0.6994050515881528,1.3048060620057251,-0.97367098005079
2011-01-27,224.5756057277052,226.48810292348827,220.6879904908448,221.60665893554688,29786890,-0.0091302225088346,0,0.0220258572103406,normal,0.0606573422508156,-0.0060682121577495,0.0048438377888122,-0.040774852181846,52.19567492736981,1.7684244649002032,0.0319537462200676,0.1,485078170,5778279.999999998,1.0099850902737952,1.6895870613490669,-0.04421771759796056,-0.18447529759041623,-0.9966543370479216,1.0047413879297056,-0.8846848185021535
2011-01-28,221.28932506123653,223.37301673565224,216.34107981210724,218.82147216796875,28302770,-0.0125681546798112,0,0.0221611034040385,normal,0.033569366061565,0.0232163421403752,-0.0070489742931731,-0.0396692489258998,51.33314828309236,1.6402246988453362,0.0326153410616962,0.1,456775400,3227546.9090909115,0.9159947637671132,1.5344150978134503,0.02581429009123914,-0.1904123292639663,-1.281048985219756,0.6663429404177431,-0.8218964214917299
2011-01-31,215.46830809912345,222.56707018766048,214.7166795635613,220.6796264648437,26079810,0.0084916451683891,0,0.0215445527244226,normal,0.0175206816707378,0.0566216332124291,0.0012509522181158,-0.0380964777844872,56.92084413392517,1.6390375795418937,0.0322325900509596,0.1,482855210,643990.1212121292,1.396793385477556,1.475756207478954,-0.04702038120131895,-0.40515023791222377,-0.965132260040431,0.9148225555797237,-0.7431325188689129
2011-02-01,221.53152790773464,222.1495297218896,215.9026089590047,216.6417236328125,26786520,-0.0182975786968466,0,0.0217526406630217,normal,-0.0374760993226864,0.0309395159261272,-0.0154689951499497,-0.0376027327222403,48.59932035129159,1.3375134674446274,0.0323157001132125,0.1,456068690,-2639465.4545454644,0.624070679293806,1.2308412057117686,-0.05781812583612127,-0.39298335370192283,-1.2668937461020526,0.45160838679700144,-0.7013375887465552
2011-02-02,219.20147950438337,219.94474859156472,213.7980664157358,214.94639587402344,21956200,-0.0078254905396824,0,0.0208601105119468,normal,-0.0389102544334338,0.0075161431360086,-0.0210128147234004,-0.0374655445752986,42.439515983904485,1.009999543708128,0.0313022797486843,0.1,434112490,-6119252.121212093,0.09974660264330139,1.0019876979489162,-0.2229109845936176,-0.6716601035658746,-1.5433785395349968,0.35719872240349704,-0.6732146249976969
2011-02-03,215.05078485448809,222.06602866113613,213.89827559952943,221.4605407714844,21769030,0.0303059042742861,0,0.0218861313022362,normal,-0.0006593581833882,0.0599579891524317,0.0078254185144679,-0.0355701694598612,57.54290941873021,1.2049719034506623,0.0298091417366653,0.1,455881520,-9311747.515151495,1.7431035265714216,1.1392391822416426,-0.4566842526272033,-0.3902994755014133,-1.2704756461657578,1.4159207876284023,-0.5798444767363652
2011-02-04,221.14735677303884,225.07256570166845,219.64409936749087,220.963623046875,29249880,-0.002243820605144,0,0.0210418592355532,normal,0.0097894912125531,0.0436874842881886,0.0050314643751221,-0.0339148087418994,63.19146403978095,1.2670317580336192,0.0290230775820663,0.1,426631640,-12151399.99999999,2.3213318023318377,1.1712483755233576,-0.580792086727878,-0.6404400024155253,-1.659379476770648,1.3279289863474344,-0.49109002715421807
2011-02-07,222.1244871034324,224.4712527672284,220.024076018431,222.4376678466797,17458040,0.0066709840265968,0,0.0209756372807017,normal,0.0079664870291777,0.0256267469831878,0.0106064426895464,-0.0319779469802745,63.34155522962268,1.3654257513089494,0.029052000464726,0.1,444089680,-11324866.787878774,2.283489015970408,1.2104888727019854,-0.5836503580069301,-0.6553867148758898,-1.3962437078023695,1.494615725149013,-0.3844499139389805
2011-02-08,222.4835753078328,224.2373924128736,219.1429810074548,220.3289031982422,25097770,-0.0094802497654804,0,0.020497914624326,normal,0.0170197111784391,-0.021094220530814,0.0009278704496358,-0.0307055988082466,57.7633744046513,1.2496766927164131,0.0297415933406402,0.1,418991910,-8505296.060606057,1.6560508419647908,1.101291123921365,-0.49311325383413546,-0.7926557059654485,-1.7295400170953308,1.1395711778951692,-0.2986850322311651
2011-02-09,220.0616620894242,220.0616620894242,214.2156217303124,215.55186462402344,19473280,-0.0216813976962458,0,0.0203393249764705,normal,0.0028168360187572,-0.0362030222208638,-0.0188324613546085,-0.0306907029377951,57.29542262700676,0.8326434004358196,0.0302512815976425,0.1,399518630,-7847818.545454549,1.5455165068826882,0.7971915055866674,-0.4165187041025599,-0.8200821532095489,-1.9528554063131474,0.44205936648804034,-0.2657895206388287
2011-02-10,215.30967734968831,215.8859319730022,206.80786997526133,208.29443359375,28514130,-0.0336690709817436,0,0.0209265436856208,normal,-0.0594512554329935,-0.0600714139445993,-0.0471606649616431,-0.0324066026693059,46.56891621302209,0.0884419469889561,0.0320728257148991,0.1,371004500,-9333311.333333315,0.47370483777881306,0.28447535602013524,-0.1494524654503807,-0.6260497662432627,-2.3213558143260578,-0.5150847054787673,-0.3185019444268115
2011-02-11,208.62011867696228,217.30567159012656,207.5386027906881,216.5206298828125,26488500,0.0394931162928078,0,0.0210297595335444,normal,-0.020107351168477,-0.0105147006934954,-0.008630277614394,-0.0317041070153301,49.6605593796811,0.1661174442040689,0.0317345437963737,0.1,397493000,-9878117.030303042,0.7705423016748154,0.3146680324842268,-0.19202418193602375,-0.5742067850323473,-1.8736782212064869,0.7940776983389689,-0.2486949435069645
2011-02-14,217.97379607580737,226.0663884748004,217.97379607580737,225.33981323242188,26170250,0.0407313767486385,0,0.0220081667254046,normal,0.0130470050951196,0.0211174309211574,0.0286392085429256,-0.0287395959004719,50.2457868972576,0.7923220473957318,0.0305931463517351,0.1,423663250,-6538225.99999998,0.8132280817888433,0.7114671342920539,-0.34439401588638097,-0.2686720714536593,-1.4291291159690214,1.966751056348655,-0.0413014783203536
2011-02-15,226.32525407713203,230.58451672352723,222.99301956214973,228.56344604492188,28975160,0.0143056513904848,0,0.0221246470154033,normal,0.0373738657395785,0.055029669318527,0.0390642599559336,-0.025240296584003,54.44250798994368,1.3706065621171688,0.0307227974765967,0.1,452638410,-2686161.393939384,1.1901958292020034,1.076930946859866,-0.30833746851548416,-0.21673911243655883,-0.9527769791208428,2.1780752064237467,0.22238485470767586
2011-02-16,228.19183638159063,231.5867177903774,227.4694409321931,229.7535858154297,17009500,0.0052070433444282,0,0.0219801607380344,normal,0.065885401716091,0.0688878261075123,0.0400693046519842,-0.0218063003853602,57.479176221375454,1.7556443989906096,0.0300404709587555,0.1,469647910,671526.6060606181,1.4400364741361058,1.3071830784223266,-0.39134630682328403,-0.24562772796047566,-0.6641642809070221,2.0875742662932493,0.5124257165251257
2011-02-17,229.83289132061745,232.83940571341915,228.83070286520945,232.2172241210937,16081310,0.0107229591082123,0,0.0212386960507668,normal,0.1,0.048571557317331,0.046118666971769,-0.0181240373551467,62.37082488323931,2.076644875018711,0.0287918377138833,0.1,485729220,5926913.272727257,1.819062640631288,1.494581743793197,-0.5513064269083641,-0.4482932862515958,-0.38824489211638774,2.1457990974599475,0.8461812667670615
2011-02-18,232.38429437938493,235.0734740830492,228.7973196718702,230.58872985839844,26082690,-0.00701280565582,0,0.021331793559592,normal,0.0649734853588779,0.04355968950365,0.0349597482190422,-0.0152680346213759,59.189926053560654,2.0747971642201573,0.0285075302315065,0.1,459646530,7447825.454545463,1.4640869271720525,1.475946323889339,-0.5686072206561138,-0.3986929607077857,-0.7797930192419805,1.7516897391550024,1.130581169451111
2011-02-21,230.61795169560529,233.7580931695112,229.2023686707472,233.1609649658203,18315610,0.0111550773058226,0,0.0208822288145889,normal,0.0347082551512167,0.0482080990281372,0.0418902421494422,-0.0120892825821078,65.74845243730398,2.1340431768862,0.0276749388787158,0.1,477962140,10731459.75757577,1.9681255548667085,1.5222240208755575,-0.6740826892250436,-0.5126409557030757,-0.4816565501609256,1.886937028283612,1.4287048529273902
2011-02-22,231.67024118833112,231.9208010870139,226.6593490552596,227.7701110839844,19700870,-0.0231207392825216,0,0.0200953221556975,normal,-0.003470961672417,0.0337731808116292,0.0160783809027724,-0.010627705165902,61.4206403326223,1.715426125815138,0.0284412552337324,0.1,458261270,10856741.212121198,1.540440007324297,1.201448032333122,-0.526369479464251,-0.7271904550035881,-0.7709590670211666,1.0896428350690794,1.5778419045267953
2011-02-23,226.32527126734595,227.23558018562457,217.9236783655099,218.61268615722656,31528330,-0.040204682182296,0,0.0220581082755836,normal,-0.0484906453958592,0.0141999306688529,-0.0224664252982489,-0.0115999948122923,47.577778014270336,0.77495479386267,0.0301811101163003,0.1,426732940,7488084.666666679,0.2518185408681715,0.4040454299899557,-0.21115717761075653,-0.09818131835716305,-1.2268058339113144,-0.06617949300761483,1.5234778809071112
2011-02-24,219.17641648034743,220.47924635167016,209.81022731210933,211.17987060546875,37517520,-0.0339999278285804,0,0.0232166138832094,normal,-0.090593424304541,0.0138526842121302,-0.0506662812457322,-0.0142667752599978,42.556702227691154,-0.335009367494552,0.0330159248937079,0.1,389215420,-157794.48484848184,-0.23176399847660742,-0.6060490960773653,0.29829164260099417,0.30044230752197854,-1.7447598991140079,-0.8833312604138049,1.3384346578953137
2011-02-25,212.96289431854223,218.7922407578507,211.60995765603963,215.68966674804688,31609310,0.0213552367924469,0,0.0236506357092114,normal,-0.0646131453150415,-0.0038378012072816,-0.0275782875503903,-0.0154124237000394,45.09290848119027,-0.7301090629057303,0.0333738008807577,0.1,420824730,-4534367.878787855,0.006997805422795186,-0.9557483689171122,0.39081293780325,0.4925692728210875,-1.2217658810576293,-0.17860246435666322,1.2852968196094428
2011-02-28,216.3034838961471,222.32907788913428,215.7731563879897,219.68167114257807,26445970,0.0185080929221999,0,0.0239541618789556,normal,-0.0578111084126719,-0.0251093759628168,-0.0086760929157592,-0.0153514291615535,49.54188565080487,-0.6878139748475328,0.033269690074959,0.1,447270700,-6006559.33333333,0.42155211921377606,-0.895016239265783,0.4045123557675963,0.6564480195066762,-0.7767099582483679,0.4046924224241417,1.340069520459603
2011-03-01,221.89898398917347,226.99336984800289,221.10140283677404,225.9369201660156,18161160,0.0284741507605235,0,0.0243489221625501,normal,-0.0080484261488236,-0.0114914520425547,0.0176561364358018,-0.0136688415682392,57.19993474945079,-0.2275828366172875,0.0327274636649867,0.1,465431860,-4842615.636363623,1.1290455105741355,-0.46854757653621526,0.3282918131799154,0.8609523202083327,-0.4601676054343482,1.1894968143113696,1.5375672535592135
2011-03-03,224.6549563732307,227.0894214940003,221.78204336803395,224.02859497070312,28700950,-0.00844627426943,0,0.0243630142270771,normal,0.0247739914305862,-0.0249179607987737,0.0081907385768593,-0.0126344873464222,61.78236031589837,-0.0499850833907545,0.0318040104834582,0.1,436730910,-4265283.757575722,1.4975225556205223,-0.30155257759530524,0.18668370651251986,0.905478941543208,-0.8984526467603325,0.8802584607242333,1.6711074153732184
2011-03-04,226.15823139071023,227.82852859592,224.90968830769003,225.8784637451172,17552410,0.0082572886494958,0,0.0235157113245346,normal,0.0696022452211304,-0.0272966848172772,0.0149192736449654,-0.0112238437327968,57.74736423495041,0.1811066573810739,0.0296565849216408,0.1,454283320,-1259466.4242424378,1.0880528278042483,-0.100711830093866,-0.19052570928218193,0.6318129080282465,-0.5947839334273085,1.0459075193989649,1.8131806895681168
2011-03-07,224.18732940672,224.18732940672,218.0573407244036,219.1555633544922,15342560,-0.0297633527303035,0,0.0245148725036724,normal,0.0160689042674164,-0.0495825034941092,-0.0138522837158913,-0.0116425839895365,44.695945141270535,-0.1138936969838751,0.0300042375666254,0.1,438940760,-448199.5757575822,-0.12402671610803645,-0.3777690406074533,-0.09462305101581729,1.0578863250503172,-0.8301199658881059,0.16345030568128655,1.7697740869812968
2011-03-08,219.47705790031168,221.7236098371771,218.82564296424715,220.6671600341797,13918430,0.0068973685018547,0,0.0245182275326039,normal,0.0044859859562977,-0.0535844622768314,-0.0063832733757144,-0.0115848522695627,43.02267541838381,-0.1974080259277195,0.0282794386917777,0.1,452859190,2594274.060606069,-0.29525344451548563,-0.4921737872330523,-0.4122773883717599,1.1168846151250402,-0.6121417868632725,0.36173316011514556,1.7404134491029226
2011-03-09,222.1244944899017,222.5671222689417,218.57511261506872,219.4227752685547,15533520,-0.0056391932783848,0,0.0244559606146213,normal,-0.0288316973280613,-0.0366480736901948,-0.0108572959047751,-0.0118051238796514,40.88022086611498,-0.3194194167206814,0.0283990381508837,0.1,437325670,3780351.6363636334,-0.5107578436822171,-0.6583286264138953,-0.3584579365931232,1.1716982716216613,-0.8466816984654199,0.19105587814568528,1.674483230899399
2011-03-10,218.4122267109232,218.4122267109232,215.0507587826341,216.28260803222656,14394580,-0.0143110360010934,0,0.0241646062722846,normal,-0.034575885009186,-0.0106584762575224,-0.0226848062040149,-0.0127451758487622,36.099358166308136,-0.5794203682731482,0.0289313449522225,0.1,422931090,2333146.4848485007,-0.9551778566216216,-0.9679710152438694,-0.20691949383522265,1.0913795609148709,-1.0448314674280472,-0.22309139744317563,1.5463548326888286
2011-03-11,215.29297408678505,216.7210711185697,213.2969566124172,214.2281646728516,13732700,-0.0094988837894393,0,0.022942077478382,normal,-0.0515777329060103,0.0144345863014461,-0.0290119477863757,-0.0140378659748535,35.83306202869629,-0.8416718460939254,0.02825786055404,0.1,409198390,-2318199.999999993,-0.955920233828701,-1.2653440208151219,-0.33863292080599,0.5585509852666031,-1.2227431300818474,-0.44459612550337524,1.3959817729479973
2011-03-14,214.8419919046697,217.89027940383625,214.28243109060816,217.30984497070312,12226670,0.0143850380390346,0,0.0213975844502252,normal,-0.0084219554162243,0.0075116172558642,-0.0136309925110889,-0.0143345746078923,36.39424125969102,-0.7618925010895011,0.0275634099124859,0.1,421425060,-4437567.696969689,-0.887795401073887,-1.226899631766786,-0.47952097955387474,-0.11857930214277945,-0.994433848376855,0.04264230394625195,1.328934674512425
2011-03-15,213.7980182926829,215.84414233430857,210.4950044105602,214.00680541992188,14295940,-0.0151996774523793,0,0.0194118859277223,normal,-0.0301828084125711,-0.0258322221109338,-0.0259682278321402,-0.0153786645193384,37.74715111944754,-0.877638425415713,0.0280933754064741,0.1,407129120,-5580925.999999985,-0.7484536472881509,-1.3626914159888177,-0.3193981189692625,-1.0090624482788944,-1.1834833671520375,-0.3953006528298927,1.205568067094231
2011-03-16,215.1551655067497,222.0326022316836,215.1551655067497,220.80911254882807,18196070,0.0317854711001306,0,0.0205628314916206,normal,0.0063181102261451,-0.0226957489436417,0.0045142723034965,-0.0145061783806026,52.04096303339465,-0.4629682753254218,0.0266389735205939,0.1,425325190,-4034462.7878787783,0.5514455577779411,-0.9498967223579875,-0.6741818789180031,-0.4394170221007773,-0.8630912303078765,0.6387536463360236,1.235164694513982
2011-03-17,219.2265048751175,222.98467353011955,217.8652085955428,218.6001434326172,20404270,-0.0100039762431561,0,0.0205821235993641,normal,0.0107153109603954,-0.024231065408395,-0.005010375768634,-0.0142540447695188,57.63642456507426,-0.3116046997661545,0.0250948205905476,0.1,404920920,-5028214.96969696,1.0318535655382228,-0.8001881302557048,-1.063085477256907,-0.40303365476123415,-1.1522779674797101,0.2839296844487656,1.2139919471693934
2011-03-18,220.1451710315597,220.64626527746253,215.46833388098656,216.3243560791016,11578130,-0.0104107312912953,0,0.0204211269723956,normal,0.0097848544305605,-0.0422975590837935,-0.0139256193554843,-0.0145605848931341,50.68465957629625,-0.3367652864374613,0.0245549923005546,0.1,393342790,-5097765.2121212,0.3663142190804209,-0.8269807750006374,-1.172475791941555,-0.4583542163515008,-1.3011757959206125,-0.04584339331181896,1.1507509379831518
2011-03-21,217.8401426049461,218.34959646858107,214.5162422330573,215.6854705810547,10688970,-0.0029533683105626,0,0.0204028629631941,normal,-0.0074749231442663,-0.0158339250910299,-0.0152587234277578,-0.0149373930598152,45.352996265646944,-0.3660180301010933,0.0236984449998556,0.1,382653820,-6034514.424242437,-0.16967772505921502,-0.8484141325119274,-1.3576349436765205,-0.44369254890778903,-1.439812015839067,-0.1034514902564357,1.0849179254342096
2011-03-22,216.75445782800924,219.81943867773936,216.7210447503429,218.85484313964844,11912100,0.0146944184513471,0,0.0205481810011373,normal,0.0226536614581662,-0.0082128980780399,-0.0007134791912335,-0.0144040043751068,41.12782457931187,-0.1524338198105892,0.0223181238943351,0.1,394565920,-4711351.454545441,-0.6129128966312075,-0.6094938130144227,-1.6606014937408755,-0.34316953608643785,-1.2233988245252339,0.403936357775824,1.0900888847723789
2011-03-23,218.6335787147294,221.14735889494065,216.72108111313483,220.70057678222656,12688430,0.0084335974296916,0,0.0201257696458586,normal,-0.0004915366279437,0.0058234680156057,0.0069743008989449,-0.0134167821497539,45.82422795937895,0.1180353356015133,0.0218463124813438,0.1,407254350,-3025075.2121212133,-0.16703385764081424,-0.3129434627459196,-1.7139358610728403,-0.5450569252971804,-0.9875784039074221,0.6598291542927495,1.1282465763517304
2011-03-24,221.1473431603428,222.62557252107788,219.81945992027977,221.3770294189453,8893740,0.0030650243265391,0,0.0179397373952748,normal,0.0127030382630288,0.0235544662285545,0.0090938262083968,-0.0123362600080372,44.18054233875102,0.3350906239692632,0.0214588955395969,0.1,416148090,-1448823.696969677,-0.34446326805614796,-0.0766372648227528,-1.7476750371870933,-1.6648029741717942,-0.8096059942560498,0.7121852225086641,1.1706994880957702
2011-03-25,222.81762559663747,227.0768883496609,221.1473284767625,226.396240234375,15233710,0.0226726812108906,0,0.0165811249724487,normal,0.0465591777912908,0.0567996069989458,0.0288398529859295,-0.0100757915290712,59.79210061580715,0.7836696805655822,0.0203863584084877,0.1,431381800,125062.3030303078,1.1995577306993492,0.4028695778454582,-1.942247003839537,-2.2471956168141736,-0.5079070426312642,1.369321365938389,1.2959216053056835
2011-03-28,225.90768822106352,230.5135448189704,225.5945075072636,229.60321044921875,15428240,0.0141652980258142,0,0.0162509105423892,normal,0.0645279435405166,0.0565706789776274,0.0391173044945489,-0.0072636577806612,61.55501721119121,1.236408991211273,0.0207303593910465,0.1,446810040,3086710.181818211,1.3569580076003855,0.8775853528375759,-1.8267093188913666,-2.288154648682678,-0.17897355627685466,1.6583177549721373,1.4510307105273705
2011-03-29,228.98103082038384,233.25283312448147,228.92256430315865,231.1607818603516,15582890,0.0067837527536547,0,0.0158789599530066,normal,0.0562287703765864,0.0801562193630729,0.0415867687439628,-0.0044045791231549,65.0562194476544,1.5599437211700626,0.0206951992485646,0.1,462392930,5637574.484848489,1.6694163983365078,1.213341058543537,-1.8168413661272378,-2.318102783076655,0.1897252944913247,1.6818156868581884,1.5953694486746626
2011-03-30,232.16299548208352,239.7461604903967,231.7788341890202,238.52682495117188,22426060,0.0318654532639115,0,0.0161841954572742,normal,0.0807711897669172,0.0802399511407203,0.0671773318459716,-6.092462451190439e-05,75.74176810888918,2.1526629635667334,0.0213178240181619,0.1,484818990,9954885.39393941,2.554503313641271,1.807990324657661,-1.6779123610402542,-2.060593184635596,0.7840875561518872,2.387256779002504,1.82236190921326
2011-03-31,240.49773575391987,241.23267057654604,230.3339663992719,230.94363403320312,48157790,-0.0317917740259238,0,0.0178020036926184,normal,0.0432140797957563,0.0564660681679323,0.0299882544220151,0.0018017440998756,67.14927247503141,1.9240989766429208,0.0243296255541521,0.1,436661200,9563986.121212132,1.679298863984348,1.5400812469328686,-0.9615585409561479,-1.2953634901579003,-0.32191458706018206,1.1579100147956352,1.8600554667636304
2011-04-01,230.9436639240909,231.67023919927365,225.91607803562547,227.1228485107422,31112850,-0.0165442340008887,0,0.0181789473087818,normal,0.00320945381255,0.0499180611345122,0.0117003275084437,0.0024563432264799,59.91726985589771,1.4284747862631182,0.0253968460945819,0.1,405548350,6319416.303030317,0.9977350154703649,1.013136664487312,-0.7351303444464327,-1.1116252514755307,-1.1023480861486816,0.556418914670235,1.8155117433812824
2011-04-04,227.74504318885727,231.6702264852875,227.68657666753705,230.776611328125,15845550,0.0160871653439569,0,0.0170251470415851,normal,0.0051105595457943,0.0699682769841423,0.0252441046311495,0.0039264364535165,66.82869195004251,1.2651963033652531,0.0242929401843164,0.1,421393900,3078605.0303030354,1.5613048477639624,0.8242001852353938,-1.0432170304302462,-1.5726951816482169,-0.6549788441795948,0.9573132731556153,1.82467204344101
2011-04-05,232.5471681036857,234.1506393516322,228.997786092146,233.5284576416016,17637000,0.0119242859908534,0,0.0171268034980913,normal,0.0102425496323175,0.0670472459802504,0.0337803477645983,0.0058702637119067,63.89345851154872,1.2583431566530598,0.0231279400195776,0.1,439030900,1124375.2121212324,1.2541780372364724,0.7911539398605685,-1.361668349768257,-1.523625410128866,-0.16374223235610846,1.1981758977228052,1.8605803663043015
2011-04-06,233.74135209446789,235.8459170117277,231.766234167396,233.6202392578125,21141460,0.0003930211210136,0,0.0170198921618613,normal,-0.0205703727216584,0.0585393235665816,0.0308303945103685,0.0075545916963848,67.2022357592155,1.1772665003005538,0.022800944082665,0.1,460172360,630241.8181818208,1.5163084010104153,0.6825082517945241,-1.4429735182196946,-1.5637380771570337,0.40118503686279006,1.0811228966529947,1.878619973718745
2011-04-07,233.340502302267,236.7646164917296,231.7537251374072,234.9189453125,15238690,0.0055590477041431,0,0.0165115311266689,normal,0.0172133399387199,0.0611712783801396,0.0329640657106287,0.0093058324299715,71.78356703396409,1.1282580279300127,0.0226241037019972,0.1,475411050,918795.2727272764,1.8488819373259446,0.6073546554273115,-1.4777819149086306,-1.7370897979466728,0.8126129428103966,1.1166128807804163,1.8986561176155046
2011-04-08,234.25920478549,235.92114250326387,230.6430222145424,232.0251922607422,12049980,-0.0123180914502591,0,0.0166467493845309,normal,0.0215845467866617,0.0248632752051882,0.0182770773638081,0.0100735924317374,68.1814353900611,0.8317939030264907,0.0233510340095036,0.1,463361070,847318.8484848598,1.4682974457296143,0.28361792669751296,-1.2715138210944765,-1.636156932710618,0.5210984033024096,0.6000016553624302,1.8598830325106306
2011-04-11,232.1462524111027,233.6745631023589,230.70979583026565,232.52207946777344,11324650,0.0021415226604912,0,0.0164739903248203,normal,0.0075634533742532,0.0127126663988883,0.01847339178436,0.0108231406824204,66.16938558587702,0.6102574220415793,0.0229419667290903,0.1,474685720,2034472.4242424304,1.2517838678726316,0.035487176386021634,-1.3311689526178738,-1.6517590424553157,0.8456318336095023,0.5813451011548555,1.8259359892371303
2011-04-13,231.16077831300524,236.3386841210748,230.4174838569505,235.42837524414065,15569850,0.0124990099134649,0,0.0159743738788842,normal,0.008135700555411,0.0184615805044612,0.0281479095198589,0.0121455297822212,66.9975658919152,0.5996693710501702,0.0231123116854302,0.1,490255570,4771862.8484848505,1.2906321171282238,-0.00019574613897055813,-1.2436127264545238,-1.7918629600773612,1.2513048136682303,0.902109446133748,1.8310779728053455
2011-04-15,235.34485642084675,237.93382208067365,233.4240249078816,234.52224731445312,13672440,-0.0038488475688109,0,0.0147591628388959,normal,0.0038610013392084,-0.0167887936190762,0.0218365376413915,0.0130222110239743,65.09108235512569,0.4771880101565342,0.0237205033086709,0.1,476583130,7920825.515151517,1.0877885102248777,-0.15864088467120202,-1.0562193684370114,-2.1689630564832534,0.8700702674153549,0.6502951046866274,1.8158842294528268
2011-04-18,234.84378765543096,237.5162477825874,229.4027824980656,229.79530334472656,10581700,-0.020155631390435,0,0.0153951492391277,normal,-0.0218102544303429,-0.0049723418152823,0.0011224751627627,0.0125749110631805,53.92858389965048,0.0460716041260598,0.0248872753438634,0.1,466001430,7381913.818181827,0.046279529151230465,-0.6496142978727445,-0.7415561250940492,-1.85731990939105,0.590770177459855,-0.16143921334428812,1.732201112424441
2011-04-19,230.08343339874847,231.2234030527621,226.7511987259627,228.2753295898437,11032690,-0.0066144683235874,0,0.0152488294436557,normal,-0.0161614462393571,0.005074263054811,-0.0049782710567488,0.0117665794879004,48.402978522865176,-0.351335094012537,0.0249131711057257,0.1,454968740,3811389.8787878784,-0.5049447098398896,-1.1015399030797037,-0.7086226953727324,-1.839175446779376,0.28702584452871477,-0.44824610170588636,1.6390852183889544
2011-04-20,229.8370854079873,234.0086745486196,227.45693201645787,233.4365997314453,19305390,0.0226098464116784,0,0.0158022585702058,normal,0.0039330469853235,0.011526247777069,0.0158241373396543,0.0122839440983479,52.51875879846413,-0.2795983438934826,0.0250420844273959,0.1,474274130,1751222.1818181642,-0.15249673189630764,-1.0251912732301947,-0.6508364028081993,-1.5841458903703083,0.8405993278297246,0.367143272136794,1.629503817372309
2011-04-21,235.51190379178905,240.105221064324,234.61410885747225,238.9485321044922,17996100,0.0236121172917529,0,0.016237317002075,normal,0.0149521350461732,0.0232094816949839,0.0358824320272452,0.0140309304929142,50.486698344235926,0.1054435773765023,0.0238914537500097,0.1,492270230,1207487.4545454383,-0.3922053527491144,-0.5931909370808871,-0.911283922368448,-1.3825091100849285,1.3921369499888636,1.1593488395759486,1.6922012942457405
2011-04-25,239.85469416398624,247.20817165563497,239.85469416398624,243.76318359375,12606890,0.0201493244041037,0,0.0165931070686993,normal,0.0394032395012247,0.0434163768009168,0.0510734844603173,0.0166580868169063,65.80525051979191,0.6219354121594822,0.0226462548850485,0.1,504877120,2115506.727272717,1.1446572596362488,-0.00797123204164079,-1.187941302373385,-1.2147821027863213,1.904314942616312,1.7262226469819941,1.7980432844844019
2011-04-26,244.2392164952815,246.33542213513084,240.97378243453247,245.01171875,14745840,0.0051219184859794,0,0.0165861202384351,normal,0.0662172602476849,0.0429627905236595,0.0508069585528065,0.0191647156390324,73.54885206966512,0.9647434207992616,0.0224164214181867,0.1,519622960,4301881.333333354,1.8431162295863657,0.3910900388440605,-1.206744221490284,-1.1760304899704064,2.343189464782872,1.651852498169271,1.8861593193045127
2011-04-27,245.5336946363323,246.7697237709429,242.2933139081556,243.0658416748047,15225750,-0.0079419755313042,0,0.0163004612660776,normal,0.0647924246195854,0.0475838390930214,0.0382627925404233,0.0207866425110296,66.9391757256473,0.9746604384661816,0.0225750222706968,0.1,504397210,4318526.545454538,1.1489131335099256,0.422744697252754,-1.1286861160158885,-1.2303999606584008,1.8377443300584406,1.1237643023886672,1.91465062996627
2011-04-28,244.6149908119189,244.8738848082565,237.6081081425815,238.4975433349609,18966690,-0.0187944892148015,0,0.0168422376010901,normal,0.0216801633048884,0.0256984793911394,0.0169333013893511,0.0210107909227688,56.52264480634392,0.6058297187598618,0.0236402430425788,0.1,485430520,3558193.9393939585,0.11589179177036796,0.021041920946107868,-0.8280600535389037,-1.0114408138703355,1.236024106093119,0.27809276646857223,1.8614186964931991
2011-04-29,238.5142807946465,239.5999638498697,232.58890007663672,234.2257843017578,11658890,-0.0179111238357855,0,0.0173727781536427,normal,-0.0197647073247937,-0.005108096851689,-0.0011592472118658,0.0200980302252755,50.716265147875326,0.0364856079259974,0.0249653310330144,0.1,473771630,3069671.878787872,-0.44508377353816364,-0.6128580535670463,-0.46060957470605457,-0.8052958085636687,0.8970798115988636,-0.4269254366732545,1.746341058025329
2011-05-02,234.6767652612548,235.42839393165264,223.9868729814061,224.8804626464844,20646010,-0.0398987740958256,0,0.0180183817966866,normal,-0.0774633833907219,-0.0411124521378168,-0.0372513855694534,0.0169805927535133,40.024884643936765,-0.9525565246441712,0.0280453662037259,0.1,453125620,743313.151515138,-1.4602518133109395,-1.6929520006644239,0.3744091986833368,-0.5659685839693005,0.28005152547895434,-1.7861704285476112,1.512479983478171
2011-05-03,223.8282044666853,227.80349482737267,215.05078373965955,215.77735900878903,51171950,-0.0404797443520275,0,0.0188404479439659,normal,-0.1,-0.0610018748508038,-0.0694681444180066,0.0120004580828849,35.62824870591642,-2.1351811664143767,0.031702836206696,0.1,401953670,-4795356.060606072,-1.843451619458675,-2.7896548173621096,1.3482242146342014,-0.2756380006859283,-1.2227601153006165,-2.810597902454361,1.1768000176558824
2011-05-04,216.462183611303,220.80496684575232,214.0068445075765,218.4581756591797,22676620,0.0124239941702199,0,0.018875712384864,normal,-0.1,-0.0430057595286493,-0.052682792746168,0.0082619178892169,38.02275034449353,-2.6202556635384497,0.0325671736681414,0.1,424630290,-9056294.909090905,-1.5519939928951358,-2.9956101129854193,1.5436769689532375,-0.24771299871768382,-0.5351820145996475,-2.086992483484944,0.916945244148137
2011-05-05,218.3913762860678,220.72144820184369,216.0529702145932,217.33908081054688,17188540,-0.0051226961190902,0,0.0184095774498427,normal,-0.088715641379575,-0.0689588476674937,-0.052342845849822,0.0046971709931464,34.11093050036567,-2.8792202190045417,0.0323231567791884,0.1,407441750,-12600025.69696968,-1.8270349490770639,-2.95303200670386,1.4431392477381033,-0.39211819829853456,-1.0266194291975026,-1.972580539140926,0.6642493004310712
2011-05-06,217.3891811073149,222.4418456785484,217.3891811073149,221.3060302734375,14598950,0.0182523522603308,0,0.0187281738880628,normal,-0.0551594012880987,-0.0738338991902223,-0.0318143582530454,0.0025434352087505,38.98364497273826,-2.6517463022806886,0.0319351443334998,0.1,422040700,-13337620.666666672,-1.3336144998036135,-2.5478332604608624,1.314216539408157,-0.2708908969709339,-0.5854650038501952,-1.2455868644539272,0.4979034878518349
2011-05-09,221.89896367418183,222.55871262991909,217.30564698567136,219.0803375244141,10878290,-0.0100570813469177,0,0.0187884158948728,normal,-0.0257920365949628,-0.1,-0.0377435581721479,0.0001101269217911,40.67992771335078,-2.5204628262718902,0.031326981856013,0.1,411162410,-12976850.545454556,-1.1431413445907026,-2.283562762488331,1.144275516498804,-0.24065511161435893,-0.8973634123370285,-1.3962393365894323,0.308347739719155
2011-05-10,218.8590473321592,220.39571774869376,217.8944516866517,219.3935546875,9979430,0.0014296908915936,0,0.0187114932649399,normal,0.0167589208400853,-0.1,-0.033018589426552,-0.0019345805661544,42.10880937752335,-2.288579807880235,0.0306405740295615,0.1,421141840,-9952755.999999976,-0.9856241437179839,-1.980249490517517,0.9665375589626002,-0.25773170285735814,-0.6228317114890293,-1.2256480144850144,0.1388736434932126
2011-05-11,220.2620702373508,224.5463863731475,218.1408112725539,223.40223693847656,22769520,0.0182716500340516,0,0.019175296437271,normal,0.0226316147902387,-0.0808982644407759,-0.0139086489931893,-0.0027188483912267,40.89836079368831,-1.7647465513094138,0.0300440318555678,0.1,443911360,-5508027.090909099,-1.0768524044479562,-1.5008623631121618,0.8314773444347502,-0.08920687809625322,0.013085932297123664,-0.6418488816736883,0.05020936492339849
2011-05-12,222.06598574686424,223.8031089361423,219.72340027165512,220.6002960205078,14504050,-0.0125421345657357,0,0.0193005341871357,normal,0.0150051946377913,-0.0750416422081006,-0.0238334743687913,-0.0040849217819194,32.49679767103348,-1.516000591789349,0.0295873655088903,0.1,429407310,-2385712.363636352,-1.7446718465085727,-1.263285554770876,0.7303732622388843,-0.03646824037079777,-0.4551221709006494,-0.9541921621047671,-0.08701177487650584
2011-05-13,220.846677854408,223.81980456264665,218.3996987944701,221.28512573242188,18406430,0.0031043916271553,0,0.0190299901322977,normal,-9.445987978640158e-05,-0.0552486508174703,-0.0188591909810994,-0.0050903574322717,26.723135382075554,-1.2267408670941895,0.0285792265845057,0.1,447813740,1642399.3333333377,-2.1197143914875753,-1.0041025201566152,0.4812789697586523,-0.1131916120064078,0.10611146672928945,-0.7656401326102618,-0.2003999213513317
2011-05-16,220.47922173236915,221.9156782873667,217.9821356722844,218.4999237060547,13822430,-0.0125864854998661,0,0.0191523505519051,normal,-0.0026493195369242,-0.0283730247854391,-0.0283202600023986,-0.0066396101970271,23.392837180384404,-1.1459047003468497,0.0284766727048316,0.1,433991310,3854800.727272764,-2.247232438889362,-0.9101776331348348,0.4678174262555621,-0.054112578832537395,-0.316148848646714,-1.0399663876023715,-0.3566157124686271
2011-05-18,198.76536545342748,200.2644556510689,194.46017546906228,196.74012756347656,58824570,-0.0995872024735867,0,0.0286834924763107,normal,-0.1,-0.0882262695806609,-0.1145385721435099,-0.0134092192315715,16.736619057844948,-2.40824446710242,0.038728917278926,0.1,375166740,-320943.0909090966,-2.5633924134023713,-1.816305429750833,2.904303992778403,2.99486853434666,-2.0395223126307815,-3.0,-0.9300758768049555
2011-05-19,197.4625606126021,198.65681713646177,193.14066354261985,193.9465789794922,34026530,-0.0141991805056803,0,0.0287236735284432,normal,-0.1,-0.1,-0.1164148517269668,-0.0200179391211361,17.174333917212138,-3.230416463989456,0.0386423884799958,0.1,341140210,-4516214.727272739,-2.366404861574684,-2.3218172565683513,2.6681615600302733,2.772273024966151,-2.8249386825256355,-3.0,-1.4655564673503776
2011-05-20,195.61332504264547,199.59836001857155,195.47794939914485,196.3282623291016,26997180,0.0122800998199676,0,0.0282386176523049,normal,-0.1,-0.0966729885995988,-0.096480582757487,-0.0251502807312233,21.27664741793619,-3.395966231254055,0.0376790755323009,0.1,368137390,-7372814.606060591,-1.967855174828108,-2.320373997323327,2.301857381199267,2.458525854188492,-1.9491888878982082,-2.4244460539404615,-1.8357907246753127
2011-05-23,195.7825243758365,195.7825243758365,189.37348347789447,190.3464813232422,24033650,-0.030468262362717,0,0.0276120021931782,normal,-0.1,-0.1,-0.1135397956427159,-0.0311147625149976,22.419740436742288,-3.667276176133696,0.0371794939298237,0.1,344103740,-10090661.030303,-1.8057326158340776,-2.3872950115154916,2.076423112183086,2.1571249848036236,-2.4426138776257056,-2.6607538428884623,-2.2033161902847582
2011-05-24,190.36764849782887,191.8821232209756,187.4909869734702,188.0070953369141,24855500,-0.0122901456862519,0,0.0266255554747408,normal,-0.1,-0.1,-0.1139338331970442,-0.0368680890655184,25.135243252046266,-3.749844430731649,0.0344653508399766,0.1,319248240,-13944790.909090905,-1.5573137573446048,-2.3115846231670427,1.4572959768007319,1.8031681953597076,-2.829951530797976,-2.4807954093785227,-2.480023421881283
2011-05-25,187.66020050385487,188.6585668658181,183.17598219150528,184.2716522216797,34547150,-0.0198686284075629,0,0.0263374209755592,normal,-0.0633753545665157,-0.1,-0.1205210802236741,-0.0427941965651191,19.957664868599124,-3.7903311366012247,0.0346540742876682,0.1,284701090,-17903904.303030286,-1.8170876761095256,-2.2022032586783733,1.4576379319686337,1.6704118772621817,-3.0,-2.460594213085438,-2.6989998467802727
2011-05-26,184.84275012506149,187.21177224047145,183.3748035763632,185.1473388671875,40873720,0.0047521506154095,0,0.0266372570836329,normal,-0.0453694009897185,-0.1,-0.1064408873635958,-0.0476428304656836,21.58909047619818,-3.499409102703953,0.0341693812118898,0.1,325574810,-16461746.78787876,-1.6508137692944373,-1.9099233221417302,1.3484825248701235,1.7008713806475257,-2.251821808933646,-2.0603077857093743,-2.7980869696772714
2011-05-27,186.45031002849603,189.71195185583244,186.22187813477728,189.0689239501953,26039190,0.0211808881888435,0,0.0276722734856322,normal,-0.0369755138296776,-0.1,-0.0798452840263493,-0.0507041319156484,21.52625426124149,-2.8136591212079924,0.0332573457911158,0.1,351614000,-13131824.060606066,-1.5942663603243759,-1.4191327879085567,1.1647769676376516,1.9018697890898353,-1.6308341806742805,-1.4402369341982415,-2.767585394907049
2011-05-30,189.68233838180595,190.70608612310505,187.4063851823672,189.2931365966797,13539840,0.001185877836505,0,0.027756620753064,normal,-0.0055338282023387,-0.1,-0.0717921724164742,-0.0531656076157621,22.725837477268428,-2.1459315513045354,0.0324808635033361,0.1,365153840,-6893320.060606063,-1.4649742046941079,-0.9716547609772295,1.0131550015706374,1.8643237510940147,-1.300738529715219,-1.229996529874117,-2.7004108830366866
2011-05-31,190.5368596499553,194.9533900826369,190.206889579014,194.42459106445312,20564070,0.027108507788673,0,0.0280272872335432,normal,0.0341343273031196,-0.1,-0.0423770998866335,-0.0537592755951106,28.991277938175276,-1.206443741511185,0.0327841578879966,0.1,385717910,547303.3333333286,-1.0502539473134898,-0.36929450996796037,1.0743530866626465,1.8739090659277884,-0.8474384936968019,-0.5909710654505809,-2.54597792596876
2011-06-01,195.3426241738316,197.72855902553096,194.68268392271472,197.0686187744141,25424640,0.0135992453191502,0,0.0272098850888543,normal,0.0694462029207811,0.0016696706208627,-0.0266329737344394,-0.0533778261186513,27.322290488081972,-0.3018634169207228,0.0312201057779816,0.1,411142550,6038219.393939386,-1.1124301432569548,0.20294359716413446,0.7599079988994174,1.6417897247692426,-0.31367081785736706,-0.2479206604358296,-2.3685554135679663
2011-06-02,195.2748865117469,198.81148783146207,194.0903690711205,197.4916076660156,19906680,0.0021464041014349,0,0.0269763135906794,normal,0.0666726774165684,0.0182783769900796,-0.0222582648705923,-0.0527446472237804,29.2492692135787,0.3923644760035838,0.0313852229153294,0.1,431049230,9910448.606060604,-0.9647144079306693,0.6372562369933775,0.7847681496561614,1.5482165042991762,0.10532297512368338,-0.14317561347540866,-2.203889872356608
2011-06-03,197.5339656324201,199.33611712562472,194.6826849703249,195.6556701660156,15729010,-0.0092962811012445,0,0.0269961309115808,normal,0.0348378045328876,-0.0034258550200915,-0.0284470669949978,-0.0525095285728062,27.451853761085104,0.7733012836030113,0.0313998348444082,0.1,415320220,13634737.515151516,-1.0450488315292177,0.8627995534863157,0.7806088021391167,1.524581917932317,-0.21200322143584785,-0.2686598613890447,-2.0782111778713377
2011-06-06,194.85186172900927,196.4509494183695,192.26286384243863,196.049057006836,13405530,0.0020106079240462,0,0.0265034669003272,normal,0.0356902555032987,0.0299589235585071,-0.0240310850938146,-0.0520149462174645,29.380521548051576,1.078411732730041,0.0314295690258315,0.1,428725750,15916080.72727273,-0.9108739426935576,1.0313924076138008,0.7721599617102707,1.3914285209705999,0.07393588623304367,-0.16919596605082274,-1.9561613513952278
2011-06-07,195.73177404050685,197.703138262558,195.02952741899347,196.29864501953125,12526900,0.0012730895853609,0,0.026526317921261,normal,0.0096389759382693,0.0441023232009327,-0.0206630933768618,-0.0513336095658301,49.32967958160404,1.3083664717030583,0.0236149602470519,0.1,441252650,16197954.727272732,0.25415788762580865,1.1443287138188183,-0.7792026947900229,1.3761382020132775,0.3323799311349199,-0.09460707717396931,-1.8397635598614384
2011-06-08,195.78253433748648,196.5440126347815,193.4219813091748,194.16653442382807,14453350,-0.0108615655268076,0,0.0265088476127685,normal,-0.0147262632104204,0.0536972566471851,-0.0284039228682024,-0.051146546478183,50.34081253111989,1.3241839872103751,0.0229935399449202,0.1,426799300,11909479.515151516,0.3001428912192512,1.1221913111569672,-0.8784445302879684,1.3501403862474244,0.031253415894988326,-0.2559978736619062,-1.755265383201993
2011-06-09,194.1665325944111,195.38910914352044,190.8456723619815,191.5140686035156,19949120,-0.0136607774773517,0,0.0259421400863974,normal,-0.030267306713148,0.0343873683266664,-0.0378577382177718,-0.0515395112227752,42.60266489101043,1.1687293213250545,0.0228986233243929,0.1,406850180,7535382.60606062,-0.16271548767020724,0.9991646603535969,-0.873962172883154,1.2006715859438593,-0.38160894646580845,-0.451979052548992,-1.7016708033691301
2011-06-10,192.04287499876773,192.47860486603503,188.27782863449693,189.7669219970703,14751640,-0.0091228107636434,0,0.0259172794167202,normal,-0.0300975083622602,0.003691765057376,-0.0423819715111865,-0.0521923365080403,48.97623966051113,0.9691853474040686,0.0220728354623626,0.1,392098540,3107440.7878788025,0.20166888277516876,0.8564872816536648,-1.0100788850199898,1.165077073187225,-0.6747372084393696,-0.5359739459950651,-1.6618956056260505
2011-06-13,189.43275223285485,189.69079998238743,186.98335132353048,187.8251953125,17059570,-0.0102321661970166,0,0.025810499584871,normal,-0.041947978836997,-0.0077548574162378,-0.0474466986269609,-0.0531280634830089,49.67410494362101,0.7378408587377336,0.0216896776081409,0.1,375038970,-1839088.7272727224,0.23152087847197064,0.6994623254325169,-1.0542383664323476,1.1072394251300832,-1.0082774382823019,-0.632998664965293,-1.6356791735902758
2011-06-14,188.7600909622024,190.0715021176792,187.8928528802064,188.6966247558593,15920730,0.0046395769316753,0,0.0259306243740824,normal,-0.0387268096675632,-0.0294611205158454,-0.039089603255738,-0.0535240659566419,58.83448579664356,0.6765392473537251,0.0203644619136558,0.1,390959700,-4666096.54545454,0.7646252744842246,0.6492592411358287,-1.2730121237834828,1.1021474497861945,-0.6676294030912349,-0.44253894152600165,-1.5899202513358224
2011-06-15,188.9716213414316,189.1619812409305,184.0855106921762,184.6566162109375,20552870,-0.021410073180423,0,0.0146908803116229,normal,-0.048978152909359,-0.0629831509484759,-0.0542890767189774,-0.0548251196021748,49.13017325131285,0.4100522807452718,0.0212894677572162,0.1,370406830,-6982730.848484859,0.2009721210674162,0.4829868077241476,-1.0743330992144198,-1.2618168076590908,-1.0662966922682386,-0.7410585639223352,-1.5791659337614572
2011-06-16,183.73440245826083,188.26514902104327,182.8671642860261,186.598373413086,23779200,0.0105155030022341,0,0.0147440838023011,normal,-0.025667540908477,-0.0551579602883759,-0.0402913312645948,-0.0552327310643008,45.29028549753514,0.4097365191111262,0.0213869368596105,0.1,394186030,-6181439.575757572,-0.02122919909737437,0.47451275198379866,-1.0379376891403753,-1.2149290495898986,-0.5853205797283203,-0.43879796936139215,-1.5366737209186092
2011-06-17,187.82941692685185,187.9394112571956,185.18965627966287,187.24562072753903,12198680,0.0034686653619437,0,0.014428667716699,normal,-0.0132863053423515,-0.0429839290184668,-0.0335603323959712,-0.0552183146690674,46.15869068107615,0.4927217956785332,0.0211032213219387,0.1,406384710,-5316539.757575746,0.029465220845936665,0.5139422962699538,-1.075708672063086,-1.2429767817980972,-0.34800359924876484,-0.2918602033864977,-1.4822885138407367
2011-06-20,187.8294249105151,187.9817128419569,179.37287452833158,184.4620361328125,15482450,-0.0148659529868361,0,0.0131924581815559,normal,-0.0179057935975626,-0.0591026605836694,-0.0435617047043905,-0.0558095899663033,29.503788421018072,0.4034976338224618,0.0225634448421497,0.1,390902260,-4294126.000000007,-0.9399210757369918,0.4550989596148796,-0.8040903440604499,-1.4449145612439893,-0.6612016329164041,-0.4850804413089137,-1.4515828316366048
2011-06-21,185.12196016706832,186.9748739653733,181.1623064634066,181.7799530029297,16470300,-0.0145400277808476,0,0.0132985976890979,normal,-0.0366549839557468,-0.0739622630362883,-0.0522813132707308,-0.0569064503220138,18.59542313956088,0.2165711438478812,0.0238820870372622,0.1,374431960,-2876499.0303030075,-1.5240036418520795,0.34393791302191185,-0.566590628416352,-1.3775091848923788,-0.9776408515854768,-0.6455836790816536,-1.438600385887456
2011-06-22,182.90519581332,183.142109608314,179.64356766874636,181.10305786132807,14625190,-0.0037237062196331,0,0.0126030485715529,normal,-0.0192441431156201,-0.0672797534408528,-0.0507648979951167,-0.0578721314582576,16.683665429603153,0.105678526385823,0.0234891547040201,0.1,359806770,-2410218.6060606022,-1.5732115320049613,0.2811245805611119,-0.6503081340357031,-1.4721989090616736,-1.2373406576699044,-0.5935068595453538,-1.420704946669369
2011-06-23,180.7646666489557,183.5905786551596,180.72237305199505,182.8671722412109,9463560,0.0097409419847214,0,0.0127668508291712,normal,-0.0199958933383361,-0.0451501888365498,-0.03771343962895,-0.0580146468949085,23.926081478370307,0.2037943037220264,0.0225652396250622,0.1,369270330,-1945654.666666663,-1.125468375723695,0.3456584571949911,-0.8378049922419555,-1.4091475207611623,-1.0193401841765704,-0.30142597975165125,-1.3756584459174512
2011-06-24,184.187041838527,194.437273300422,183.9035998966025,193.42198181152344,27608460,0.0577184490849467,0,0.0177000123695059,normal,0.0329853433153004,0.0192607846298396,0.0161029781060439,-0.054887450694106,46.21294840469936,0.9883062445205776,0.0240599767297881,0.1,396878790,-503104.0606060485,0.14222654548890198,0.8135185286827663,-0.5692635346445857,-0.4662988101258583,-0.458130532913344,0.844671174844391,-1.2273576775342305
2011-06-27,192.4828612511656,197.11936787657604,191.38295660484647,196.79786682128903,22791310,0.0174534713073881,0,0.0180652425661624,normal,0.0668746314802399,0.047771394534479,0.0305165398258935,-0.050989195812394,50.66014958036703,1.7015178465702814,0.0247589057710371,0.1,419670100,987361.8181818334,0.412402423343194,1.2324522305611971,-0.4530011838283266,-0.4046485506371132,0.006065530806444549,1.1599531506577052,-1.061828998549095
2011-06-28,197.2293305603423,198.76073035384155,196.2774923882372,198.07540893554688,17301420,0.0064916461488779,0,0.0171268255856646,normal,0.0896438560106491,0.0497029779511006,0.0335439709135776,-0.0470404400609526,55.288452407396655,2.1948626020698594,0.024368859160084,0.1,436971520,3941940.121212137,0.7154518227045931,1.5227663157244458,-0.5432117790171817,-0.590736531612164,0.3706740878931555,1.260955337836919,-0.900871688203025
2011-06-29,198.9976326920384,201.9081443892189,198.4138365433429,201.32858276367188,18677540,0.0164239157480854,0,0.0172468341733726,normal,0.1,0.0902863211448086,0.0454886346134584,-0.0424968282202404,63.06601792015974,2.6456147950815634,0.0237229473197596,0.1,455649060,5987382.969696963,1.1830525164729406,1.7621003543017115,-0.6669652247173627,-0.5651127102253064,0.7378429723104304,1.5033240280769375,-0.7253598403690864
2011-06-30,202.0435402834481,205.8508933808367,202.0435402834481,203.45225524902344,27865900,0.0105482910384584,0,0.0173727491601619,normal,0.1,0.0903216974921148,0.050860446314378,-0.0377814212195902,68.03838074880598,2.96792959204501,0.0235882079499238,0.1,483514960,10104824.848484837,1.454476790946034,1.8928262783452028,-0.6853258808135487,-0.5374277397396344,1.2544256021120677,1.5784198608366777,-0.5478065621046967
2011-07-01,204.62406401520323,205.55474249916875,201.70508323832192,204.7763519287109,18739400,0.0065081445180679,0,0.0172083298218314,normal,0.058702583909266,0.0936242521083088,0.0519190923745369,-0.033166382651106,72.71280495559101,3.1350544713011463,0.02380755025463,0.1,502254360,14974886.242424237,1.7069332470570178,1.9208858653740655,-0.6403457886471903,-0.5700722404714914,1.564810124238449,1.5717739104408464,-0.37535654237433924
2011-07-04,206.90002121048727,207.20460997290863,204.9202007098156,206.11317443847656,9574540,0.0065282074671935,0,0.0172323230782683,normal,0.0473343932413998,0.1,0.0528914264051378,-0.0286550231502924,73.04892730833382,3.189815063784659,0.0237161929114552,0.1,511828900,18172975.575757585,1.6954947849769844,1.8857637763657409,-0.6609833620658729,-0.5658763317166586,1.6857405878009286,1.5707385752067222,-0.20658035803473293
2011-07-05,206.3585337333348,209.69208497179616,203.86260482808257,209.2605895996093,15940790,0.0152703250032772,0,0.0174564673963526,normal,0.0564693049186233,0.1,0.0619936978125164,-0.0237424861516873,83.34856905546235,3.27955481680353,0.0236165166870222,0.1,527769690,19676765.09090909,2.207925283099639,1.867169251446703,-0.684498134595177,-0.5242663279801794,1.9114359004674448,1.722010000878895,-0.023606715157088367
2011-07-06,208.981390314632,209.5948023935765,206.15125668828912,206.7688903808593,10108580,-0.0119071595063242,0,0.017502756155672,normal,0.0270220330491943,0.1,0.0444396652221497,-0.020093179163281,76.93781191349044,3.019164649307906,0.0232259476245755,0.1,517661110,17795525.696969688,1.8309369444231653,1.6781736688803444,-0.7640984302830575,-0.5195306836160707,1.683265470142669,1.3528264574955053,0.11840812133013053
2011-07-07,206.9507762434408,210.4535402089189,205.6012801988902,210.06857299804688,13821540,0.0159583127380029,0,0.0172439830182474,normal,0.0325202477648878,0.1,0.0549675343259714,-0.0159257793829521,78.46359662560631,2.915681085727609,0.0235760270019831,0.1,531482650,15385706.545454543,1.8766002514938631,1.5757053709962843,-0.696626836656232,-0.5724733339867099,1.8625179373631153,1.5315840883958918,0.27957698102991996
2011-07-08,209.9332205190371,212.7887353573313,207.95762160971432,209.69631958007807,14722650,-0.0017720566796646,0,0.0170089511650743,normal,0.0240260538144558,0.0841390291637733,0.0477993932326796,-0.0123563287167277,83.48485425239893,2.6749885146691863,0.02233107805443,0.1,516760000,12047187.818181831,2.07930047781247,1.4127305956997762,-0.9369739251341003,-0.6206850594180038,1.5669688611747736,1.3635080060232707,0.42173760131113514
2011-07-11,208.9644577892484,208.9644577892484,204.83560361708223,206.028564453125,12102030,-0.0174907939934179,0,0.0174265516107178,normal,-0.0004105025580343,0.046904459793857,0.0265910018489252,-0.0102343220170858,81.35665190609473,2.144505438110188,0.0223986198072965,0.1,504657970,8114873.454545457,1.9151816176669916,1.1230721728131736,-0.9195777009188811,-0.5458238981619342,1.3459212734196215,0.9442286103847074,0.5156070042533253
2011-07-12,203.39723821552488,205.1740079848068,201.734697290492,203.07150268554688,13952420,-0.0143526785978791,0,0.0179442550977744,normal,-0.0295759795282253,0.0252231903841517,0.0107153645097095,-0.0091749947474575,76.8261288884848,1.500663114537168,0.0230045297708126,0.1,490705550,3544789.9999999865,1.6464949092004912,0.7915488302018228,-0.7975585710446319,-0.45869564102719373,1.096689255096232,0.6349146278092348,0.5738197064416898
2011-07-13,204.3025564239847,206.57427490843315,204.07411163651503,205.69012451171875,8140370,0.0128950728760144,0,0.0170206176862267,normal,-0.0052172542356516,0.0216637979971607,0.021438351468171,-0.0074927252702502,77.29986124886247,1.171927475918579,0.0229320227573082,0.1,498845920,12574.484848473348,1.6163367955061236,0.6179724998364371,-0.802144162313061,-0.6489007771745453,1.2161715100941017,0.8376906257843528,0.6545708037807582
2011-07-14,205.00481383499817,210.6100836432976,204.162956986786,208.73602294921875,15270140,0.0148081899640566,0,0.0171134296661619,normal,-0.0063434050596445,0.0259705536010306,0.0329669182168037,-0.0051600101795397,72.32915638225398,1.0825242035495646,0.0208443363619361,0.1,514116060,-1352595.939393924,1.326708731504889,0.5607754566399588,-1.1816205502812385,-0.6399644873196528,1.4359937055658378,1.044316692192601,0.7583714811775332
2011-07-15,208.5583128461689,211.4349740662016,208.5583128461689,209.3959350585937,13043910,0.0031614672927609,0,0.0171157303347508,normal,-0.0014324739799244,0.0225591631376018,0.0326691523928239,-0.0029347382064145,69.94905136374462,0.9930811239829472,0.0198031352003586,0.1,527159970,-1127909.4545454406,1.1815271146567752,0.5053969713498098,-1.3450359844453497,-0.6460763660247939,1.6109228252216026,1.0279626948708862,0.8590722555409607
2011-07-18,209.2690482629564,210.15319872583973,207.58536034929065,209.552490234375,6776210,0.0007476514562592,0,0.0164701658190409,normal,0.017104064140833,0.0166865403207161,0.0301602931543323,-0.0009505568122851,68.84292295004595,0.8739153517350022,0.0198171775206405,0.1,533936180,-197195.030303039,1.1013438135620988,0.4400388253676572,-1.3133085787504417,-0.7762258877836921,1.6843504559597873,0.9827592395241654,0.9534295046749387
2011-07-19,208.96445546772367,212.95794685145225,208.6429544302266,212.58990478515625,11027960,0.0144947671458546,0,0.0157810439160142,normal,0.0468721705100516,0.0159099006263776,0.040623272389797,0.0016077134957586,68.62061204985129,0.924224723470247,0.0196960708428384,0.1,544964140,2129796.787878793,1.0857640925325938,0.46172630430104766,-1.3138565948098655,-0.9091150343217388,1.821741301379491,1.19626850936376,1.0733331123694636
2011-07-20,213.5501753155516,213.94783318206024,208.181807027816,209.0998077392578,9809450,-0.016417040354882,0,0.0165144985493601,normal,0.0165767959722578,0.0112730563776062,0.0212498395740066,0.0028626880422337,58.93450632554492,0.6594434960373525,0.0204496727922864,0.1,535154690,3039404.787878772,0.6375820239759744,0.33520505027500264,-1.161171995910917,-0.7625460138563558,1.6506417237645903,0.8343288986408545,1.1492804970614876
2011-07-21,209.23519347662528,209.78091766617723,206.78155834035468,207.7122497558593,7842670,-0.0066358644630069,0,0.0167928709862436,normal,-0.004904631116827,-0.0112169241146293,0.0130765620872699,0.0035611304267886,54.63532363933857,0.3437259807723061,0.0202938774410647,0.1,527312020,4230623.393939381,0.4409670715658268,0.18628040746121008,-1.1747148178489848,-0.7096005576143067,1.5079988384365848,0.6856432979493924,1.2084874502689815
2011-07-22,208.98138701319704,212.1118748439187,208.13954304695736,211.38424682617188,12400210,0.0176782884718094,0,0.0120987269787926,normal,0.0094954649765375,0.0080493889901067,0.0279524829347972,0.0051565632703256,57.75068308861503,0.3347385833885377,0.0206074905612044,0.1,539712230,5167260.181818183,0.5928920210889244,0.18419437440515707,-1.099552513322445,-1.6008217509307787,1.658413624548129,0.9767845719107765,1.30415068970176
2011-07-25,210.8850645563908,213.63481966093752,209.17176077068808,212.5941467285156,13838330,0.0057236994738716,0,0.0117170373740265,normal,0.0145150100136659,0.0318673398167774,0.0305153457757265,0.0068491836449147,55.19789636374716,0.3605865894706723,0.0200311128913214,0.1,553550560,5773704.121212138,0.46308173940853276,0.19415594437018452,-1.1758867019833776,-1.6235616744059298,1.805050447456717,1.0097987719812762,1.4019894151594041
2011-07-26,213.04257348450952,214.03248380167915,205.5167014495864,206.9550323486328,25320140,-0.0265252570057066,0,0.0135241522035599,normal,-0.0265058326368697,0.0191239519663155,0.0028768697874312,0.0067573333487316,50.264302424892,-0.030996184341415,0.0223275555000658,0.1,528230420,3476250.727272739,0.21249564273240956,-0.005263423519143874,-0.7438166396650998,-1.247140046361879,1.383063273499284,0.44846013994584394,1.4214675322927364
2011-07-27,206.77310975903268,206.8492537203201,201.4089755394634,203.4776306152344,18543260,-0.0168026923237142,0,0.0137347057645555,normal,-0.0268875289021505,-0.0107564420107018,-0.0126601381821623,0.0057058195442327,40.6885342025162,-0.5256629704322537,0.0229526797166109,0.1,509687160,255191.2121212324,-0.2624389248644563,-0.26355428286946897,-0.6087519498094061,-1.1773419169048667,1.0734032559037594,0.12305637394426054,1.3916858957908809
2011-07-28,200.98592849576988,202.6357788101097,198.4096212914292,199.3868408203125,19799270,-0.020104371092552,0,0.0142684928411897,normal,-0.0400814537675668,-0.0447895001390379,-0.0295051496174314,0.0036542500166125,36.819920112925054,-1.0969564688851077,0.0235084621347474,0.1,489887890,-3159228.1212121267,-0.4515978443549731,-0.565800442948036,-0.4862478574612542,-1.0531018277603177,0.7630472227992076,-0.22178638764995098,1.3156461437448788
2011-07-29,199.50530327381952,201.02824708250097,197.5339389145448,198.3884735107422,11077080,-0.0050071875629447,0,0.0141854204209367,normal,-0.0614793841573092,-0.0525676945198165,-0.0311938722727439,0.0015806347238043,39.51708772004758,-1.4864785926972193,0.0231347989103518,0.1,478810810,-6014583.030303037,-0.32404780442289977,-0.7830692993374416,-0.5305241172441391,-1.0461794185327475,0.58305308862951,-0.26358103289889745,1.2347976889266044
2011-08-01,200.1060211335964,201.62050887635053,196.85284827241105,198.4138641357422,11195130,0.000127984376061,0,0.01406677223677,normal,-0.066701190089122,-0.0531543485175229,-0.0281942718845358,-0.0002249723564535,43.05017151272265,-1.6729287219007192,0.0233024030332089,0.1,490005940,-7221496.727272723,-0.1534075549597075,-0.8946267599495898,-0.47754263554859855,-1.0441677198857593,0.7269657460871055,-0.2045448716557622,1.1639393580311415
2011-08-02,197.67780825695243,197.8554904476088,191.93716172191995,192.6605682373047,13644640,-0.028996440966955,0,0.0147062813771637,normal,-0.0690703866879057,-0.093745451215062,-0.0512796189150823,-0.0033811035152769,32.22128344967132,-2.0872925660792374,0.0251008468353406,0.1,476361300,-7904978.42424241,-0.6782857742418601,-1.1159777361400116,-0.12875368931506032,-0.9088266858783808,0.5124378914865133,-0.6626786533522703,1.0368077148098085
2011-08-03,190.3676422729603,193.557361493882,190.23650115220505,192.7958831787109,12104420,0.0007023489167723,0,0.0146204311772524,normal,-0.0524959299173387,-0.0779719729865915,-0.0460147788485749,-0.0060872508512015,26.37315315779881,-2.2422319250619203,0.0239249853353181,0.1,488465720,-7750632.787878781,-0.9458001008163465,-1.1967904659067439,-0.32811289585990433,-0.9058170301829385,0.6698447850713426,-0.551671065809729,0.928649485079421
2011-08-04,193.6589157543877,195.44414198328107,190.5580435977526,191.0233764648437,11950660,-0.0091936958644713,0,0.0139341705138194,normal,-0.0419459194050121,-0.0803461197432089,-0.049827753211646,-0.0089202411868674,23.6372680903538,-2.3430890862944733,0.0248983658015413,0.1,476515060,-8205059.090909094,-1.0554883755675497,-1.236972579312412,-0.1311658166541936,-1.0047847146373952,0.487931163336241,-0.6140778073092258,0.8168797617040023
2011-08-05,186.5603012171049,189.8600020609734,184.48741156338588,189.0858459472656,20169060,-0.0101428974476046,0,0.0139689157057951,normal,-0.0468909680025986,-0.1,-0.0541083302658245,-0.0119037734803228,22.060469111793807,-2.409952534314451,0.0266524841536514,0.1,456346000,-8317214.545454525,-1.1149956329190984,-1.253542672590859,0.20817242392984978,-0.9746773252658459,0.18999855455015174,-0.6866987502838952,0.6993490907168567
2011-08-08,185.19811363351664,191.6579180293823,184.4451043203572,187.5755920410156,15078220,-0.0079871335619229,0,0.0136827437076551,normal,-0.0546245704247346,-0.1,-0.0561201754121639,-0.0148929002424549,14.366586357672716,-2.4192437245807765,0.0279705621106868,0.1,441267780,-7318763.272727264,-1.4571039319701293,-1.2361476243366907,0.4590435611965986,-1.0008380374034926,-0.0263107696625014,-0.7112311997964634,0.5822588756238207
2011-08-09,183.17597908044883,193.6673463902877,182.5414202614635,188.0155487060547,29536660,0.0023454899448904,0,0.0135647080421543,normal,-0.0241098610564078,-0.0915149703181559,-0.0490240663915526,-0.0173300616105317,17.106601256529856,-2.261990851077163,0.0299413787027662,0.1,470804440,-5036227.393939402,-1.3143990763850137,-1.13816689555732,0.8237090425331925,-0.9965802278304472,0.39119210964129725,-0.5625185100334602,0.4882247281073668
2011-08-10,192.48283465950232,193.4896700141116,190.71029939103613,192.24169921875,14737300,0.0224776649685634,0,0.0143313930897009,normal,-0.0028744595103579,-0.0552194920026908,-0.0250812152201638,-0.0182043031736269,27.828244879107984,-1.7618132595527791,0.0302026744583976,0.1,485541740,-2489983.63636363,-0.8255148101524842,-0.8988834247267831,0.9439566232010559,-0.8361383692565949,0.5805935091942919,-0.12288609063701937,0.45490667623055
2011-08-11,191.63676354442995,193.18508861367368,189.6061804854955,190.058822631836,13660260,-0.0113548548300653,0,0.0137770346104228,normal,-0.0050494020724485,-0.0467835196650862,-0.0328213008189477,-0.0195199264201108,18.074612566456796,-1.4779108422252634,0.0302411155622871,0.1,471881480,-1716124.5454545456,-1.2917665179574624,-0.7851499695463893,1.0326535709317262,-0.9069759418684361,0.35744859197507445,-0.3195455388618707,0.39773171233529164
2011-08-12,192.7282098649071,192.7366789121301,181.90687186554987,185.8834381103516,22806370,-0.0219689065925267,0,0.0141735898769029,normal,-0.0169362641654686,-0.0630330743470006,-0.0491729288054666,-0.0217863665457335,13.273480355811373,-1.468236891743112,0.0333669239569998,0.1,449075110,-2706461.757575761,-1.5013598268815713,-0.8142805814394692,1.7564494180256929,-0.8091502321023581,8.228756976699925e-05,-0.6944572802675342,0.29737909943756
2011-08-16,184.4450871138994,190.15611618738023,183.20558538379032,185.8791961669922,27203690,-2.282044813961548e-05,0,0.014155772734673,normal,-0.0090437985857587,-0.0631743553977386,-0.0447189418255553,-0.023692912511717,15.707443221711657,-1.361412172404739,0.0327661997030919,0.1,421871420,-4073861.878787872,-1.3720749030195922,-0.8012967080940524,1.7018010246306887,-0.7860099860638933,-0.4353623512799255,-0.6456245692219694,0.20978828092795254
2011-08-17,186.56032162807293,188.9631816290681,183.01948493626364,183.6201934814453,18874550,-0.0121530689400948,0,0.0133692956632418,normal,-0.0233776156007241,-0.0469238455931684,-0.0512387924689595,-0.0259246696072088,16.355943552269153,-1.3400857908855288,0.0333239911965742,0.1,402996870,-6554552.606060625,-1.324337045574994,-0.8386016901566982,1.8460749422870026,-0.9046586246771109,-0.7683220485974834,-0.8445417319402121,0.10584218993157045
2011-08-18,184.78352415339376,184.86813716054075,175.14246972811986,175.84893798828125,22263180,-0.0423224447476107,0,0.0154075099979571,normal,-0.0852716205541628,-0.0879009702438552,-0.0834146676145932,-0.0300306903598222,14.542303378018048,-1.7221908452582997,0.0366885785595134,0.1,380733690,-8553371.454545448,-1.3969698499866616,-1.1062592431328009,2.5487544037811634,-0.49200924346604535,-1.2041038986939219,-1.6511923933396633,-0.0807546144445004
2011-08-19,173.4460561553393,178.43791309527003,171.4450762744856,172.38845825195312,28269740,-0.0196787070534297,0,0.0155989323572108,normal,-0.0929731339760649,-0.0975530773131327,-0.0926853313290362,-0.0345398803341481,13.538064116319587,-2.058099470190748,0.0388746587081191,0.1,352463950,-11585043.999999989,-1.4260116268025997,-1.3461751384247072,2.8895782794375853,-0.4292156187421878,-1.7048624065454137,-1.8989471619988285,-0.28695783053577484
2011-08-22,173.09071682782195,175.5528080162953,169.80792857652418,174.45713806152344,20180230,0.0120001062167796,0,0.0151293520262438,normal,-0.0614702426691979,-0.0773654305665056,-0.0745882849560498,-0.0377777531515771,18.22456614151109,-1.9898953128442656,0.0388137963308334,0.1,372644180,-13356930.909090905,-1.204608684473173,-1.3311867662710968,2.735484871547591,-0.49672015742771036,-1.3841686325743434,-1.470118210095725,-0.4402661287090488
2011-08-23,175.87434242257908,176.15354989070008,172.35466549899493,174.605224609375,17086370,0.0008488420106911,0,0.014909803004613,normal,-0.0606521428438325,-0.069147415665917,-0.0672465877516969,-0.0404472475207843,21.869156123419828,-1.7900088683354944,0.0376854193454716,0.1,389730550,-14187481.15151513,-1.0362523744830354,-1.2211885499120845,2.4058049655202396,-0.5165337433828328,-1.1113087978671428,-1.297844876818867,-0.5710938708963832
2011-08-24,174.86750392006346,176.0689467903969,167.3627915100969,168.34848022460938,31650290,-0.0358336607553591,0,0.0155927009636805,normal,-0.0831701185326282,-0.1,-0.091964611530911,-0.0445119965023678,18.011793141258607,-1.9227264500352952,0.0413709409446976,0.1,358080260,-14150606.48484848,-1.1947966180289453,-1.2835761597965574,2.916657432185171,-0.34253253182956506,-1.6275181534871408,-1.8292133767785417,-0.7625399378403324
2011-08-25,169.21568697678453,170.0194589078978,165.11643592696134,165.8102264404297,36511880,-0.0150773786659266,0,0.0155587131072011,normal,-0.057087132073101,-0.1,-0.0965646595228645,-0.0486998363580607,17.657948398153778,-2.015268851249286,0.0420115458661203,0.1,321568380,-13756448.545454534,-1.1948042404321526,-1.3033174598199206,2.81562895197858,-0.3208326398706234,-2.141263204755706,-1.8541514422289582,-0.955806539895237
2011-08-26,166.16979218992128,166.88050785588487,157.92899685654154,159.72691345214844,31415580,-0.0366884064926283,0,0.016533211541603,normal,-0.0734477524086867,-0.1,-0.1188247894002454,-0.0540677238088723,15.960405049997943,-2.299423193208665,0.0446917979311251,0.1,290152800,-13998995.818181816,-1.2491567241955157,-1.4186797125080632,3.0,-0.0563065799021113,-2.47669349155325,-2.2261870409907947,-1.1930408520708724
2011-08-29,162.87011516662707,164.98531146749235,161.74059466150618,164.02078247070312,21877780,0.0268825642827001,0,0.0185462509567003,normal,-0.0598218892433043,-0.1,-0.0868629497137968,-0.0573128147975589,24.34580206511505,-2.021291984069032,0.0426707013206611,0.1,312030580,-12365862.424242416,-0.870750194988833,-1.2168704081327288,2.5169037616036083,0.49674228327491954,-2.039679794276101,-1.4765020814152323,-1.3282444329693923
2011-08-30,167.0751063615896,167.84504082098343,162.6712666433542,166.99896240234375,29507680,0.018157332789048,0,0.0194451107138753,normal,-0.0435626266284293,-0.1,-0.0640177239842179,-0.0590632095456534,28.309497570229325,-1.4846684528952503,0.0393638859417045,0.1,341538260,-9275652.727272725,-0.6929138900815521,-0.882943310661399,1.9385090010273767,0.8013386356330854,-1.5454615075769136,-0.9629994064405497,-1.3915560603910082
2011-09-02,168.4542291875236,170.99246460726448,165.83983689348943,168.66151428222656,29550280,0.0099554623332167,0,0.0192230741206226,normal,0.0018594409477266,-0.0814653275089284,-0.0497492712081383,-0.059890013161199,24.303961811556636,-0.8947340833258526,0.0388397098656679,0.1,371088540,-4858177.636363638,-0.8479002257464641,-0.5281795925602669,1.7754632864234317,0.824272217734827,-1.0845920487413048,-0.645769893035163,-1.4106190434561638
2011-09-05,166.9185717528307,170.5694019287679,166.00057105506286,169.7698516845703,26481160,0.0065713711101225,0,0.0193821873225364,normal,0.0238804646079124,-0.0345699347022274,-0.0395252704305661,-0.0600700918456371,27.360294112639167,-0.3356402407742687,0.039002643767788,0.1,397569700,-93719.99999998989,-0.6932337225704477,-0.19530441330535103,1.7189174612034384,0.9728667417360293,-0.6913368194969798,-0.4238587720427363,-1.4007273200407167
2011-09-06,168.66996770546854,168.9576441934449,163.47928100326266,167.49815368652344,32404740,-0.0133810448410336,0,0.0194392227316562,normal,0.0486532924628455,-0.0283679349245197,-0.0476266769877153,-0.0607327674689168,28.574273721976127,-0.0401262370346557,0.0375958883140939,0.1,365164960,814484.1818181848,-0.6271876069344097,-0.015048632229226803,1.4625189162361294,1.1041585937938427,-1.1394349376221191,-0.5914704666980287,-1.4111806595136511
2011-09-07,167.81122683939168,172.8242451387808,167.79853617676577,171.56358337402344,25046770,0.0242714895539,0,0.0205773741120594,normal,0.0459868608703142,-0.0165860492706212,-0.0222286523199984,-0.0598374049926427,34.759561215300025,0.4792018377546139,0.0360286861291644,0.1,390211730,4280272.848484851,-0.344509877282502,0.28800336645143726,1.2028929944525162,1.6415283238065723,-0.7800778670816079,-0.06013568958388796,-1.3580514333943061
2011-09-08,172.32081079952772,172.60001826063598,170.1548518516823,171.2335968017578,24303920,-0.0019234068546249,0,0.0205702546968044,normal,0.0253572497607004,-0.019310005271378,-0.0218633812401781,-0.0589514159167827,36.2483805042527,0.8299908053241198,0.0346387367145551,0.1,365907810,7346544.484848493,-0.26925240238990106,0.48847104258080565,0.9791658006081069,1.8323621014946752,-1.1231357589053486,-0.061621140813790935,-1.309434840970024
2011-09-09,171.75392802262053,173.2726373147869,164.13922185412997,165.2137451171875,36514780,-0.035155785996481,0,0.0216111787199145,normal,-0.0204419436153632,-0.0186205132546461,-0.0511674623752885,-0.0598677944288678,37.715051981911735,0.6917481724619208,0.0356448052179702,0.1,329393030,6599842.000000001,-0.19005821631007022,0.40890382776805745,1.079986690559799,2.5181073198776254,-1.6015805913034684,-0.6802035259795506,-1.3365408021844094
2011-09-12,163.37776306699092,163.37776306699092,156.98563330371283,157.65826416015625,34519740,-0.0457315518855412,0,0.0222176191498275,normal,-0.0713412152053781,-0.0491644119622632,-0.086330886758549,-0.0628670817851984,34.45541340351406,0.1546600071455888,0.0379126696841649,0.1,294873290,1883843.2727272853,-0.32322572789611004,0.10294482214313014,1.3399380497935747,2.5759999334920525,-2.0130939849703595,-1.3990690379473345,-1.447050826764934
2011-09-13,159.06272732918706,160.7083558912375,153.8170442226975,155.07347106933594,40065080,-0.0163949102483746,0,0.0222667391051884,normal,-0.0741780273019639,-0.0291337400957578,-0.092554824854888,-0.0661297960143326,29.76508067984517,-0.2873965761213908,0.0390726645031007,0.1,254808210,-6788318.606060608,-0.5178780418696863,-0.14441358407941277,1.4408511477379657,2.418584946584608,-2.407849610057737,-1.4848713608862956,-1.56019266775948
2011-09-14,155.5091958863852,156.8290759837393,153.01326745509323,154.55735778808594,42356430,-0.0033281855219403,0,0.0221238621679492,normal,-0.099124914807022,-0.05769649760272,-0.0872669291729779,-0.0689569187865452,29.23129403753127,-0.5140425207039092,0.0392109613031633,0.1,212451780,-15883893.272727268,-0.5278895238060626,-0.26508551809849257,1.4059154578701794,2.2198870758122107,-2.727716372739314,-1.337066960276841,-1.6462333007340393
2011-09-15,156.33838083688048,161.16102560119674,154.83236217206124,160.5899200439453,37918130,0.0390312201385496,0,0.0245443730641704,normal,-0.0621588108677936,-0.0383777375990959,-0.0469545079105029,-0.0692642300757999,41.92496641920584,-0.1746993144639068,0.0368028385436813,0.1,250369910,-19737011.878787875,0.021415704434865308,-0.06450614731832002,1.0506846622150792,2.875906081103847,-2.15257489748225,-0.5163902821114491,-1.6287739686547649
2011-09-16,161.89711724447164,165.7425422664891,159.07120539802509,164.61302185058594,57707590,0.025052019488768,0,0.0255234466199027,normal,-0.0036360368574386,-0.0240036528123787,-0.0209268100368034,-0.0679933231452765,48.79131943674192,0.3737650985431182,0.0366706896336702,0.1,308077500,-17367354.181818187,0.30438635705501665,0.24937601844153254,1.0000786988765018,2.9405765741125856,-1.4441236092394978,0.0016427509633546108,-1.5539403852754279
2011-09-19,163.16624552338374,163.5046717627202,161.1821903882001,162.18902587890625,16373720,-0.0147254205313105,0,0.024114414716888,normal,0.0287378637769819,-0.0446535455526527,-0.032085976839042,-0.0674392861825619,52.68403068528224,0.6122606168954245,0.0347874262807159,0.1,291703780,-13361627.63636364,0.4548889215831161,0.3812082576987136,0.7277302079003917,2.330016237523193,-1.593933621079385,-0.2327487389217519,-1.512248480214017
2011-09-20,162.10862633739814,169.20722358531629,160.92410883326747,168.4288330078125,23820310,0.038472437300197,0,0.0255563243819311,normal,0.0861228026069342,0.0055563557018714,0.0046590786847908,-0.0646843255585369,54.60978489819365,1.1954795158684748,0.0347813962263265,0.1,315524090,-8933704.181818178,0.52025389057547,0.7037812963788674,0.7018788255440176,2.6008961345402444,-1.2998502670052754,0.5031191561747802,-1.390422325200669
2011-09-21,168.7926585682813,171.2462810225138,168.42885101484768,170.02793884277344,32603240,0.0094942522987544,0,0.025496081988156,normal,0.1,-0.0089508769929465,0.0128280708969876,-0.0615277853252957,53.26167647216369,1.6653075983127603,0.0334643882874231,0.1,348127330,-455929.9999999991,0.4535452301702251,0.9611769513627068,0.5086917359128917,2.4123640343428767,-0.9189149216612792,0.6715092101339374,-1.2549812638784787
2011-09-22,166.02176075283924,167.00743653631696,163.2931523946269,163.93194580078125,27418300,-0.0358528903160392,0,0.0266524745391599,normal,0.0208109310716475,-0.0426414625246113,-0.0212957315942828,-0.0605480781920619,45.35097647537731,1.5445565432194233,0.0353981786464376,0.1,320709030,5416153.151515148,0.1020382160591589,0.8952199875936981,0.7398620057355855,2.5523501056725113,-1.1919192518977537,-0.007993987608593371,-1.2023570059014743
2011-09-23,161.685591728275,167.6842846462762,159.9088218767032,165.00643920898438,37517600,0.0065545089637921,0,0.0255508230768733,normal,0.0023899528359034,-0.0012547739781341,-0.0134826940423216,-0.0591296418647703,45.31459139875,1.5140552328703354,0.0365557699908532,0.1,358226630,11448196.181818178,0.10815032125708084,0.8906227809586323,0.8640397055487088,2.12366038532671,-0.7598971024881205,0.17108179049303918,-1.130881436157424
2011-09-26,165.15873424784732,166.7578218941449,162.59933936305072,165.09950256347656,24401740,0.0005639983199341,0,0.0253256842615356,normal,0.0179449667990689,0.0471985305874049,-0.0117096392124578,-0.0576533597307667,47.534979586486,1.4756362318225025,0.0356127386013366,0.1,382628370,16160429.030303031,0.22145614523662271,0.892135315461217,0.7148270037803541,1.9604951503515404,-0.4781815815235313,0.23174360398244898,-1.0556947551965543
2011-09-27,167.9508053066879,169.79101559043852,167.32046808833428,168.98724365234375,17630570,0.0235478667621815,0,0.0242817500949475,normal,0.0033154100432752,0.0897237450549277,0.0104497937479133,-0.0548826648780215,47.34266960325522,1.6730727576410542,0.0345252000774002,0.1,400258940,18099626.060606062,0.23093970350207402,1.038215114845096,0.5495413613685513,1.6267432427951458,-0.2704470997801841,0.7277253171870199,-0.9316962945801454
2011-09-28,170.0617470556313,170.29019182322926,165.91596833623794,166.6224365234375,22320190,-0.0139939978769719,0,0.0238920431403015,normal,-0.0200290748833051,0.0780621440998883,-0.0033401421461682,-0.0530472312481504,45.43548089392961,1.6051527180787186,0.0358421609569603,0.1,377938750,14234557.030303037,0.1670351285102915,1.0365800824452316,0.6989825336429357,1.4738219772702028,-0.49508921070254136,0.46011647105081704,-0.8437009292371983
2011-09-29,165.49295109158166,165.983665234949,161.74058229620832,165.1841278076172,25805020,-0.0086321431004761,0,0.0236325589607106,normal,0.0076384258157813,0.0286083196405768,-0.0108182864741123,-0.0517311141300118,49.96775776429913,1.429941301373394,0.0343157984904632,0.1,352133730,9483914.121212125,0.4035158517096909,0.9744318109015375,0.4754539692498996,1.3623183736554079,-0.753181382346304,0.3267875170901675,-0.775070999419069
2011-09-30,163.69079952728418,164.0250041314495,161.20756133042917,161.6898193359375,23917760,-0.0211540207770407,0,0.0239451285227806,normal,-0.0200999420928433,-0.0177580271705463,-0.0288073606342222,-0.0515542356525038,54.81457967822138,1.0621983733392009,0.0331792283272221,0.1,328215970,6042337.939393946,0.6772607530534931,0.7957285036222662,0.30470741098263093,1.388013251820966,-0.9851855524863091,-0.046541552082041686,-0.7477483334985534
2011-10-03,159.24466661879015,159.48580209705068,156.60914027367727,157.5059814453125,20078410,-0.0258757039114032,0,0.024439631424881,normal,-0.045993603858646,-0.02887399075379,-0.0490527142407033,-0.0526103445348928,52.79809623371476,0.5466329943090966,0.0332394521493368,0.1,308137560,169891.75757575914,0.6128155649394467,0.50732440701692,0.2928647131369059,1.4507718170216917,-1.1685409076000386,-0.49394281746201296,-0.7644914879603595
2011-10-04,156.5244915003457,158.45354906548545,148.06370817600268,151.21112060546875,50595240,-0.0399658526113142,0,0.0256982813360965,normal,-0.1,-0.1,-0.0794254185781893,-0.0554616210485855,46.60252805289731,-0.1705242841594412,0.0377286157969207,0.1,257542320,-7073471.454545442,0.338740722811073,0.06444229568507492,0.8713130859508503,1.669355582113296,-1.6642850440067167,-1.192977088109099,-0.8442669585604983
2011-10-05,152.30254905514025,153.32630947133651,144.67938827385478,145.3900909423828,62754520,-0.0384960420885566,0,0.0257952556003864,normal,-0.1,-0.1,-0.105073925369189,-0.0597488766156736,34.50086851747086,-0.9458134320466004,0.0402429966577052,0.1,194787800,-14863449.818181813,-0.2573104771628684,-0.4486670621302017,1.1734620937432265,1.621398117652264,-2.2232338233262583,-1.7664617847897577,-0.9720989322547513
2011-10-07,149.16362613481212,150.42005308897058,147.43339733708837,148.25831604003906,29985040,0.0197277894185574,0,0.0265049721348905,normal,-0.1,-0.0956105881875495,-0.0797574220166973,-0.0623577030966302,32.921000332713376,-1.1602129319699728,0.0386736612518028,0.1,224772840,-20987106.242424216,-0.31332939999455417,-0.5778967655316071,0.9289594713771194,1.7018025110537953,-1.8186581058683151,-1.1101014772397695,-1.0342370381127723
2011-10-10,148.90559268202003,149.32017582586715,145.71165126821606,148.57562255859375,32689920,0.0021402274559019,0,0.0257081814743817,normal,-0.0811071274073034,-0.0995768209359431,-0.0709048119069301,-0.064339788233897,35.129403167974104,-1.1719677950719245,0.0386764945506219,0.1,257462760,-21663639.878787857,-0.15497264199646602,-0.5615695037801643,0.8988729009915898,1.4735917829381366,-1.422341459420948,-0.8612131081860258,-1.0713517644806045
2011-10-11,150.33117687704163,152.80173672161047,148.35982592051866,149.29473876953125,39354610,0.0048400686367906,0,0.0239132221732173,normal,-0.052132894258573,-0.0957287184306856,-0.0604657826530916,-0.0656231038148323,26.232236327355,-1.0277790088085474,0.0366524138128357,0.1,296817370,-17345395.515151516,-0.6611686899176554,-0.43060924001516526,0.5953467182848652,1.0595124669633007,-0.9816648365313992,-0.5762121949661513,-1.0821421677138594
2011-10-12,150.62309988476804,159.06273697052825,148.6771299201488,158.39010620117188,53725530,0.0609222234259794,0,0.0275180730545569,normal,0.0474765716103255,-0.0627096887441592,-0.0029208079176017,-0.0633892088669949,37.813394485503366,-0.2565110779755937,0.0379606749305804,0.1,350542900,-7881163.030303029,0.09672779104427807,0.173028873829903,0.750939907665391,1.7360066114647108,-0.40120486415230383,0.9116971377673055,-0.9667985582963633
2011-10-13,159.14737613053185,163.62736038284427,158.63972385015785,159.68463134765625,41069620,0.0081730177315506,0,0.027533879558739,normal,0.098318532663538,-0.0416378809513169,0.0047280467775547,-0.0607684119230431,45.0551664301596,0.370119882922479,0.0369830752867065,0.1,391612520,2937836.5454545463,0.6163221774558398,0.6664840323681458,0.5872388304440277,1.6647238379259823,0.055004615885991356,1.1418338937644665,-0.8403065556091291
2011-10-14,158.30552294935222,161.304869849777,158.15745662157445,159.5027313232422,23597460,-0.001139120420537,0,0.0261184822400797,normal,0.0758434034834607,-0.0343943244413402,0.0032411447979867,-0.0583280795477856,43.45644189186296,0.7781805794312158,0.0349527166699196,0.1,368015060,10583624.606060598,0.559964441622009,0.9842613067682661,0.263518796383357,1.331816286330013,-0.17162898532829535,1.1346213199155664,-0.7220112178578338
2011-10-17,161.0933309548005,163.54696619428694,159.32926462455976,160.0526580810547,24612620,0.0034477576230218,0,0.0254656880869099,normal,0.0772470969652827,-0.0101253205774282,0.0060581088266049,-0.0558010747020503,44.06410870281528,1.0727842972416912,0.0348590506039896,0.1,392627680,17784900.909090903,0.660571436459841,1.2075502311883815,0.21933410646797205,1.1622468860991944,0.1288084985093034,1.2589915374471334,-0.6004206319409242
2011-10-18,158.20821613493155,159.53655260597736,155.50922377761324,157.92477416992188,18018620,-0.013294898920424,0,0.0254273767477531,normal,0.0578053551753954,0.002658900447884,-0.0066250602027901,-0.0541329819143151,36.4268853971492,1.10749505168039,0.0352617674138875,0.1,374609060,21884034.727272723,0.13055265576976113,1.2210261730122385,0.25254679479879505,1.11682017585117,-0.04483051294287978,0.9391432984472551,-0.5103835124112817
2011-10-19,159.7353939074217,162.74320978326625,159.57463692171893,162.30747985839844,15555360,0.0277518566134589,0,0.0246520733163069,normal,0.0247324391098715,0.073383222136695,0.018910654559495,-0.0509689645350435,44.9555447176864,1.3904567496132376,0.0345051016635408,0.1,390164420,22652911.57575757,0.7978720609722142,1.405157918490173,0.09612729771148132,0.9358279368674204,0.1653249016559089,1.643328616805622,-0.35862903027304605
2011-10-20,160.0780387984237,164.13921790595845,159.62961825654278,163.7204132080078,21594800,0.0087052879561808,0,0.0246340745330515,normal,0.025273451967742,0.1,0.0250684717307072,-0.0475390414636461,48.2878098688236,1.62149094480085,0.0340449084591826,0.1,411759220,18808511.33333333,1.0842084474686113,1.5364686607563263,-0.01992527523484483,0.9031696414837089,0.4607018125896165,1.8207111864751344,-0.18955126915463946
2011-10-21,164.25767281369025,166.4574819885513,163.81348678325332,164.8372344970703,21746120,0.0068215152110786,0,0.0233245402985326,normal,0.0334445882498239,0.1,0.0289192612265352,-0.0439933505094127,53.89855431296318,1.7852739072035968,0.0332771351542138,0.1,433505340,15519309.151515149,1.5273655112186495,1.6085590866327426,-0.2052505853247716,0.6206653931963572,0.7801309336640632,1.9317835050811791,-0.005212740463689791
2011-10-24,167.10050951365014,168.28501429045286,159.54925605866475,161.4952392578125,25165530,-0.0202745165523704,0,0.0237279667863552,normal,0.0090131660045735,0.0869565038781758,0.0072853607161391,-0.0418961529005277,55.04655088013515,1.6096990716547062,0.0355823988419248,0.1,408339810,10506678.78787881,1.5964923238488804,1.4354760006910388,0.19154003468463915,0.6753052354895878,0.5021851246600026,1.321513492512762,0.12731984193368878
2011-10-25,162.43012616283414,165.83136491521785,154.5785197139446,155.6614990234375,66183590,-0.0361232954060147,0,0.0250002221172716,normal,-0.0143313495832463,0.0426455768393467,-0.026402748140807,-0.0419299134256579,55.69634196645084,1.0679390915952722,0.0373119314403939,0.1,342156220,2678862.3636363847,1.5946130452424483,1.0191856135393225,0.5038446494704686,0.9029463158667644,-0.3394141534889453,0.3901598609581327,0.16992019804364444
2011-10-28,162.87008816269332,163.2212050099628,159.92996062791156,161.58404541015625,28314390,0.0380475995919005,0,0.0259903622471431,normal,-0.0044571848991391,0.020165017156613,0.0096171836058231,-0.0397639904776653,70.67401665240071,1.072886008629855,0.0354637299466772,0.1,370470610,-572392.6060605986,2.5357722154907316,0.990842885609554,0.09095589898826664,1.0702677806607575,0.07164611639623152,1.3588526608105382,0.32382172759565125
2011-10-31,162.3539875112528,162.5951229594051,158.89352987158912,161.28793334960938,29915310,-0.0018325575386805,0,0.0258347757311364,normal,-0.0148575233273321,0.0100404277382368,0.0070220932022588,-0.037834727136697,67.80348693639391,1.020933313304264,0.0349405521472204,0.1,340555300,-2958965.090909092,2.200392887725687,0.9231831011657198,-0.06679390775634325,1.0057242326461857,-0.3169883567316126,1.2530779613147818,0.4773846947114497
2011-11-01,160.1203579523819,162.5316868689547,159.57041208515895,160.8733673095703,20925820,-0.0025703475233974,0,0.0257798586046949,normal,-0.0240471590026005,0.0085931819158033,0.0040097465106188,-0.0361596249712498,66.75892328006572,0.9261541196410308,0.0347432108414814,0.1,319629480,-7441234.545454538,2.030052833090853,0.8278152118605505,-0.1655701051565542,0.9634144343399629,-0.5873810450463195,1.1442961855619715,0.6295610889332136
2011-11-02,159.65498127373726,162.85315638811696,159.48576818659996,161.55020141601562,16533380,0.0042072477114429,0,0.0253569985934676,normal,0.0003403329934412,0.0093565664757815,0.0074438493747102,-0.0343350014049992,66.72057171550459,0.8770403035124597,0.0341225554449457,0.1,336162860,-8794350.060606044,1.925882114930616,0.7656463929812347,-0.37292776088852436,0.8462266249571228,-0.32152155217908707,1.1965498538145065,0.7984313665905471
2011-11-03,161.177964242974,164.13923917657195,161.04682310015397,163.69505310058594,28629820,0.0132766883963642,0,0.0247367570691398,normal,0.0516091270323617,0.0365381490079284,0.0187992953561377,-0.031880017195443,58.93168640124959,0.9508097887559082,0.0304930625451897,0.1,364792680,-9102658.30303029,1.3739077194750846,0.790706866688706,-1.4229307427953568,0.68913155568643,0.13882828360178995,1.443846499886743,1.012628864472113
2011-11-04,166.21208967134564,167.5996576522452,165.2433263434516,166.35169982910156,25322200,0.0162292425958845,0,0.022809454173146,normal,0.029505725066131,0.0249170276947889,0.0318613112996783,-0.0287108305223724,60.73274894338675,1.1282275045598824,0.0294338695563548,0.1,390114880,-6873745.212121213,1.4321463222002806,0.8906600849642876,-1.8264763689945391,0.25116136252054244,0.5652551524241844,1.7068653999676138,1.2758059955952765
2011-11-08,167.2697054474215,169.5541146594239,165.83137467765204,168.98724365234375,24294080,0.0158432034415625,0,0.020468387552396,normal,0.0477364310078005,0.0321696625432064,0.0434185876263073,-0.024943937391633,64.15045200711191,1.357391196633746,0.0292179983213264,0.1,414408960,-1879446.6666666511,1.5806566498501422,1.0295464421816787,-1.9576117025465447,-0.2913488683422279,0.9739908785972878,1.9018091633175795,1.5732105273399857
2011-11-09,170.31559190086605,170.69632461537944,156.71064908862513,157.54403686523438,94152450,-0.0677163940886058,0,0.0262865230111553,normal,-0.0206953487703733,-0.0442448434304784,-0.0247079602429917,-0.0255051296972751,47.17538245429809,0.7054083822006224,0.0357689287324922,0.1,320256510,-603113.0303030196,0.5073476465874066,0.5177378048810339,-0.05149282162578148,0.9850461874743276,-0.509681876748258,0.20432603585404804,1.5837071057778112
2011-11-11,157.52288171605628,157.78517688355095,150.71196043121262,152.15452575683594,54231820,-0.0342095531867621,0,0.0276000466401833,normal,-0.0581594796962489,-0.0578389402926297,-0.0528337805940497,-0.0277646869783373,43.94746302062343,-0.0799570280974713,0.0382235107556214,0.1,266024690,-2589867.5757575748,0.28087815451720005,-0.11431581352935109,0.690060219648942,1.2558100113931963,-1.3594901070004222,-0.49104037158769254,1.4754996711680028
2011-11-14,154.4939387617296,154.57853886537453,147.25149598076575,148.32601928710938,28123030,-0.0251619624896669,0,0.0282204687830079,normal,-0.0938881995660109,-0.0471245605518911,-0.0698749812587691,-0.0309759296804915,35.162037419384504,-0.8079520053815628,0.0404181708257147,0.1,237901660,-8797813.15151514,-0.2891084107379676,-0.7090794226519822,1.3599883802878237,1.3649879119010742,-1.7889245025490035,-0.8889087323570359,1.303374029747186
2011-11-15,147.6406675298008,149.22282986435113,145.38163995406194,146.34193420410156,34040170,-0.0133765140637077,0,0.02442075919923,normal,-0.1,-0.0943293081155688,-0.0750656068690905,-0.0343792294026009,31.777822149946783,-1.3422774569906528,0.0406399086153612,0.1,203861490,-13711177.636363626,-0.5282939653206828,-1.1394405800599294,1.3991888544150017,0.44063194174017084,-2.275729130607749,-0.9908495388853353,1.1134232377208448
2011-11-16,146.20235713339588,150.60196244296154,145.3647348294643,149.41322326660156,31890660,0.0209870744103772,0,0.0249107233608541,normal,-0.1,-0.0736242931284144,-0.050621879660911,-0.0361666826872468,34.46395362062235,-1.4015228892748,0.0409997553931469,0.1,235752150,-16859901.090909094,-0.38617037314989167,-1.1889796495696763,1.4617027895448365,0.53568364491811,-1.6893287455547774,-0.3936454253902673,1.0292482196672357
2011-11-17,149.22284502670908,152.19258850801995,147.7675891288326,148.6940460205078,28578790,-0.0048133440291995,0,0.0249096776125431,normal,-0.0561747116604418,-0.0757075051809271,-0.0501990872562191,-0.037861200352401,36.386522358720285,-1.398595976247144,0.0391272846191538,0.1,207173360,-21692181.090909075,-0.28742403034138164,-1.185442249988056,0.8190397537943752,0.5104647461129128,-2.068774231134824,-0.3808293688619913,0.9453802940929058
2011-11-18,148.07218982991895,149.4174644220288,144.1125487485986,146.088134765625,35137650,-0.0175253234720871,0,0.0250560006260445,normal,-0.039869934601261,-0.0957105996455771,-0.0608659802475025,-0.0401403001845376,39.06870373713038,-1.47407334882343,0.0369170443536619,0.1,172035710,-25975730.36363636,-0.133340513007313,-1.2413223356004466,0.06960575830972798,0.5266614015365686,-2.4743268406979633,-0.6356705843798583,0.8093531771752387
2011-11-21,145.77931152915895,145.90199651252368,139.9879038234342,141.48123168945312,28185380,-0.0315350940961969,0,0.0257255128603727,normal,-0.0461469109098588,-0.1,-0.0825759407157035,-0.0436490724973734,26.33467695579698,-1.719075272098512,0.0373823006067886,0.1,143850330,-27898589.33333333,-1.059023268273267,-1.4369195394284962,0.2210132755382491,0.6920057359949681,-2.6891318504549,-1.1647022961186342,0.5634244165338113
2011-11-22,142.25964002101836,144.59481205877108,140.8974531047959,142.94496154785156,28518380,0.0103457528671455,0,0.0248322871784357,normal,-0.0232125718081072,-0.1,-0.0665875475880511,-0.0460580805527971,28.984129947787466,-1.6661567617936075,0.036997397024952,0.1,172368710,-23899664.54545455,-0.9130320761389715,-1.4115818564391707,0.10343377314067058,0.40497118144520106,-2.1345194436628443,-0.7955881695158338,0.3914776936253523
2011-11-23,141.63351097913198,141.63351097913198,137.67810501112345,140.0428924560547,29181030,-0.020302003375092,0,0.0247731593598878,normal,-0.0627142002942214,-0.1,-0.0780268855114975,-0.0490688417260135,27.421137905871603,-1.7040991525626787,0.0389400405146397,0.1,143187680,-17233479.454545457,-1.0556180978163932,-1.4548054842561111,0.7536088811510251,0.35834262567756753,-2.382691728795901,-1.0743749708944397,0.16456567061423577
2011-11-24,140.11058925027697,141.15971821162657,137.8261672251134,139.9329071044922,31828920,-0.0007853690368256,0,0.0245997515625834,normal,-0.0589205765159372,-0.1,-0.0717893083007468,-0.0515906924203524,26.276753542383855,-1.6149341448781929,0.0389533746913936,0.1,111358760,-15292716.606060598,-1.1548374024259997,-1.389856730955716,0.7480811768573277,0.2693913011211862,-2.608814270334544,-0.917585493062295,-0.026531066006725737
2011-11-25,139.51832046497302,143.74449077519657,138.33381589051362,143.0380096435547,41738460,0.0221899380446932,0,0.0252950013095493,normal,-0.0208786642868961,-0.0599161679084768,-0.0465438294552532,-0.052493639711768,27.79847050226249,-1.2419146996316623,0.0392654294545157,0.1,153097220,-12158671.212121202,-1.0718704875755471,-1.1103996846323754,0.8766726237956171,0.4891175380771722,-1.9624896286766662,-0.32152128688350823,-0.09010120787427055
2011-11-28,145.61009537662363,151.2745834569238,144.77670765011155,150.568115234375,25489820,0.0526440881663905,0,0.0273848800426185,normal,0.0642267771944995,0.0151159989194187,0.0033012345106664,-0.0503381154492569,34.644862540603654,-0.4253111558375719,0.0393567738002531,0.1,178587040,-8140322.84848485,-0.5859271851814575,-0.4718979199774003,0.942403738856663,1.2936990085938451,-1.5786313965943064,0.8945991671662132,0.08996534688628098
2011-11-29,151.27881882156473,152.04028420905337,147.82258291549988,149.01132202148438,30152190,-0.0103394613824269,0,0.0258180225562615,normal,0.0424384351007858,0.0182407580704779,-0.0064031146463544,-0.0488496354876483,30.149681549909715,0.0475793172904479,0.0400052127003023,0.1,148434850,-7317018.969696957,-0.9861411775584341,-0.10992417199714678,1.264978625136691,0.6522189533350687,-1.8617309024509792,0.6258529387403888,0.20560911173952545
2011-11-30,148.03835106110407,151.8710855008211,146.20236232877804,149.11709594726562,80068770,0.000709838181061,0,0.02583407041067,normal,0.0647958874032712,-0.0019819351518007,-0.0051579709317707,-0.0473383215743339,39.19039320045535,0.3862401043794703,0.0359929327538961,0.1,228503620,671554.424242427,-0.27972489624247754,0.156688659977837,-0.17274057783187993,0.6406028039380914,-0.8872327867348301,0.6329611711027271,0.3169815947346187
2011-12-01,153.64785921770175,156.75296573223517,153.14020695875757,154.33740234375,24461390,0.0350081012731799,0,0.0272407742245151,normal,0.1,0.0379528062775551,0.0267682489318081,-0.0439312998338029,52.81227945671896,0.9485323611244344,0.0350359086555181,0.1,252965010,8176993.757575752,0.8137279619170786,0.6399666825249862,-0.5165318318382938,1.2789263673350757,-0.580261403379626,1.433539817704729,0.5780622290805311
2011-12-02,154.3670187941069,160.6703009983351,152.4464169960752,159.64231872558594,32783180,0.0343722020798333,0,0.0283965571159776,normal,0.1,0.0927808680814938,0.0558200814566818,-0.0388609892914307,64.0449012629001,1.6247539158271245,0.0342729374902326,0.1,285748190,14573046.242424242,1.6832703987630495,1.2201453084740363,-0.7842529046084349,1.8194852883761017,-0.1777878635482376,2.0820044094438575,0.9650626376085776
2011-12-05,159.46040725730762,162.19323704887535,158.2166708971239,161.6898193359375,29149520,0.0128255504348511,0,0.0283854587999442,normal,0.0738649353765927,0.1,0.0623438578191863,-0.0335656337594968,69.01865071516657,2.1253516885647827,0.0338987387364381,0.1,314897710,19301714.121212117,1.9967722510058488,1.6096506622507876,-0.898705722314597,1.8039915460405989,0.18631513206342887,2.1207181911504835,1.350530240171048
2011-12-07,161.99866068219114,165.8187048115107,161.93942898694343,164.5961151123047,33426470,0.0179745131035669,0,0.028441350767892,normal,0.1,0.1,0.0731157860953237,-0.0277908720683575,68.89144481032346,2.539591909499648,0.0328192050144019,0.1,348324180,25681567.757575758,1.8980069465273086,1.8851448720432433,-1.272595551136083,1.8335119733601304,0.5919532277276691,2.239735786757273,1.7407979754398404
2011-12-08,163.29312323545483,163.61463714301533,157.37057472432434,158.03897094726562,32063030,-0.0398377820798814,0,0.0294996611616109,normal,0.0598313355240982,0.1,0.0273940845927544,-0.0250454767758904,60.15255295439557,2.2682668606996907,0.0354466512680552,0.1,316261150,26234333.27272728,1.1624184138924438,1.5868140452760586,-0.2589245088866707,2.3318389467388827,0.22356586780047663,1.1285433278524126,1.8662849116300728
2011-12-09,154.85347825146616,159.47730604904604,153.98625314369264,157.8401336669922,37919700,-0.0012581534736757,0,0.0252552161414344,normal,0.0226952849409807,0.1,0.0235570519443042,-0.0226373003281845,63.47228485475879,1.982068542060569,0.0355755388445305,0.1,278341450,20498963.27272727,1.372493852257662,1.3078502161387173,-0.21593214918752232,-0.0071203952095831805,-0.22034888447049256,1.0122604740153234,1.9499861198660586
2011-12-12,159.29116507318685,160.47143500578065,149.1636067946312,149.988525390625,41127410,-0.0497440549114862,0,0.0265796677422281,normal,-0.0604713926233754,0.0485920893641538,-0.0248178893068283,-0.0232926767141185,59.07731873496432,1.2086514329718243,0.0399178472113124,0.1,237214040,13278811.3939394,0.9963153585544117,0.6473302042920032,1.4045096089315514,0.7288552106705186,-0.7017116983426422,-0.11749345375895119,1.8127692188571645
2011-12-13,148.74058402137857,152.9625069385437,147.78027678316238,151.26612854003906,31436850,0.0085180059346987,0,0.0259873268187171,normal,-0.0644672054103882,0.0046358640046568,-0.0149623074988604,-0.0233187419058484,58.91412729703841,0.7502490124855435,0.0402818616928643,0.1,268650890,8453120.303030327,0.951420708262203,0.2542555069921179,1.5027431480674815,0.35060095542413544,-0.3134050837121694,0.08563237801712455,1.73448454414857
2011-12-14,150.94037029370492,155.67417962632567,149.84470039551144,151.0376739501953,43558460,-0.0015102825202754,0,0.0257690863516691,normal,-0.0823740047136494,0.0135986440575219,-0.0149066805246352,-0.02334040946717,62.49394856173439,0.4154988525693655,0.0406088656130871,0.1,225092430,-1850315.818181808,1.1903104023079008,-0.036622497938266524,1.594507508928491,0.18767376499751764,-0.8338612194313252,0.057800919961572106,1.6679315284698264
2011-12-15,148.6136749980795,149.92087756793725,146.07967416441682,146.9468994140625,44368240,-0.0270844646182895,0,0.0261340120714911,normal,-0.070185672981282,-0.0145536400063115,-0.0377763212545836,-0.024762654627699,57.30910221889225,-0.0716315512529193,0.0425289726150498,0.1,180724190,-10165102.545454536,0.7592822417339602,-0.4548086936653934,2.2049021518163596,0.3905920439164694,-1.3546411775747202,-0.5321843530936577,1.516717120691588
2011-12-16,148.23293906271664,150.79655568506342,140.88474992865406,142.06503295898438,50521620,-0.0332219766088575,0,0.0271332936554539,normal,-0.0999435336344164,-0.0795164956672772,-0.0635230090481527,-0.0277027986878262,49.022290818687495,-0.6790571344837406,0.046253535244839,0.1,130202570,-19025710.06060606,0.09684264195527706,-0.9560228288541054,3.0,1.0123924633223251,-1.8822397907833415,-1.1600422321850659,1.2681712234958555
2011-12-19,140.87207767146433,140.87207767146433,135.10605032457542,137.7500457763672,41792820,-0.030373323348772,0,0.0276688200001766,normal,-0.08159610598467,-0.1,-0.0839434122848217,-0.0317718212244788,36.22982244307238,-1.2923145334630126,0.0470399371537371,0.1,88409750,-26492351.03030301,-0.8907053058445703,-1.422877371948579,3.0,1.31828997380898,-2.2265812023050926,-1.6036172292707294,0.9416216691335314
2011-12-20,138.08000957473757,139.51834045267717,132.92739457246682,133.55349731445312,33988040,-0.0304649514870363,0,0.0276108323627031,normal,-0.1,-0.1,-0.1022881752318538,-0.0367950560873329,34.28527639338404,-1.8665753066671409,0.0497873219378481,0.1,54421710,-31477602.666666664,-1.0115324166878752,-1.8100969003087293,3.0,1.2370531301427117,-2.428421537824797,-1.9542878177725007,0.5410577776095868
2011-12-21,136.63322704719255,138.3338402521859,134.97914196468582,137.36085510253906,29947570,0.0285081099682584,0,0.0283450594291007,normal,-0.0905523667702018,-0.1,-0.0699023104138645,-0.0396628515017691,38.88492157264993,-1.8712451506894552,0.0479453569998656,0.1,84369280,-29443634.303030293,-0.6326745842423388,-1.7326185007300492,2.6922397130348736,1.6375702893079243,-1.9998468141659693,-1.155274604868799,0.29621037762116775
2011-12-22,136.21862856075316,142.06079914416617,134.36994923876412,141.38816833496094,34376160,0.0293192207446255,0,0.0287908760739432,normal,-0.0378281617459538,-0.1,-0.0387295776557765,-0.0405292061707319,37.47443275323345,-1.5003596453565091,0.0466074528354158,0.1,118745440,-24472684.666666664,-0.7201621367225886,-1.389872831033975,2.2205982912361573,1.8270069622370055,-1.5807999146082592,-0.41234748247115555,0.20465462176098193
2011-12-23,141.71814206118742,143.13954767723592,138.58765434096685,139.38719177246094,26774370,-0.0141523621535255,0,0.0289858769135569,normal,-0.0188494039014973,-0.1,-0.0475868320508438,-0.0419019747921802,29.069776242247187,-1.2948175022171298,0.0453948261610424,0.1,91971070,-21096005.393939395,-1.3306718314035324,-1.188301925505739,1.837517315429845,1.8675263082634195,-1.7652232587878225,-0.6067839720080181,0.07205000792671032
2011-12-26,139.02340147579025,141.71815963973629,138.94302297930324,140.9270782470703,16405640,0.0110475464425965,0,0.0286461502895717,normal,0.0230637489287004,-0.0604142691579596,-0.0336538009548699,-0.0423768719827313,28.31778283220852,-0.9747634761242704,0.0442898627076267,0.1,108376710,-17307265.45454545,-1.3451049377479658,-0.9091843380317461,1.5193552316351422,1.6007644093330966,-1.540943275524367,-0.2749216468016905,0.011269550896308225
2011-12-27,140.8720773870723,141.2105036401648,138.19846609318577,139.06570434570312,15426610,-0.0132080642309483,0,0.0258855527890279,normal,0.041273400862513,-0.08065536093301,-0.0421831413918077,-0.0433528650622487,22.74414772325575,-0.8145521892659331,0.044309027335665,0.1,92950100,-10702522.36363636,-1.6902078401245118,-0.7578795206456571,1.46547938234521,0.005003958128340981,-1.6226153035515587,-0.4607325879308058,-0.08958157289054694
2011-12-28,137.8346376138647,138.33382078002143,135.58406593271218,136.2355499267578,17801920,-0.0203512032838077,0,0.0261175811771415,normal,-0.0081923279739428,-0.0980028600567465,-0.0561316863644908,-0.0451393749479186,24.710550991129907,-0.8228945552626392,0.0432665668310078,0.1,75148180,-5842983.878787882,-1.4891688996755472,-0.7374374530826266,1.189317270028671,0.12202396584871615,-1.7209974668834873,-0.7587532116411912,-0.25396092272680953
2011-12-29,135.3725450079725,138.50303252925548,134.52646660167267,137.8134765625,36163040,0.0115823412948419,0,0.0263362145225635,normal,-0.0252828211480339,-0.0621545802462059,-0.0410715702048372,-0.0459461833815891,27.491477415966926,-0.6532567868563914,0.0419862195535841,0.1,111311220,-151292.54545454468,-1.2503870948448932,-0.5799096103723628,0.8767764273712045,0.2279466285043867,-1.3326663223022537,-0.39480166220808316,-0.33372069660039066
2011-12-30,138.57919787681195,139.59872406298092,135.84213329356632,136.98434448242188,20779220,-0.0060163352725675,0,0.0247186498391374,normal,-0.0172386519843339,-0.0357631175718612,-0.0425696806623991,-0.0468143305440365,32.644595448798995,-0.5330811699456053,0.0383028644714073,0.1,90532000,1880248.1212121216,-0.8595539988469153,-0.4625353992110617,0.04489727505778996,-0.7414163862292736,-1.4695874115448977,-0.4170183915273382,-0.4157818077882448
2012-01-02,137.82619105460907,138.41845636953693,136.33709744968004,137.71197509765625,14464990,0.0053117793714576,0,0.0230390521840693,normal,-0.0228139488124305,-0.0002763750712122,-0.034035619171746,-0.0471326807317592,31.641094385341404,-0.3496433176194626,0.0364921204224516,0.1,104996990,2395455.636363642,-0.9006594357882757,-0.29871507483923737,-0.37510799837038855,-1.7078415293923306,-1.2882636273357955,-0.21686819090090906,-0.45085947429941253
2012-01-03,139.09529004942962,144.6794129045348,139.01068995170525,144.31137084960938,21341020,0.0479217275569046,0,0.0258073973038732,normal,0.037720777589175,0.0805510432259719,0.0110749877269176,-0.0446922817054764,42.23027291471535,0.2393492042940619,0.0353865721338916,0.1,126338010,1607792.0000000054,-0.143252448581405,0.17833592841410303,-0.6368251601019225,-0.09836721417617986,-1.0572940768907977,0.8041769469999345,-0.25595409280441994
2012-01-04,144.84862639408226,145.00938336335682,141.7350639307117,143.49913024902344,22241630,-0.0056283894734282,0,0.025217484920879,normal,0.0533163357594301,0.0446872228765771,0.0048689801202836,-0.0427177368425882,45.69102001041235,0.578120732605615,0.0347487949459384,0.1,104096380,731740.4848484842,0.10213733674456388,0.4398946278630925,-0.766453975419928,-0.4412882431046904,-1.2209452793180504,0.6350821642713187,-0.10611414070412326
2012-01-05,143.49494730065453,145.40284591868448,142.14545079197174,143.194580078125,21344840,-0.0021223137058038,0,0.0239753893622192,normal,0.0390462794339609,0.0127762581865018,0.0024750847619867,-0.0409601931423971,51.59407831324782,0.7733815894799845,0.0315033348643803,0.1,82751540,744052.6060606109,0.49976302522474136,0.574991004259232,-1.442667376499136,-1.1427147293149882,-1.3752322516470492,0.5539381631407616,0.01967803633933154
2012-01-06,141.7181438160192,144.47635498234283,140.28403461158433,141.52777099609375,21137420,-0.0116401687907591,0,0.0240105358130194,normal,0.0331674873565928,0.0153570726005238,-0.0083255753882248,-0.0399258155933954,55.76201326130924,0.779757966685886,0.0304780329930205,0.1,61614120,-1745253.7575757543,0.7682348258994547,0.5572621998646154,-1.6036450095955428,-1.0877701120394767,-1.5082082578877576,0.269302301142723,0.08077867937751958
2012-01-09,140.59284006544507,140.59284006544507,137.49619015766373,138.52418518066406,26127920,-0.021222589702996,0,0.0219850634043792,normal,0.0058978900159687,-0.0170506129573874,-0.0266487355678599,-0.0400468490392145,57.86791731898735,0.5803237568002779,0.0298191704196762,0.1,35486200,-4198047.030303028,0.8880899576496214,0.3752423009479886,-1.6732604084423917,-2.132988499820655,-1.6625747525385746,-0.20125061756649698,0.03401648963167966
2012-01-10,139.5817993516068,144.5736571104606,139.51833313888736,144.05331420898438,28087310,0.0399145392633726,0,0.0239403332668258,normal,-0.0017881933981066,0.035865132145612,0.0110272091075498,-0.0378622365096634,60.04568918800684,0.8055613810922262,0.0293039308341538,0.1,63573510,-5263724.54545454,1.0090893945193082,0.5367134553036307,-1.71229955962325,-1.0494039522546503,-1.3722093406934468,0.7101430230902547,0.2090206415687882
2012-01-11,144.34097491596415,146.6846027028079,143.26645177249355,146.11351013183594,24529370,0.0143016211335669,0,0.0242226686624855,normal,0.0182187855652895,0.0725064802130475,0.0230034120151558,-0.0350220083099792,57.53811656136477,1.0619525112665604,0.0268020087159798,0.1,88102880,-5822151.212121205,0.8051827535691183,0.7261999430205435,-2.1055769314883883,-0.8633271008197394,-1.1282611082233447,0.9914629704197907,0.4693340457330955
2012-01-12,146.4307789493565,150.29735010330364,145.55085027944196,149.2820587158203,25162480,0.021685527786756,0,0.0239520224003282,normal,0.0425119347001405,0.0832181470156816,0.0407089876231141,-0.0311952268844175,65.21792799439785,1.3927416816097602,0.0263262448902632,0.1,113265360,-2754236.303030302,1.3062708808363501,0.9745399272271525,-2.082435535485718,-0.9803652311475917,-0.8886722242620618,1.3956045941414512,0.8541838887849064
2012-01-13,150.33545647941648,152.2856741387213,149.75589477148714,150.27200317382812,20468290,0.0066313692785568,0,0.022567672340942,normal,0.0617845679062925,0.0970012941377498,0.0428815591653393,-0.0273718197158286,64.61943758411627,1.6106138215702774,0.0262614183861994,0.1,133733650,21162.909090908957,1.2241919890087092,1.12940197934161,-1.9980141767103679,-1.674793276782644,-0.6897120772058359,1.4106029873365629,1.2504651368882096
2012-01-16,148.58829060834805,155.24693667001097,147.92835046192576,153.6816864013672,21265790,0.0226900763650224,0,0.0215263495677099,normal,0.1,0.1,0.059827874275403,-0.0226393057709837,71.80908735310497,1.8970416974874145,0.0276803740597994,0.1,154999440,4397190.606060603,1.6486850229296721,1.33307436046236,-1.6744270618289356,-2.1168328141596744,-0.48346835306028146,1.753129272336589,1.7348063543724472
2012-01-17,155.50922163816944,158.41973357078265,155.2596300447218,156.01686096191406,22716470,0.0151948785520752,0,0.0198438748740386,normal,0.0830494377628385,0.081112735908408,0.0682069814408097,-0.0175583991234453,79.95902203824917,2.138527583361762,0.0278412860094188,0.1,177715910,10828942.848484846,2.0770216572629625,1.4883690184468126,-1.588682421167427,-2.746314926918417,-0.2623180662468537,1.8629673967987228,2.21201971368129
2012-01-18,156.5244935727971,158.30126325848664,153.98625854188688,157.82322692871094,21712160,0.0115780176300164,0,0.019275430666625,normal,0.0801412325684975,0.0998200940648905,0.0723457542094758,-0.0124051363682979,80.09674222530069,2.300564145372276,0.0276758011640508,0.1,199428070,16339456.969696963,1.978275215553571,1.5794795429531765,-1.565965169785921,-2.7777283127077688,-0.04356339995661154,1.8856118715592276,2.6067000278581363
2012-01-19,159.06275190404884,161.8082724000863,158.64816880728938,159.4265594482422,17022890,0.0101590402802718,0,0.0185787297421443,normal,0.0679552574481396,0.1,0.0747198134348607,-0.0072932533706575,82.9871650927125,2.38610861471593,0.0274998247200361,0.1,216450960,20199967.39393939,2.0456802001895933,1.614006480770342,-1.5475105420535948,-2.8320201685166233,0.14401003384641767,1.8723449645874297,2.8880944293941146
2012-01-20,160.58570240059643,164.47765576708446,160.34456692888574,163.53428649902344,26377250,0.0257656382035567,0,0.0184225650988693,normal,0.0882551842331806,0.1,0.0917622658798988,-0.0013069585444491,84.5248689321042,2.5736111239045325,0.0281061949690902,0.1,242828210,22469476.545454543,2.0328640669495788,1.721325322507505,-1.4091694557711143,-2.694454840515964,0.43675046318235056,2.1431959758421697,3.0
2012-01-23,163.4539057945768,166.43210569869368,162.53168333752163,164.18153381347656,16830570,0.003957869192507,0,0.0184326855912285,normal,0.0683220470699881,0.1,0.0861442378955401,0.0041048422182974,81.59557520105554,2.588484253047413,0.0266610617343199,0.1,259658780,21718621.03030303,1.7861511245358055,1.691896804732226,-1.5905446208690601,-2.514306875015158,0.6455096884074519,1.9351003836209508,3.0
2012-01-24,163.46235629305497,174.12295007939602,163.01393574095982,172.66769409179688,51131380,0.0516876659707739,0,0.0201656954095761,normal,0.1,0.1,0.127012460112796,0.0118792406320979,87.2823576540947,2.9887383901728874,0.0285917704484497,0.1,310790160,22911993.818181816,2.0076661240776055,1.9060858901710236,-1.2345402887789807,-1.783460651880301,1.1721899427009053,2.5560213785053185,3.0
2012-01-25,173.8902455153085,176.4877122137436,172.59152507622187,174.1229248046875,33818960,0.0084279269526641,0,0.0187851055659253,normal,0.1,0.1,0.1219246600945642,0.0190398944294682,88.40204798797156,3.1540504550912742,0.0286148597589703,0.1,344609120,24588763.030303027,2.0015875136512347,1.9384805751388539,-1.1974605535278664,-2.1535134579497432,1.5295701664246226,2.3109390172921644,3.0
2012-01-27,174.6643966926366,175.13819844890662,170.73012506835877,172.65072631835938,21060520,-0.0084549377285011,0,0.0193625757273265,normal,0.0829483300391389,0.1,0.1006525602166341,0.0245834448050485,88.83134754127823,2.969429037654601,0.0289481203465233,0.1,323548600,23685108.727272727,1.9524470256050115,1.7436368393376673,-1.1165216497862829,-1.857475814535458,1.3234799569120737,1.8399367027297164,3.0
2012-01-30,170.48478536699568,174.18637810139074,166.69012349887345,167.9676971435547,20774550,-0.0271242946651114,0,0.0208835316632367,normal,0.0271099763813609,0.1,0.0636264435216498,0.0275781380810957,85.2583405569678,2.3634786097071085,0.0312285682903084,0.1,302774050,20463962.060606062,1.7148919734303063,1.2998092455014234,-0.7440143421687294,-1.2951616524933185,1.1178703211175864,1.154729006848475,3.0
2012-01-31,170.89515590684482,175.3920649254585,170.23098122645644,174.4275360107422,29751020,0.0384588166477424,0,0.021751414031212,normal,0.062406544507654,0.1,0.0936445310221696,0.0323430736413759,85.57977223712305,2.230937204023832,0.0306350572255021,0.1,332525070,18234343.09090908,1.6815232307028813,1.1827983668087854,-0.8238812376148006,-0.9764893269865567,1.425043301572879,1.6167800915354846,3.0
2012-02-01,173.53068344923108,176.6950083743946,172.81151165162208,175.7854766845703,27568480,0.007785127881096,0,0.0200590725355436,normal,0.0180565485001258,0.1,0.0915386778109867,0.0367842115327223,85.33855983949756,2.071391460643122,0.0305874901270496,0.1,360093550,16871064.909090906,1.6118141624369933,1.0560127218446782,-0.83173813351987,-1.4840872594859251,1.7113901860968983,1.5298384049616482,2.9926122117283693
2012-02-02,177.25343571235524,178.81021696576462,167.7181279424907,175.35821533203125,55330560,-0.0024305839173832,0,0.0199394727584657,normal,0.007094358934812,0.1,0.0797452390751261,0.0403006708677793,83.2255385236343,1.784635030156001,0.0332467623083163,0.1,304762990,11726595.45454547,1.464335509369267,0.8573325035553088,-0.4289853445560837,-1.4830503321016226,1.1853468849651931,1.3027210928694537,2.8724761302798663
2012-02-03,175.1382410069531,179.16556982400627,172.30387300534787,177.9429931640625,24481860,0.0147399871009015,0,0.0197437901577571,normal,0.0306530239319378,0.1,0.0857687305241261,0.044053823396329,83.88065880833682,1.621331411258021,0.0343125067075797,0.1,329244850,7775572.606060615,1.4564782191905015,0.7467620766443982,-0.2770224352685,-1.5333394840684023,1.5022889507607096,1.3737094351257442,2.778079543477761
2012-02-06,180.37968839226616,185.0754131244788,180.37968839226616,182.9771423339844,31648070,0.0282907974088109,0,0.0193374337010041,normal,0.0893591175308059,0.1,0.1042357085876972,0.0488223411773107,84.49735812903141,1.6965840828930894,0.0332958121417658,0.1,360892920,5942092.787878799,1.4312608959790214,0.7809268153259725,-0.4314050159739316,-1.5942041153564124,1.8165668360633007,1.605993340958171,2.7249877629115247
2012-02-07,184.6058691356361,185.14735885675228,181.5176748786916,182.16915893554688,21732080,-0.0044157613794335,0,0.018092405247734,normal,0.0443830320708533,0.1,0.0890541379820308,0.0524312154818351,81.94506003688207,1.540716235900236,0.0330089011397068,0.1,339160840,2614177.3939393912,1.267423785331343,0.6610213209758681,-0.4627832065511696,-1.889537971172074,1.546248232586175,1.3147819956973754,2.6358865065876804
2012-02-08,182.8798527363459,185.12196838636285,181.50075363470103,184.2547302246093,24978160,0.0114485421201309,0,0.0170301679200892,normal,0.048179483878729,0.0671059875662223,0.0909738310606951,0.0560109604137633,82.06737830626017,1.4293056718071409,0.0323663187624558,0.1,364139000,3093804.424242429,1.2291835679786571,0.5671825867880723,-0.544403373051369,-2.0999273692965224,1.743743766398294,1.3000188878307737,2.554512054198626
2012-02-09,183.11674802316296,185.4603888841741,182.54987702547027,184.7835235595703,18499690,0.0028699037159936,0,0.0171585421767298,normal,0.0537488831629173,0.0612245559672326,0.0843861575641673,0.0590220629472908,81.58730086318909,1.24899278836343,0.0318583324835079,0.1,382638690,6190450.181818189,1.1670576368762346,0.4275321885658091,-0.6030595709782,-1.957845507113737,1.8469259256689414,1.1579791476996644,2.4655983981167187
2012-02-10,185.121983078542,186.898740227538,181.9195727763653,183.75979614257807,22965380,-0.0055401444743108,0,0.0174232309022724,normal,0.0326891375439126,0.0643441823912986,0.0703884593417547,0.0610177390191875,77.29200511455223,0.933020610685519,0.0320078563333253,0.1,359673310,6169439.696969706,0.9394103053976971,0.1982159930770672,-0.5574085295468278,-1.795030122615368,1.56467354563358,0.9046746809299827,2.360225547428541
2012-02-13,183.937469353572,184.48742815041803,177.3380670724911,180.1512756347656,56126600,-0.0196371599422794,0,0.0186816950479067,normal,-0.0154438235463356,0.0725352475410681,0.0444582194024807,0.0612868776040826,69.95460325994726,0.3815016000013997,0.0339371685514156,0.1,303546710,1264133.0303030135,0.5818712895216669,-0.1905857353651499,-0.23590695073024087,-1.3914959889327283,0.9908924223276923,0.4701317162659959,2.224329527869308
2012-02-14,180.08780175648445,187.65173219238807,180.08780175648445,186.1499481201172,36543090,0.0332979739622447,0,0.0192253574945127,normal,0.0218521576749375,0.0672050547606948,0.0711532760004272,0.0632340401518998,67.9630725192779,0.3234970289243843,0.0314832423344838,0.1,340089800,326121.5757575695,0.47049393983214777,-0.2543645350518172,-0.6127443659066547,-1.2013839742076575,1.300078423880777,0.8683237429552865,2.148062626943651
2012-02-15,188.4216729660803,191.00644940902825,188.04094023604293,190.4226531982422,26676630,0.0229530285733303,0,0.0194171858738891,normal,0.0334749776362002,0.0832672686602935,0.0858387595018566,0.0660296679110929,70.20034711755888,0.4669739201732028,0.0311370401346154,0.1,366766430,2589403.999999996,0.5483351611806165,-0.18527178069668326,-0.6496500117197277,-1.111711160662726,1.4946724116128196,1.0736864339580867,2.1009598458667225
2012-02-16,189.71192713846133,201.15089737307648,188.6035536323991,198.8580322265625,42827580,0.0442981908225936,0,0.0208646887944066,normal,0.0761675521489602,0.1,0.1196569531382778,0.070859093530706,77.69839375564436,0.993801991652628,0.0327398102886333,0.1,409594010,3419148.848484858,0.8695125289365376,0.15780304616050292,-0.38282294645998954,-0.7011788214074832,1.8091689973599105,1.569208790248979,2.1055611066038393
2012-02-17,201.1128403051292,209.1125134130244,201.1128403051292,204.5013885498047,50345570,0.0283788201062584,0,0.0211833555510886,normal,0.1,0.1,0.135061584559065,0.07646624572811,87.84409876156049,1.5528445159766164,0.0327997305133333,0.1,459939580,7356460.666666687,1.3073396479113697,0.5352324302807268,-0.3577249308991405,-0.5981903932802463,2.1395846374114527,1.7562500157294165,2.1249449004315824
2012-02-21,204.7509551792467,209.404385978775,204.3279160156532,207.49647521972656,27876680,0.0146458011417973,0,0.0209682610038932,normal,0.1,0.1,0.1352848783083142,0.0818456374661849,86.90406536183653,1.930226873152684,0.0315180459815274,0.1,487816260,13340011.45454546,1.2267858696362381,0.7890255709537892,-0.5428639210331766,-0.6379758373423183,2.2435673099505387,1.698829107725313,2.134617510413463
2012-02-23,190.73569956899632,196.55248910362047,190.1138313714348,191.25604248046875,44543300,-0.0782684752695686,0,0.029136037550371,normal,0.0274300068945319,0.0498815694051533,0.0418212397314108,0.0810302020950677,62.95987150044903,0.9419998616429376,0.0392359276305033,0.1,443272960,13906657.636363642,0.052806382126471256,0.013469811382000537,0.6894705140875256,1.5040984378089142,1.7794054764527925,0.1656093538527589,2.0091632616623905
2012-02-24,192.90587895081296,194.85186189067653,185.71421241098,186.61105346679688,36297520,-0.0242867569224445,0,0.028083712799226,normal,-0.0200165246488672,0.0127884002723577,0.0149220876476763,0.0785483502208135,58.80446664320292,-0.1125130317337301,0.0394644651552179,0.1,406975440,12896684.666666662,-0.1732004949456849,-0.8106814343854964,0.7255220506758857,1.2200136867642144,1.4239390616113556,-0.2787329871103056,1.8614640078406077
2012-02-27,187.39792562123168,187.82942099478805,178.61562694077338,179.60977172851562,29408220,-0.0375180441255424,0,0.0295659595521592,normal,-0.0967939805223305,-0.0279989889325104,-0.0209967938895999,0.0739135952339313,51.219820514389625,-1.3034099803196817,0.0419382102098936,0.1,377567220,10996710.06060606,-0.5793774819571159,-1.6837028957813853,1.109692321728715,1.563444721061275,1.1447915736602707,-0.8614965504418979,1.6826488051135113
2012-02-28,180.97615667861425,190.79067085330223,180.26968847519456,188.7812347412109,44586320,0.0510632741438932,0,0.0313994485977841,normal,-0.0768706458184524,0.0273261001810034,0.0261607126251199,0.0724609011344397,54.00514466880269,-1.482283504079234,0.0414325579361375,0.1,422153540,10059163.57575759,-0.45533765832727435,-1.7505145353390266,1.0063173167696213,1.9504472237799826,1.4521043403373313,-0.09890564706359105,1.5849090180685768
2012-02-29,191.63675728861668,193.49812718356583,188.08323059641705,190.1603546142578,35696060,0.0073053864434007,0,0.0304786968381707,normal,-0.0835489884206988,0.0555593011718906,0.0303544646247542,0.0713377899603371,55.47124080789212,-1.5113742165164812,0.0418026388736983,0.1,457849600,6569565.454545442,-0.3828141378715458,-1.6978951961984707,1.037088199162791,1.677397034980489,1.6670803791515425,-0.031074543952887772,1.5005537775675042
2012-03-01,189.001237191178,189.33120728299232,184.99083344607075,187.72366333007807,22623660,-0.0128138764208901,0,0.029813380015013,normal,-0.0184693728081893,0.0084540190628761,0.0154928339217192,0.0693257531171214,52.36367046603423,-1.6851304074406883,0.0429343738798056,0.1,435225940,2411817.4545454746,-0.5310873748964826,-1.7413699574994081,1.17701660112419,1.49674746263086,1.4471225181169984,-0.2641009212369083,1.4027831221626261
2012-03-02,188.37090175569207,193.0750957762767,184.9527505677561,190.08843994140625,31101180,0.0125971151925059,0,0.0298639882366539,normal,0.0186344078231577,-0.0017551129092188,0.0255225405943346,0.068035885166759,53.52644527118987,-1.630192313945492,0.0443586772599147,0.1,466327120,575774.1212121407,-0.4578870909639158,-1.6325639816730706,1.3486185823928352,1.4910573634920843,1.6300511504931552,-0.08951745817616302,1.325472113076404
2012-03-05,189.07314005689173,189.07314005689173,183.1505912889651,184.1108856201172,19686120,-0.031446174860142,0,0.0308975632524048,normal,0.0250605178564844,-0.0741591699431262,-0.0060895290140139,0.0648106936495258,50.21896554316572,-1.963465552038616,0.046558776410315,0.1,446641000,-685681.8181818087,-0.6098166264322845,-1.7864835042518947,1.6127112432442576,1.7061104972250212,1.4512188069151253,-0.5886909848387532,1.2128354459658426
2012-03-06,181.99147710062653,191.4675530201789,178.9371334243373,181.72496032714844,44398420,-0.012959175580154,0,0.0309595583280852,normal,-0.0373780499091209,-0.1,-0.0171942065715877,0.0610307166969403,50.996666150614864,-2.2889068889708275,0.049285133230332,0.1,402242580,-1461552.8484848407,-0.5608447367159771,-1.9152515069438933,1.9194751611045504,1.699688641619074,1.1047568103879486,-0.7556627542050075,1.0946664180892276
2012-03-07,180.6377599223989,183.0744701359672,178.1841374341106,181.1919403076172,35286120,-0.0029331139683381,0,0.0303188076441821,normal,-0.0471623768520685,-0.1,-0.0181996025829082,0.0573545975993734,46.6263693226865,-2.4689142017117884,0.048376145204921,0.1,366956460,-1604318.42424243,-0.7652332804659882,-1.936102030815468,1.7131195245355033,1.5003952493818935,0.8320248832063347,-0.7570194753364001,0.9839141722210596
2012-03-09,185.2911855203248,189.7754040076377,185.1304285448913,188.37091064453125,22974790,0.0396208039095227,0,0.031558592457683,high_volatility,0.0034478728092746,-0.0150851800472245,0.0186918287737365,0.0561570709611483,48.65702642360912,-2.0505416420246823,0.0479457214713975,0.1,389931250,-1998499.696969692,-0.6512572456967858,-1.5940275255948035,1.601413368253749,1.7280017387058226,0.9722059895825683,-0.1680457260561625,0.9278177647940353
2012-03-12,195.05068387265467,196.6751528250396,192.9947066807979,195.5117950439453,36567100,0.0379086366094465,0,0.0325090755713988,high_volatility,0.0285306939454643,0.0476967543550796,0.0515695756639407,0.0570845104197663,47.771954375757296,-1.276804908122335,0.0446443680303026,0.1,426498350,-2171380.363636349,-0.6838989067506547,-1.0665137406506988,1.128587801876382,1.8635951973106732,1.201118921507154,0.3546898132574204,0.9168695825993959
2012-03-13,198.09236665070057,198.828450826774,195.9940826402963,196.92477416992188,18007900,0.007227078681667,0,0.0325193925206651,high_volatility,0.0695987556990196,0.0964034544154885,0.0532341913154321,0.0580774695744876,44.654053787513554,-0.6835247889634095,0.0418075461023538,0.1,444506250,-3559201.2727272464,-0.8209629704863906,-0.6757926641662848,0.7383694853674334,1.791744116686981,1.2849371603215176,0.36471263783075825,0.9074487997322951
2012-03-14,200.55020150384027,200.89286223133595,197.3224102639764,199.2345428466797,22802380,0.0117291929697214,0,0.0324905391368069,high_volatility,0.0963521053355016,0.0553726016243012,0.0589729514109471,0.0593908116135781,44.11357599709167,-0.1756631987714847,0.0409254907430538,0.1,467308630,-1542216.848484832,-0.832233720695473,-0.35361325096407,0.623834337512934,1.7200826744757967,1.3912253912615258,0.4371361396164848,0.9045819837084896
2012-03-15,199.50529215858683,200.3513705707012,193.41353017339003,194.538803100586,27417960,-0.0235689036599807,0,0.0326561129459131,high_volatility,0.073661459611886,0.0230250332421282,0.0306753091230604,0.058860221137394,52.79940602454136,-0.1946380409018822,0.0380783367202195,0.1,439890670,811645.3939394035,-0.40417570832362526,-0.37170736094191087,0.25844023894292284,1.697113687733033,1.1614691682185918,-0.06284231414399408,0.86397504863009
2012-03-16,194.59804948576328,199.2472465802784,187.40638243955024,188.4978179931641,40578470,-0.0310528542950807,0,0.0328247524402495,high_volatility,0.0006737099066869,0.0041239055820299,-0.0012035772483626,0.0563461271542045,51.57154001541917,-0.6282358564702273,0.0403230174865499,0.1,399312200,-338423.4545454317,-0.4834225775472111,-0.6574326926544163,0.5943162168685033,1.678545634880771,0.8531919616642779,-0.6518028082580746,0.7835357857102724
2012-03-19,188.67548834064607,189.26774065475607,181.90686095622823,182.545654296875,22683990,-0.0315768307541095,0,0.0331806590690828,normal,-0.0663189693703948,-0.0396804016428157,-0.0297167452088812,0.0521543080690192,52.48887801152608,-1.2918811536777532,0.0409127777623068,0.1,376628210,-217070.78787879364,-0.458994158317186,-1.095183393067738,0.7183170725297607,1.6936961631176841,0.6700796666679677,-1.225294676357755,0.6694234451737733
2012-03-20,182.75291560519253,186.3783642747732,180.9000020341301,185.0669403076172,26379790,0.0138118106424041,0,0.0316258080129445,normal,-0.0602150435986933,0.005192819991495,-0.0147845040649546,0.0490800023140587,46.45107581593768,-1.521226149265786,0.0381544413650156,0.1,403008000,1118031.0303030144,-0.7787556013096365,-1.2527716682212073,0.3515449269385604,1.3634086456841656,0.8275236891855613,-0.9930270855244688,0.5792418462075489
2012-03-21,184.77508335721743,189.4369712510945,184.13628995758063,188.9166412353516,23060820,0.0208016673390474,0,0.0312721858720176,normal,-0.0517877144389976,0.0395745355797927,0.0051630399920934,0.0473885217722838,48.86523424556764,-1.3780939672608046,0.0373337544071812,0.1,426068820,1279985.9393939518,-0.6707914215042942,-1.1635225833169738,0.2582857089905851,1.2762220544726,0.9595967860924496,-0.6399618619420951,0.5183546725030808
2012-03-22,188.4216714242453,190.84145634863413,181.91532596792703,182.8037109375,30745480,-0.032357818018986,0,0.0316023200909836,normal,-0.0603226296042254,0.0088953770633861,-0.0248206327844731,0.0438923918177593,45.79323586081364,-1.6416544273007236,0.0400500442755182,0.1,395323340,-2876296.242424213,-0.8609296926819912,-1.3241385240572723,0.6946927824986747,1.3190239597015174,0.7130674789355216,-1.2343542871592221,0.41777183855688765
2012-03-23,184.106660728382,186.5433576849028,179.97779410102814,183.32403564453125,30728320,0.0028463574637669,0,0.0266313440735079,normal,-0.0274474389343885,-0.0267922206392249,-0.0199873709859489,0.040848456828253,44.02777890042975,-1.7192451811694371,0.0393298020303334,0.1,426051660,-4168676.545454546,-0.987495924556242,-1.3537312219529058,0.6040663271365773,0.3829532772834179,0.9058651589626127,-1.151844905288365,0.32562594022604385
2012-03-26,182.64296698050245,182.66834830343063,178.52256869680016,179.15289306640625,20093020,-0.0227528406924933,0,0.0265652423210986,normal,-0.0185858230563575,-0.0836721997967542,-0.0384129533064075,0.0367854216754439,45.478414668256775,-1.9716862649917828,0.0393937223971685,0.1,405958640,-4557056.242424237,-0.960793384785418,-1.4815160944490935,0.6351897524958853,0.36795075975822333,0.732244330031423,-1.5145581855312822,0.2081774301369096
2012-03-27,182.3299102733152,183.7597849531448,177.4818842553631,180.14279174804688,38470940,0.0055254406708,0,0.0252205654871993,normal,-0.0266073916356179,-0.0852202699869251,-0.0300421064077923,0.0334170811710097,48.51939484374888,-1.986627301568304,0.0366980592408895,0.1,444429580,-1397528.1818181612,-0.8416009610513211,-1.458603043401806,0.22899929820546933,0.11476656267587869,0.9901654724534149,-1.3790982565154615,0.10281685192889249
2012-03-28,179.36861953478692,179.48706999354613,174.5840472493464,175.9208526611328,24367160,-0.0234366251679889,0,0.0227302629236007,normal,-0.0687911265478654,-0.1,-0.0479896929474795,0.0290753274115795,45.38584875720348,-2.1800040609576503,0.037850172065672,0.1,420062420,1953970.0606060475,-1.0689225307893948,-1.535992342609824,0.4283790818694231,-0.34829663896814256,0.7785959279068367,-1.725079040633711,-0.030245094112316382
2012-03-29,173.44607770238835,175.98007846245653,173.2049422520289,174.4063720703125,25090990,-0.0086088747747123,0,0.0226186175186467,normal,-0.0459363698041038,-0.1,-0.051107915203296,0.0247238253799912,36.43013382742645,-2.297331398936075,0.0358000337606673,0.1,394971430,2681686.1818181737,-1.6144766975009415,-1.5597352623502783,0.10386626997831282,-0.3624922193437531,0.5602448845069562,-1.7751138302759208,-0.17023825237596976
2012-03-30,174.94360874777567,178.51406010539625,174.94360874777567,177.36761474609375,25032100,0.0169789821359704,0,0.0229905873305805,normal,-0.0324912163181215,-0.0590468545767144,-0.0317695635637501,0.0217546932299368,30.80979295310453,-2.069975654235823,0.0335123193102154,0.1,420003530,2614033.8787878817,-1.9460897179400063,-1.384924768851448,-0.25869727939579007,-0.2915302825437594,0.7318397287395629,-1.398242200687251,-0.282963415016336
2012-04-02,177.6764775631547,180.9719567975561,177.6764775631547,180.24855041503903,20297730,0.016242737847433,0,0.0231312933768495,normal,0.0061157669847209,-0.0125837226346685,-0.0145371710995254,0.0199790549089935,32.89356249751516,-1.6389047070937215,0.0330906914153626,0.1,440301260,1890460.484848494,-1.786837213457405,-1.1007887465941373,-0.3205203034634734,-0.25625022916248513,0.8677917007507874,-1.044547039899311,-0.3696503023007013
2012-04-03,181.2299821967605,184.7158338201343,181.2215260608046,183.81475830078125,21628480,0.0197849462729697,0,0.0225754182690527,normal,0.0203836440920162,-0.0067661031449192,0.0044856430221353,0.0194598867831119,34.57990016275359,-1.0552786017416047,0.0326426780176982,0.1,461929740,3333480.4848484998,-1.652246226234505,-0.741312335290807,-0.38685952717208777,-0.35333658458300427,1.0188913270180902,-0.6735786414453396,-0.42660100863391454
2012-04-04,181.90687160927564,184.3604940157662,180.77312955442184,182.9687042236328,15237090,-0.0046027537993658,0,0.0223964220258606,normal,0.0400626273456956,-0.0314844524697475,-0.0001246390002849,0.0186747378461684,37.46448929388578,-0.6858035807758818,0.0314856373107408,0.1,446692650,4768571.57575759,-1.4502340950842494,-0.512007201017969,-0.5738266751435107,-0.381910379190843,0.8705684915387765,-0.7621060597614059,-0.4945031351012694
2012-04-09,181.73766116043444,181.81380512565264,176.83463788906442,177.7145538330078,13896030,-0.0287161152117202,0,0.0233317532610437,normal,0.0189682390810905,-0.027839462767975,-0.0261626304250266,0.0163035393178228,38.11432976977833,-0.749674125360138,0.0301227880903107,0.1,432796620,3146012.9090909213,-1.3753708234251527,-0.5334683439240171,-0.792572524443948,-0.2020741518965651,0.7326837705922199,-1.2554239493892771,-0.6142237237662308
2012-04-10,178.52256821200922,182.499134684942,177.25768495236596,182.00840759277344,19318620,0.0241615200733666,0,0.0221515343784869,normal,0.0261648263879687,-0.0071765169642503,-0.002383052212306,0.0155059728280233,49.38535958620136,-0.4707690976697172,0.0285803829601304,0.1,452115240,4171530.242424249,-0.7309829399344111,-0.3616511595476253,-1.0350742290819426,-0.42676665498349314,0.9078742653041628,-0.8097229012292074,-0.6961315227052625
2012-04-11,179.8043502719614,184.4027843004267,179.123263358293,182.6302490234375,25933200,0.0034165533278844,0,0.0201780949851611,normal,0.0132134133834329,0.0194099905254798,0.0009276154401622,0.01494653030244,47.08562539214874,-0.2249059147166922,0.0284053001559763,0.1,478048440,4956128.909090907,-0.8425598231678613,-0.20966857589349402,-1.0582871502117777,-0.7854478148372739,1.1696434157613602,-0.740237819940721,-0.7762772111598759
2012-04-12,184.0262741240877,189.01389666074127,184.0262741240877,188.4681854248047,33620420,0.0319658787773868,0,0.0215621915085296,normal,0.0253158514965861,0.046215524895395,0.0296945002948716,0.0162016666069317,49.4879815917274,0.320750327116543,0.0279358649739546,0.1,511668860,9265482.24242423,-0.6988654804955187,0.1136654264535058,-1.1410501117030785,-0.5144475646948244,1.5352690048586253,-0.18233294758888985,-0.8003842545415877
2012-04-13,190.3676676440762,193.21049199729973,185.7396170912073,187.17794799804688,27182620,-0.0068459163218961,0,0.0213399465367275,normal,0.0230052663501914,0.0639895451086631,0.0204445102958805,0.0168296248539878,55.6122780598241,0.5700723925743666,0.0275730929604597,0.1,484486240,9652648.303030314,-0.35015894892717525,0.2673981784038087,-1.2082616486282802,-0.5467335758861145,1.2418738264177691,-0.3555901184207526,-0.8458619261901121
2012-04-16,187.1525286585448,192.30514271768604,186.22185021852653,191.64520263671875,20681450,0.0238663511725136,0,0.0215566868844819,normal,0.0783877769335712,0.0988428941085728,0.0403600469597447,0.0186759258587621,59.69444859241561,0.9867184453386068,0.0267506149652686,0.1,505167690,8714266.0,-0.11947198999182419,0.5184612656392807,-1.3452812757931802,-0.5021603794739199,1.5000185560835182,0.03283480648192123,-0.8466788100749705
2012-04-17,194.3442193673744,198.8030564592396,187.92248696473547,194.9618530273437,55740650,0.0173062009640385,0,0.0206454151213017,normal,0.0711694893982719,0.0991964531204669,0.0525142785749672,0.0212093501574164,68.79214400243774,1.4107208511627591,0.028522752270823,0.1,560908340,11149377.212121204,0.3878665988773764,0.7747481155592483,-1.0628054268466969,-0.6693793567049235,2.191731999545551,0.2719941547018964,-0.8158420393126892
2012-04-18,196.54824108879663,197.96542502380072,192.5039872754977,193.9000244140625,18500350,-0.0054463403829685,0,0.0191916309362979,normal,0.0617081532270085,0.0757369419481581,0.0421387599396556,0.0229918351308613,66.32533405955243,1.5344675505412693,0.0283781803054525,0.1,542407990,12220623.333333364,0.26579669016568974,0.8587331751563672,-1.089605061368013,-0.9381137542789587,1.9456661364728114,0.0785700631324164,-0.8071516485224182
2012-04-19,194.3442034424601,194.4965042658044,190.71875444583551,191.9794158935547,19747410,-0.0099051484202316,0,0.0192339138522813,normal,0.0186303617283507,0.0444178566957793,0.0286991428370602,0.0238616258571831,70.15721808042407,1.405230094224922,0.027999439020122,0.1,522660580,12418979.333333312,0.4929512858384357,0.7986929539954892,-1.1534152783049982,-0.9299602974783506,1.6746635204468654,-0.1703734994281632,-0.8295143956658227
2012-04-20,191.63678306827592,193.53200358379567,189.3692988517936,191.25181579589844,19024070,-0.0037899901625895,0,0.018749400780388,normal,0.0217646781654752,0.0452706467338897,0.0223855685498481,0.0243014670382313,71.57105760381727,1.1971341180790005,0.0286241882875914,0.1,503636510,9827721.393939417,0.5891334537942189,0.6949781580576587,-1.058334507144084,-1.0217011334906378,1.4031318444764522,-0.27815580231059356,-0.8641857365154922
2012-04-23,191.6367410992951,192.8635520916353,184.61428840193057,185.56190490722656,21607120,-0.0297508855797953,0,0.0185144783527019,normal,-0.031742499398869,0.0441570535725095,-0.0072719833295483,0.022873182036978,59.8076318289587,0.631108291748985,0.0310961176058381,0.1,482029390,4441262.666666674,-0.05765830749456388,0.37951806558534623,-0.6668346625394473,-1.0662923499030086,1.0713115215723816,-0.8329885428260281,-0.9737993465962017
2012-04-24,185.71846016257007,187.4571452353556,184.0305248226332,185.3504180908203,17626560,-0.0011397103112946,0,0.0185140137483007,normal,-0.0492990540830331,0.0183618468083315,-0.0076091711403228,0.0214826190473982,56.52318963519184,0.2185927809440824,0.0310631099443766,0.1,464402830,-1215497.6363636437,-0.2260254794695049,0.15288046649581308,-0.6933240664852641,-1.066928927655427,0.7803286228387655,-0.8113807927933377,-1.073148625363368
2012-04-25,185.22350368142023,186.72952237869603,180.273952202216,183.74710083007807,24860580,-0.0086501950049912,0,0.0178291514689534,normal,-0.0523616415968233,0.0061153714273107,-0.0146739336815175,0.0197096537317156,49.90892232557406,-0.1654022779051243,0.0321070692947551,0.1,439542250,-6648350.060606028,-0.5874001054064228,-0.05779899404061819,-0.5330237640860922,-1.1794184427925996,0.350979179218275,-0.9259300248478091,-1.1731682760232125
2012-04-26,185.1219910520036,185.1219910520036,180.806985242626,182.9517974853516,19133070,-0.0043282497581387,0,0.0178458072186627,normal,-0.0470238872547074,-0.0292695975557849,-0.0171659499696485,0.0178545459514627,49.97720971178928,-0.4594490687937262,0.0325307286556754,0.1,420409180,-10416721.45454544,-0.5578839039097608,-0.21833955288922308,-0.4769116629516499,-1.1696509079140756,0.012064758484179004,-0.9505554472151418,-1.259266173858962
2012-04-27,182.0760562957209,183.48900557515688,177.76106450519862,179.83395385742188,25322120,-0.0170418857359373,0,0.0174390033594424,normal,-0.0597006720744631,-0.0392353598229511,-0.030784702856996,0.0152303814624248,53.03155372120891,-0.8288755268761824,0.0329334155567056,0.1,395087060,-16272296.12121212,-0.3447603440317382,-0.44194045715052827,-0.4234231644047509,-1.2312193540694025,-0.44396020358479527,-1.196326157476882,-1.3650275308307938
2012-04-30,180.2993007590788,183.58631048677967,179.96086167448303,180.90000915527344,17221600,0.0059279978835184,0,0.0173091513995483,normal,-0.0251231294175595,-0.0560681578959939,-0.0227086642537657,0.0132142715924312,48.25327342907626,-0.9572867245453442,0.0321513667559443,0.1,412308660,-18726121.03030304,-0.6189868056618353,-0.5065817040134226,-0.5611340965046511,-1.2315779095222565,-0.185690716803464,-0.9940504599494919,-1.4307430025010774
2012-05-02,181.4838336029248,183.50596064974084,179.8212924914278,181.111557006836,13934080,0.0011694186890891,0,0.0169448885469469,normal,-0.0228694444158593,-0.0710410565217861,-0.0195520733707915,0.0114758183549013,47.57533634537428,-0.9802535179101964,0.0314848184111324,0.1,426242740,-15578297.878787858,-0.6371713519042079,-0.497500674900655,-0.6793299841296875,-1.2674327447127596,0.03597881153521297,-0.8987425345826758,-1.471145133972845
2012-05-03,179.45326978048865,180.02859701096585,175.60360970669004,176.33123779296875,22939970,-0.0263943355844862,0,0.0176189516907466,normal,-0.0403590750744263,-0.0906074492470233,-0.0412822613890389,0.0084629033973193,29.94553523569209,-1.252260942347559,0.0319836379023018,0.1,403302770,-13282792.181818172,-1.7401775308464345,-0.6737783375050698,-0.5992356318366752,-1.1310082019022074,-0.4003618635329387,-1.3140180559469568,-1.5555799747860612
2012-05-04,174.9097906267463,175.05362241096566,168.03118175370346,168.89840698242188,24320340,-0.042152660547156,0,0.0191585506397662,normal,-0.0768147167510334,-0.1,-0.0744939074002681,0.0035257758717284,24.892504353060215,-1.8325260683178135,0.0337418320637338,0.1,378982430,-11944220.60606061,-1.993654602098738,-1.0826212919267628,-0.29733086962507055,-0.8517967202294014,-0.9051973601823282,-1.9237956616819345,-1.7057937740054128
2012-05-07,164.64687284668832,172.6000051760411,158.72432364947124,171.6016387939453,38693170,0.0160050758312053,0,0.0196743422231025,normal,-0.0457773122755417,-0.1,-0.0543058667125141,3.23135424591392e-05,21.06753489208046,-1.9245461584771264,0.0364538529144709,0.1,417675600,-8021830.484848485,-2.152074775111203,-1.1200477212723394,0.16486501223294311,-0.7594094186505451,-0.19804400701326272,-1.45486518085544,-1.7764492500142204
2012-05-08,172.26158273248265,173.35301828514434,162.68820271898915,165.43795776367188,30371610,-0.0359185440977904,0,0.0202276343985344,normal,-0.0854729165786271,-0.1,-0.0805439276450779,-0.0049314914144775,10.619647699676191,-2.2671991067336523,0.0377188523718879,0.1,387303990,-6154597.878787871,-2.6636461304417334,-1.347789882283236,0.3706344367609592,-0.6646471573973448,-0.8142275702583143,-1.927444045043134,-1.8903260617282664
2012-05-09,163.80078960081715,165.40833345757957,158.72854062203874,159.3250274658203,34001410,-0.0369499864510167,0,0.0204630623086178,normal,-0.1,-0.1,-0.104753851859254,-0.0111741205889162,9.358596368382024,-2.7405752425737626,0.0397255308315591,0.1,353302580,-6168904.969696976,-2.582708243728288,-1.6622204401253908,0.6961506648583047,-0.6334402350922291,-1.5086509387645242,-2.2994349984339957,-2.03222504257114
2012-05-10,159.90882162727078,163.5215801010943,155.02694552148483,155.9449462890625,41622790,-0.0212150045132296,0,0.0205799706837093,normal,-0.1,-0.1,-0.1132963625253663,-0.0176836368214547,9.04814605052293,-3.0904206087909705,0.0427470834383449,0.1,311679790,-8764248.363636341,-2.464085487818695,-1.862509352930167,1.176008587465472,-0.6294689381509095,-2.2557059803877615,-2.3408661229916055,-2.1588261515465166
2012-05-11,155.59382134855386,159.46886218775205,154.07089047099004,156.8291015625,36830270,0.0056696628808901,0,0.0186658040095922,normal,-0.0714589653955587,-0.1,-0.0989783124171576,-0.0230605660982256,11.01855790953188,-3.065322507695287,0.0430686965592878,0.1,348510060,-9076357.93939394,-2.2425330010945075,-1.7733004393791805,1.1891007107383476,-0.9870700633866989,-1.5071102434461043,-1.972633064425551,-2.223919245652218
2012-05-14,157.45517342915576,160.38259705492226,153.43630159004107,155.65725708007812,29719730,-0.0074721111754559,0,0.0186625622282344,normal,-0.0929150900068779,-0.1,-0.0966158462831296,-0.0280809581189138,12.274595331271186,-2.93075540026456,0.0427950225572723,0.1,318790330,-11826180.545454515,-2.074029505087789,-1.6073028560345672,1.105022146460484,-0.9956588925248172,-2.020461274498435,-1.844468943056869,-2.2633270012929243
2012-05-15,154.49393508729912,158.36050701449673,154.4093220755333,157.40443420410156,26559600,0.0112245144029783,0,0.0176785784471801,normal,-0.0485591315811949,-0.1,-0.0788897268125071,-0.0318282410008741,16.06052025507971,-2.541664546618541,0.0425580432758992,0.1,345349930,-11054382.181818174,-1.77888315549128,-1.263718327593516,1.0327079678393383,-1.1691908413889867,-1.5750360484427897,-1.4504178202854872,-2.2526388425274044
2012-05-16,155.17077697305416,156.08454321533478,152.48870993244108,154.63775634765625,28987000,-0.0175768736785257,0,0.0165656323774682,normal,-0.0294195531782953,-0.1,-0.0868108232878147,-0.035911609619578,15.619165363072211,-2.295710637317102,0.0426081953404845,0.1,316362930,-10123133.272727275,-1.7287492739735784,-1.0410527061788748,1.0070543493158757,-1.35211508236653,-2.0961773057572692,-1.5425827204042808,-2.2506395004982873
2012-05-17,155.27230781944684,157.53979167962575,154.2062407988011,156.38490295410156,28710190,0.0112983183907389,0,0.0172890114909271,normal,0.0028212306683126,-0.1,-0.069716130470135,-0.0388016168888116,19.3120320365488,-1.8590713810308117,0.0416838945631494,0.1,345073120,-7823328.848484829,-1.4699793499205394,-0.683813422205315,0.8250203063120215,-1.206562816979216,-1.528888621106046,-1.1897278215127491,-2.212940790994577
2012-05-18,153.99049606886413,165.57753249773887,153.99049606886413,164.18572998046875,88722070,0.0498822257072775,0,0.0219474777008162,normal,0.0469085669985616,-0.0279024360629025,-0.0211382876312322,-0.0386279978735499,33.68906473465363,-0.9352346531432384,0.0422523846511115,0.1,433795190,-1599680.848484862,-0.6467925526262852,0.04741018298483923,0.8905526291146153,-0.3719146159181972,0.13573368778265538,-0.2380099419415766,-2.096041576866841
2012-05-21,165.83138426567103,171.75393370373072,165.83138426567103,170.01947021484375,38849830,0.0355313475481027,0,0.0239709246108785,normal,0.0922681884814209,-0.0092200085629798,0.0123267357625003,-0.0364148725094392,39.68399236253152,0.1221356688783901,0.0424057263262562,0.1,472645020,8658196.363636352,-0.27451245522275636,0.9149573288310286,0.8869084191258066,-0.0155639278948759,0.8618294924166949,0.5058540103315085,-1.9407742128757466
2012-05-22,172.17696775612256,172.6000069889386,163.38621301461086,164.03346252441406,41395000,-0.0352077775731539,0,0.0242892981616611,normal,0.0421146224617587,-0.008489558613049,-0.0211415031801505,-0.0363293255153231,35.405995064875825,0.4531860898560049,0.0463608861589485,0.1,431250020,13967094.484848484,-0.5079530921470099,1.2452182151172655,1.4827374251416248,0.03204265545806416,0.102371067758789,-0.17193689034180354,-1.866471903346452
2012-05-23,163.56388050252977,167.00741283552688,162.48935733271568,165.4083251953125,34534760,0.0083815987892945,0,0.0244793914007503,normal,0.0696503176329192,0.0381816832311372,-0.0117194384269143,-0.0356713436611657,40.08903536437932,0.7803597052672906,0.0455480709118112,0.1,465784780,18360266.969696976,-0.18879851265121822,1.5249873906970846,1.3137561569069567,0.08111554691579423,0.7490813784672788,0.07218925863302819,-1.7827693888203366
2012-05-24,168.68202931038027,170.06042409260692,165.87352545815142,169.3841552734375,32104050,0.0240364568919393,0,0.0253268062490493,normal,0.0831234478122942,0.0861791889008305,0.0108766362563506,-0.033654031495076,50.47024712717028,1.2521614984833516,0.042940626567903,0.1,497888830,20366296.181818187,0.49155016508699906,1.852392122283106,0.8789019648830453,0.24514202522362447,1.3102496663257444,0.6149800180616576,-1.6656709634909486
2012-05-25,169.06109551870446,173.8510427874836,168.35896954164747,172.894775390625,29159720,0.020725788144235,0,0.0259099325697691,normal,0.0530438632589584,0.1,0.0287096020970125,-0.0306146786926226,51.23260152269128,1.7573382597851772,0.0386051723085714,0.1,527048550,24161127.63636364,0.5409291222055387,2.1338910836066973,0.19352803172889604,0.3660378434478863,1.7723325328900648,1.0132861284175807,-1.523770253511187
2012-05-28,173.93720511311025,181.51842344932464,173.7606088152229,181.02737426757807,35316050,0.0470378521188907,0,0.0279029155129119,normal,0.0647449614966113,0.1,0.0692467805141778,-0.0251835492955221,64.32205775319025,2.5479101612061683,0.0360654566333848,0.1,562364600,25736870.84848486,1.3618201561236931,2.547229588767664,-0.20160230898516757,0.7536801589000902,2.2687356058911,1.9108926511635134,-1.3191665716707508
2012-05-29,182.20761802324137,185.21426382843023,181.32027228261475,182.6512908935547,48415290,0.008970558361943,0,0.0279411859764282,normal,0.1,0.1,0.0707985049154218,-0.0198502423553414,73.35639979807931,3.0547430235651465,0.0347583329061625,0.1,610779890,28771672.666666668,1.8725360822092882,2.6855029918840465,-0.3950303011779678,0.7750000759587697,2.8519841108045227,1.8876477773752516,-1.1233296293674842
2012-05-30,181.0445531205315,182.46603862534863,179.36462765617577,180.76026916503903,32384070,-0.010353180200723,0,0.0280528737258633,normal,0.092812401985203,0.1,0.0537199466081945,-0.0157690587169845,75.61109737526314,3.1258872055237776,0.0330639938146208,0.1,578395820,24890271.15151516,1.9294659747415799,2.5342491461243752,-0.645437591318294,0.8059507398314433,2.1907583626620495,1.4639826408962822,-0.9677456972091281
2012-05-31,179.1923437175429,179.963391377252,175.53096169446812,177.12904357910156,40737620,-0.0200886267912229,0,0.0277713711379163,normal,0.0457238062979472,0.1,0.0293609292373211,-0.0133472551364387,69.82668046093357,2.802040393730905,0.0336738055765648,0.1,537658200,17524674.06060607,1.5353828610401021,2.184878434305762,-0.5224870061635196,0.7641492386937042,1.5107987726881889,0.9183273000605291,-0.8642873943697046
2012-06-01,177.465043979099,179.2354368630545,173.76489564050263,174.7340850830078,26260160,-0.0135209813574374,0,0.0261421681642341,normal,0.0106383185277127,0.0642464792999604,0.0139516817262539,-0.0119693420425036,68.19731163623396,2.320106724984055,0.0335320836535864,0.1,511398040,12307144.666666657,1.3981486466416304,1.7956613693693793,-0.5204413914817992,0.4753867383036022,1.082406291126715,0.566301644053389,-0.7934471704230638
2012-06-04,171.62840393675992,176.95247919419435,170.0647759363024,176.2503662109375,29318990,0.0086776493962776,0,0.0259867858676197,normal,-0.0263883187610047,0.036648132053465,0.0205391919027142,-0.010236460713093,68.05660045794747,2.008669219123872,0.03443368315824,0.1,540717030,10338180.969696978,1.3532077650982715,1.5424341865284374,-0.3409463116843781,0.4685554951032304,1.466865226943517,0.695799674875689,-0.7106126707822297
2012-06-05,177.81395969732907,181.7768730892172,177.55551968324946,179.4292755126953,32970970,0.0180363273569217,0,0.0246467576353819,normal,-0.01764025518296,0.0938577577486046,0.0351066154133052,-0.0076670060340742,73.56700305970975,1.921948356173492,0.0340667740992073,0.1,573688000,6582851.878787885,1.6082651504600387,1.4366460387327937,-0.3773801696363144,0.22728248000968385,1.8680321352796934,0.9900947692685185,-0.5995102464417511
2012-06-06,180.91539373403023,186.7736091126082,180.5707982422508,185.9336395263672,33459450,0.0362502941344802,0,0.0236032714225528,normal,0.0286200633868536,0.1,0.0652610192404004,-0.0033202677320649,75.7594388463638,2.188463824221347,0.0344158329386267,0.1,607147450,5228380.060606054,1.6657151291743413,1.5351032251432597,-0.28455215979707954,0.04677121369588347,2.2159782210202317,1.603368491428665,-0.4269885768885227
2012-06-07,188.065836201556,188.58272936852504,185.7871603733238,186.769271850586,35579490,0.00449425034839,0,0.0226066583011359,normal,0.0544248875096495,0.1,0.0629572703150911,0.0007193229697155,72.40876743489576,2.2956566350167837,0.0308996177951533,0.1,642726940,6241390.787878809,1.4328300912516954,1.5350985016361336,-0.9194011739722322,-0.12660876585916528,2.5169972472844084,1.5405975405351369,-0.26092950501368534
2012-06-08,185.35639739993243,188.8067159184845,183.62908228312853,187.759994506836,29803650,0.0053045270586189,0,0.0226098915041319,normal,0.0745470433982025,0.0859784171188844,0.061660006330797,0.0045244706581848,69.47498546884138,2.30203510340574,0.0298271424884351,0.1,672530590,9068423.03030304,1.235312210754786,1.4814490019565847,-1.0885069770002396,-0.09436720793293316,2.678984878437474,1.503332106283819,-0.09720174475689074
2012-06-11,189.5303841136605,191.0724664549406,185.69670397318345,186.4978942871093,28149690,-0.0067218803613714,0,0.022581237057755,normal,0.0581418824622894,0.0302192971735049,0.0490760869355979,0.0073982041814184,77.51440076340562,2.095874028625471,0.0285590302428372,0.1,644380900,10951002.303030318,1.5983530647380468,1.3211505381795272,-1.2859672529156359,-0.0671609972934404,2.196135112493944,1.2448164845489065,0.04026410673261915
2012-06-12,185.65362504733463,190.55126033799905,183.7238564165604,190.06021118164065,38566440,0.0191011105414802,0,0.0226846665762169,normal,0.0592486127950349,0.0405631969631341,0.0621233446972988,0.0109755385976004,78.6579871261443,2.070410698617909,0.0288916466392668,0.1,682947340,17170754.606060598,1.6003418766922242,1.2675149741121596,-1.181617964381726,-0.006531833294470748,2.46686171747179,1.4928305929485246,0.21195790764262598
2012-06-13,190.3918905126256,193.3209912623226,188.324291529954,191.77459716796875,31091980,0.0090202256204463,0,0.0217614615925924,normal,0.0314142059311073,0.0609333458829568,0.064434967593318,0.01455858853985,77.47357266160631,2.036890525930815,0.0287617176021273,0.1,714039320,22052738.121212117,1.489154327451545,1.209146977137058,-1.1656766113046426,-0.19047062539631812,2.6031957861547745,1.489535693087989,0.3914338684588366
2012-06-14,190.564191412324,191.14139602839217,184.7146001007573,185.24441528320312,33236270,-0.0340513393389952,0,0.0239827239619236,normal,-0.0081643867445322,0.0458161549349609,0.0254365241644773,0.0155635593516005,64.10787123224623,1.4692861169323237,0.0303801944964048,0.1,680803050,20761829.21212122,0.805864355237657,0.8686371521413825,-0.8316094686474389,0.4255028315630406,2.126818390241177,0.6613612314096091,0.47049991353044945
2012-06-15,186.8123355485374,188.6559486445376,184.96441073752376,188.07443237304688,28244050,0.0152772059849535,0,0.0220297304740413,normal,0.0016746797795599,0.0763465656039672,0.0370428172413737,0.0172529404857118,59.160104882760585,1.1906800477480144,0.0280498934217135,0.1,709047100,17525738.42424243,0.5473725146978431,0.6916921344680022,-1.2293677085555426,-0.051688814189043183,2.2678481111449433,0.8777885021479167,0.5785053549318189
2012-06-18,190.9087789724536,192.27856349897377,179.33019420347532,179.8772430419922,53583960,-0.0435848149460077,0,0.0236863500619891,normal,-0.0354998713010923,0.0205779818165825,-0.0073854293944864,0.0161058675606142,46.92041456843796,0.4013731767567918,0.0328073060530605,0.1,655463140,10925739.333333328,-0.05936317368591491,0.24287548249919444,-0.32280159436090733,0.47251930775983436,1.6647168515651531,-0.03056134807140024,0.5675375447758136
2012-06-19,179.87723323130822,182.31959616315388,177.12474232891384,180.97134399414065,37168690,0.0060824867762345,0,0.0219051450897523,normal,-0.0478209885751087,0.0085942969843637,-0.0012196529217251,0.0153886451326648,50.238543678170096,-0.0746206633766748,0.0333621166730247,0.1,692631830,7160326.060606075,0.10187444872589967,-0.034212735410989015,-0.19937938241401293,-0.006847373332492413,1.9231457088754844,0.08817323672715065,0.5712836617450311
2012-06-20,182.09562269394988,183.2328113262859,180.62246204671067,182.3842315673828,25115340,0.0078072447386361,0,0.0219010667948042,normal,-0.0489656385113469,-0.0190896492319833,0.0059478606280776,0.0151462514661,56.25259614071878,-0.3087692890076918,0.0320779850336521,0.1,717747170,5553727.03030306,0.3902957842812239,-0.17858300003471564,-0.422511841376464,0.0172763617419777,2.041839865184851,0.2268298377178843,0.5931650803717117
2012-06-21,180.9325992214412,188.23813030018488,179.6231128951421,187.6652374267578,34033180,0.0289553861865734,0,0.0221508126869267,normal,0.0130682597899305,0.0047971787183953,0.0316292902144361,0.0165141872804557,64.39671000683595,-0.1315015415824914,0.0323721333556522,0.1,751780350,6834846.606060619,0.7751399836181356,-0.0976197339671244,-0.34655096220259635,0.12472387074753727,2.211083336950565,0.730986126057425,0.6840840677011328
2012-06-22,184.9644130090641,188.195044395385,183.3706427457628,185.89483642578125,35627920,-0.0094338249600836,0,0.0220769527524011,normal,-0.0115890071806378,-0.0099337352770685,0.0197704139331715,0.0170875759237141,60.67711483092901,-0.1553632440686079,0.0318876280797655,0.1,716152430,6837675.575757567,0.5796679309698409,-0.12982188404876782,-0.4244483503722993,0.11894268306430417,1.8107963399328857,0.4702341445687833,0.7343102769857399
2012-06-25,186.1791500716193,189.5303914676603,181.05321711329324,182.20762634277344,43573040,-0.0198349247020637,0,0.020176032585589,normal,0.0129554092634009,-0.0230043773991951,-0.000413182415958,0.0163807764044088,53.04160037738948,-0.426010292699992,0.033689629197649,0.1,672579390,2058397.6969697103,0.19721070866290952,-0.30542177748179894,-0.06497083028960686,-0.5029309204500602,1.387459630993506,0.03875561411806137,0.7181922920272019
2012-06-26,182.03531976870605,183.65493409633635,180.5793797290084,182.0439300537109,26383570,-0.0008984052553023,0,0.020078912081032,normal,0.0059268281701272,-0.0421775871871918,-0.0011864868731606,0.015654494176821,45.05526735183803,-0.6113164673672773,0.0320449825732896,0.1,646195820,-1930687.8787878589,-0.20388621822039624,-0.4357269205375113,-0.37042436101667936,-0.5204869641826525,1.1272712544091832,0.005516069461276759,0.6952012845154361
2012-06-27,183.3361717137856,184.22351739882168,181.1996512130117,182.0697631835937,19443200,0.0001419060216683,0,0.0199299715322627,normal,-0.001724208179,-0.0506054197359358,-0.0009453433568968,0.0149725781748242,43.90023532617877,-0.7199299410537976,0.0321300000946988,0.1,665639020,-2340963.636363663,-0.27350637357297586,-0.5192494152449336,-0.34921612453336626,-0.5527183491959338,1.2449310261008644,-0.0001877570682092845,0.6707616200801314
2012-06-28,182.4660650623605,183.02173734682032,178.6797613608812,180.76890563964844,27841960,-0.0071448302079324,0,0.0194283217834802,normal,-0.0367480513795256,-0.0241600246717964,-0.0073192044805148,0.0139220900991838,40.99833156902452,-0.857805651234087,0.0320310158195673,0.1,637797060,-5898972.787878803,-0.42635230701875904,-0.613223575057363,-0.3645686930547589,-0.6982128961067365,0.9819837716470032,-0.13660566032512242,0.6269905273146819
2012-06-29,183.49988006407705,186.94588720143057,183.2414268996807,185.99822998046875,25872690,0.0289282292345378,0,0.0200446404686191,normal,0.0005561937957796,-0.0110392591187512,0.0193200844965919,0.0145711900885341,49.41627194105188,-0.5880986270028865,0.0314381572939215,0.1,663669750,-5641522.90909091,-0.018376012241499113,-0.45741349451954894,-0.4742787423891996,-0.47840734144299407,1.1562387280641893,0.4172090503902301,0.6647636198101782
2012-07-02,186.9286377440655,189.29776745149564,186.084369747241,187.97537231445312,23629020,0.010629898651143,0,0.0200768299736741,normal,0.0316548000072689,0.0450203101599151,0.0272052833422244,0.0156859794206427,47.47072953288684,-0.2832713911672679,0.0297669374497259,0.1,687298770,-7117452.909090892,-0.12477602087792616,-0.2785475384344664,-0.7876092758790718,-0.45437971674200656,1.301326347519383,0.5714467595119874,0.7232337796185205
2012-07-03,189.0995999516429,189.8749461283359,187.5618164508816,188.4405517578125,23044680,0.0024746829205966,0,0.0197798243896428,normal,0.0351377917528714,0.0412728755769955,0.0268381808195341,0.0167333787701873,45.82879623450068,-0.0682553411534909,0.0286762457656527,0.1,710343450,-5244374.121212118,-0.21448230750659567,-0.15623438385774613,-0.9881761474380478,-0.5339547464421347,1.4311737280469636,0.5452880441553458,0.7740756074771361
2012-07-04,188.6774885889945,192.10627492885047,188.6774885889945,191.6669006347656,33471910,0.0171213087992847,0,0.0184894610300193,normal,0.0527113194599722,0.0508962259928333,0.0400193170459546,0.0185622115419228,58.75924196338341,0.2555642512658642,0.026928590288088,0.1,743815360,-85885.0909090902,0.42965905103996344,0.03208318347269622,-1.3086160351628566,-0.9364620493443879,1.6263417098307653,0.8017760652737886,0.8595893582282611
2012-07-05,191.24480851710013,192.9462668556576,190.5728380972661,192.41213989257807,18782280,0.0038882000770315,0,0.0184851080035258,normal,0.0644094968198771,0.0252945219418854,0.0397000318999847,0.0202981239217847,56.2726390114739,0.4716835358759432,0.0263349744373572,0.1,762597640,8049992.545454562,0.2964605279203458,0.15583208094482556,-1.4033760911431248,-0.9228743898994021,1.6953830409493216,0.7776082303822217,0.9368544304708396
2012-07-06,192.6059560931604,192.6059560931604,190.0214507957144,191.481689453125,21904250,-0.0048357158751652,0,0.018518719013398,normal,0.0294812454571855,0.0300538365387803,0.0312669630303936,0.0214371707456408,71.24603370159369,0.5009553600805958,0.0225969010300935,0.1,740693390,12484779.575757578,1.0230861558325919,0.17168813773534086,-2.0358545788164815,-0.8891142405370422,1.4715742008922141,0.6023600480659274,0.9845030346207062
2012-07-09,189.3580745624264,191.16722022864604,188.8928562872038,190.3444976806641,21137340,-0.005938906094409,0,0.0185020306940461,normal,0.012603381693256,0.0446571392274404,0.0226935145203577,0.0219945870148909,67.13383030484938,0.3972448110601698,0.02175396978978,0.1,719556050,12564285.272727244,0.8041290232537769,0.11072666711264288,-2.1106442014367164,-0.8733379917573392,1.2682655313164615,0.42409181268947727,1.0036464543601709
2012-07-10,190.7192439669724,192.52838958721853,190.56416683068144,192.0287170410156,17667680,0.0088482692217195,0,0.0181175482692327,normal,0.0190413647685274,0.054848228031326,0.028632918749911,0.0229005766933927,67.45665119839956,0.3947706310386087,0.0214045444587751,0.1,737223730,11279163.8787879,0.8104376443007768,0.11540349265502602,-2.100519179524435,-0.9714777665127007,1.3497882139404953,0.552487365326574,1.0407129190046898
2012-07-11,190.8226365003832,194.0575797591195,190.40049591300064,191.14138793945312,24675290,-0.0046208146116653,0,0.0180433679639004,normal,-0.0027418020199213,0.0498249934378827,0.0215565051394042,0.0233276596416602,57.4818924232264,0.2908691690809841,0.0196511553065842,0.1,712548440,8840962.30303032,0.32828005273343314,0.06402971108538966,-2.284333992976718,-0.9735454887454296,1.138755830316872,0.41979668584813773,1.057775661273005
2012-07-12,189.0910099906484,192.8686901553468,189.0134648482681,191.35675048828125,19749170,0.0011267185571359,0,0.0161673231680699,normal,-0.0054850458234393,0.0585711619549162,0.0205005567209288,0.0236714289983837,62.59934756194588,0.1985499934697534,0.019267270210725,0.1,732297610,5055258.484848508,0.5871883288179576,0.021495685879236528,-2.2341356753391652,-1.5289374266118037,1.241451144199221,0.4072257010588452,1.0731651714985149
2012-07-13,191.41706941159435,192.4164145624467,187.0449508084565,187.67384338378903,17027690,-0.0192462878633474,0,0.0164868252226915,normal,-0.0198862151269463,0.0090087599408674,0.0007777684895402,0.0227705172012167,62.6117771975926,-0.1309011035138616,0.0184633387603326,0.1,715269920,920156.3636363968,0.5970498279647486,-0.16540526817570822,-2.246989718753341,-1.3944312401064325,1.0869821487683702,0.002708966531771752,1.0316255183359517
2012-07-16,188.2381102578853,190.9001471976945,187.6565940158661,189.4829864501953,18541930,0.0096398253149567,0,0.0130053845022805,normal,-0.0045260632220328,0.008020274768868,0.0094228698677205,0.0224454651383865,65.952324236031,-0.2409233623393092,0.0183503845242797,0.1,733811850,-1253756.3636363745,0.772457585423513,-0.21908120308019974,-2.1552179731866996,-2.332948802708233,1.1777931485512037,0.18967288571626,1.0190894458471875
2012-07-17,190.822650319296,191.542010112409,187.9883151572528,189.452865600586,13473830,-0.0001589633463858,0,0.0129944359725088,normal,-0.0134138866317553,0.0053720594284532,0.0083728884642382,0.0220681797599564,65.82942553192925,-0.3244727410271428,0.0185530610113678,0.1,720338020,-3190088.181818203,0.7588409143548788,-0.26091217764907215,-2.02036783692431,-2.21844957733382,1.04925846567923,0.16201827685738976,1.00219531928925
2012-07-18,189.09961290641493,189.75434943057743,186.2782002499408,188.2811889648437,20777200,-0.0061845284420901,0,0.0130629011739585,normal,-0.0149637867834016,-0.0176645610624945,0.0019327007961906,0.0213048365751133,66.19610536835958,-0.4591615191976692,0.0183400467218399,0.1,699560820,-4149407.45454546,0.7658130085120153,-0.3368111704262294,-1.95379757486551,-2.096960803787441,0.876564358591619,0.02278816809214543,0.9655945240332945
2012-07-19,190.74939829313809,191.0207734392713,185.5674659529631,185.92068481445312,20951570,-0.012537121543413,0,0.0117286298006641,normal,-0.0284080162312383,-0.0337372427838964,-0.0096261428389756,0.0198530886583929,49.809216473605645,-0.6936645466007163,0.0182948702047993,0.1,678609250,-4462968.969696947,-0.05253404101689069,-0.47525394752580796,-1.8692707989013493,-2.3303480308765616,0.7066012592423782,-0.22304016853520608,0.895235349296396
2012-07-20,185.30902607978047,187.2474049586675,183.24572577018844,183.6721649169922,19267410,-0.0120939738346216,0,0.0118508942766186,normal,-0.0213225156721147,-0.0407847066653576,-0.0195865024050023,0.0178417418697478,39.55237648565076,-0.9697086002831056,0.0187918935808575,0.1,659341840,-6269722.363636365,-0.5546569225801129,-0.6384075689533947,-1.7258366788905914,-2.1864734231689975,0.5498216549636312,-0.4323473246297912,0.7980722989720793
2012-07-23,181.94916715690684,182.96574605859223,179.7738804941225,180.3252410888672,15895700,-0.0182222702587383,0,0.0117174001841529,normal,-0.048330172185328,-0.0526374899925183,-0.0340063133267838,0.0150184307304008,32.71568306923723,-1.3252064897499225,0.0197685753492895,0.1,643446140,-9366590.545454515,-0.8726605261862777,-0.848672374353161,-1.5374688416826119,-2.12034766314101,0.415523883679251,-0.734984246338316,0.661907619288453
2012-07-24,180.484603881836,182.19037354566703,179.2268056316348,180.484603881836,16448600,0.0008837520028062,0,0.0117206198187553,normal,-0.0473376936807983,-0.0601165978561106,-0.0300902292618299,0.0125534622030456,22.604430136050297,-1.4850852829263932,0.0194732353526183,0.1,659894740,-9465872.666666646,-1.3312266464365623,-0.9371568737588724,-1.5172258442846969,-2.0310586328964892,0.5080048487567546,-0.6488173493617351,0.5434923003332774
2012-07-25,179.73510395415315,180.4630739426012,177.55550570386202,178.3610076904297,17127660,-0.0117660794645765,0,0.0119928104850811,normal,-0.0526881167946433,-0.066863489832311,-0.0376986757188172,0.0097181562720289,17.753858415397232,-1.656281005006953,0.0199276169593716,0.1,642767080,-11207089.030303044,-1.512810406454359,-1.0286858408765347,-1.4112270557651505,-1.8965150011499063,0.36374375192494823,-0.7994937091102824,0.4081237682143556
2012-07-26,178.76159167605624,179.51971733164305,173.07567555009894,173.79934692382812,24636420,-0.0255754372868253,0,0.0131457216669616,normal,-0.0651962846561261,-0.0917522037746368,-0.0567122179115998,0.005824525702307,15.217597495059591,-1.9774121822242308,0.0220368550686015,0.1,618130660,-12129664.1212121,-1.5980964693495472,-1.2070323396744291,-1.1186614424555918,-1.5842323854750453,0.16266646470555535,-1.18620386933264,0.22206084801064338
2012-07-27,176.6940182472628,178.0982571931392,166.39906158159351,167.21749877929688,42134890,-0.0378703847915833,0,0.0133892849713125,normal,-0.089587151897141,-0.1,-0.0843743409664965,0.0003888548441746,12.53301981708151,-2.5001024876156315,0.0267958271507181,0.1,575995770,-15101843.454545436,-1.6910781128602235,-1.5013896005699938,-0.5236087634237042,-1.4796095652154384,-0.17428872368639856,-1.7496184946289493,-0.03848618421410217
2012-07-30,168.10053721563582,175.7463656219844,167.21750313675423,175.03562927246094,34443090,0.0467542604705675,0,0.0174584902101569,normal,-0.0293337293462951,-0.0762461973414789,-0.0377558336070344,-0.0019590325170331,27.034558930579948,-2.1970546252140117,0.0281882249334696,0.1,610438860,-13271008.606060572,-1.0283214060959045,-1.3135075376635896,-0.3382763481112972,-0.5697473841807237,0.06087972897208247,-0.7930187403990445,-0.15049724726597646
2012-07-31,175.5740327492796,176.17276953941231,169.56075512363827,172.73968505859375,48379270,-0.0131170106532614,0,0.0175295890192313,normal,-0.0429117977748,-0.0882181459172426,-0.0457994736363996,-0.0047085991129639,26.04300591667088,-2.032785433727056,0.0297847605593319,0.1,562059590,-13481868.181818156,-1.1061941252125702,-1.2219282977613868,-0.12803022560416777,-0.5427676637476052,-0.33762183047128325,-0.9891140903724706,-0.2837545911152531
2012-08-01,173.16185392714593,176.15987637410717,172.75263533256145,175.17776489257812,19820020,0.0141141847813219,0,0.0173490950282787,normal,-0.0178471900280835,-0.069594971990071,-0.0293428533334052,-0.0063358852565351,30.08907754155308,-1.6573638026552882,0.0291928390864,0.1,581879610,-12078255.99999998,-0.9531799464717065,-1.0238815444906322,-0.18095800498253053,-0.5695173175266145,-0.22016032144574232,-0.694753578527276,-0.3671144915075305
2012-08-02,174.88482718653748,174.88913890114708,172.089258662939,173.2781219482422,21311770,-0.0108440871220204,0,0.0172937672172102,normal,-0.0029990042241895,-0.0679997649472304,-0.0362092079636777,-0.0083218070073405,31.470376579688025,-1.4423220020544971,0.028571800362117,0.1,560567840,-11807436.424242403,-0.9292423272183202,-0.932757593725431,-0.23312429774866744,-0.5681481057443288,-0.4475897890874206,-0.9215386585114733,-0.47351212192844133
2012-08-03,171.52930661684016,173.5409190382753,170.14659995364573,172.76126098632812,20063360,-0.0029828402807161,0,0.0173001191232227,normal,0.0331530028107178,-0.0594042321850731,-0.0354938707196036,-0.0101856282419023,27.735756674447916,-1.247542759364718,0.0287196149886728,0.1,540504480,-12484670.969696945,-1.155495741528685,-0.8536960350079964,-0.1883514221198828,-0.5605990887934791,-0.6723691665771548,-0.9706282694597504,-0.5803149316985939
2012-08-06,175.29834269669578,175.50079609944945,173.2307441053373,173.87255859375,16064040,0.0064325624915981,0,0.0174845795022275,normal,-0.0066447653174686,-0.0357835789163714,-0.0265742652922833,-0.0114279111001888,29.83604148786634,-0.9689256666615949,0.0282015900939883,0.1,556568520,-11904945.636363642,-1.0882629873398542,-0.7172887145832868,-0.22908157435503534,-0.5151478285172986,-0.6006135634833936,-0.8215636427080562,-0.6649602022865658
2012-08-07,174.12670807646143,178.49452772131104,173.2695181472436,177.5770263671875,25271900,0.0213056493986087,0,0.018188026858235,normal,0.0280036478412757,-0.0161098368066457,-0.0052820380398083,-0.0113105289087618,36.99904741077361,-0.4846677627069349,0.0283167329043292,0.1,581840420,-7797117.636363644,-0.749378288041217,-0.433303951531891,-0.18695224574322547,-0.3639031198150597,-0.42476784607839535,-0.3223942481060801,-0.6904829523434473
2012-08-08,178.58930215161317,179.9633983925342,176.8835324939249,177.53826904296875,22909420,-0.0002182564096924,0,0.0182035443492584,normal,0.0134749073424822,-0.0046127719175533,-0.004978020966213,-0.0111789113250156,39.21045726370836,-0.134683006714579,0.0273680131601948,0.1,558931000,-5134625.39393938,-0.6704217508980955,-0.227574369345913,-0.2886150078605849,-0.3676836398402785,-0.7542993907527095,-0.3705122725661097,-0.7256587451362958
2012-08-09,178.09395165575876,179.23543882701134,169.14294914338325,169.608154296875,42898490,-0.0446670725632368,0,0.0203417040011615,normal,-0.0211796365871475,-0.0241151229917453,-0.0449272817586162,-0.0135101663074703,34.207212156124854,-0.3905058629917084,0.0312126949206142,0.1,516032510,-5438283.878787884,-0.9789386245891781,-0.4272497605350446,0.2774667580086868,0.08954171101179006,-1.3453180074275153,-1.5385426363510342,-0.9017144920362528
2012-08-10,169.11276652673752,171.783413596575,161.6177052439138,162.6299591064453,108902910,-0.0411430406713544,0,0.0216497145602331,normal,-0.0586433661229445,-0.0274345669941304,-0.0768169047338181,-0.0177019783676037,31.62787381815421,-0.9509872133045,0.0353046926009558,0.1,407129600,-13253540.424242398,-1.1197556530281545,-0.8188849740667125,0.8986046469716689,0.37795373425803314,-2.577769410090865,-2.326763462682768,-1.1886925862683058
2012-08-13,162.99613188034704,164.63299312686988,160.11010884476326,164.24961853027344,53428630,0.0099591700860479,0,0.0216626787670627,normal,-0.0553447889724817,-0.0616218011556833,-0.0615790892823155,-0.020797725755164,33.640108715774886,-1.122178759378197,0.0356346669594062,0.1,460558230,-13811439.393939354,-0.996377995336167,-0.9173905850393919,0.9875713344461245,0.39140386795069987,-1.9512014130963582,-1.8193496646896015,-1.4164144334875417
2012-08-14,164.63298030465597,166.2655165631655,163.5173240339441,164.5769805908203,36635290,0.0019930765348263,0,0.0217032138089025,normal,-0.0732079258354408,-0.0472543669684509,-0.054331154149255,-0.0233301071354393,35.588201134373776,-1.1203105805221036,0.0354852701849107,0.1,497193520,-13779599.575757563,-0.8878515368148391,-0.8919511865532865,1.0454258461870503,0.41264293227726595,-1.5829618636782394,-1.5830335159810274,-1.6161851417927877
2012-08-16,165.23604740807536,165.73140831259843,162.82383974571076,163.20721435546875,27216820,-0.0083229515478665,0,0.0217053466612522,normal,-0.0807209328149499,-0.068333732562748,-0.0566132953695351,-0.0259040163752963,38.13342769617899,-1.1158232004411972,0.0342353333762204,0.1,469976700,-13124723.515151525,-0.7428670523545322,-0.8627890147967239,0.9286894354018332,0.4266501353212917,-1.9069962633194715,-1.5905015410653907,-1.8159354713620481
2012-08-17,163.2545734339824,165.16710827466213,162.16477430073013,163.43118286132812,28632600,0.0013722953776513,0,0.0217378947565173,normal,-0.0364190711298878,-0.0568273650256627,-0.0503153270920082,-0.0279945753764164,45.053444488300414,-1.005677776943104,0.0303874016159506,0.1,498609300,-10972455.030303054,-0.3513012201911489,-0.7614001225806868,0.3382057083299048,0.45257169448245954,-1.5701590348252057,-1.3791693237642304,-1.9728452191795451
2012-08-21,163.92653219297878,165.23170666119813,162.75057771350515,164.98617553710938,19716500,0.0095146632885882,0,0.0219653658273293,normal,0.0144882065002664,-0.045004796820938,-0.0374954345070708,-0.0292226434152838,34.302197260015376,-0.7478469477833993,0.0274827130042982,0.1,518325800,-8331285.818181807,-0.9279440947051264,-0.5605876839075467,-0.14291442068906993,0.5267417307662877,-1.3331212919868576,-1.0206951768539851,-2.0558983184139
2012-08-22,163.685319020137,166.52827719010753,163.4268658873265,164.73204040527344,25303710,-0.0015403419771905,0,0.0217573925075093,normal,0.0029371263039559,-0.0525702173040038,-0.0353972295738944,-0.0302761103664406,36.63936266794708,-0.5247155013683695,0.0260028974097029,0.1,493022090,-5730550.484848486,-0.7726977919978089,-0.38010003383184715,-0.3858216345738154,0.517531274884482,-1.590539320979859,-0.9396694046231806,-2.093826193430487
2012-08-23,164.89570815623176,166.2611939386427,163.69390977658935,164.7061767578125,21831520,-0.0001570043532351,0,0.0217456187676292,normal,0.000785019669995,-0.0724803758272262,-0.0322723490637845,-0.0310990041171969,30.998809424924545,-0.3192661893315911,0.0256370980757175,0.1,471190570,-1865572.242424224,-1.050022908049488,-0.20269270848850143,-0.4298907063224963,0.5569631963707292,-1.7673484263873025,-0.8338315566223871,-2.0894060445742983
2012-08-24,163.68533062187714,164.02562748995516,162.2681565786552,163.15550231933594,18012150,-0.0094147922622034,0,0.0217096722138805,normal,-0.0003168489599987,-0.0810122054313361,-0.0375901898050015,-0.0322156733191328,31.396426207809384,-0.2322518792093015,0.0255959808803913,0.1,453178420,830840.727272716,-0.9961906429101275,-0.1018896359478449,-0.41705009977609553,0.5953702636104732,-1.8907818870754047,-0.9425141634268266,-2.083040199873931
2012-08-27,162.84535949057428,163.6336409361293,158.3612545474556,158.90399169921875,20736720,-0.0260580278303818,0,0.0217349103652341,normal,-0.0277009018893946,-0.0631111319030105,-0.0570406889385685,-0.0344756128899421,27.606776825757223,-0.3958634741947548,0.0271250126342304,0.1,432441700,818109.9999999914,-1.168904325379393,-0.1963836457480398,-0.11244964839712632,0.6510927429934221,-2.0382799129746356,-1.4028026457993563,-2.124737797651885
2012-08-28,158.7101573132399,160.19623987130817,157.67204617830544,158.87814331054688,24599940,-0.0001626667045646,0,0.0202492204944512,normal,-0.0370214789613609,-0.023069647293232,-0.0520304347048825,-0.0363451594443333,24.888198802206688,-0.4374115962805716,0.0270326123088409,0.1,407841760,-6783407.69696969,-1.2762166870364646,-0.19983489989051245,-0.11058555154668868,0.2937878240292166,-2.2105970013770473,-1.2289475589627465,-2.1324194168368003
2012-08-29,159.29165264809254,159.9636228953563,157.18097619730383,157.6461944580078,18804350,-0.0077540486492913,0,0.0166370100025703,normal,-0.043014376133708,-0.0402035884853426,-0.0540312649945623,-0.038266030293668,13.607019886222744,-0.4762482415268456,0.0261372421674036,0.1,389037410,-11857340.787878793,-1.8219281579484583,-0.20377730563572236,-0.25847197885717943,-0.6603417587831528,-2.2828068942108577,-1.2364475584256436,-2.1324016714621905
2012-08-30,156.9656167324232,159.11937111444183,156.37549013502587,158.490478515625,21627450,0.0053555625654007,0,0.0166803142899047,normal,-0.0377381004437203,-0.0369827059248819,-0.0445092921892771,-0.0395359142275821,16.21333261157875,-0.3777637045567061,0.0258465863494454,0.1,410664860,-12442323.090909086,-1.6196808192606176,-0.08755114279922291,-0.29206641527843014,-0.6226409078437908,-1.9759907352091115,-0.9601716316499505,-2.0926254940132796
2012-08-31,158.43015163489957,160.65713923276616,157.53850739824617,158.2880096435547,27903670,-0.0012774828744702,0,0.0161390586415135,normal,-0.0298334570798253,-0.030140853339975,-0.0415556696857737,-0.0405789081376585,22.33682921536179,-0.2643119597631935,0.022732645025446,0.1,382761190,-15314946.181818182,-1.2489918593232023,0.0531846081228345,-0.8727200235287669,-0.7489031936618515,-2.119913487575517,-0.8592986320635837,-2.0380825679909913
2012-09-03,159.37781418164514,160.67006672906388,158.73168790793576,159.43812561035156,15997080,0.0072659702360702,0,0.0162970760435515,normal,0.0033613624517616,-0.0244326522091239,-0.0314006472545395,-0.0409653526603939,39.09341558893887,-0.06050516204838,0.0190815718188732,0.1,398758270,-14349003.575757569,-0.3002245000224536,0.2966630825815215,-1.5317303669964797,-0.677974869304336,-1.8771668563181636,-0.567425731375859,-1.9552762224260996
2012-09-04,160.23931787109373,162.11308671722932,159.46397159119695,161.5315704345703,17181080,0.013130139458205,0,0.0167434664209612,normal,0.0167010204722557,-0.020938754967152,-0.0169336183668776,-0.0404560655411572,41.0036444002699,0.2495894906539604,0.0180171314137193,0.1,415939350,-9921162.303030284,-0.16904388981517043,0.6765932529477544,-1.664144327098646,-0.5256986027423057,-1.6505387305633301,-0.14578067213733753,-1.8403592467161138
2012-09-05,160.25225618850698,160.84238281597493,157.4049990602202,157.67636108398438,19033670,-0.0238665998245062,0,0.0171890088192533,normal,0.0001913565124758,-0.0428312507022355,-0.0366899808455968,-0.0411689776672006,31.48402449040421,0.2298495603915853,0.0190820687584007,0.1,396905680,-6977387.333333325,-0.6890084547009303,0.7297486229339433,-1.4078750795223296,-0.3738562550648157,-1.7353773813088702,-0.6725136370999278,-1.786587773698542
2012-09-06,157.39638584578086,160.66578379904172,157.39638584578086,159.7181396484375,19561570,0.01294917355028,0,0.0166146945089565,normal,0.0077459614250041,-0.0302844568890061,-0.0219602813697227,-0.0409587119320515,40.96386970521334,0.3802186219045786,0.0189999465723066,0.1,416467250,-3257004.9090909045,-0.09792689040448375,0.9888191875375917,-1.3717959225337837,-0.5188570556565045,-1.5074740963085338,-0.22057914703015843,-1.6990825902263578
2012-09-07,162.65152011668033,163.8576172127425,162.19061356210668,163.00042724609375,24267990,0.020550499804725,0,0.0175613625662482,normal,0.0297711596295313,-0.0009504740633182,-0.0016841294630429,-0.0395187214725534,49.03696840519512,0.7076259025200136,0.0191156594786944,0.1,440735240,1249589.0303030447,0.44202142011376744,1.4928082692457854,-1.3033384733658655,-0.21816704718971158,-1.2595285087616974,0.43638398090739755,-1.5699201024649143
2012-09-10,163.59915255079972,164.11605878152855,159.92484866347831,160.33837890625,19432850,-0.0163315420997312,0,0.015086035186583,normal,0.0056464116876195,0.0090267537756152,-0.016302937878189,-0.0390238010424354,40.099113530043496,0.7478676233554493,0.0201948487893644,0.1,421302390,3464587.757575768,-0.10300217786749091,1.6093139894906652,-1.070204955059073,-0.9334520319553627,-1.3690124162454602,0.0014105964052311675,-1.4886792055997011
2012-09-11,158.9556828556559,161.2602026615864,158.94707257054284,160.0411834716797,18557340,-0.0018535514491142,0,0.0120734654614536,normal,-0.0092265986078202,0.0073203282521969,-0.0164283198679089,-0.0385546438683056,40.025683653697655,0.7552248432349327,0.0198805297941837,0.1,402745050,3162393.878787877,-0.08808250960873053,1.6590391674148417,-1.092303348239838,-1.7756018636926152,-1.4645275750985254,0.026341575974648073,-1.4143817650191486
2012-09-12,161.10082707986138,161.7038756751298,158.95138442243294,160.18763732910156,19625090,0.0009151010648942,0,0.0118186231532569,normal,0.0159267770251216,0.0161211812301038,-0.0140701793207295,-0.0379587026517694,40.44110858827304,0.7681763685558209,0.0199449386199782,0.1,422370140,2738814.424242402,-0.05388394459136174,1.6487927334058328,-1.0460741745258426,-1.7887751835915582,-1.2595522091799358,0.10670601294366103,-1.339557390622152
2012-09-13,159.72241534990243,162.39307596885266,159.72241534990243,160.89405822753906,16407420,0.0044099589095392,0,0.0118650897356908,normal,0.0073624610309757,0.0151654517951189,-0.0088044912582663,-0.0370628815978535,45.03873778815666,0.8179403148314752,0.0199606486644607,0.1,438777560,4247982.060606074,0.2536712056449167,1.6581324071641124,-1.0106621475830102,-1.7036074197128928,-1.0901177283858332,0.28260833456872275,-1.257197052690956
2012-09-14,165.3221781348918,170.1465931221132,164.63298726140872,169.84506225585938,37985040,0.0556329060683002,0,0.0172170785429208,normal,0.0419915157610708,0.073012811509411,0.0417411836421079,-0.0330998398649488,69.89972347079126,1.4124546481614977,0.0205825594450486,0.1,476762600,5628056.303030307,1.8323051399702766,2.2761488291409164,-0.867889002452285,-0.09439384784043048,-0.7580892869237859,1.861811752348632,-1.0586066968350532
2012-09-17,172.81725338728077,179.95478527483436,172.81725338728077,179.15359497070312,53902050,0.0548060249218262,0,0.0208542950087155,normal,0.1,0.1,0.0885881647931436,-0.0263834840253354,77.56824986887793,2.336839922455293,0.0225374746974696,0.1,530664650,9875303.333333343,2.2508724701591607,3.0,-0.4865945917249156,1.0142607496212173,-0.2984209217154815,3.0,-0.7572913691033102
2012-09-18,179.1923704140577,185.81732121196865,177.52105485595845,185.17550659179688,44354080,0.0336131218694133,0,0.0218147552192737,normal,0.1,0.1,0.1119228774797849,-0.0184519315699005,83.1174466744717,3.204453497395988,0.0239313485392547,0.1,575018730,16088403.93939394,2.4666391299712322,3.0,-0.20676915241066185,1.3091883402183968,0.08669744017495254,3.0,-0.41093574214856465
2012-09-20,181.6907205947694,186.07577465641336,180.91537424903456,182.926986694336,31870400,-0.0121426420742433,0,0.0221343871783929,normal,0.1,0.1,0.0882208155699344,-0.0122786420720434,78.43610824347797,3.4558987177778704,0.0251691027275457,0.1,543148330,17365972.848484866,2.085757441643173,3.0,0.0532035188086132,1.3810800050043064,-0.1618979053696973,2.556489610086035,-0.13736244439092918
2012-09-21,184.00813935922093,193.19175035720124,183.9392176478576,190.6675567626953,42035570,0.0423150799575215,0,0.0235567638307949,normal,0.1,0.1,0.1199476132075669,-0.0043469023105249,82.05547069301817,3.937564069789937,0.0268244172964079,0.1,585183900,20467857.51515153,2.1667337714778174,3.0,0.3935502295015153,1.7518168010940274,0.19993927670285772,3.0,0.20907227937846593
2012-09-24,190.8226415027545,194.0791171322924,188.16490276598768,189.379623413086,29149940,-0.0067548636562867,0,0.023462943521025,normal,0.1,0.1,0.1006026625880514,0.0020833495001386,79.56115771205454,3.9531247456290153,0.0283390734409206,0.1,556033960,21552561.15151516,1.9301307689490175,3.0,0.7105619938852215,1.6721000134847428,-0.030305824263343488,2.4170537541519224,0.492005319298569
2012-09-25,190.66758616230683,193.4071555976937,187.1181897798988,189.22886657714844,30847570,-0.000796056266353,0,0.0221935031971768,normal,0.0562381771244551,0.1,0.0893798483455869,0.007569924035865,78.43628550051328,3.7392863015713744,0.0297258359757757,0.1,525186390,18261586.484848488,1.7853379665577656,2.6376190557584054,1.0015116582486467,1.277942195354809,-0.2767201814264491,2.0553934519095143,0.7317653857196855
2012-09-26,188.49656808026515,192.9763741364819,187.07078386763564,192.0287170410156,28369700,0.014796106505905,0,0.0221203956058401,normal,0.0370092706932674,0.1,0.0945014587022132,0.0131692750208922,86.05012682226956,3.572652972806479,0.0299541605889288,0.1,553556090,14021694.000000011,2.071366947117675,2.3551093130483274,1.0583478325303277,1.2355319487402048,-0.02004808381407426,2.0632723054702526,0.9718517522859552
2012-09-27,192.9763886499192,195.12153270254984,192.13212063030832,193.6009826660156,27464560,0.0081876588524214,0,0.0217404880990586,normal,0.0583511277617854,0.1,0.0926958686648831,0.0184400772659323,85.91129180938711,3.3578576948814987,0.0296457483224461,0.1,581020650,10760195.151515191,1.9637517873263122,2.090011092135311,0.9972964736847928,1.1128409569377178,0.2327262613627674,1.9454434725435135,1.1915752297643025
2012-09-28,195.5092053691987,196.25009738531767,191.75305728790508,193.028076171875,22346820,-0.0029592127387542,0,0.0219236812067345,normal,0.0123802887562962,0.1,0.0802583066752062,0.0227236286667311,83.76444847687914,2.9795822536344385,0.0298660500708611,0.1,558673830,5450570.363636377,1.7781547493472185,1.7672622851730992,1.0336879352978487,1.1441462043922357,0.06221173253585599,1.6467444334943637,1.361977534085525
2012-10-01,193.1831598895509,196.3104023474383,192.9936284502276,195.5738220214844,15900770,0.0131884744442183,0,0.0217655973465657,normal,0.0327078409850212,0.1,0.0847420433580088,0.0271202653363349,89.72422747981626,2.71090447302892,0.0291579230749236,0.1,574574600,2087308.1818181651,1.972074147775088,1.5428523267370307,0.8802520987292267,1.0746413887883144,0.23251242940590922,1.6876426102366873,1.528965089956816
2012-10-03,196.5042453137646,198.3478585573004,194.10064803804727,197.8783416748047,25948710,0.0117833748376974,0,0.0217498502327682,normal,0.0457090678294047,0.1,0.087423975153289,0.031511130266727,90.81027544388276,2.5034317241298485,0.0295164948854526,0.1,600523310,2547300.1818182003,1.9333304157446443,1.3739038435427793,0.9347469645776704,1.0456500606542,0.5061236763293924,1.6906809161800596,1.6854310365232064
2012-10-04,199.006906167915,202.36675776710592,198.51154528598568,202.0824737548828,24480430,0.0212460446378071,0,0.0218655430724577,normal,0.0523554855168866,0.0913023945459259,0.0989593236099872,0.0364544944171945,91.54991431603264,2.4607201676388923,0.029516016805205,0.1,625003740,6452755.393939379,1.9076974722726017,1.3094761926837706,0.9068417348052679,1.0520275124643745,0.7697908326421203,1.8364920233400672,1.8493552691482469
2012-10-05,202.45293024572425,203.5341192499714,173.1877120006937,201.54405212402344,39747760,-0.0026643657950884,0,0.0205348906036985,normal,0.0410280430844225,0.1,0.0860980179729342,0.0403855641303314,90.4501134530544,2.215249567586961,0.0394033396307968,0.1,585255980,5459578.727272744,1.8020305010690318,1.134530067684423,2.6292913110149065,0.6815324796796851,0.4223198991339568,1.5519894096615923,1.9569642773368576
2012-10-08,201.6344697511436,201.6344697511436,194.81137805961228,195.5135040283203,18144560,-0.0299217368716598,0,0.0226219271963501,normal,0.0128759914398786,0.0254156886882241,0.0482490093794516,0.0417684001017695,77.11840061748845,1.5000178193612062,0.0397311537003833,0.1,567111420,5768674.363636355,1.2211294290949484,0.7046980125391361,2.4983635227789405,1.2064612259990424,0.2819135641861738,0.8652880463973686,1.9592779654100274
2012-10-09,197.6198742813196,198.66229712150545,194.46677490689297,196.6420745849609,19485380,0.0057723406996845,0,0.0225140578489623,normal,0.0054621449457543,0.0383486408990982,0.04887568810338,0.0431331569708144,72.33713309023732,0.98130189770559,0.0373548447348112,0.1,586596800,5416339.939393947,1.0019409382848907,0.3969875942397387,1.977799646675958,1.1449401995287796,0.5114151350984116,0.863869800382933,1.9585519018002508
2012-10-10,194.52708372572903,195.03105485160512,191.12415468816408,191.5592041015625,21841000,-0.0258483363447343,0,0.0231829867495326,normal,-0.031934457908623,0.012314915618141,0.0196505041489312,0.0426035293653541,58.3539605443188,0.2143139931121922,0.0373100362337476,0.1,564755800,1445714.9090909036,0.42105569599670895,-0.04689426657096171,1.879666518936673,1.2744361452100876,0.32640933910522557,0.3460287886559647,1.8900441912959305
2012-10-11,191.856424618083,196.74113764543768,188.7894806908245,195.3153533935547,29460140,0.0196082945197491,0,0.0231417564663585,normal,-0.033486923608904,0.0171153377639714,0.0357335651620129,0.0431064913166057,65.59648959688455,-0.1044820796507854,0.037613306818711,0.1,594215940,493690.7272727268,0.7211604110687656,-0.2315995625749721,1.847225726991959,1.2212736305004463,0.6821611410127879,0.6188045279748698,1.8599230426695386
2012-10-12,195.53505681169432,197.6672789399818,193.41575668407336,193.98866271972656,17758970,-0.0067925570149873,0,0.0233686241633679,normal,-0.0374875334929136,0.0020024694522329,0.0258943421443573,0.0429700093996254,54.98644176833433,-0.4497852146049865,0.0356564088502235,0.1,576456970,-88880.54545452505,0.28638881091023677,-0.4290445188248369,1.4716057126601507,1.239065307758255,0.5377487091727379,0.43943433426461276,1.8084842698831332
2012-10-15,193.6655896590064,195.5307351023993,192.1838056461077,195.082763671875,14254380,0.0056400252303876,0,0.023355101439729,normal,-0.0022031233013087,0.0106445007418012,0.028577007974194,0.0430077878712886,58.61305643315882,-0.6380866840473578,0.0345164352294907,0.1,590711350,-1328410.8484848596,0.44500757028438687,-0.5341556440562145,1.2432179740596667,1.1976035469710617,0.754088563441056,0.4799449474751418,1.7652022165756571
2012-10-16,195.59964290887183,196.8531294022157,191.589353731331,192.0157928466797,15137550,-0.015721382901638,0,0.0213728839795485,normal,-0.023526408313407,-0.0181927680199135,0.0112115502774658,0.0419540852821267,53.86817979271891,-0.982207028176168,0.0346863849597622,0.1,575573800,-2721907.9393939404,0.25504354116838523,-0.7256511548109312,1.2318464906584516,0.6594722427619025,0.6193197165247833,0.17131399611464623,1.6872970166025678
2012-10-17,193.510524032646,194.3461818040418,189.71131120451287,190.7967987060547,21075700,-0.0063484056313969,0,0.0182203566642996,normal,-0.0039799987637429,-0.035787357569369,0.0043336133943925,0.0405139588524274,48.2116505533949,-1.2857800638779562,0.0344322759235052,0.1,554498100,-3547186.181818185,0.016957598181911865,-0.8909851236392542,1.1540805591574137,-0.20187103579635932,0.3969747484545234,0.046118433116152484,1.6002032340511796
2012-10-18,191.97276218182284,196.74116472368263,190.13344739894185,196.2673492431641,24274450,0.028672129586081,0,0.0178168825464925,normal,0.0048741475417508,-0.0287759962735423,0.0298804790876747,0.0407366017345971,53.47715848160195,-1.1181833658384264,0.0347517427080178,0.1,578772550,-858493.5151515099,0.2299691133307703,-0.7926344629629689,1.1707172850004728,-0.34885790276365886,0.7382571751930911,0.4812111467868673,1.5696108400059532
2012-10-19,195.56091445278207,196.4094942769975,192.4595026217728,194.5055694580078,19700000,-0.0089764282849387,0,0.0176882652393748,normal,0.0026646234425982,-0.0349228002108659,0.0186338920946131,0.0402440666357699,51.8688231985829,-1.1230541616647267,0.0348656213446859,0.1,559072550,-1333818.9090909108,0.14891261165828748,-0.7986926184944221,1.1524827543865386,-0.4277280549219225,0.510718508831479,0.2686159840756433,1.5143184736705266
2012-10-22,191.85641380419136,194.6907615790616,191.70564838714984,193.05821228027344,13785660,-0.0074412120011136,0,0.0152284391709338,normal,-0.0103779101418043,-0.0125581696274607,0.009990739523443,0.0392304590051089,46.72716451664514,-1.21314352236766,0.0350042995009512,0.1,545286890,-3453351.8181817974,-0.08739252532421764,-0.8550700601819801,1.14010249911104,-1.1912596316770232,0.36392800432279715,0.10455470746913052,1.4434575807381427
2012-10-23,192.97638550992025,195.3842812427324,192.1622600737232,192.5197906494141,14004630,-0.0027889081976875,0,0.0151514237720942,normal,0.0026247726567827,-0.0209633871298776,0.0064863013476206,0.0380400350535525,42.6926639904716,-1.2911524527801026,0.034721831197179,0.1,531282260,-4773208.545454533,-0.282479240539862,-0.9066777006018605,1.0586391456579005,-1.264559190997559,0.20337233160137164,0.029612301734292384,1.36887711793989
2012-10-25,192.95913786693856,193.8680289526635,189.0996141160538,189.474365234375,28767350,-0.015818765461806,0,0.0156071151808467,normal,-0.0069311093301782,-0.0108835222873557,-0.0085441689589774,0.0359597544288954,32.245527136709995,-1.5145485735626654,0.0353854706152966,0.1,502514910,-8447780.84848486,-0.7604872763454235,-1.0456036702211373,1.133646375393185,-1.1600468412867455,-0.1747464279949634,-0.25453833500530637,1.268460886280412
2012-10-29,187.1913839932899,189.91373228684253,185.8129761332585,186.74771118164065,21364870,-0.0143906224431021,0,0.0155329469845562,normal,-0.0485034219814582,-0.0438656872747248,-0.020684217346873,0.0332095836740562,30.37364621303969,-1.793564568660135,0.0258635042368844,0.1,481150040,-10569265.333333332,-0.870886614608752,-1.2264307579003912,-0.49185795254128506,-1.2156299544289972,-0.4582560758634673,-0.5020763423437742,1.1499253879741278
2012-10-30,186.85971621575268,189.5131430681737,177.94747994674313,178.7012939453125,45981440,-0.0430870996244863,0,0.017934168773937,normal,-0.0812535885565339,-0.0788054753307988,-0.05723426565394,0.0283028149742785,28.83177194824816,-2.4282225059144973,0.0289237151416053,0.1,435168600,-15012263.939393908,-0.942760916509851,-1.5904726779215281,0.028907548603325447,-0.4547516660247975,-1.0807656175645697,-1.1596550322793506,0.9709710159930898
2012-10-31,178.50314434394204,182.1731498907564,177.25828125981914,181.7983856201172,25377620,0.0173311093972967,0,0.0185500845697078,normal,-0.0583234793649167,-0.0680961136787146,-0.0371449903504145,0.0248504157688247,32.19304661970361,-2.535832989080353,0.0287136059574183,0.1,460546220,-15408150.424242403,-0.799680295555689,-1.6362050783711002,-0.0039441552757929505,-0.26455167696959586,-0.6918335716514674,-0.7978267111466789,0.8421654788165077
2012-11-01,181.9491557933422,183.03465634476035,180.78182467453664,182.2506866455078,14382330,0.0024879265228225,0,0.0182151119435264,normal,-0.053340510963918,-0.0508557450218123,-0.0315443991260796,0.0218900016233649,37.43752669337413,-2.4704639034880347,0.0273626767205455,0.1,474928550,-14450957.030303031,-0.5706263791824332,-1.5734794963707541,-0.22953180608118365,-0.3770435080384843,-0.4627631359307992,-0.6944710225650556,0.7319987197223378
2012-11-02,184.3613488615296,185.99819670070968,183.0777067001707,185.4339141845703,17604300,0.0174662032700823,0,0.0185058216454042,normal,-0.021324526116273,-0.0281078328245252,-0.0132543704116534,0.0201885744582903,36.454869085417656,-2.120189293733492,0.0252735344248459,0.1,492532850,-12718633.333333334,-0.6207140996300254,-1.3557051214165972,-0.5754148754039603,-0.291369850478512,-0.19186864549217797,-0.36882286572658707,0.6622263229350064
2012-11-05,184.61119524824664,185.5502421006528,183.34479983115057,184.7705841064453,12145950,-0.0035771777834812,0,0.0175987209233214,normal,-0.0105871555944923,-0.0585770643005676,-0.0152099588649542,0.0184353786277016,37.13012608350351,-1.850349375414296,0.0245732937695556,0.1,480386900,-9279425.393939365,-0.6006398344577826,-1.1893648546202904,-0.6802061657259043,-0.5848796669446018,-0.3547441770499546,-0.41244551457008005,0.5919008727791211
2012-11-06,183.5817012447152,187.5919905067815,183.5817012447152,187.2172393798828,15070250,0.0132415843423863,0,0.0180315529039206,normal,0.047654637784416,-0.0374710611034636,-0.0019635386631703,0.0175774409602229,39.41815288441683,-1.4423804976578476,0.0245052469616891,0.1,495457150,-5138983.818181813,-0.5059535599657975,-0.9506009614264094,-0.678614100974095,-0.44938279324903635,-0.12049552307350155,-0.17663098434631236,0.5496234276938949
2012-11-07,186.8037215851689,192.089029631825,186.4720350270096,190.9949188232422,28982660,0.0201780533452589,0,0.0176472954527517,normal,0.0505864404227545,-0.0106874161563034,0.0164155376317747,0.0178989088374874,48.65234301036889,-0.8809911369103562,0.0241526562002995,0.1,524439810,434381.87878788967,-0.09032844673464313,-0.6292810685591015,-0.7232010980698246,-0.56939401578848,0.3220008275509202,0.1561927883256824,0.5436853854178543
2012-11-08,188.58270931602704,195.2938146516036,188.00120620820385,193.1745147705078,27559100,0.0114118006944612,0,0.0178058734860264,normal,0.0599384744500179,0.0034008146325381,0.025279159032157,0.0187603839415395,53.06118840730037,-0.3528477459141211,0.0248628709302936,0.1,551998910,6830021.090909091,0.10275212266483182,-0.33001242902109035,-0.5950314504736677,-0.5157688621823593,0.7332083877441038,0.3105264385328187,0.5539404451614616
2012-11-09,192.68347379386165,195.50488660927783,185.05056818952588,185.65792846679688,62456180,-0.0389108589848959,0,0.0189765066911697,normal,0.0012080545417576,-0.020142232765141,-0.0132418289836574,0.0171879265618213,37.0245032521833,-0.4912119217690381,0.0273493854572526,0.1,489542730,7650025.333333344,-0.6423339757801995,-0.4066962669423943,-0.16731695365884666,-0.132518081368219,-0.1872676994795836,-0.413536291840518,0.489786597907235
2012-11-12,186.5237445129801,189.09102926639684,182.98728340847347,188.6947326660156,31728480,0.0163569863366315,0,0.0188002542284133,normal,0.0212379507189823,0.01042594563572,0.0026217837622435,0.0166659052586499,43.10818915484334,-0.3654645508105221,0.0277245144092075,0.1,521271210,8933587.81818182,-0.3714266196186941,-0.34248471995329965,-0.08403163995367853,-0.17465464016754884,0.25979690118678783,-0.14634958108447405,0.45671635361138624
2012-11-15,185.3951570111277,187.9796620246996,184.2235142124896,185.54161071777344,17207000,-0.016710174702243,0,0.0190745119482589,normal,-0.0089501835817018,0.0382779364460241,-0.012803510012077,0.0152060552099251,41.43178973542992,-0.4749627222712492,0.0287677798523002,0.1,504064210,5726840.121212113,-0.4573896104493349,-0.4117668147300043,0.11442567546902935,-0.07254827626872248,-0.010943682551209977,-0.4618105777344819,0.3945823998283754
2012-11-16,185.5416313008592,186.94157167184648,181.01013674006447,181.64334106445312,18348140,-0.021010217806344,0,0.0194365148896052,normal,-0.048962442647197,-0.0008528379123675,-0.0304472586731986,0.0127113028111245,38.483987906231576,-0.7726392167897804,0.0304506057455265,0.1,485716070,2376027.818181822,-0.5984722775661239,-0.5847212387603308,0.4243784982493053,0.05742500918936424,-0.28589153295455216,-0.8165674779371943,0.3006723667832834
2012-11-19,182.9829467997437,182.9829467997437,179.5714075974161,180.38983154296875,18300990,-0.0069009384772303,0,0.0192408729578903,normal,-0.0661820387783933,-0.0102104147687441,-0.0337203899326145,0.0101156860276259,40.00188756430985,-1.0021141308155248,0.0301249246169201,0.1,467415080,-1319287.3939393982,-0.5292580652984946,-0.7164552428969208,0.38289831663314944,0.007064781156297455,-0.562181306309719,-0.8951717310608062,0.20314438064962956
2012-11-20,181.77688075933463,182.53500655388743,176.86632310251383,178.0293426513672,18897210,-0.0130854875322575,0,0.019362262277847,normal,-0.0410894696414432,-0.0399310534201043,-0.0421350053608353,0.0071054904741303,40.326913016758695,-1.2451729777742206,0.0311534312337317,0.1,448517870,-4780667.15151515,-0.5095537888427394,-0.8505410680126007,0.5612290475988212,0.06019858861775461,-0.8306808506387607,-1.0662394015034704,0.09196402716644295
2012-11-21,178.41701320297628,178.70992063570748,175.83250801787557,177.55551147460938,23015420,-0.0026615341589263,0,0.0178495922047796,normal,-0.0590330266988551,-0.0390488164916953,-0.0406015251785628,0.0043121373381445,48.47198413744939,-1.3607643354636618,0.0277413836455005,0.1,425502450,-9773648.545454536,-0.13995186472868373,-0.9062785846642146,-0.04003142397033982,-0.4184826654673773,-1.1412027747319893,-1.0339672655191239,-0.013416610221879545
2012-11-22,178.12409123864626,182.16884813168053,178.12409123864626,180.7818298339844,18180930,0.0181707587254276,0,0.0185377569246897,normal,-0.0256534416478098,-0.0343740222172612,-0.0210083560847083,0.0028415926474432,48.6489775010069,-1.1511656940121997,0.0271271596739586,0.1,443683380,-12104993.454545468,-0.14161205015724998,-0.7793799691717179,-0.151560705991009,-0.17351363445002244,-0.8530760424186011,-0.6560055079321916,-0.07836093602007334
2012-11-23,181.77688458827228,181.90180603329568,178.7874722118888,180.01080322265625,13757250,-0.0042649563401155,0,0.0185156899965693,normal,-0.0089876008238451,-0.0575099885811688,-0.022840044552564,0.0013164534423275,47.04815873137165,-1.0012092462366753,0.0275851967943088,0.1,429926130,-12626995.63636365,-0.23171568884607843,-0.6865245938695097,-0.07670652063018313,-0.16401316626231388,-1.038434683064606,-0.6969858853032864,-0.1462317658725016
2012-11-26,180.613827980222,181.74670483049744,179.19235541898172,180.2175445556641,13539140,0.0011484940309505,0,0.0185426377502317,normal,-0.0009550814800978,-0.0670739110189387,-0.0196901482883629,4.658095585319266e-05,42.54036182278247,-0.8318155104202605,0.0270806468025529,0.1,443465270,-9427605.575757569,-0.45824522958941355,-0.5846748374822918,-0.17030081354774843,-0.1381795005822958,-0.8357449622146862,-0.6437291676131013,-0.20748696669720168
2012-11-27,181.0618144164725,182.9011158512385,180.4846098431183,182.2205352783203,15647840,0.01111429371427,0,0.0185507151781476,normal,0.0235421451572772,-0.0185146587429004,-0.0079637768879798,-0.0004481225336635,46.48788623374134,-0.5425904430755544,0.0269703946238536,0.1,459113110,-8222883.030303033,-0.2873084190384389,-0.4215151772679882,-0.18930469644673048,-0.11837692712139786,-0.6162568950491548,-0.4334133647334802,-0.24607167878540628
2012-11-29,183.3405045274611,184.533679767637,181.4021255106887,183.6592559814453,20991170,0.0078954915862119,0,0.0184225407535574,normal,0.034376542052364,-0.0266858359712824,-0.0001186729809292,-0.0004379038354238,44.95974732160381,-0.2281927956338796,0.0264173615047011,0.1,480104280,-3389111.696969681,-0.3830748948423373,-0.24807266034400463,-0.28504943444107844,-0.1519580970615264,-0.329837146464695,-0.29681116885009207,-0.27041255920801077
2012-11-30,185.13673762203788,188.41044719829367,184.8438301553637,186.97174072265625,21590680,0.0180360348489356,0,0.0159148205920531,normal,0.0342396738342352,0.007707866711679,0.0161814010150347,0.0005820844515656,44.22463179872876,0.2056006341384268,0.0256185765896619,0.1,501694960,1974192.8484848624,-0.45841419065831895,-0.012088136290023083,-0.42429578216720243,-1.0008686732404146,-0.03576064697484035,0.013292838084618383,-0.26315313768165044
2012-12-03,187.8073620187446,190.391867000654,187.24739119751976,189.8792724609375,18628530,0.0155506480660845,0,0.0158315831442778,normal,0.0548215388277273,0.0453412238963497,0.0288497373885263,0.0023491016852787,45.36643956269361,0.6651770987597099,0.0237695454187976,0.1,520323490,7159107.878787881,-0.4379737334734038,0.23539272839943545,-0.7418394049652806,-1.0199886275952605,0.22601399804565558,0.25510714239335575,-0.23153585105438468
2012-12-04,190.21961524369948,193.7689987362967,189.7371763004892,192.93765258789065,22339070,0.0161069720107671,0,0.0161303091752413,normal,0.0705819628360193,0.069559469830388,0.0409185371974629,0.0047985638904473,61.70365384087014,1.124932831030501,0.021015049283149,0.1,542662560,11922967.757575773,0.3905154304882753,0.47913475808752226,-1.21447107336782,-0.9186543949186289,0.5497056180770683,0.48629606706713174,-0.17616625517242476
2012-12-05,193.66559245338013,196.6808485227084,193.4243730194717,195.7159576416016,23558250,0.0144000148050174,0,0.0159993974989034,normal,0.0740609303044173,0.0993466286334039,0.0503153226382411,0.0077389977368205,61.38267392886464,1.540262083254727,0.0198552208810302,0.1,566220810,15799918.42424244,0.3551619022861114,0.6936826537545959,-1.4244065367056693,-0.959843582460873,0.902436369664434,0.6617598189391557,-0.1016059013011449
2012-12-06,196.5085556428138,199.69179779301228,192.9763931878819,198.76568603515625,23499050,0.0155824207198238,0,0.016168622385046,normal,0.0822524842158627,0.1,0.0599504085780746,0.0111672745726918,71.51072715512338,1.919784467372775,0.0203570478408912,0.1,589719860,17997571.818181813,0.8703418260641512,0.8835022527782072,-1.3578741527924685,-0.8969673595521811,1.2509448282620426,0.8404812097439784,-0.005337854175327235
2012-12-07,199.5582798596074,201.5569703798228,198.14972912474383,199.54104614257807,25831160,0.0039008750599169,0,0.0160151891161472,normal,0.067225696093649,0.1,0.0576300595221739,0.0143169867934325,82.4052770355242,2.1074481619341183,0.0193743748774722,0.1,615551020,20825745.51515154,1.4047125722652256,0.9622327059237535,-1.535154998002562,-0.937452993753191,1.6348601583605114,0.7632166782740604,0.08403681052183593
2012-12-10,200.0751712213659,200.4542209492989,198.2401682866816,199.8899383544922,13614690,0.0017484734026342,0,0.0155163145415628,normal,0.0527212147161249,0.1,0.0535114763534085,0.0170854013142756,86.50228874979356,2.1330014203948644,0.0189126491793122,0.1,629165710,21396144.545454565,1.5585166511658652,0.9526861338856365,-1.6162292312284479,-1.092577901910077,1.797571018816772,0.6496987883877366,0.16308678450795833
2012-12-11,200.7040848865481,201.4665092832233,196.6550288642112,198.903549194336,20557710,-0.0049346613855415,0,0.015446667246729,normal,0.0309213703309032,0.1,0.0435113343003945,0.0191185747179969,91.19361673168868,1.965531374671788,0.0186986079716115,0.1,608608000,19332798.060606062,1.7250196910055735,0.8450962392092888,-1.6496553777531169,-1.0941974252839546,1.4059231522879325,0.416482718270731,0.21661597425957557
2012-12-12,199.0068869670769,199.69177922139,196.97374248782813,197.70602416992188,18423190,-0.0060206317547611,0,0.0123496946681567,normal,0.010168136274123,0.0849821282104639,0.0335641380354789,0.0204485887606202,88.66118154873772,1.6679030767029794,0.018754286898343,0.1,590184810,15306009.575757576,1.532390950256232,0.6733067587329981,-1.6249534621376196,-2.05231124218813,1.069202863818931,0.18318774322199816,0.24299739158754122
2012-12-13,198.3607824125356,200.2991613937656,194.2772592930405,194.9233856201172,18254110,-0.01407462702003,0,0.0125196126955425,normal,-0.0193308034786219,0.0613316741292355,0.0171748488388168,0.020701498265742,77.60220440941441,1.1993365444278044,0.0195381754944454,0.1,571930700,10094205.818181816,0.9405162023878081,0.4161848080589019,-1.4837405043716216,-2.0100488683167983,0.7378851508741694,-0.18925324190597428,0.22107201387087919
2012-12-14,195.2292238759448,200.4714546650374,194.16956725833847,199.8899383544922,20181840,0.0254795119558113,0,0.0128055136920831,normal,0.0017484734026342,0.0690917118378766,0.0388286181215762,0.0222972054040073,83.34055866207726,1.139994024051631,0.0201917602676374,0.1,592112540,6309560.848484839,1.1893024863400319,0.3805275687404514,-1.3709745880579933,-1.9447066869789262,1.0648236217163916,0.27037741881550575,0.2660289616648918
2012-12-17,199.7607223214032,202.3667599096709,199.1749074293824,201.9618530273437,18967760,0.0103652774617253,0,0.0114556573521553,normal,0.0103652774617253,0.0636329621965023,0.0446619426036032,0.0241940052645244,84.32147035829767,1.1529287036621207,0.0202100821886294,0.1,611080300,3705452.30303032,1.1964470568367476,0.38413553620344154,-1.3698994326482907,-2.372933398816911,1.3648549211628507,0.3815701905590646,0.33459966714972933
2012-12-18,202.4529109096256,205.20971387589603,196.33624323671987,204.4085235595703,41036170,0.0121145181406874,0,0.0111684362051356,normal,0.0276766019889156,0.0594537707794191,0.051577157387773,0.0264479946385784,84.53803356439255,1.2317755604216425,0.0221311774933508,0.1,652116470,3728869.0909091,1.1828823783689786,0.4284695540777642,-1.0416963668819847,-2.3227183178112405,2.0007924512952417,0.5311109013742908,0.43581147147879906
2012-12-19,205.4681495043611,207.4625279854253,203.55130301913985,204.37403869628903,21278390,-0.000168705603273,0,0.0103285795312509,normal,0.0337269162857487,0.0442379924407709,0.0462779953964018,0.0282786760316973,83.7189154819031,1.1866526037928369,0.0224074060982308,0.1,630838080,2835482.363636378,1.1315139547412982,0.41766874135969123,-0.9920094443052188,-2.4098181317338767,1.5631216702749438,0.4351783227278734,0.5245194904416229
2012-12-20,204.0423746819513,206.6570355411355,201.8110883956585,205.1450958251953,18314370,0.003772774339759,0,0.0101105475956957,normal,0.0524396299220815,0.032095126262944,0.0452256669456592,0.0299690915896766,82.2503594628771,1.1148963765045323,0.0223561784071484,0.1,649152450,3724424.969696972,1.0607355844205988,0.4051445870944569,-0.9924083429664237,-2.3216888341943522,1.8098509097445168,0.4502339053634418,0.6121323646518634
2012-12-21,202.89225591815915,204.748790986864,200.5145160138027,201.1132659912109,15685940,-0.0196535521249795,0,0.0114218986306611,normal,0.0061200060732882,0.0078791801437656,0.0222801064183308,0.0301525924389942,69.1708151341509,0.7211584112306353,0.0232342769894398,0.1,633466510,4759453.151515163,0.42587152610074025,0.21828633136637984,-0.828712211161106,-1.8592403001437718,1.4917718612606077,-0.05923840469647365,0.6015285574000714
2012-12-24,201.591390673688,203.22823858763587,200.29913816936948,200.8418884277344,10549750,-0.0013493767412059,0,0.0113100432930877,normal,-0.0055454264398022,0.0047623711382309,0.0188725592800316,0.0301153115068044,64.90649413135137,0.3845885380780962,0.0228734927054216,0.1,622916760,5909528.969696982,0.23096206188624038,0.06355355903799531,-0.8749859610994343,-1.8176311981389273,1.294136473888571,-0.10477087925945,0.5736296333887186
2012-12-26,201.30709466962853,205.0373984970526,200.1268415823101,204.24913024902344,15353080,0.0169647967760222,0,0.0115367115044941,normal,-0.0007797781999067,0.0268752421781304,0.0326016850519923,0.0309392229086462,65.71969398838286,0.3353784065807907,0.0229001631063481,0.1,638269840,6602276.363636374,0.2852514307762136,0.07306692315365329,-0.8492258781844844,-1.6926474297558152,1.492972177532165,0.27271403885751166,0.6076021570944967
2012-12-27,204.2491468496836,206.5450432144406,203.5470208247404,205.7567749023437,19723060,0.0073814006036752,0,0.0114855145565764,normal,0.0067657135655545,0.0407208165063419,0.036254017123567,0.0319583238778597,63.65469507550237,0.3468672217955628,0.0214418752336303,0.1,657992900,6783076.909090918,0.19502768604767295,0.11965155582068018,-1.068616340899215,-1.6407736569183697,1.7280732392779676,0.3988824796490405,0.6570420487376674
2012-12-28,206.2434985471459,206.5321073962114,204.098367760268,204.99432373046875,11036230,-0.0037055944925109,0,0.0116842085977234,normal,-0.0007349534441468,0.0516661357913135,0.0292367691907051,0.0324956523401702,60.65648168468473,0.2501359054288397,0.021182417088296,0.1,646956670,4323044.363636368,0.06540186062704637,0.09729167763057547,-1.0785746344627583,-1.5288721315105693,1.5019372741273127,0.2511150532494831,0.673394545476296
2012-12-31,204.1759457010993,206.47615414483184,204.0596476795901,205.5112762451172,10006870,0.0025217894097795,0,0.0113227732155865,normal,0.0218683249572331,0.0281221653120724,0.0287135916817735,0.0329780543388555,60.913214468955445,0.1717235666319121,0.0211994997622288,0.1,656963540,2844891.393939401,0.10173654776734452,0.08388410648168233,-1.0429576254563817,-1.56561988947512,1.6022485556644153,0.2750899456528813,0.689088457280869
2013-01-01,207.1825578227617,209.69382960646308,206.5493535191497,209.03909301757807,17202300,0.0171660496539041,0,0.0114089387902452,normal,0.0408142178606985,0.0350424591780518,0.0417716263048522,0.0342597088941805,67.90975276865979,0.3006586427094024,0.0206268254822042,0.1,674165840,2783490.3030303274,0.488111473642088,0.21228496552336115,-1.1036585420795444,-1.4878414227809187,1.7804172963037137,0.674859232016796,0.7654596277916779
2013-01-02,211.0679343812586,212.27403160524767,210.0470568835475,211.1153106689453,14660120,0.0099321979510915,0,0.0111701807206715,normal,0.0336166935523813,0.0328107017876897,0.0469221151409713,0.0358122209439892,72.98090013457102,0.4594731451284319,0.0205988586894054,0.1,688825960,5492803.575757569,0.7862932731744201,0.3657705825618694,-1.0745842012089462,-1.4965190166418672,1.9053426968712306,0.8630698619529581,0.8634541389589214
2013-01-03,211.92939643081644,213.85916477296269,209.879018388878,212.92874145507807,20103090,0.0085897644296222,0,0.0109749487687223,normal,0.034856526868378,0.0418580697106141,0.050321723286633,0.0375145992674974,81.91800312147525,0.6108724984114735,0.0197385037307445,0.1,708929050,7435126.181818179,1.2931782988791531,0.5172037774071523,-1.1776755604692055,-1.4940901146440053,2.08833257532676,1.0104145104014919,0.9746670518053177
2013-01-04,211.92945170894205,214.7680986818142,211.1239495953568,214.2296600341797,13705950,0.0061096429266036,0,0.0106614621870923,normal,0.0450516684347501,0.0442836041117227,0.0510592089328958,0.0391931912616028,79.21702666369879,0.7155879418752811,0.0187324962636251,0.1,722635000,10399446.848484855,1.1768690855301576,0.6387969834957631,-1.296233550004853,-1.5224484233937752,2.175746372059421,1.1064408416521858,1.0893145807573847
2013-01-07,214.5139207390112,215.2892670015656,212.0801810946611,212.5841522216797,10264490,-0.0076810457162536,0,0.010966283234447,normal,0.0344159994808583,0.057036944698467,0.0387335015337355,0.040027124960529,72.02553424678355,0.5958884399107625,0.0188832856223728,0.1,712370510,10867459.333333328,0.8122127300345249,0.58071260433654,-1.2461298640428735,-1.3905029168246625,1.948260682885404,0.7695400987626668,1.1505400896380102
2013-01-08,212.61862600711203,215.3754288675217,212.18787514937696,214.8025360107422,16123870,0.01043532062893,0,0.0110760840814096,normal,0.02757112514203,0.0695106369109401,0.0446410178434641,0.0411978331492608,71.75816495756864,0.5870312284448094,0.0167975220836345,0.1,728494380,10555226.848484855,0.8060536181486496,0.5930137033405233,-1.5639604826761198,-1.3233517085329387,2.0418349445558297,0.968732776787913,1.2368772059225464
2013-01-09,214.85850122643384,218.8214139819331,214.85850122643384,217.33963012695312,22474110,0.0118112856734804,0,0.0110248330814691,normal,0.0294830319898886,0.0640908475936694,0.0512746968951929,0.0427373964021571,74.56728186570881,0.6671135125515395,0.016636817871179,0.1,750968490,11212664.848484883,0.9628516635441163,0.6655045231526028,-1.5509630959084806,-1.3003099828740496,2.1891675066788134,1.1852245615728603,1.3495521688217258
2013-01-10,218.81710150240315,219.8293685430332,217.3137853701201,218.743881225586,21504650,0.0064610908641586,0,0.0107477683055553,normal,0.0273102622537912,0.0631187300122013,0.0522479388646714,0.0442741751893904,75.16325438093237,0.7249274222840549,0.0157690594763901,0.1,772473140,12991910.181818169,0.9728720894133355,0.7036987913133637,-1.6573970052280436,-1.3432164642552837,2.290121431870635,1.185032835748109,1.4545524206941758
2013-01-11,219.59677072418697,219.6829261494933,213.9323998653092,214.6043701171875,14156720,-0.0189240086863481,0,0.0112467912075998,normal,0.0017491045961983,0.0468795731112743,0.0291658304540947,0.0442940717748845,74.86491183764348,0.4103110366412243,0.0164459905818478,0.1,758316420,11875582.848484855,0.941456978413362,0.4371392091358088,-1.5098720835619381,-1.1821737380512387,2.026546132027423,0.4355419125782098,1.4515858606317764
2013-01-14,214.6000982972764,217.0941364814639,213.238923909696,215.3539123535156,17721580,0.0034926699578334,0,0.0101483224945201,normal,0.01302900570381,0.047893411438207,0.029548140844045,0.0443371590775778,76.28326654691165,0.1898280487357668,0.0166959229046911,0.1,776038000,11043196.66666666,0.993072685390489,0.24735290857572598,-1.4295795113236383,-1.463458017636438,2.097869178528211,0.44571111307828365,1.4496545003508234
2013-01-15,215.8061816649273,216.8744485340821,212.8081593488776,214.50100708007807,12219330,-0.0039604819068131,0,0.0101647490647116,normal,-0.0014037493982335,0.0261286727934697,0.0229890930280458,0.0439663315016578,70.46068182884042,-0.0627929795630022,0.0164811696139681,0.1,763818670,9247794.787878769,0.6543961392441612,0.03206228097133086,-1.4285728070337622,-1.4389520069303467,1.881203110386412,0.2345026696525015,1.4195758460177095
2013-01-16,213.65242494233573,214.81545751371905,208.8280100886745,209.5516815185547,14390080,-0.0230736705104405,0,0.0114767116793362,normal,-0.0358330811727677,-0.007406517061392,-0.0005564794789133,0.0421346055506206,56.65906073836241,-0.5835955521219178,0.0178894190328378,0.1,749428590,6558119.818181791,-0.11628746591462796,-0.40306791749186843,-1.144244640039651,-1.0251829326436874,1.665700590137483,-0.5286486334244557,1.2876509129575022
2013-01-17,208.9572568909882,213.8635026342801,208.74188144854136,212.77801513671875,14091240,0.0153963623426156,0,0.0118916813958065,normal,-0.0272732935679913,-0.0007078721140664,0.0133998814879408,0.0412549902214822,62.57129563364146,-0.7221061883145898,0.0185204725049259,0.1,763519830,5242686.606060615,0.20008551202966524,-0.5282629971643189,-1.001956335213218,-0.8701233669966565,1.7249446490214235,-0.07783310509329842,1.2223915240519607
2013-01-18,214.08319142801457,216.8959942020446,213.4887530990433,214.6905517578125,16073730,0.0089884127355208,0,0.0119874596462359,normal,0.0004015838101429,0.0021513908184296,0.0203214856143978,0.0408465376851618,64.18578744793868,-0.6959403176047028,0.0189215738786853,0.1,779593560,5056025.878787877,0.2802870734110926,-0.5144812474435702,-0.9038282641318376,-0.8131075388050563,1.7949089795463624,0.15395221420116192,1.192822006914361
2013-01-21,214.94470460299007,216.35756706534303,214.52256397781173,215.3280792236328,11849060,0.0029695180370092,0,0.0108121307118247,normal,-0.0001199566313909,0.0129074861567846,0.0210805289123114,0.0405028633167434,60.67250878985608,-0.6477119777396361,0.0180868235474345,0.1,791442620,4140971.3939393936,0.07605101659109917,-0.4830826916345405,-1.0490210190163154,-1.1300867652157918,1.8163102962780733,0.17744339243729285,1.1674819541378874
2013-01-22,214.5139050041421,216.15075283634656,211.4469613169969,212.31277465820312,12954000,-0.0140033040572385,0,0.0114601935894641,normal,-0.0102015018561568,-0.0115909309022987,0.0061321595822851,0.0392366705575593,51.96934648221824,-0.8198224588352927,0.0188378633679162,0.1,778488620,2635809.939393941,-0.41656981413907757,-0.635508211633206,-0.8803599097935694,-0.9093231493312957,1.627852768294312,-0.3097794926347262,1.0768418011320415
2013-01-23,212.87710424143543,214.69056188550928,211.25316490326736,213.68690490722656,15042750,0.0064721976868118,0,0.0110110917819052,normal,0.0197336683662245,-0.0168065309469466,0.011426091737626,0.0383553391862629,51.26515463623535,-0.8390227118635973,0.0185353015786188,0.1,793531370,2843445.3333333745,-0.4667301933298325,-0.6616074906095215,-0.9322882572509317,-1.0144785811230317,1.6842589814301032,-0.13929652544696525,1.0129992358292952
2013-01-24,213.6524381394348,214.02718930466963,210.25380736001028,211.856201171875,17650270,-0.0085672247260372,0,0.0112010387603292,normal,-0.0043322801195012,-0.0314874181399746,0.0024973702304096,0.0369520823366209,46.10819793704242,-0.9639880026411154,0.0187390414929573,0.1,775881100,3006068.363636364,-0.782609001633905,-0.7812621561282029,-0.8825583566697397,-0.9301908719939358,1.4727429170546753,-0.4393799590385497,0.9104615388002552
2013-01-25,211.90360523571613,217.5119773917396,210.89564967654923,216.5557098388672,12460930,0.0221825400483772,0,0.0120303254617464,normal,0.008687657960648,0.0090927305935761,0.0223269680337934,0.0368494544540729,55.91938286317282,-0.7297538596291808,0.0194562247391799,0.1,788342030,2863288.5454545566,-0.25118878080515217,-0.6064998387560919,-0.6866495975215021,-0.6662338477473635,1.5190127134088245,0.1912300191160341,0.8957517968628144
2013-01-28,217.5291852551917,218.28731097867217,213.91088064439808,214.6474609375,18349860,-0.0088118152266086,0,0.0123086231402874,normal,-0.0031608431588986,-0.0032804206261919,0.0120347264396714,0.0361062725746994,49.7667126523323,-0.7026878056237904,0.0200248178976789,0.1,769992170,2537099.151515163,-0.6497269219212086,-0.6297781707074896,-0.5250622612085255,-0.5607566741220418,1.3214770060351073,-0.2003357704685578,0.8291884481734975
2013-01-29,214.5612899774502,218.3906711723301,211.50296959575385,212.1404724121093,46331240,-0.0116795629188489,0,0.01215782348535,normal,-0.0008115491230861,-0.0110047719593574,0.0001941608100937,0.0346534279215209,42.17155077422446,-0.8434981399624193,0.0212274076609852,0.1,723660930,-1057588.000000026,-1.1339091505212575,-0.8141667975797687,-0.20511431040002515,-0.5806079802846871,0.8982408884162895,-0.657381238963677,0.711553046121606
2013-01-30,213.39397655378565,214.25547828645776,209.0520136051265,209.8704376220703,23715290,-0.0107006209811258,0,0.0122180000524209,normal,-0.0178600896803348,0.0015211335991469,-0.0095172496756812,0.032654902180476,36.97862320430698,-1.065104295098819,0.0223718208185966,0.1,699945640,-6418414.606060584,-1.4500003720621872,-1.084912094923841,0.10324159680599887,-0.5383734283147413,0.6695846722574383,-1.0422630673494229,0.5565902325369934
2013-01-31,209.86182094015592,211.6408109216996,208.1517395271092,210.0341186523437,25528120,0.0007799146565279,0,0.0120450395909747,normal,-0.0086005625960086,-0.0128955826691586,-0.0079185184105103,0.0308398459678989,42.40740571743763,-1.167993098411693,0.0215853089135096,0.1,725473760,-8847588.969696946,-1.1334607073473997,-1.232851766563564,-0.0812434538505529,-0.5658486177787121,0.8602872899461369,-0.9901304836778744,0.4161043655040302
2013-02-01,209.4310768042528,211.24884598890424,206.8465716021212,207.82437133789065,14516810,-0.0105208969315633,0,0.0121301043581047,normal,-0.0403191331573444,-0.0319817540348371,-0.0166369897032582,0.0285570263745724,38.06992637750846,-1.3398831241205196,0.02200284378574,0.1,710956950,-10535842.848484844,-1.4036100177662751,-1.4337732842139725,0.0364420154007633,-0.516320935749238,0.7078998829156096,-1.3106655538922944,0.2439901380030446
2013-02-04,208.2680618606864,209.28032911309583,202.02217375938343,202.67691040039065,18596650,-0.0247683219458945,0,0.0131511108193106,normal,-0.0557684236506988,-0.0587529915692187,-0.0372344909645443,0.0250884077330391,33.50963539649453,-1.7304351757867158,0.0236865541740352,0.1,692360300,-11616563.212121185,-1.6635276684030131,-1.8096875507804828,0.4725056916182362,-0.17685243298665607,0.5214462691569504,-1.9898659986331153,-0.009127342382963961
2013-02-05,202.45290654363035,205.0890997340717,200.566215651714,204.3051300048828,22375350,0.0080335722568278,0,0.0130391789330103,normal,-0.0369346891620253,-0.0377162639705105,-0.0267657156457216,0.0224149508171409,41.93593174959211,-1.8012148504691647,0.0229857466162397,0.1,714735650,-11139412.121212125,-1.1342050261598045,-1.825478653657459,0.29816390274413107,-0.1903953085830758,0.6938984822742773,-1.5548706954334337,-0.2035729397378939
2013-02-06,205.4681674250476,205.7179971486001,201.76370727005065,202.3409118652344,13866580,-0.0096141400835185,0,0.0126836185308565,normal,-0.0358770193751389,-0.0530963422719706,-0.0327951088462686,0.0194779906113624,33.31041382002728,-1.893012658022803,0.0227967992261792,0.1,700869070,-9643006.666666657,-1.6042298503380386,-1.8372446888597325,0.2596048132863759,-0.28074712202430235,0.5500653249960546,-1.6906058616749464,-0.41231645136798345
2013-02-07,201.07448402229224,203.6589890258974,199.8813089446645,200.43698120117188,13760530,-0.0094095190464033,0,0.0125235699302583,normal,-0.0456932307605573,-0.0539008058651959,-0.0380577968678209,0.0163361981181913,27.2013671535596,-1.9850100666965131,0.0228920733351905,0.1,687108540,-8950680.848484848,-1.9262402154167892,-1.8484849110912365,0.30876073417516253,-0.30576048037158815,0.40402834009450844,-1.8194985536943575,-0.6332360311792027
2013-02-08,199.86837241522835,201.8412053072161,196.08638089405213,196.9521942138672,17646650,-0.0173859482737226,0,0.0124333488055114,normal,-0.0523142548394719,-0.0905241225899164,-0.049824686197134,0.0125958355119422,23.061388651031493,-2.168672243216596,0.0247187157762766,0.1,669461890,-7314139.878787865,-2.0847706171375515,-1.9283161285314825,0.8158133834724443,-0.3087953597074264,0.2247948320566266,-2.104130121968877,-0.8896901378458054
2013-02-11,197.2752994281499,199.17060073516896,196.19411047622413,197.65866088867188,14811360,0.0035869957053513,0,0.0124364415178471,normal,-0.0247598480843485,-0.0791474540375525,-0.0421822722152765,0.0094815610541969,26.957582865385437,-2.1277413856979748,0.024006166122423,0.1,684273250,-4652059.151515194,-1.813724734729445,-1.8154563381918354,0.6649723837556506,-0.27915357702623433,0.33685177092834984,-1.8016566919643595,-1.0956455038702848
2013-02-12,198.23154742248795,198.8001285567806,196.3190125872572,197.8352508544922,13296820,0.0008934086926744,0,0.0124887015159489,normal,-0.0316677273362445,-0.0674327788326379,-0.0375384337608827,0.0067811430884738,24.099100446784604,-1.9771515693830803,0.0236394719444924,0.1,697570070,-3314429.4545454336,-1.9191290734882354,-1.6329455818120064,0.6262464980725762,-0.22938088929511047,0.43480222032254484,-1.6413331046205868,-1.2682794754610756
2013-02-13,198.3176973901658,200.1483885827849,193.1917646799268,194.2427978515625,27599120,-0.0181588113716495,0,0.0121362169503411,normal,-0.0400221286887622,-0.0744632733775001,-0.050038190735727,0.0034187264221401,22.787187314052677,-2.001748997881656,0.025247243872278,0.1,669970950,-4746972.787878773,-1.9291085965928931,-1.6114727376510072,1.166805805786089,-0.3303601763885386,0.14741008355473945,-1.9955586103047294,-1.4795270607572122
2013-02-14,193.83789901053905,195.47474712177183,187.3766357101877,190.8872528076172,60922460,-0.017275003660674,0,0.0116159367834017,normal,-0.0476445431193655,-0.0911607407766883,-0.060503220754677,-0.0004518096752479,8.623783709329672,-2.1151796562805822,0.0262455292676915,0.1,609048490,-7437355.151515146,-2.5264772103613784,-1.6674371632103338,1.58541788093947,-0.5074898283393349,-0.48223423143045563,-2.266445570373335,-1.7149783978164874
2013-02-15,190.1334637220453,193.6397827099396,189.9740879763185,192.41213989257807,21127420,0.0079884175738949,0,0.0115529540603784,normal,-0.0230515549187492,-0.0741598848397556,-0.0481939434699201,-0.0034089752693474,13.709296626580551,-1.96206434046589,0.0257736863928759,0.1,630175910,-8531904.727272736,-2.152918346554647,-1.515747169517072,1.4722708904120232,-0.5076762890433711,-0.32031168925249914,-1.8753662197138106,-1.8797782931693805
2013-02-18,192.5456432809842,195.4575234351408,192.5456432809842,194.9320068359375,18380120,0.0130961952024766,0,0.0121457499354395,normal,-0.0137947613348959,-0.0382130532242326,-0.0324365261320476,-0.005278161664084,21.92552799545929,-1.5819404981083975,0.0240325790498453,0.1,648556030,-8884514.848484833,-1.690796772045238,-1.1907067889555274,0.9419551244631943,-0.22472896347952664,-0.1714653351260052,-1.383942153277816,-1.9648303906961981
2013-02-19,195.46181845629025,196.42239763322664,192.71793750490883,195.8624267578125,13692360,0.0047730484950994,0,0.012130163556152,normal,-0.0099720554762543,-0.0413239904786949,-0.0252357957163529,-0.0066299641580221,26.10229249349328,-1.1772880624253976,0.0233717471268919,0.1,662248390,-6467618.121212128,-1.4515038742201751,-0.8567002509883896,0.7706491336740441,-0.19613379895886418,-0.06779135099300085,-1.165253207445433,-2.013504605005424
2013-02-20,196.85314243106004,197.0383621453924,193.5449789910708,194.0144958496093,16094270,-0.0094348412750354,0,0.0119303900995017,normal,-0.0011753434592085,-0.0411504324007928,-0.0312557482717611,-0.0082994605856159,24.155665379695733,-0.9530987105849876,0.0235959435537721,0.1,646154120,-5216820.121212134,-1.504219816353893,-0.6718887984637498,0.8963529981530165,-0.2568224638242089,-0.3132804652414337,-1.3306183639823967,-2.0778963161410395
2013-02-21,192.9246801566556,193.2305095593786,189.5432835766836,190.43923950195312,19310510,-0.0184277794914228,0,0.0122946418667166,normal,-0.0023470048370154,-0.0498797259832224,-0.0446394183843279,-0.0107262582702547,23.136296245996377,-0.9618340692702804,0.0240647843343147,0.1,626843610,-5273479.818181807,-1.5059219242846513,-0.6713513314997558,1.1140122934525796,-0.019983610593527636,-0.6234263887277617,-1.6744694745271849,-2.1763718475309317
2013-02-22,190.4780282875644,191.72289138985377,188.6731812013425,189.185775756836,18284310,-0.0065819615137892,0,0.0104636929873144,normal,-0.0167679863523336,-0.0394330131128052,-0.0463018961892501,-0.0131596380646793,26.30143683537048,-0.9657406079087414,0.0226352958312453,0.1,608559300,-6773424.848484854,-1.3309758599139014,-0.6620713208600043,0.6284141061052207,-1.0705888469855522,-0.93961405153868,-1.661558607692983,-2.2574349951674137
2013-02-25,190.39186843734305,192.89021801385235,189.62082076452296,191.3309020996093,16887440,0.0113387295328717,0,0.0111924596542431,normal,-0.0184736452200948,-0.0320135670281941,-0.0322172341332422,-0.0146331921492791,27.615931174461807,-0.7473245506032291,0.0220759732201499,0.1,625446740,-5626599.575757566,-1.245972967693825,-0.4722595843938603,0.44897690256443135,-0.5981030547031453,-0.770394827532539,-1.2220700021153204,-2.265941769059699
2013-02-26,190.21957977239435,190.90878376795013,188.55257607054187,189.3925323486328,16446360,-0.0101309810893346,0,0.0111540125056767,normal,-0.0330328512531902,-0.0426755013042089,-0.0381725140420576,-0.0164151310314606,27.64058408485215,-0.6599066049964719,0.0218584038228993,0.1,609000380,-3777345.212121191,-1.2182246993644656,-0.3849175289820726,0.37984344841383905,-0.601345419072546,-1.070599040047815,-1.3395698678221173,-2.2767631965597337
2013-02-27,190.6029554743002,192.3431927357028,189.2719368130764,190.684799194336,14100300,0.0068232196363708,0,0.0114170946710176,normal,-0.0171621024536966,-0.0183172745480399,-0.0286856579228765,-0.0175458737741388,32.796397337302764,-0.4515025902252487,0.0214456506335274,0.1,623100680,-1925352.9090909008,-0.964792738354276,-0.19697216002811138,0.21372016933227997,-0.3964476287615184,-0.9059260661331975,-1.0413581482874397,-2.2395010539336018
2013-02-28,192.4594708760203,192.69208001134632,176.6940005810463,179.26988220214844,58729590,-0.0598627527753488,0,0.016706885680058,normal,-0.0586505035885219,-0.0608598554099216,-0.0792166625615946,-0.0217245674124749,25.62644496269587,-0.9881054545200324,0.0268925298442621,0.1,564371090,-6770165.636363618,-1.2340494976289393,-0.6095418262260952,2.2226041220255524,3.0,-1.8185410487424318,-2.2926776937963935,-2.3396770979961246
2013-03-01,179.79541019583115,181.6864128216656,177.9862644322654,179.85140991210938,21676800,0.0032438673067525,0,0.0168695393576607,normal,-0.0493396811012063,-0.0652803403542064,-0.0694741669995111,-0.0251453812787231,25.36939075640882,-1.1956974213782194,0.027092979288519,0.1,586047890,-8482568.545454541,-1.2024697664823794,-0.7562699260592184,2.164194929405203,3.0,-1.478198061791285,-1.944097999221239,-2.3723392016225913
2013-03-04,179.8298742132146,181.65625365761363,178.89082734551548,180.87228393554688,18279980,0.0056762080649597,0,0.016558587706658,normal,-0.0546624619927706,-0.0721262922831541,-0.058436007185817,-0.0277605678715157,27.07267505291061,-1.1554261261703047,0.0270523393573988,0.1,604327870,-7437655.212121187,-1.0937869093761203,-0.6988014235431838,2.033780622008008,3.0,-1.1873617794572164,-1.5952237838675036,-2.3513177559830942
2013-03-05,181.94916985640936,184.2752219892032,179.31297656287816,183.3749542236328,19059400,0.0138366710124462,0,0.0168571329908353,normal,-0.0317730485483074,-0.063756345414941,-0.0412617735363304,-0.0292275782602219,34.865043709016746,-0.8647118023248082,0.025906279404504,0.1,623387270,-3904215.333333321,-0.7352266498417979,-0.41693643451170287,1.5655330832622607,3.0,-0.8895239244512816,-1.1115164688098325,-2.2764882390688923
2013-03-06,184.44753148876265,187.3723204899385,184.05984518161424,186.8252716064453,21540750,0.0188156414130835,0,0.0176499045546604,normal,-0.0202403526877738,-0.0370550881349438,-0.0210574042570447,-0.0294040520804873,44.3580294325348,-0.3698168884358797,0.0238600077711964,0.1,644928020,202267.0909091131,-0.29924872517676276,0.0741400102443527,0.8294214014502459,3.0,-0.5702685226511016,-0.5588570895138844,-2.155643570555559
2013-03-07,186.2782268691398,187.1181832138854,184.8050530474172,186.6142120361328,11774640,-0.001129716384179,0,0.0176091965348587,normal,0.0409680072512277,-0.0200852905935968,-0.0200949545463804,-0.029515018345985,41.64179925254784,-0.0057063815134839,0.0233692848470975,0.1,633153380,2393990.9090909213,-0.39365586063647723,0.4637153466011409,0.6354758981934936,3.0,-0.7747448011981451,-0.5121541725733603,-2.0458473890483346
2013-03-08,187.57046552494413,191.16292608694025,187.4713880956825,190.3488006591797,19462340,0.0200123483752876,0,0.0180282985798831,normal,0.0583670194868097,0.0061475282572964,-0.0004386066605377,-0.0284173381223216,43.61648905941902,0.50915877434465,0.0234749124381333,0.1,652615720,4351860.848484828,-0.2822058016198688,0.9986470496941284,0.649749556661014,2.9716334167919407,-0.5008444094224974,0.01671177389242173,-1.9024237934969623
2013-03-11,190.34019434034693,191.3395395021176,188.98333174461408,189.935287475586,14154810,-0.002172397105533,0,0.0179879481793825,normal,0.0501071990845689,-0.0072942457737261,-0.0023620618109372,-0.0274783534716333,41.62404740064528,0.8256412988918287,0.023018985810983,0.1,638460910,6129462.363636374,-0.34846685771058244,1.3317293304017912,0.4747828996744315,2.7173915742801507,-0.7531839421744417,-0.01629975623954752,-1.779642443148051
2013-03-12,190.13342065677824,191.9425794668492,188.07443214021728,190.12049865722656,21840370,0.0009751278138054,0,0.0179886095432446,normal,0.0367855275664708,0.0038436906649186,-0.0012570953182935,-0.0265064280559153,44.22583931082145,1.0375182832739407,0.0231373607155697,0.1,660301280,7844185.272727278,-0.20030285441535473,1.5527184192286527,0.4990157140303181,2.519224977779845,-0.4126094221019271,0.03432361403329495,-1.666851144802956
2013-03-13,189.27192328517248,191.0853807061676,187.04924729324688,187.7513732910156,21052580,-0.0124611779526326,0,0.0177600633081525,normal,0.0049570471735813,-0.0153836378972757,-0.0124137981951039,-0.0262552917113262,45.86647856600458,1.007347094871296,0.0232637951928968,0.1,639248700,8728776.545454554,-0.09337839527654296,1.5356534169390823,0.5352238381214275,2.2652166868417227,-0.7568243256570693,-0.24446380811130666,-1.589255828727178
2013-03-14,187.72121918542885,194.82860836239007,186.53235575293152,194.27294921875,33666130,0.0347351703128473,0,0.0190932987237936,normal,0.0410404818531948,0.0836898358625783,0.0197641940162534,-0.0240361862002989,56.73242394563863,1.392134263056815,0.0244118522139429,0.1,672914830,7338662.606060581,0.47463585916805834,1.9123918471995096,0.9160103029376582,2.63016424346238,-0.2121459334873665,0.667404500712754,-1.4474242457091817
2013-03-15,195.04397128752748,195.8882523821915,192.7609971382687,194.8716735839844,22161680,0.0030818720137935,0,0.0190309521917134,normal,0.0237609741124817,0.0835148508383403,0.020680243546034,-0.0218425712516374,54.885879360587694,1.6356826054427054,0.0241252861190029,0.1,695076510,7286805.878787892,0.41518769774515696,2.114988832616406,0.8028146085338221,2.43374893183933,0.14506577355756067,0.7133131602587374,-1.3163352329602676
2013-03-18,192.7782536777315,194.63047721470463,192.4035025131488,193.82066345214844,11219240,-0.0053933448228072,0,0.0188509603660401,normal,0.0204563145069178,0.0715885222150214,0.0137102752822364,-0.020159942180622,56.26373284823912,1.6689277284709385,0.0241418065172902,0.1,683857270,6520096.909090901,0.5023238748767228,2.0776133477313645,0.8005509438056766,2.2198568142916515,-0.05700744216540009,0.5208028861999301,-1.2111242531329318
2013-03-19,195.21628376995923,195.5350351814547,186.95878447520423,189.8361968994141,40393960,-0.0205574910423215,0,0.0193496620087641,normal,-0.0014953766680627,0.0352351426787627,-0.0064544884160187,-0.019781750048305,48.884579869247865,1.3776059439968478,0.0267198508613098,0.1,643463310,3856714.969696984,0.13188217352706177,1.7418066248075739,1.6238061776987067,2.258704748960783,-0.7469651038489805,-0.04151510857987784,-1.1571574866325482
2013-03-20,189.48730288412537,190.3617266142552,181.8027090299935,182.67282104492188,23048180,-0.0377345099169247,0,0.0209390932352573,normal,-0.0270493480664023,-0.0222263857872008,-0.0399272680464127,-0.0214721525301537,55.035715043762615,0.6921130714009394,0.0248588338583908,0.1,620415130,1128863.6363636702,0.4683451698954995,1.0783806740504907,0.9832290706697553,2.614276713448913,-1.1264613649677813,-0.9656346798761553,-1.1775609013473751
2013-03-21,183.155270733536,185.99821589010512,179.21388985238943,182.5909881591797,32310360,-0.0004479751573008,0,0.0206161048221254,normal,-0.0601316915532923,-0.0215590432960922,-0.036654683384813,-0.0228972174058772,54.11492103218532,0.2458461290382274,0.0260764880033375,0.1,588104770,-3849221.0303030554,0.43046484985576394,0.6584232017180307,1.3408212283818592,2.341270086480783,-1.616873367472725,-0.8427789867551623,-1.1872828568202143
2013-03-22,182.91836478960752,183.4998811264976,178.8477767223253,179.5326690673828,20894740,-0.01674956208206,0,0.0208616232540855,normal,-0.0787133616420187,-0.0568226936778194,-0.0480039955281728,-0.0249619168669841,48.10391380802044,-0.217597313404485,0.0272713287144146,0.1,567210030,-8123485.696969702,0.12172634505659183,0.22751091729767248,1.658414142736094,2.269652949479481,-1.8860177618165037,-1.1312893154850572,-1.2180334661868324
2013-03-25,183.0605045616008,183.07342656153577,176.85768168336796,177.31858825683594,22640640,-0.0123324675227541,0,0.0207117877831872,normal,-0.0851409488616605,-0.0664263043820743,-0.0543638346068658,-0.0273357037860073,41.35723487260245,-0.6131389191689682,0.0281167933788365,0.1,544569390,-13541127.878787853,-0.22356726550151157,-0.13644070289723512,1.8369004157637312,2.0990228269668214,-2.133923355494876,-1.2694828473492603,-1.2572644197998273
2013-03-26,176.60786876622683,178.14995120217694,174.6350354308469,176.6337127685547,16268370,-0.003862400975634,0,0.0206549248986606,normal,-0.0695467163085595,-0.0709380944397141,-0.0527825449624738,-0.0295220575661465,34.2097872207633,-0.8463982458183921,0.0280307155468725,0.1,528301020,-17252031.999999985,-0.5840679641744766,-0.34184341729081685,1.729205358216903,1.9743154060400157,-2.2435628627126016,-1.1873899488176463,-1.2878175189228867
2013-03-28,176.5087756911641,179.19235828926057,174.97100510698164,178.56776428222656,18801120,0.0109495038255018,0,0.0207813241071383,normal,-0.0224721813525057,-0.0489136715636928,-0.0385274603561618,-0.0307553998245969,38.165161498824,-0.7966514287184054,0.0284904222385237,0.1,547102140,-19740922.666666683,-0.34392447291463135,-0.2759977189342426,1.7818865762504872,1.9117398423068939,-1.8725389852243233,-0.7496829515968386,-1.284944930763748
2013-04-01,179.6231061905461,180.7387493254,178.02502420229308,180.1055450439453,11155370,0.0086117489788821,0,0.016029346396643,normal,-0.0136120798747614,-0.0729252540396259,-0.0274458495417747,-0.0312653820025443,33.89321035937253,-0.595602997688343,0.0275194212576163,0.1,558257510,-18260001.939393938,-0.55628307203241,-0.06364569081510923,1.4390789150755188,0.5456325862642022,-1.640598528571753,-0.39638081334957315,-1.25855585362507
2013-04-02,179.38190125689678,185.0505845332808,178.81761864397583,184.400146484375,15282510,0.0238449151545101,0,0.016864904877818,normal,0.0271119314511238,-0.0537355014560207,-0.0038516651934752,-0.0303122975744487,42.24314565397098,-0.1329695822282111,0.0283801925312951,0.1,573540020,-13078258.72727273,-0.04211022242367678,0.40478826159627335,1.6227225149011413,0.7561250307513857,-1.3744931409417214,0.3600628133175871,-1.1852697399210446
2013-04-03,184.0382924831217,185.82160723269115,180.10553529413312,181.3116455078125,23043560,-0.0167489073921326,0,0.0173043210871569,normal,0.0225191125771475,-0.0645391348968539,-0.0186166567738464,-0.0302988638782223,38.58434007730184,-0.0015010577786349,0.0295916252932136,0.1,550496460,-8428216.727272749,-0.23338020180345548,0.5485269391314996,1.8803138819589964,0.8522039147758488,-1.621453410760783,-0.07579868657271147,-1.1468542981528793
2013-04-04,180.09264984163775,180.65693249293216,177.24969115196726,178.12411499023438,15062340,-0.0175803959456138,0,0.0174328526238166,normal,0.0084378129085276,-0.0616957255806459,-0.032564843450199,-0.0311387711118182,37.782892346967685,-0.0908084813197165,0.0301315216556919,0.1,535434120,-5676192.909090921,-0.25488482505258514,0.47548364368087104,1.9544776841257188,0.8595200120551003,-1.743562526398207,-0.49978830778036726,-1.1393545987091196
2013-04-05,178.1240769814992,179.53693916612113,175.9186348538427,177.18504333496094,16152430,-0.0052720074164294,0,0.0167896629023657,normal,-0.0077433961993287,-0.0300415665481589,-0.034200693161831,-0.032047025715871,24.735653073959423,-0.1701139865249081,0.028405396806717,0.1,519281690,-4032311.333333341,-1.054932679945745,0.41491111654224067,1.4333546745082175,0.6513303702867763,-1.86784965003395,-0.5301477847688146,-1.1357218794068298
2013-04-08,177.24536600786303,178.45146314000002,174.77284716877304,175.20359802246094,10811270,-0.0111829151897102,0,0.016896265433109,normal,-0.0272170799643526,-0.0404586787726815,-0.0408905713410068,-0.0333293789474308,22.06314108496619,-0.3051272849010256,0.0289514281127251,0.1,508470420,-3906299.515151513,-1.2084096092393732,0.2998054371850968,1.555939306669967,0.6567437718565857,-1.921311200909151,-0.7463162507227963,-1.1467372491685548
2013-04-09,176.19861198046365,177.98623834219077,170.57731921893725,171.28805541992188,18252900,-0.0223485284933309,0,0.0165084673508987,normal,-0.0711067280283541,-0.0459226373132487,-0.0567262291645654,-0.0355279592028734,20.402828603027515,-0.5907136524407575,0.0316735742904568,0.1,490217520,-5203618.242424241,-1.3025580388256872,0.02352891896609444,2.249141796292453,0.5225223924827117,-2.048637890385005,-1.2932908771573477,-1.1906158869583763
2013-04-10,172.21418948442775,174.76855208835326,170.24135631915829,174.2947235107422,18994350,0.0175532852156521,0,0.0172664559317255,normal,-0.0387008897162535,-0.0170532868314621,-0.0364826550867047,-0.0364111502544138,29.047658622763777,-0.5125997225447367,0.0294678268806259,0.1,509211870,-6041014.969696987,-0.6866085736451223,0.11744254253745988,1.581078543688599,0.7159930817830014,-1.7445067890930077,-0.5146999401864584,-1.189207114879079
2013-04-11,175.298368748477,176.60785506186332,172.9895504165198,175.9488067626953,18848870,0.0094901510420719,0,0.0175027410546953,normal,-0.0122123173926131,-0.0038775497334238,-0.0247996118508193,-0.036549022507693,39.35345425342386,-0.2957708396196965,0.0271850588791242,0.1,528060740,-6506273.5151515305,0.11232630586056393,0.3485406375152307,0.8986387046561184,0.7580917178200797,-1.4604298770060131,-0.03714297472920714,-1.162834130939758
2013-04-12,175.7463414233699,180.65689833404608,174.02333807608196,179.347412109375,20632180,0.0193158760733367,0,0.018099641298759,normal,0.0122040141408898,0.0043661174248461,-0.0053979453072819,-0.0354964404321795,45.35239795197756,0.1086408063085251,0.0266098608904214,0.1,548692920,-4589819.939393948,0.5981391212040805,0.7557655835423394,0.7010791517343415,0.9045420613548302,-1.1666032879965793,0.7328485099601971,-1.0941140515933045
2013-04-15,177.72778837644867,185.94650811851847,177.6933209498857,184.9040985107422,18089020,0.0309828078142462,0,0.0177126865555667,normal,0.0553670164184507,0.0266430079408495,0.0229413586507685,-0.0327451133087811,57.182299024492565,0.7469018441330011,0.0272012893454431,0.1,566781940,-962283.3939393827,1.5500820708204308,1.3719691086323,0.8582768271376855,0.7625360371527751,-0.91293100585353,1.8274424234417175,-0.9635057333854253
2013-04-16,185.05056616495668,189.00916749335096,184.3613621819111,188.07443237304688,14838250,0.0171458279607603,0,0.0182105621287764,normal,0.0980008612507876,0.0199256126349292,0.0364845875021617,-0.029260079002583,64.02334628182729,1.3442826676295754,0.0261472765828007,0.1,581620190,4390119.818181831,2.093255992448859,1.8881995650680512,0.499228262060299,0.8810900449138165,-0.7012270516886767,2.2970664503724825,-0.8044670553072721
2013-04-17,189.0996434983041,195.5479849425049,189.0996434983041,193.42007446289065,24644810,0.0284230132846587,0,0.0193740892637932,normal,0.1,0.0667824116932214,0.0592917859430708,-0.0244929646912339,69.51424023295525,2.0204840719189785,0.0268865265776945,0.1,606265000,9452606.606060578,2.454275364760301,2.3882758350866444,0.7166372269206731,1.1897778429693329,-0.3569342184804304,2.9721621127401257,-0.5912035700986236
2013-04-18,194.1307740789055,199.2265635799721,192.54561423519337,198.1152191162109,21382190,0.024274340015421,0,0.0194546236156347,normal,0.1,0.1,0.0762920019131414,-0.018843711584779,71.35323983478291,2.664522775638096,0.0271361253156992,0.1,627647190,14001256.363636352,2.459408262242135,2.744750984508776,0.7771083600502693,1.1741730085311366,-0.04040107333833472,3.0,-0.3327894061250869
2013-04-22,198.69675714257315,203.3144069100786,198.69675714257315,200.4800720214844,14450260,0.011936755368028,0,0.017100724009768,normal,0.1,0.1,0.0799710542506082,-0.0131696013134033,71.861686051214,3.099854186905263,0.0277015685638872,0.1,642097450,17143539.272727277,2.368542357272925,2.849709557713494,0.9536407763935524,0.4445406922093231,0.20189431136198646,3.0,-0.059097491230800714
2013-04-23,201.5914114529969,201.875708610708,195.2163036994249,197.0685272216797,18770200,-0.0170168773654426,0,0.0177570949761544,normal,0.0657877721960327,0.1,0.055402297295779,-0.0092307480699298,63.8556271801833,3.005849717118202,0.0283356884514392,0.1,623327250,17052565.87878787,1.7378846169339934,2.5649910225856534,1.1633985438251822,0.6186835840013597,-0.032823632689101594,2.2058606011181507,0.1538447755530692
2013-04-25,198.92071327583315,201.8498265897753,197.62846088171867,201.12185668945312,20535590,0.0205681217844282,0,0.0174226311526039,normal,0.0693737269429934,0.1,0.0692575227806431,-0.0045766940210452,71.21894502316249,3.0545355385910224,0.0274326371704984,0.1,643862840,15472651.575757572,2.164094283861836,2.4232518552691755,0.8062863547869924,0.49257819010254,0.3278198698298962,2.4814342793133948,0.4165484232906865
2013-04-26,200.29914999750903,201.1218857179664,196.1768611103888,197.10728454589844,11550470,-0.0199608944032049,0,0.0179178162538951,normal,0.0190632233662757,0.1,0.0431540076652028,-0.0017223204704089,69.97911964625769,2.6682681419369234,0.0283113806829986,0.1,632312370,12666634.121212142,1.99541166605714,2.0260875762888326,1.1208915030278936,0.6218710765150407,0.1906096755957127,1.699530663434533,0.6115458342543878
2013-04-29,198.31770330482968,198.9595310574824,194.88031968198,195.86672973632807,13964420,-0.0062938049825423,0,0.0179924621824488,normal,-0.0113494025845835,0.1,0.0329890167546595,0.0003909390612943,69.53783195577944,2.200579052628134,0.0286587788993822,0.1,618347950,8863385.090909088,1.8777867042457903,1.6251639383360983,1.2237645183787402,0.620261371814318,-0.012124928278298239,1.3834696932856736,0.78337894414828
2013-04-30,196.5946859131536,197.49926533001928,191.714284551711,195.06982421875,14814500,-0.0040686109307631,0,0.0180590570332433,normal,-0.0269864617873571,0.0876645607787565,0.0259734375342344,0.0019866360904494,71.3045080460966,1.729670555221848,0.0295471426881088,0.1,603533450,4533160.66666665,1.8924124671528348,1.255023211981944,1.5226288849233474,0.6162887992830798,-0.24064880263320038,1.1631037491066838,0.9387584996161203
2013-05-02,195.9916444122621,200.4585287981185,195.1430646787681,198.0980224609375,20143690,0.0155236631514656,0,0.0182057397451501,normal,0.005224046953473,0.071355497560422,0.0377591205148304,0.0042534138278018,79.3087607108494,1.5215969135004372,0.0283670418395765,0.1,623677140,1842883.9393939653,2.2406601688412184,1.0763210777098282,1.0230809622582766,0.6374780394004343,0.14120167718414695,1.4344819393028838,1.1412485857138885
2013-05-03,196.8531415335709,197.5767998179932,190.0472832551509,190.71925354003903,36583570,-0.0372480695629027,0,0.0199103800875812,normal,-0.0517228874108718,0.0140626300641766,-0.00081019597246,0.0040357064217386,66.38872969751739,0.8215542725609044,0.0307841838542876,0.1,587093570,-2543282.3636363493,1.4325298839607004,0.5785143074066511,1.9176513224971954,1.149652967103051,-0.48547124550451004,0.40685087238434553,1.2074017856795574
2013-05-06,190.00849214232585,192.33455713863285,188.06581483967625,191.7788848876953,19604120,0.0055559747009696,0,0.0194312305890397,normal,-0.0270329920605362,-0.0084851046601691,0.0042877909281857,0.0041427041476593,65.98520801232661,0.386498889065423,0.0308563500168191,0.1,606697690,-4283489.696969687,1.3586203021509697,0.2608178234488652,1.855036220783229,0.9619720618563481,-0.10345811137936205,0.5233673356570036,1.2878247230236015
2013-05-07,191.2534009764868,195.0440036655788,191.1284795338549,194.42372131347656,12903980,0.0137910720845522,0,0.0189434093771758,normal,-0.007367297267862,-0.0186330854297921,0.0163822688391572,0.0049962087741046,65.45939245857035,0.2406218825863346,0.0294380280434673,0.1,619601670,-3899608.969696967,1.287874050838787,0.1386602421913366,1.2587509734673754,0.7762376208274616,0.17119160304933823,0.8197181960764628,1.4113612607036008
2013-05-08,194.6993927209073,195.81934760901603,192.248419225504,194.2427978515625,14795230,-0.0009305626941599,0,0.0188494747934777,normal,-0.0042396427561245,-0.0311116915862514,0.013945819937897,0.0056648311771649,60.76253079613614,0.1027615737493725,0.0277436484846122,0.1,604806440,-3261868.666666654,0.9940705196151387,0.01942357723706127,0.5736755872343984,0.7189203621291519,-0.08416541036905159,0.7332017893798335,1.5157688219217977
2013-05-09,194.69937398303048,200.4541987272156,193.3209660771741,197.36572265625,22585460,0.0160774290693341,0,0.0186189714556322,normal,-0.0036966537857887,0.0015080816747363,0.0272881420356505,0.0071367171025764,60.71960729360167,0.1877625044472752,0.0282041600412162,0.1,627391900,-2191528.606060591,0.9593019817854636,0.05507973210174337,0.7285067269793729,0.6176130138497834,0.38789566347959814,1.0479579431500528,1.660048688957442
2013-05-10,197.275288479252,200.1268571397746,196.7454601759644,197.5940399169922,18603240,0.0011568232703702,0,0.0174300629854359,normal,0.0360466300562039,-0.0175406931426063,0.025694796522653,0.0084516842259414,55.46037458195577,0.2228376134497445,0.0266922909298681,0.1,645995140,1213304.4848484837,0.6432141374684553,0.05287310355769179,0.11261094197690714,0.19711620507911773,0.775707885442479,0.973450467917839,1.7721485733373286
2013-05-13,198.5761390916609,199.76070391270665,195.39719575954268,196.2242431640625,12807580,-0.0069323788992072,0,0.0175326233842938,normal,0.0231796022746213,-0.0044800037901709,0.0167846513284788,0.0091604131614553,47.29048939410707,0.1222856946013308,0.026035040336551,0.1,633187560,3123664.909090901,0.1702132772302107,-0.05066378642167969,-0.16540746871393633,0.20706207463266277,0.5436007812260157,0.716500391998737,1.8232552996014337
2013-05-14,195.8408763887772,199.74778985424183,195.2507498122893,197.5466461181641,19822490,0.0067392434939648,0,0.0175153230917055,normal,0.0160624680136243,0.0085768337690503,0.0213378322705304,0.0101244060807752,45.66736877025799,0.1135276619678391,0.0256068770304947,0.1,653010050,5173682.363636381,0.059530373527342,-0.08581237284876479,-0.3550027731695728,0.17566589924518364,0.9900651829569229,0.8084820252368357,1.873596545416363
2013-05-15,199.0155128740729,206.1401359678408,198.5976840029913,205.2743225097656,27233960,0.0391182363429198,0,0.018821522100686,normal,0.0567924514073012,0.0523120289459653,0.0551317352348075,0.0131586185220615,60.74933847918369,0.5712742038020586,0.0253158872262663,0.1,680244010,7301408.545454563,0.8859349875566112,0.2432312148916987,-0.4742079595757068,0.6115264366336514,1.5529378029621537,1.6205951120484978,2.032662913570369
2013-05-16,204.6324999625244,210.1288850745207,204.3482028209929,208.4274139404297,22683930,0.0153603791848544,0,0.0180808900849633,normal,0.0560466687695599,0.0521428298534834,0.0641092023473652,0.0166360260070594,59.80122295987405,1.004179570494145,0.0252753991969007,0.1,702927940,11079527.696969723,0.8097346054528386,0.5637892305057812,-0.4831871597284885,0.315671273797179,1.9311221978466953,1.7763764031244125,2.178917349069801
2013-05-17,208.5222127192829,209.7541671946016,205.72664343581067,208.9012756347656,16893270,0.0022735094456975,0,0.017910360878248,normal,0.0572245788512826,0.0953339621314608,0.0598134398141905,0.019707592794788,67.48403336785205,1.2255504442273717,0.0249043491965297,0.1,719821210,12379577.515151491,1.2346085544008576,0.7212216924505456,-0.6265951463567355,0.22093513823914077,2.155911423943536,1.6014136712580043,2.263832195588011
2013-05-20,209.34491697188884,212.9632215497158,206.9757872530712,207.7769775390625,18149490,-0.0053819589769703,0,0.017206281682903,normal,0.0588751633779562,0.0834194685235321,0.0487052826786635,0.021961343030455,67.7174487418581,1.1979468673056584,0.0256951083631459,0.1,701671720,12387776.606060617,1.2114565554611991,0.6721628324115632,-0.319269730405817,-0.08929120313806248,1.7458401345739223,1.2764587771172222,2.278073484972463
2013-05-21,208.48340879023087,209.25875505233608,202.78888209869527,203.3747100830078,19350270,-0.0211874650800859,0,0.0173512868108856,normal,0.0295022167137053,0.0460385631396245,0.0239031169685524,0.0225731014407029,61.15738362389009,0.8038152433911803,0.0264918525056568,0.1,682321450,11049571.39393942,0.7853422020101112,0.30879795955671513,-0.014938778466780898,-0.06863068808925424,1.3596838743993294,0.6400952602503094,2.1943585350309847
2013-05-22,205.03741102456857,206.94994591013307,202.0695312652472,203.57286071777344,15125760,0.0009743130534014,0,0.0171749660990528,normal,-0.008288721994984,0.0480329925711884,0.022475920500391,0.0230709094042778,57.96063424333606,0.4923678490530241,0.0262877201810669,0.1,697447210,8789819.212121245,0.5640744363518017,0.015182823929871558,-0.11972236852401334,-0.18877079193606117,1.5999518462523576,0.583459365695074,2.109952811215295
2013-05-24,188.84119235712456,189.3580986964809,183.2758980780292,185.3262634277344,34747060,-0.0896317771715921,0,0.0263746385768501,normal,-0.1,-0.0610007607525883,-0.0629977626947148,0.0182357810458579,44.04152380271614,-0.929151013183299,0.0335958677908523,0.1,662700150,5017551.75757576,-0.3324954669945627,-1.24736850544377,2.719465251477124,3.0,0.9362531099544668,-1.516509922440688,1.763530065919312
2013-05-27,185.56746188382587,188.0916687135576,184.9471796049724,186.26528930664065,22382280,0.0050668796830968,0,0.0258771837209162,normal,-0.1,-0.0573334631708054,-0.0529964625581894,0.0142207406844949,43.89199411882637,-1.7454234254980618,0.0329953737910924,0.1,685082430,3278373.151515149,-0.36711476379598784,-1.9243094923540371,2.3494363548316652,3.0,1.306420653467662,-1.263669928626262,1.4904122809230953
2013-05-28,187.5652443844152,189.8841174117764,186.43216433582893,187.0733642578125,21430960,0.0043383013237723,0,0.0256329297100658,normal,-0.0996434423412366,-0.0466348029106626,-0.0444389768306852,0.0109004049628838,41.51178186449594,-2.143927549127683,0.0327395634111235,0.1,706513390,1380532.000000022,-0.5446859111405714,-2.178247877741596,2.1582828765279984,2.958141474647911,1.633537077148592,-1.0441849411886561,1.2720452452563629
2013-05-29,187.54331437796404,187.90782842404244,184.2845880239743,185.00924682617188,16838910,-0.0110337323532386,0,0.0256937854936335,normal,-0.0903035743693994,-0.0634655132767623,-0.050007825974529,0.0073720340595502,39.78150975563295,-2.438102521618204,0.0331250299614487,0.1,689674480,-1003093.7575757222,-0.6818323531813534,-2.305765119125522,2.214346479925848,2.888251929682605,1.291417061972303,-1.1693335441530903,1.0551293952933412
2013-05-30,184.4558769992024,186.20382084908243,182.6157089635872,183.4501495361328,24345150,-0.0084271317071191,0,0.0257260577911097,normal,-0.0988477104005434,-0.1,-0.0527800515486062,0.0038165606302902,34.04791166180213,-2.613678730765138,0.0320262150091707,0.1,665329330,-3343456.78787876,-1.0679512419293453,-2.314126204374102,1.760419046744756,2.818565580950603,0.8473347390226278,-1.2156114251859609,0.8460428420625857
2013-05-31,182.86603428753105,183.48966328145795,179.36576410307072,179.77859497070312,20767490,-0.0200139088178095,0,0.0256252972152438,normal,-0.029934604812202,-0.1,-0.0653519651853237,-0.0003683464957566,31.07156811089041,-2.834570523388556,0.0329752816565541,0.1,644561840,-5123545.999999983,-1.2847535662570282,-2.362745950320482,2.0128581921702593,2.5735246305248216,0.46485752003766745,-1.5382764492633114,0.6095150014330932
2013-06-03,179.8971786482359,182.8704402750685,179.19010422349197,181.8076171875,21804450,0.0112862280246852,0,0.0246417236729753,normal,-0.0239318454647885,-0.1,-0.0498441055647967,-0.0034304036081987,34.89432512355593,-2.702027680798237,0.0323388639523211,0.1,666366290,-3880615.6969696586,-1.053009029039499,-2.176588063284418,1.7007960874265413,2.0742385220618966,0.8206129076396308,-1.1831326223729448,0.43294962276565657
2013-06-04,181.8207744621356,183.05047482204407,177.51680979972727,178.14923095703125,18890680,-0.0201222934828733,0,0.0248900836536982,normal,-0.0477039226625688,-0.1,-0.0628079958943869,-0.007166400351286,30.623984314198808,-2.711705623480679,0.0334185918580406,0.1,647475610,-4230113.696969687,-1.3580120813122336,-2.101374639224418,1.9828093714110917,2.0528463551580223,0.47768641581806565,-1.4958510433416206,0.2221351950761699
2013-06-05,177.95600450403126,179.57218607722314,176.7262906440315,178.4610595703125,19682800,0.0017503786662793,0,0.0245969415251923,normal,-0.0353938377037544,-0.1,-0.0556663569035824,-0.0103150258419697,18.558094827752768,-2.550467103530295,0.0310597392742285,0.1,667158410,-4139099.878787865,-2.107293962381678,-1.9164267795268284,1.1207034120377475,1.8544308640956402,0.803554040929392,-1.3061158692768695,0.04137958495235695
2013-06-06,177.71442882456313,181.55725911165,176.24317111981847,179.95864868164062,24860940,0.0083916856424248,0,0.0247455688557466,normal,-0.0190324230496442,-0.1,-0.0433922648055018,-0.0125859491683507,15.26833087669425,-2.209068350385598,0.0306160657443792,0.1,692019350,-1499856.363636366,-2.1999541703486765,-1.6272992701392897,0.9362128122145785,1.8170917623659653,1.2072565283811012,-0.9917249333875789,-0.09373314720627636
2013-06-07,178.7465307483663,182.2599760702015,176.9898080874487,177.7935028076172,18938650,-0.0120313521460906,0,0.0243699221730619,normal,-0.0110418716055125,-0.0406459423548164,-0.0499339207887571,-0.0151691238452857,13.55283025816665,-2.00135761646216,0.0314881367013511,0.1,673080700,-2144308.5454545384,-2.1886940351080484,-1.4405869708776524,1.20571763248521,1.6168442279694133,0.8658900325507416,-1.1270859785422591,-0.24553492599542864
2013-06-10,179.1856910933214,179.80054127437035,175.76886644142556,176.68675231933594,14601870,-0.0062249208818323,0,0.0243289830742035,normal,-0.0281663933963935,-0.0514241650871192,-0.0507993436437158,-0.017704253803449,13.558405342091774,-1.8162226631629104,0.0308947272209889,0.1,658478830,-2218899.2121211723,-2.0777167743034175,-1.2762284558120973,0.9669714664993285,1.5388507584531999,0.6149000015014326,-1.1155817991138326,-0.3933478390581189
2013-06-11,176.11143820217166,177.95600226762542,174.09120455970557,175.45266723632812,27831190,-0.0069845931673325,0,0.0243291720264281,normal,-0.0151365442680666,-0.0621183943934929,-0.0522454369786646,-0.0202291236554168,14.646177577175038,-1.6589295094914456,0.0300514793890282,0.1,630647640,-2060356.2424242136,-1.9248903811701623,-1.1369324922267374,0.6396301016773286,1.4792847152307844,0.14354603046640946,-1.1179129015296059,-0.5384776698114868
2013-06-12,178.2194965667086,178.2194965667086,173.09426605474707,176.2036590576172,31892330,0.0042803100865802,0,0.0242713435053759,normal,-0.0126492609543534,-0.0475953927688171,-0.0438003660852752,-0.0221394181000544,15.82461007312672,-1.396868617021791,0.0300226402172555,0.1,662539970,-365240.7878787628,-1.7800692598980352,-0.9390909057181479,0.6041333250658675,1.4059260930123831,0.6856220655653658,-0.8971917086449002,-0.6478099819851555
2013-06-13,174.78949703338364,178.81678936271877,174.37228347081978,177.32357788085938,21107870,0.0063558204706519,0,0.0221179489672934,normal,-0.0146426460750039,-0.0333963840899825,-0.034253333193333,-0.02339189467412,32.53877357510599,-1.056151195060644,0.0234474217777882,0.1,683647840,1187106.1818181742,-0.8284539748863253,-0.6996008031968085,-1.8962168460408515,0.6888258945010229,1.023635395805312,-0.6642054565075806,-0.7199200201047569
2013-06-14,178.83438320251364,180.8546036641955,178.39080641457332,179.69956970214844,18141370,0.0133991872354699,0,0.0220174919670306,normal,0.0107206780024673,-0.0004395699530723,-0.0193225137477109,-0.0236817014664766,36.51944367340461,-0.6014275279816337,0.0232910434406631,0.1,701789210,2122440.545454584,-0.5881068773504123,-0.39152541012769976,-1.9245544631568205,0.638951747556749,1.3100237524881075,-0.30360261863619464,-0.7361904388729632
2013-06-17,180.28806293150635,182.17213837466085,174.98714897499917,181.451889038086,25618850,0.0097513830380451,0,0.0222481571656113,normal,0.0269694057771674,-0.0019566185120127,-0.0088382858250598,-0.023317180163369,38.888959261115886,-0.1375148671642638,0.0244699369871046,0.1,727408060,5215131.636363656,-0.44167599740029995,-0.07711182149767619,-1.4889703384888344,0.6935522021652202,1.7068098270662755,-0.048728217341200794,-0.714356802769181
2013-06-18,181.2059149311595,182.259945671364,178.94413756301228,179.50189208984375,15409980,-0.0107466334937573,0,0.0222628478176098,normal,0.0230787306759006,0.0075928541793073,-0.0176665453445585,-0.0235082393594394,39.06519257476501,0.071878456876794,0.024613427692079,0.1,711998080,5467999.454545431,-0.4163333465384643,0.07578626677134691,-1.4445051873941732,0.6782554725827342,1.4310424962225314,-0.24271088808231792,-0.720307647580712
2013-06-19,179.53704790556648,180.2529145236448,178.193156162237,179.69515991210938,15403450,0.0010766896104297,0,0.0220740613098119,normal,0.0198151438691207,0.0069152359891186,-0.0150508867588841,-0.0235316033198927,42.11694699271752,0.2473815724868515,0.0239794368128163,0.1,727401530,7091151.575757571,-0.24036465679183566,0.2037814851696482,-1.6343374869611667,0.6019059289439536,1.6232562880957386,-0.1782473403711634,-0.7166574488951919
2013-06-20,176.46276043691685,177.41139214510412,174.5611143283797,175.45704650878906,26521840,-0.0235850170109935,0,0.0223512936060538,normal,-0.0105261319130635,-0.0250146475639256,-0.0347618605346664,-0.024762068560041,41.13834183046092,0.1090785687432287,0.0249698837095677,0.1,700879690,8194834.242424253,-0.2822281156706831,0.11968850456912039,-1.2685519391204625,0.6803274486680254,1.1639824731239248,-0.6412596353321808,-0.7786977863081745
2013-06-21,175.1452321953357,176.4495992197663,172.71218112297734,174.71484375,26461690,-0.004230110865065,0,0.0110822963735234,normal,-0.027739220302033,-0.0173159255484632,-0.0352759120450817,-0.0259771236905964,34.64540867223647,0.0041902789413827,0.0250992946115514,0.1,674418000,6485177.272727301,-0.6243209953733805,0.053426720088272345,-1.2067585665785725,-2.6665312336987994,0.7222037692292669,-0.6540520475273925,-0.8397909010431707
2013-06-24,174.18340932074307,174.5391579331439,169.52370964187563,171.144287109375,21810540,-0.020436481320008,0,0.011575433110894,normal,-0.0568062530699113,-0.0313688781824668,-0.0500161429685379,-0.0280466224176348,34.7776579645097,-0.2547643857229418,0.0254799790052861,0.1,652607460,2596186.787878752,-0.6028236347721492,-0.11639358336248393,-1.0466781611363118,-2.3539420371052326,0.35800891442783966,-0.9971723723225593,-0.946311484010905
2013-06-25,171.1047770227455,171.23652585134238,166.9984354302398,167.57376098632812,30781170,-0.0208626661360015,0,0.0119666428320234,normal,-0.0664512834078951,-0.0449061640048333,-0.0636074062281155,-0.0308654773865375,29.27606967093133,-0.596127430836229,0.0266163110221171,0.1,621826290,-4756021.151515137,-0.8905835217147886,-0.3409991241135925,-0.6194134673413542,-2.1162781490928513,-0.15419081476108118,-1.3053930026039102,-1.0912789834842365
2013-06-26,168.11835557011275,169.14605013509814,166.19475548859785,166.89305114746094,20557680,-0.0040621505112767,0,0.0118958526165707,normal,-0.0712434812986063,-0.0528400372611544,-0.0613851616841745,-0.0334411915166329,24.331431373877532,-0.7854676182811167,0.0257136193437336,0.1,601268610,-10996476.303030292,-1.1442582065337419,-0.4662924744627031,-0.9278994823379249,-2.0217131309825733,-0.5172127786378358,-1.2455042726539645,-1.2210230679775425
2013-06-27,168.77710728108443,169.52371969784008,166.97647745725425,167.98658752441406,19891950,0.0065523182027926,0,0.0121424807211227,normal,-0.0425771385818967,-0.0526550979177663,-0.0502388574164672,-0.0352406896176794,29.88652437879462,-0.7545788100991668,0.0244239065454128,0.1,621160560,-14002041.515151491,-0.8296956057425963,-0.4465369916629424,-1.348996279941318,-1.8625171328908894,-0.21270959393169306,-0.9788751443719854,-1.3068151709458606
2013-06-28,170.226414895574,171.9260417895072,169.5237232069166,171.61422729492188,15660360,0.0215948179194995,0,0.0128560965809551,normal,-0.0177467259708901,-0.0449936659315768,-0.0269739831811761,-0.035554621955508,40.57146455092127,-0.42383358017626,0.0238692420536997,0.1,636820920,-14186559.030303027,-0.256028891966915,-0.23099670308284756,-1.4961497336809042,-1.639119853718452,0.02876443347422377,-0.44207761860348693,-1.3135863878146874
2013-07-01,172.42232026473343,177.51681831964652,171.71962856703345,177.04249572753906,15135150,0.0316306434389535,0,0.0146610268899941,normal,0.0344633684114423,-0.0243006194860909,0.0034399758508076,-0.0339973320922359,52.55648429000396,0.1933955513073595,0.0239595481255259,0.1,651956070,-11050105.151515149,0.38695822691496823,0.17159205289850563,-1.4138630810709556,-1.1683580142075123,0.26672890475457944,0.2570826312333196,-1.2233775267694031
2013-07-02,176.65164355707793,178.219508343714,174.11756254444458,174.78512573242188,16265170,-0.012750441558343,0,0.0142477728126377,normal,0.0430339732404889,-0.0262769729193776,-0.0084709853421671,-0.0332264116231855,47.82436329306657,0.4669107941920165,0.0238508077502936,0.1,635690900,-8913604.787878776,0.12124952327837493,0.3460654515327986,-1.3975612311741916,-1.2441894722533404,-0.037996563600677775,-0.021653487351412707,-1.176776465482518
2013-07-03,173.56421675633607,173.56421675633607,166.25624352743588,166.77886962890625,25313640,-0.0458062782514593,0,0.0174077737516504,normal,-0.0006841598123447,-0.071878899184155,-0.0490084573010609,-0.0349590853731557,36.6477909455276,0.142710044414752,0.0267450403435418,0.1,610377260,-6206016.242424249,-0.48622524634675657,0.13039430446236622,-0.3994131631468083,-0.46863615340356574,-0.516831014865528,-0.9465152559946527,-1.2595096165588004
2013-07-04,167.05992980406225,168.9484011918183,164.48192819327252,166.88424682617188,28494530,0.0006318378191438,0,0.0172204781423519,normal,-0.0065620756662014,-0.0488598198430734,-0.0440001904094813,-0.036321579496487,32.78257414830773,-0.0217921489173162,0.0271285357426238,0.1,638871790,-2293827.2727272683,-0.708801682363467,0.020660207833896133,-0.26177162994815073,-0.5168825908115763,-0.041819413381856574,-0.8254534899850741,-1.3210240855332558
2013-07-05,168.74199587369938,169.32171756894925,165.85657568403914,166.4011688232422,17580390,-0.0028946890561387,0,0.0171064735465686,normal,-0.0303766101089099,-0.0475842507042726,-0.0425027732040892,-0.0375418944808185,29.065342963966582,-0.1150790715656526,0.025610528406328,0.1,621291400,-353070.4242424388,-0.9256529744683978,-0.04274164959602478,-0.7556020615412851,-0.5460187055469038,-0.42971687915215684,-0.790149628131201,-1.3744627140876071
2013-07-08,165.0440751869344,165.29880745754485,162.50561168481158,164.53463745117188,15419820,-0.0112170568588554,0,0.0171896821270924,normal,-0.0706489039536375,-0.0386203347470139,-0.0484178206650871,-0.0390765454896561,29.132987228263403,-0.2468658611209147,0.0261527455413542,0.1,605871580,-63471.87878788834,-0.9389468331100418,-0.13326663177957812,-0.5475710734240886,-0.5292782542502367,-0.8376616983621544,-0.9318476968166864,-1.4448723705816227
2013-07-09,165.74677058865487,167.98659452959538,165.18461990646892,166.41871643066406,22886230,0.0114509565200295,0,0.0174800415338059,normal,-0.0478668265774853,-0.0068927530710389,-0.0340695840655332,-0.0396809385322595,32.323644792790375,-0.155957292350835,0.0264542075910963,0.1,628757810,-11115.999999978678,-0.7661446996253317,-0.07742036192038859,-0.4277166792901588,-0.4588730626715288,-0.42068785149952387,-0.603477033385337,-1.4674452626942
2013-07-10,167.5078887857566,168.9791466039349,163.8451238723365,164.8069305419922,19184670,-0.0096851239045784,0,0.0174741491457279,normal,-0.0118236746135871,-0.012499745142927,-0.03945221242067,-0.0405905914362394,34.75414978182957,-0.1529756353950357,0.0267129156809565,0.1,609573140,-2459727.090909099,-0.6246455123206172,-0.07703925706150333,-0.3360465874451556,-0.4601818109008156,-0.9545794860730263,-0.7193230212566273,-1.5033319051594862
2013-07-11,167.8548418828429,169.34805334194633,166.88863913727226,167.8855743408203,15679190,0.0186803054258917,0,0.0180368124558046,normal,0.0060001320297859,-0.0006013169568021,-0.0195003668298419,-0.0402515176748796,40.83672753225939,0.0944197606525349,0.0265650049774325,0.1,625252330,-2827640.606060606,-0.2810035905736047,0.0860582401734637,-0.3864484617281514,-0.32133062519871697,-0.6308485217392684,-0.2565808743430298,-1.4736590724351992
2013-07-12,168.2940037264165,168.64094673487796,165.24608942701832,166.30889892578125,14990890,-0.0093913692181692,0,0.0176910679690937,normal,-0.0005545027003923,-0.0309142688969681,-0.0260456612451963,-0.040323835408319,43.145275376965294,0.1847332795313434,0.0260453629375711,0.1,610261440,-3018812.242424228,-0.13974649096055142,0.15203141065671838,-0.5565796591932815,-0.406366445159039,-1.0723522523827582,-0.3890073659586341,-1.458740362479643
2013-07-15,166.15960255682805,168.395030417234,164.07789060173354,167.96902465820312,23207480,0.009982182211204,0,0.0177003872620282,normal,0.0208733386491366,-0.0512502438019153,-0.014791850883402,-0.0397072967174456,50.59242020485883,0.3780005800482744,0.0258215586261197,0.1,633468920,-613178.2424242483,0.29166906111164104,0.292133145502892,-0.630552806398955,-0.40168702254837774,-0.4868019510267902,-0.11186124410901681,-1.4043439299989418
2013-07-16,163.3752060811073,163.3752060811073,157.8854478122529,160.53370666503906,30413700,-0.0442660068324742,0,0.0198577972167724,normal,-0.0353626676845383,-0.0815367955806507,-0.0531364387073356,-0.0414478112610544,42.07354554431493,0.0443544153621768,0.0301909851008977,0.1,603055220,-726731.3333333499,-0.16557417879938677,0.0939058472390961,0.8382422789170312,0.1271686620681188,-1.3213263653390122,-0.9717770699688036,-1.4551970555369
2013-07-17,161.26710167017305,161.53059927529418,157.2354140763738,158.69349670410156,24112260,-0.0114630752579405,0,0.0198411829458802,normal,-0.0370945191308744,-0.0484796002203106,-0.0582510834999243,-0.0434337913962717,38.628509759549495,-0.2450949872865191,0.0312902853334891,0.1,578942960,-3447490.606060604,-0.33812667703821553,-0.07102852125466654,1.1742964099351998,0.12148137609704542,-1.9068603096809922,-1.0694885133455556,-1.5041198967672835
2013-07-18,159.24690519033126,160.81916600847777,157.3145130251986,160.2350616455078,20494950,0.0097141028046072,0,0.0196849677566756,normal,-0.0455698038699941,-0.0398430966799995,-0.0446351113201873,-0.0445197180532691,35.32677967729127,-0.2752937048659856,0.0307954295854543,0.1,599437910,-2769686.3636363456,-0.5056342576887882,-0.05536736289344689,0.9825918358812485,0.07264553120524823,-1.3201253287853714,-0.7193149361609783,-1.5013173883555286
2013-07-19,160.65228515047357,160.65228515047357,157.98646864599328,159.09759521484375,14077470,-0.007098736187842,0,0.0196945626228292,normal,-0.0433609010553048,-0.0438913600189706,-0.0467490614483673,-0.0456939203744457,23.981194482239843,-0.3117581223081043,0.0295624165258841,0.1,585360440,-3553783.6969697024,-1.1435695989517463,-0.04374270435544392,0.5638978146288317,0.06713914446519936,-1.6417232850657626,-0.7475488808313563,-1.4986460012583902
2013-07-22,158.7198787094849,161.16172196634395,158.63205062417728,160.2745819091797,9686870,0.007397891167032,0,0.0194904123178187,normal,-0.0458087005308313,-0.0258915424009514,-0.0360526497805699,-0.0461756466720483,28.28029423009897,-0.2018246827445162,0.0286446172871301,0.1,595047310,-4401967.51515152,-0.8599732238291325,0.08709063300328375,0.2523315090723853,0.00822529941057741,-1.3490161452321792,-0.4444930778584704,-1.4632207973750468
2013-07-23,161.4428110881432,164.23161092154078,160.9772806671297,163.45864868164062,14172240,0.0198663239955616,0,0.0196630626249174,normal,0.0182201113857327,-0.0177868680429145,-0.0153174493770765,-0.0453788971700293,44.1917439342624,0.1226523657919296,0.0260888191093425,0.1,609219550,-2820168.1212121123,0.13661449570350903,0.4058178004944195,-0.582130199256664,0.04381040524460615,-0.9722231533680913,0.14638236062636498,-1.374559663213174
2013-07-24,159.86174050409872,160.4765906716457,156.90605020221375,158.21481323242188,26278990,-0.0320805016529401,0,0.0208506948089279,normal,-0.0030164025723892,-0.0399990297003357,-0.0426297075075468,-0.0462714993944194,37.1451080547609,0.0264629887520362,0.0278953151734881,0.1,582940560,-3713918.7878787606,-0.27564580746660433,0.36960417035116905,0.020086943257036326,0.32638753912214447,-1.5926982529902733,-0.5859009851170841,-1.3630002710468538
2013-07-25,157.57799274079906,159.51039808853434,157.1476043337629,157.94252014160156,29959130,-0.0017210341134132,0,0.0207443328659039,normal,-0.0143073649447466,-0.0592251850003121,-0.040230127772577,-0.0469857467018262,37.37876146814057,-0.0111376437070651,0.0274448763017961,0.1,552981430,-4873705.333333341,-0.23186692214690108,0.3731735223928867,-0.11781875773941157,0.2890559120033898,-2.235850404175189,-0.4938915015436904,-1.3442672310996457
2013-07-26,159.07123268209176,160.14283451262938,153.86254333821896,155.05271911621094,26165140,-0.0182965361246598,0,0.0201781585117251,normal,-0.0254238669866169,-0.0676823662610719,-0.0525760978065245,-0.0484224225486901,36.27116247522806,-0.1770627552954513,0.0290549633646271,0.1,526816290,-7584063.090909063,-0.27300375405768096,0.2534415358188524,0.4126205973186415,0.14062485574917746,-2.653913708203396,-0.8207905418743007,-1.35669903812528
2013-07-29,155.22839225225695,155.4699362271116,152.20682750544034,152.83924865722656,16545080,-0.0142755991097801,0,0.018334875507548,normal,-0.0463912191402027,-0.0900747982061802,-0.0601846782229175,-0.0502667785675549,30.524105234224407,-0.3711556972641565,0.0293874900892842,0.1,510271210,-8638258.060606033,-0.649774177156015,0.08973318820771081,0.5338389709635835,-0.31007925173597745,-2.8250722554429184,-1.0092571581741243,-1.3847687652219727
2013-07-30,153.20816411159052,155.821280795522,150.93321168480904,151.3679962158203,27908980,-0.0096261428548751,0,0.0182980203671373,normal,-0.073967652145275,-0.0570952396205702,-0.06305374418967,-0.0522166578271634,30.647649198733305,-0.5245164580359178,0.0295570655702632,0.1,482362230,-11749035.454545436,-0.6160522586442677,-0.04287712916342233,0.6012495484588847,-0.31427122353000414,-3.0,-1.0565890288514106,-1.4150123754518464
2013-07-31,150.8848810062068,151.06055056000565,148.44303802103755,150.05921936035156,30356230,-0.00864632477266,0,0.0158772258175619,normal,-0.0515475997818833,-0.05440851404169,-0.0648174757427106,-0.0542013986438942,22.950898620627058,-0.6327433608220865,0.0290455560080113,0.1,452006000,-16660145.878787875,-1.157765482314511,-0.13366081645309674,0.43219860353468553,-0.895359582085275,-3.0,-1.0722394819092136,-1.444658275894005
2013-08-01,150.8980768735354,151.34165361581756,146.2471554307761,147.8457794189453,23616550,-0.0147504428640995,0,0.0159549402901772,normal,-0.0639266786018365,-0.0773194212261211,-0.0716615093158485,-0.0565261369986382,22.515801155972724,-0.7632991373069533,0.0303015506959691,0.1,428389450,-19954471.93939394,-1.1583395280914668,-0.24657073889501205,0.8349453230252145,-0.8590444442018832,-3.0,-1.229376011998734,-1.4859413405896011
2013-08-02,148.26737799809672,150.10754584336163,146.2471444927265,147.6173858642578,25310950,-0.0015448094330803,0,0.0159712410458432,normal,-0.047953581816133,-0.0721582833171248,-0.0665977475606899,-0.0584606390800296,18.355696242774968,-0.7725855336038938,0.0301274282710574,0.1,403078500,-23494578.60606059,-1.4364705686059933,-0.24088480804710047,0.762339179578028,-0.8394322593241118,-3.0,-1.0516772562163055,-1.5096938118924925
2013-08-05,148.26739945911632,148.7944082306719,145.42150384288587,147.76234436035156,17653750,0.0009819879633083,0,0.0159883589477581,normal,-0.0332172811727241,-0.0780675101428013,-0.0597998784953974,-0.0599152326393076,24.320161605054334,-0.6797884891669863,0.0268539219132707,0.1,420732250,-23216484.06060604,-0.944887434543509,-0.1365614066196645,-0.3269278180517282,-0.8262059435625,-2.7751426546385063,-0.8245710835343931,-1.514061357232522
2013-08-06,146.2471580807392,147.24848943779543,143.44078726263626,144.17422485351562,25454280,-0.0242830439809854,0,0.0160217427854737,normal,-0.0475250485052851,-0.1,-0.0753542069166899,-0.0622533461185569,22.722928466468645,-0.7645590376943847,0.0275353113100832,0.1,395277970,-21269078.96969696,-1.0344865043872673,-0.2056305625767204,-0.10897127374582725,-0.8088530328551035,-2.841716204059789,-1.2523768889972184,-1.5535041996821122
2013-08-07,144.49044580720292,151.86867597669112,143.69992593287594,150.735595703125,30640510,0.045510013015682,0,0.0198385425350846,normal,0.0045073961177233,-0.0472725491152948,-0.0302003561404407,-0.0617865021182894,34.985464366111785,-0.3067223530158465,0.0285468865810875,0.1,425918480,-16809074.7272727,-0.06615717338519507,0.2509292756361958,0.2130575308433708,0.10299533655877985,-2.303725380701637,0.1404586068334205,-1.4828617159830957
2013-08-08,150.0460461190654,150.90683632399873,144.9295949184008,146.17247009277344,22000410,-0.0302723825057134,0,0.0198783316346841,normal,-0.011317937737203,-0.0745210981708777,-0.0541936630055035,-0.0627836590067026,31.56707729736669,-0.2420308150994197,0.0310562057374307,0.1,403918070,-13643070.242424224,-0.3055022596889079,0.3311460345611485,1.0192499516381872,0.10836337211352594,-2.393153221130165,-0.5842986528456382,-1.477057715360486
2013-08-12,146.17249159824166,146.65998909501738,138.3419064118754,141.0077362060547,54399680,-0.0353331505135048,0,0.0208832528804963,normal,-0.0447755501122412,-0.0905819839227045,-0.0799349596646437,-0.0652926351345035,25.32905097486309,-0.4649878735472903,0.0351258760018568,0.1,349518390,-13381835.090909094,-0.7864201298032544,0.1369092883992238,2.2381082822544744,0.3399587697650914,-2.763956704620846,-1.481507785128658,-1.5369174789820252
2013-08-13,140.07225873349734,142.90936159794006,138.34188613313762,142.2901153564453,40050290,0.0090943886122438,0,0.0208439015157218,normal,-0.0370339887851332,-0.069021101539434,-0.0651959480076084,-0.0668261563306206,21.50627034127959,-0.4440502282761054,0.0351157461837113,0.1,389568680,-9889978.54545455,-1.1030514407771495,0.19211384298151596,2.1146161096742575,0.31874483252219876,-2.208445900621054,-0.980432780282814,-1.5632138007876835
2013-08-14,142.6458730563074,144.3455134693893,141.24050298545876,142.68101501464844,22630340,0.002747201780137,0,0.0191253514536839,normal,-0.0103569819111863,-0.0573898143487741,-0.0570032946793196,-0.0678127524918448,25.948671182292188,-0.327221751942722,0.0332936185618503,0.1,412199020,-5561277.515151511,-0.7025773632151795,0.3517857866281629,1.486149664863372,-0.10479267154855726,-1.8826925015984528,-0.6538429880377672,-1.5750518862021983
2013-08-16,141.49520853329292,141.76749837248337,136.40950286533004,137.95541381835938,33161930,-0.0331200419046914,0,0.0200588919427626,normal,-0.0847854272585773,-0.0806601926465188,-0.0805085582722408,-0.0701743466824819,22.803936704776632,-0.4821924290849715,0.0364578766555449,0.1,379037090,-4214694.545454534,-0.9963680163703375,0.21213372363342237,2.3039311914951432,0.1108436413617302,-2.094278777095573,-1.7611198950872113,-1.6513230173412212
2013-08-19,137.72705183219014,137.72705183219014,133.59875648331814,134.43319702148438,27358320,-0.0255315590696032,0,0.0200811435374832,normal,-0.0803111082670924,-0.0907200898813227,-0.0950223467284713,-0.07331885087234,22.418113912460257,-0.7215015358997414,0.0363910042478181,0.1,351678770,-5050348.606060599,-1.0260442448147462,-0.029885869438769037,2.1524439534307467,0.10478565094419413,-2.2231759022119224,-2.488549623277203,-1.7690426757844513
2013-08-20,131.75418292402014,137.1692739449968,130.75285166990673,136.50172424316406,24469990,0.015387026921253,0,0.0207837860012841,normal,-0.0319557783432958,-0.0753004909009512,-0.0739449852276596,-0.0750909747622283,28.06089287807245,-0.6426946874957888,0.0374896050186702,0.1,376148760,-5308846.181818164,-0.403367428995626,0.052974380418675526,2.362929341259609,0.3056506817019748,-1.8954401312738918,-1.3833683590532102,-1.8206034721037254
2013-08-21,144.05125849028877,145.00866912579454,133.77443358341785,135.9703369140625,32616310,-0.0038928982915625,0,0.0205115329303913,normal,-0.0444147397487969,-0.0798038735601786,-0.0706863762512777,-0.0766055951357546,28.787555826868285,-0.5330857480662283,0.0409699163430492,0.1,343532450,-5843077.454545449,-0.3022936606227742,0.1549019451003548,3.0,0.26565115708275805,-2.0753361198772287,-1.1893116398442798,-1.85614369939986
2013-08-22,134.62642484305712,138.06959913786767,132.83456048997795,137.4415740966797,39523490,0.010820280481816,0,0.0199572019516751,normal,-0.0367213600031569,-0.0466980194530365,-0.055175168880821,-0.0771390384196196,32.69487854961021,-0.2808987083487064,0.0417319076331389,0.1,383055940,-4982678.848484823,0.14150802060179193,0.4149340642890222,2.967322718486399,0.15178274348718312,-1.6564842862851472,-0.40153911168757533,-1.8444795313695923
2013-08-23,137.59967204314862,139.37396541126498,135.4520858890342,136.94529724121094,22294020,-0.0036108205157753,0,0.0191826749851852,normal,-0.0073220510104693,-0.0914866750457149,-0.0533044927987216,-0.0775419466647407,34.3109892957697,-0.0774884633716093,0.041271520184338,0.1,360761920,-3147471.212121206,0.3318186897155606,0.6270948065711682,2.6679370251879884,-0.02206483725846041,-1.7698058279779625,-0.3048488265144141,-1.82456089524153
2013-08-26,137.99934725615313,139.20709406883253,135.71999856291433,136.78282165527344,17001610,-0.001186426910676,0,0.0191908156306521,normal,0.0174780090472264,-0.0642367774967511,-0.0495006806124715,-0.0777030918945128,34.376218452263075,0.1061653595476963,0.0411256020893021,0.1,343760310,-2916541.6363636213,0.3383808758733217,0.8316426703336208,2.4691388796088987,0.009378856281921455,-1.8261320193941815,-0.11714822847482588,-1.7910777907483506
2013-08-27,135.44330210412858,135.4652691770216,131.88593636017205,133.5109100341797,23246040,-0.0239204863702825,0,0.0194051897407722,normal,-0.021910450036928,-0.053166062895442,-0.0658101194528432,-0.0788345457955438,31.1490272791346,0.0691298871121448,0.042948787283921,0.1,320514270,-6851038.242424229,-0.019697309387920307,0.7776716484194426,2.6551520859931435,0.09910583308786008,-1.9196022205807752,-0.933689484203597,-1.7996167230280422
2013-08-28,131.75418257980851,132.80821335990126,127.59953777522254,131.56533813476562,25272130,-0.0145723813800383,0,0.019410939346284,normal,-0.0323967629945711,-0.0753726089462607,-0.0724070458792193,-0.0803204790421158,32.56404369961243,-0.0198015580565495,0.0444470404123748,0.1,295242140,-9142430.242424242,0.14172034276104045,0.6459032524064683,2.726966717792569,0.12798452009633327,-2.0147754692718403,-1.2291711923420983,-1.82150523135521
2013-08-29,132.89607630630644,133.91497869947128,129.33871012156777,130.68260192871094,20084810,-0.0067094891296557,0,0.0194033994121298,normal,-0.0491770573233855,-0.0840925689006745,-0.0716788578196594,-0.0817110186614816,17.10367628763686,-0.0687256375058549,0.0427836911680103,0.1,275157330,-9877315.999999989,-1.5189653797715437,0.5638845676069317,2.286870289448825,0.15601996766459983,-2.05594783095682,-1.1773961093587704,-1.8326696198038694
2013-08-30,130.55960082169656,134.0379168734776,129.14543883385127,133.41867065429688,21562390,0.0209367481608493,0,0.0203853944293016,normal,-0.0257520824588987,-0.0328855754079782,-0.0475036789829699,-0.0816093245149865,27.743632102225064,0.1410911220730861,0.0413255577899361,0.1,296719720,-9985755.333333328,-0.38349545420101033,0.9255477979654237,1.9316712011077906,0.4771955075850035,-1.8052471106340153,0.002686236371298066,-1.7687497330089295
2013-09-02,133.5109143087668,135.26763686546113,132.6632988918169,133.1903076171875,13421710,-0.0017116272856674,0,0.0202877203482793,normal,-0.0262643656170507,-0.0092454053896988,-0.0446635692978578,-0.081341186539495,33.518419743808664,0.3125780008198333,0.0383321913854847,0.1,283298010,-11652389.636363627,0.22682254243988875,1.2691973375603685,1.370247561958471,0.48276136344881154,-1.8218161511803845,0.14335926823255107,-1.6991805634197845
2013-09-03,133.9456859561114,134.79331469417934,128.33735455882902,129.61537170410156,21050700,-0.026840811295075,0,0.0208412467008665,normal,-0.0291776779072274,-0.0504488318901756,-0.064038592812721,-0.0822402799691705,25.63318654317989,0.236767936049393,0.0404301438599337,0.1,262247310,-12007053.575757582,-0.7138873759077944,1.1471888162764343,1.660810379226061,0.6881132642668569,-1.88405931328382,-0.7933876217503132,-1.6873287057469657
2013-09-04,129.6461402930276,132.76431235545274,127.86306782925806,131.2447509765625,23858020,0.01257087991215,0,0.0212114549128621,normal,-0.0024367144321457,-0.0347545357667733,-0.0475310049544018,-0.0821221306713978,29.013479208283428,0.3415186217786328,0.0409057925448358,0.1,286105330,-11854167.999999989,-0.36174294060991585,1.413289785942813,1.670410354088326,0.8405907014596131,-1.6419542961940707,0.01120632224140531,-1.6254400485764455
2013-09-05,134.91627704326032,144.4464874114646,134.68351187627192,143.88873291015625,41009330,0.0963389532877523,0,0.03068236560481,high_volatility,0.1,0.0469083598310762,0.0398487348554277,-0.076752317634484,58.43638184517947,1.2560979035320212,0.0407515338960279,0.1,327114660,-6133424.242424258,3.0,3.0,1.5814903349430252,3.0,-1.3037154840633811,3.0,-1.3111893892882105
2013-09-06,143.87557598784525,144.75393724124757,140.26551070025255,143.57254028320312,24826830,-0.0021974800983934,0,0.0287810165269861,high_volatility,0.0761053125406721,0.0483933597976655,0.0338650418770618,-0.0719181885379364,64.29852353915172,1.800367338738316,0.0409068381112387,0.1,302287830,-2575063.0909090885,3.0,3.0,1.5447602306669015,2.811708624462707,-1.4238706201143467,3.0,-1.031628474716975
2013-09-10,145.8123332050192,148.89097963076415,142.3823343108655,143.48028564453125,21510870,-0.0006425646470411,0,0.0280039330943616,high_volatility,0.077257708998758,0.0489642186658283,0.0299440614129877,-0.0674804263257773,61.63761844442941,2.094190030976942,0.0409790515576093,0.1,280776960,-614685.9393939426,2.7918822664010565,3.0,1.4986404879370694,2.4476141575746375,-1.5159976423833006,2.705448918506743,-0.7749092301813728
2013-09-11,142.5492426956013,149.1237772493155,140.73982064815198,148.44744873046875,28928540,0.0346191329604927,0,0.0278011145021415,high_volatility,0.1,0.1,0.0589837219070139,-0.0614222616410152,68.1255635837766,2.5337420224075995,0.0382363908475778,0.1,309705500,2137310.121212112,3.0,3.0,1.042480736537808,2.273129434131839,-1.2746797986830714,3.0,-0.43227514066482625
2013-09-12,149.32143655650418,149.9977785807307,144.57829040344888,145.66744995117188,19021980,-0.0187271576781654,0,0.0281699794632666,high_volatility,0.1,0.1,0.0352916141138475,-0.0570100466460611,61.51202793170826,2.541411591561125,0.0390565609425865,0.1,290683520,2297950.363636366,2.3407221539069405,3.0,1.1304041879635123,2.2518648801737817,-1.3651128538475634,2.4453062556128216,-0.17029567029581125
2013-09-13,143.87561960236084,148.0917575773196,143.26515191287882,145.90463256835938,17630960,0.0016282471977575,0,0.028168562258873,high_volatility,0.0140101286419822,0.1,0.0333382690893688,-0.0528668018790228,62.63009019357309,2.4647406508417906,0.0394359852114047,0.1,308314480,2136548.000000009,2.295398749553705,3.0,1.1495700620976312,2.148166358150376,-1.2062106165710493,2.261601602929663,0.0848770488020068
2013-09-16,149.05792667663826,149.7606184761341,143.6384384550672,144.60902404785156,22536660,-0.0088798312822644,0,0.027102711991844,high_volatility,0.007219234002574,0.0838739686033163,0.0218110275674747,-0.0495698025456518,60.69113930594246,2.2357891378493955,0.0410908883029708,0.1,285777820,1781461.0909090976,2.0356978051778754,2.5963658578764957,1.356467693926968,1.8259397681535359,-1.3279655650939293,1.845609063051325,0.30137994901833987
2013-09-17,145.1052698186368,145.80796147012285,142.92693776148568,143.4934844970703,16469200,-0.0077141766091451,0,0.0264100877699241,normal,9.19907043659407e-05,0.0773568066941925,0.0125853688997299,-0.0469511497657163,64.49060993556265,1.929788894231843,0.0404068739549731,0.1,269308620,-234097.39393938932,2.216260715187113,2.107980208256322,1.2097061351177174,1.618148271580964,-1.4023757241065866,1.5176079063582177,0.4846866444541725
2013-09-18,144.49043281752282,147.4065987459952,143.7789623140435,147.00694274902344,13959810,0.0244851413586297,0,0.0267008335288298,normal,-0.0097038109699062,0.1,0.0336988284133805,-0.0431333635225762,71.43901270221797,1.8825504836937816,0.0384702267843624,0.1,283268430,-2722023.3333333395,2.552602338537529,1.9505201890509705,0.882811398903575,1.6383987803715525,-1.2630659903464536,2.0234205289266542,0.7418941819246107
2013-09-19,153.1861983128349,159.6860796754991,153.11154511129735,158.78575134277344,33437450,0.0801241653862516,0,0.0315550801425017,high_volatility,0.0900565047029988,0.1,0.1042685342524289,-0.0351014212231729,79.95500653172964,2.5231599287132136,0.0392614997524885,0.1,316705880,-2050355.1515151493,2.8887865439024254,2.4739468715112833,0.9718021445590921,2.5992162075848726,-0.9905522282178416,3.0,1.244842552306335
2013-09-20,159.31719100325432,162.0137534638328,148.65388441226807,153.498046875,50467260,-0.0333008750662947,0,0.0328797142978734,high_volatility,0.0520436820474699,0.0667829493699396,0.0606772483759017,-0.030040994442348,70.2983666558896,2.4664214931434465,0.0445541850204919,0.1,266238620,-1768407.0303030363,2.1075284237039766,2.2664088689633726,1.7119402780133013,2.7086513952496394,-1.3112695158260161,2.2598888132867567,1.5494588726755976
2013-09-23,150.12509365587627,150.55109935995333,144.34548894464973,145.33802795410156,24899540,-0.0531604087936278,0,0.035413853449646,high_volatility,0.0050412061837079,0.0122968338333775,0.0038809392838194,-0.0286588185816587,60.58307103183856,1.7866473668054967,0.050273906151857,0.1,241339080,-3761846.24242425,1.4179862109706358,1.5181944603729347,2.4146123669528636,2.9987328291509585,-1.4376639984194288,0.8724579835991613,1.6167192087784472
2013-09-24,142.29453104650463,145.29412899821594,140.20842295245868,144.4860382080078,27959960,-0.0058621254057665,0,0.035462215484294,high_volatility,0.0069170646626659,0.0070096916726825,-0.001813431658291,-0.0276772097416316,63.60056893954068,1.2143106409740656,0.0499146548323939,0.1,213379120,-7975659.454545453,1.548125789407394,0.9143850856546484,2.234465761200664,2.7983271789529853,-1.5782898092613271,0.7152525729332904,1.6499570858345338
2013-09-25,144.0731941374009,149.51464834326455,144.06881144514452,148.67581176757812,31710460,0.0289977745361011,0,0.0352963057590245,high_volatility,0.011352314301263,0.0015383426193062,0.0244845130845507,-0.0251151883617902,65.22904044255273,1.0583023293899625,0.0487696693509597,0.1,245089580,-7714298.363636359,1.5897188365978439,0.7331760752696072,1.980762883453897,2.5903300977288595,-1.30963013375968,1.3012050790497622,1.7647936776043174
2013-09-26,148.0258474824035,149.1106243321856,146.1856793031853,147.22215270996094,16402440,-0.0097773742771934,0,0.0351654765957747,high_volatility,-0.072825165577042,0.0106729592596712,0.0130718526747117,-0.023350199949969,53.62018536839192,0.8088560450966289,0.0442651702304337,0.1,228687140,-8832524.54545455,0.8670688894704671,0.47200923230092623,1.3129498874430348,2.407292192477506,-1.3847260156229213,1.0262979653757704,1.828156554443941
2013-09-27,147.61301979074935,148.3201076926642,142.940144075858,144.11276245117188,16454000,-0.0211203966356531,0,0.0355891947215973,high_volatility,-0.0611426960466211,-0.0122811050317266,-0.0075377812018382,-0.0229182749783811,50.55313737192567,0.4064125924062379,0.0456621242919254,0.1,212233140,-8921373.030303024,0.672867788731419,0.07032357330999277,1.4599481879620393,2.33985755872037,-1.456022652791854,0.5443763879842775,1.8150063924656041
2013-09-30,141.7499373473045,142.99720866587614,140.24353767557454,141.8465576171875,16838130,-0.0157252195811055,0,0.035695628134024,high_volatility,-0.0240231024602637,-0.0191030016892304,-0.0209864916761554,-0.0233280660314176,48.3985099746856,-0.0179459431221654,0.0450625305230879,0.1,195395010,-10266486.66666665,0.5262214937879355,-0.35141046147665,1.3291883999074252,2.2183873379714463,-1.5235159794916353,0.21961172987462724,1.7523378795816935
2013-10-01,142.50092567449764,144.78467008918273,141.76748819662396,144.34548950195312,12547570,0.0176171486058174,0,0.0358041691994512,high_volatility,-0.0009727493936289,0.0059375866985806,-0.0033841688715012,-0.0226417805978385,45.774510186092186,-0.1296540567592339,0.0416266819443883,0.1,207942580,-10929584.848484833,0.350905782215154,-0.4609771594950137,0.8219832902561033,2.1129262489285225,-1.3920419188420825,0.6139038191383788,1.7465051206536601
2013-10-03,144.3147486610515,146.24714063149253,142.75126678838055,145.82553100585938,17636560,0.0102534655500006,0,0.0350412265729228,high_volatility,-0.0191711128248254,-0.0080364350218548,0.0061796607708091,-0.0213930375021553,50.16732293002477,-0.1042707150653412,0.0402619672785532,0.1,225579140,-8956204.060606051,0.601311230333085,-0.4358278867669009,0.6053084199956617,1.8937635855802484,-1.2279293359397692,0.8140112010943396,1.7644978306960937
2013-10-04,144.92959871322,147.3890127658688,143.1728763045749,144.9866943359375,20201430,-0.0057523306387834,0,0.0351129564596328,high_volatility,-0.0151842527287823,-0.0869036225866871,0.0003544568181244,-0.0205495467145384,49.04061571044004,-0.1420394754684718,0.0401941560316626,0.1,205377710,-5156291.999999982,0.5120636574401537,-0.4757628003049578,0.5705450683839344,1.8177056614754166,-1.3347976774457415,0.6586299203120239,1.7550461620849636
2013-10-07,144.1610279783255,144.49041341925087,142.2989065745005,143.44076538085938,11363520,-0.0106625574309334,0,0.0279806371999518,high_volatility,-0.0046629948582117,-0.0655205828275502,-0.0093389678658688,-0.0203339473256649,48.7853486036657,-0.2622120902221522,0.0389171381441041,0.1,194014190,-3991259.9393939273,0.4794099324632532,-0.5936176239719464,0.36226728761482346,0.6906731868163493,-1.3810392286647708,0.42394445467584635,1.712857077966099
2013-10-08,147.14743799330844,147.52074414154887,140.31818579833018,141.20094299316406,26710340,-0.0156149640009811,0,0.0282013816794552,high_volatility,-0.0045515001200509,-0.0284652614265827,-0.0224985845064293,-0.0209347331996874,47.67087109954157,-0.4714192208280017,0.0417205792133795,0.1,167303850,-5067677.212121204,0.3969049123918001,-0.7946321082958764,0.7462702551428995,0.6995501038871438,-1.5335461493299107,0.11304546976432893,1.6325361629825705
2013-10-09,139.7384765185536,142.10127023057893,138.2408691025166,141.32830810546875,34175100,0.0009020131849322,0,0.0282029724174645,high_volatility,-0.0209024986294673,-0.0218549151302291,-0.0195984645821649,-0.0213346618926633,43.804469245841815,-0.5733216417690681,0.0416563389398109,0.1,201478950,-5246598.727272716,0.15397059379500183,-0.8795149600513508,0.7103221112467902,0.6753302502248011,-1.2472505133532081,0.18020891778386244,1.5679659068273126
2013-10-10,141.4381078860457,144.01171318997223,141.24048465626151,143.43199157714844,17336910,0.0148850821175172,0,0.0272427860171068,normal,-0.0164137199583711,-0.0352701635059995,-0.0045305899687808,-0.0207938159741642,28.7657860017068,-0.4751949195905113,0.036111275489786,0.1,218815860,-2221595.4545454457,-0.7601124032266592,-0.7677000909788567,-0.15513028947116161,0.5037215686094978,-1.087552495204689,0.5194553469195481,1.5508171589580182
2013-10-11,144.92958181427076,146.8531947718783,143.2607010817426,145.17552185058594,15976780,0.0121557977008197,0,0.0270819617270388,normal,0.0013023782321082,-0.013901650136899,0.0068442351226869,-0.0195733647205443,37.238983189640045,-0.2787388410208712,0.030871888291404,0.1,234792640,899841.8787878776,-0.22401776896002623,-0.5619493604897832,-0.995543612639851,0.457050220669767,-0.942305424372717,0.7703563052467451,1.5653169074630533
2013-10-14,144.60022033950898,146.59848681606283,144.37185124018907,145.56202697753906,10581410,0.0026623298613035,0,0.0270858712443181,normal,0.014788415211306,0.0100564620490029,0.0086098538701766,-0.0182899657744932,50.45096244232411,-0.1169172514770735,0.0273913041498614,0.1,245374050,3427507.6363636274,0.5831189946606213,-0.4000352620252711,-1.5208892197387287,0.4396863645825199,-0.8341114623249697,0.7856008872634633,1.5771210473332131
2013-10-15,146.15931046443902,148.75048694194294,141.512785227523,142.54046630859375,23221460,-0.0207578908571501,0,0.0274241426265535,normal,0.0094866456769664,0.0048919670879779,-0.0111658908087173,-0.0182724337330704,46.39778733935468,-0.2025151629596143,0.0290283327773116,0.1,222152590,3164298.303030301,0.32483655159010427,-0.4848998408750082,-1.2518656163596131,0.47436026078508886,-1.0024117677129363,0.31519894777065016,1.5285854771085292
2013-10-17,142.79079164533965,143.5944862518966,140.53779300676345,142.40870666503906,19848640,-0.000924366581413,0,0.0273703933412039,normal,0.0076446012412747,-0.0134176886551613,-0.0109420544236706,-0.0182418041197129,36.34452202951188,-0.2538217170500847,0.02785685696521,0.1,202303950,2330606.242424235,-0.29609153552172296,-0.5357192417043335,-1.4125970031103552,0.4469310212314965,-1.1522117948307258,0.3077209280520059,1.4822290366752162
2013-10-18,143.0850435378895,146.85322083946832,142.9093739668712,146.21202087402344,16838070,0.0267070342681376,0,0.0274794227159001,normal,0.0193822121990105,0.0026503580374312,0.0139785560481615,-0.0166774265011906,48.0034454138357,-0.0292398070606944,0.0278745865151882,0.1,219142020,3659472.0606060624,0.40157777189720034,-0.32053306657081254,-1.3977447413930602,0.4451848853409607,-0.9849726020997479,0.85545633672477,1.5018462768748384
2013-10-21,146.4316002282026,148.88222205689445,145.98362744249778,146.8224639892578,14555250,0.0041750542232115,0,0.0200904456536774,normal,0.0113444891926539,0.012661642240541,0.0164489677263328,-0.015019421933189,55.94286804298282,0.1527957619013902,0.0265515158679631,0.1,233697270,4513524.303030299,0.8661226012842126,-0.14751732874022205,-1.5819770658125512,-0.7377424232465464,-0.8365928673814857,0.8866813171001804,1.521609306925015
2013-10-22,146.68634185991735,148.60995531377466,145.80798053141484,147.14747619628906,13665340,0.0022136408707527,0,0.018870284128255,normal,0.0108919149566022,0.0258414043287327,0.0168880862872342,-0.0133968090333644,62.70792988637519,0.280057717050979,0.0259748039097289,0.1,247362610,5012123.333333335,1.2504021218686276,-0.024656976761098768,-1.668169728831832,-0.9290660244826191,-0.6922429871637767,0.8787452928459909,1.5372801785327295
2013-10-23,148.61872221074347,152.3868995140474,148.00387201053337,150.7751007080078,32879400,0.0246529849202417,0,0.0154689572038712,normal,0.0577705027398076,0.0678051967068467,0.0378103806868947,-0.0105408049666647,64.62243820779172,0.5764440438183664,0.0264026245161717,0.1,280242010,4876807.333333334,1.3205701821155038,0.2585748010147015,-1.590645614538915,-1.4362931439701643,-0.3252139413512235,1.3056759938416338,1.5975993803481174
2013-10-24,150.90248323942114,153.2652774252048,149.99337602172716,150.9288330078125,21267920,0.0010196133120308,0,0.0153621805413463,normal,0.0598286898483932,0.0679306575663467,0.0350370806002879,-0.0079641638268803,62.35120938078876,0.7402876713307109,0.0262697342844612,0.1,301509930,6810952.303030305,1.1460051078759879,0.4075720226723068,-1.6004141768208733,-1.4183148085309778,-0.04885258149517257,1.2023049045251433,1.6387293144847712
2013-10-25,150.63894931895592,152.80850260585538,149.32140748817787,151.1615753173828,14223140,0.0015420665815275,0,0.014018393841326,normal,0.0338518981802729,0.0538902350531529,0.0330290684649234,-0.0056096669285117,65.39638333732817,0.8158221179295129,0.0258847921442786,0.1,315733070,9464202.181818182,1.2824470556780434,0.4658271480711574,-1.6316517021474601,-1.5817882196436643,0.16911086828226266,1.1192936754106062,1.6643545217046458
2013-10-28,151.5173067134212,152.73822824300282,146.80929015421677,147.16062927246094,13060010,-0.0264680097208658,0,0.0151407739626942,normal,0.0023032257735973,0.0136738438861481,0.0051424555734453,-0.0050728674125157,58.26341090389923,0.5600029165130072,0.0281617217556674,0.1,302673060,11295452.48484849,0.833344216312489,0.1991174736835272,-1.2867289012756724,-1.3895286326688652,0.05264010637333783,0.4844470781940545,1.6181285404294907
2013-10-29,146.77416278739926,153.27403034644365,144.5431178200951,152.87437438964844,30146060,0.0388265879633389,0,0.0165860035748962,normal,0.0389194455888588,0.050235267836973,0.0397947655498196,-0.0024083752437892,72.46448987933665,0.7286006679191306,0.0278232690591853,0.1,332819120,14653667.696969695,1.6023079336198043,0.34725024654184905,-1.325480952999365,-1.1619828623978423,0.5108119249230549,1.2087517701176385,1.6499189382871609
2013-10-30,153.54192165776678,154.4598208973503,150.61699068426452,151.17034912109375,14466420,-0.0111465723104871,0,0.016342512274422,normal,0.0026214435356364,0.0605433883864017,0.0254501010185017,-0.0007369004639709,67.85655357840895,0.6793311652516016,0.0281285967140034,0.1,318352700,14614767.878787884,1.2910391228573463,0.2787127151907,-1.2749075699606096,-1.201460283138443,0.3544215038035386,0.8628553932134336,1.641465129049284
2013-10-31,150.89808827071536,158.40368448546997,149.82210364608397,157.819580078125,33459510,0.0439850208436374,0,0.0184807850799169,normal,0.0456556042539322,0.1,0.0634089891365017,0.0032328756233428,72.40766186354521,1.02762644171169,0.0295732313311379,0.1,351812210,13911627.636363637,1.5004127135902254,0.6035229269504278,-1.059768319842957,-0.8924770202648152,0.8833310593448978,1.6379926115669527,1.7097151101624337
2013-11-01,157.4901835154738,166.0102854311286,157.1651807211439,165.04408264160156,34197760,0.045776972413057,0,0.0206313648511184,normal,0.0918388637791758,0.1,0.1003423596643426,0.0093633940078026,76.43140168400198,1.641219727152464,0.0305519675164665,0.1,386009970,14384136.424242437,1.674088246526843,1.1847809007393046,-0.9187342015337885,-0.5851435392164005,1.40795420517342,2.3044447619982766,1.8390620651168141
2013-11-05,164.4555621633011,167.58252586120392,161.63603024357346,164.7761688232422,21888850,-0.0016232864218534,0,0.0205236440519033,normal,0.1,0.1,0.0883406925826006,0.0145073337459555,75.64172634446088,1.907041909427417,0.0322141592334401,0.1,364121120,12610416.121212136,1.5694728793327708,1.4028065942475454,-0.6987696658709394,-0.6202173662118217,1.1175116058442747,1.9513323642814415,1.9186890656800242
2013-11-06,163.55086342047207,165.60184285336504,158.45636544784298,158.94386291503906,23159300,-0.0353953241530911,0,0.0222887313960694,normal,0.0397024586339147,0.0801671019013201,0.044861051246086,0.0167271917357634,70.36307973934058,1.5815000256329057,0.0333547844659244,0.1,340961820,8903588.787878798,1.2285064067053026,1.040705865460434,-0.5518034032122334,-0.36817948473227197,0.788530254797928,1.0200183853675115,1.896303613810908
2013-11-07,159.0536740792721,160.56445666601465,153.4497244051287,153.9416046142578,31283760,-0.0314718555912733,0,0.0233324040814285,normal,0.018332004320134,0.0210015041699906,0.0108242892932075,0.01673447759109,62.77238183240132,0.9517351860329084,0.0363215534450219,0.1,309678060,4547798.666666671,0.765132843239601,0.3837234245365544,-0.12652545106700808,-0.21438826472050804,0.3424822612076541,0.2961869494019029,1.8080317455036017
2013-11-08,153.6253705144323,155.29426485774744,151.9564895738456,153.21253967285156,17637190,-0.0047359837727631,0,0.0234131733548558,normal,-0.0291918176628833,0.0151310165163793,0.0054589468379444,0.0164073761547687,58.31938264960476,0.4348386252722451,0.0359784222184729,0.1,292040870,291040.72727273306,0.48633784487919407,-0.15492093343551322,-0.19281052656389627,-0.2119143856299947,0.08851671605561132,0.1648409552573425,1.7182143260705207
2013-11-11,151.9301401028109,153.97232724273192,148.90417929035806,149.7034912109375,18516020,-0.0229031414100098,0,0.0240309281248856,normal,-0.0929484485910145,-0.0096458647204746,-0.015922605048507,0.014764369837442,53.203123542095376,-0.1626208520038776,0.0378569229831703,0.1,273524850,-3912696.121212125,0.16529280944103095,-0.7756721574210581,0.0890934557109219,-0.12270759848242684,-0.20299023496388283,-0.3159940252246189,1.5981352143042473
2013-11-12,149.74744002745558,150.81464588480657,146.59850859090164,146.94546508789062,24334250,-0.0184232585408493,0,0.0243492051591251,normal,-0.1,-0.0014621042709184,-0.0309096634656766,0.0122590192407581,49.78693133810468,-0.7309566545771831,0.0392548701084552,0.1,249190600,-9802808.242424244,-0.06606126515456139,-1.3474537244701057,0.2936603708999058,-0.0816712563552263,-0.5900479579680414,-0.660353368672004,1.4625804084869327
2013-11-13,145.64108072021446,152.59770040305173,145.16237543413732,149.0623016357422,60408150,0.0144055928951971,0,0.0245351849653082,normal,-0.0621701341471668,-0.0249359826924948,-0.0153599138220141,0.0108191680931717,48.13397727325621,-0.9384768550030108,0.0397496563381299,0.1,309598750,-9739920.78787879,-0.19244361054769196,-1.5293019951759297,0.35406210329687493,-0.06686898910429247,0.5103464795299923,-0.3396004382562342,1.367314118796829
2013-11-14,151.34602199589315,152.90951728165115,149.8220781617512,151.3504180908203,18331450,0.015350067924414,0,0.0241385479951805,normal,-0.0168322691577135,0.0011911659315035,-0.0002222342816492,0.0103766762057817,50.43888813523136,-0.8958966122204122,0.0394202355877909,0.1,327930200,-9360105.030303031,-0.08058160385631045,-1.4661838270744787,0.29546422794713645,-0.14225632495995216,0.8764563850484213,-0.03506996045777042,1.3072256529341055
2013-11-18,153.3047941455137,155.4699515536022,152.1409680926782,155.25914001464844,18948610,0.0258256433852903,0,0.0246295405451054,normal,0.0133579166964199,-0.0162238428350213,0.0231034731093537,0.0114024665507304,53.9624650511344,-0.5933251989864861,0.0387187723981407,0.1,346878810,-5832185.636363627,0.11333415385730028,-1.1686715543675654,0.18132347084366937,-0.07561382080109297,1.231196992916438,0.4702984648167354,1.294158797540065
2013-11-19,154.94291722678707,160.74010676633668,154.85508914450838,160.16038513183594,28702840,0.0315681583494864,0,0.0248817181638516,normal,0.069850701786001,-0.0295902611690158,0.0498615992422284,0.0140572217958818,62.35599810182613,-0.0789648308059853,0.0375143086962562,0.1,375581650,1600992.666666675,0.6375858120824507,-0.668059212477077,-0.004442310969740931,-0.04594755776725144,1.7644795856145905,1.077398688402307,1.3303800170422084
2013-11-20,159.77391067605888,161.1529443121086,156.5239766367727,157.7273406982422,23355560,-0.0151912998435349,0,0.0252833212767861,normal,0.0733733130444191,-0.0427782013342074,0.0305842620383123,0.0154032797457073,54.91944365386757,0.0732998827900597,0.0362353796282831,0.1,352226090,6427378.545454553,0.11466917104574549,-0.5286844365850066,-0.1898580097738302,0.0066079562243650265,1.323802196968137,0.5856023937740648,1.3282832107529383
2013-11-21,156.5635099090837,157.10370694833202,154.15241236355308,154.8507080078125,23675930,-0.0182380091979941,0,0.0257637250616258,normal,0.0388321279662997,-0.0257522047857519,0.0106537855043311,0.0154532314273423,53.6441399082846,-0.0378477443492051,0.0367849413979823,0.1,328550160,8562578.90909091,0.003827724166263745,-0.6484413268503914,-0.09255119642910889,0.06993226450795635,0.9250529445782537,0.06397112692983949,1.2895008218349906
2013-11-22,155.259138451005,156.42736058748974,152.39568544005357,152.65480041503906,17754460,-0.0141808043439016,0,0.0254974491963438,normal,0.0086182934984431,-0.0083590410951164,-0.0033289691528288,0.0146312585439551,44.39142804592521,-0.2647420331392918,0.0351851428267538,0.1,310795700,7794214.545454555,-0.6583652280572927,-0.8755054689466325,-0.32563252772523965,0.008725742259001058,0.6149538485921625,-0.31882061797418476,1.2274814646014602
2013-11-25,152.9666095617537,159.1239306322317,152.839256827775,158.6891326904297,22735900,0.0395292664166762,0,0.0269192982542863,normal,0.0220920499460297,0.0357450704052819,0.0325218743680741,0.016075409849267,42.91587458615636,-0.0264518318326674,0.0327777233628776,0.1,333531600,7076630.363636375,-0.7806189517094545,-0.6288865595882379,-0.677569653083817,0.22596262479677304,1.0609056575365572,0.585235271886454,1.2365943373872652
2013-11-26,158.10503654160658,159.81783842359462,156.4361554058705,156.8094482421875,16048660,-0.0118450735496113,0,0.0271192688202431,normal,-0.0209223828157638,0.0474668758475209,0.0183236347040394,0.0165762065835812,41.427222677409446,-0.0140783400037158,0.032002329249179,0.1,317482940,3746345.454545469,-0.9129242817486521,-0.6143342596749218,-0.7711143656922631,0.24006691878306938,0.7516970357535406,0.1800556758382776,1.2192357897332895
2013-11-27,156.8753046711102,157.99081366685607,154.3192705418456,154.9165496826172,13691010,-0.0120713297622652,0,0.0265028344702556,normal,-0.0178205693647146,0.0542451894650775,0.0054535899686953,0.0162551626152172,45.26486093150559,-0.1447649101590928,0.0307916064417108,0.1,303791930,-2485830.48484849,-0.6625586798267619,-0.7444000527418794,-0.9281039419134519,0.11672982681168688,0.4830680024324836,-0.2173231952403626,1.1797237192440255
2013-11-28,156.08479200023135,157.283759935733,154.65745496389897,154.9077911376953,18432410,-5.653718043563405e-05,0,0.0251188667267414,normal,0.000368633315386,0.0392150760977616,0.0048802604599216,0.0159113934330836,51.28713942004734,-0.2376965871219878,0.0287237165234754,0.1,285359520,-6358034.909090892,-0.28040935459185423,-0.8343466231343373,-1.2085775315436855,-0.1377805963052611,0.12296125371973726,-0.28501767209847,1.1431833822591093
2013-11-29,154.67940863423527,160.4765843609276,154.67940863423527,159.8134307861328,23401810,0.0316681272930743,0,0.0258468522755902,normal,0.0468942368771294,0.055916678672365,0.0330917459186215,0.0173401457707458,57.913050031572006,0.0120745739761447,0.0289412405288126,0.1,308761330,-7437871.454545428,0.20951897205677078,-0.5776914600995631,-1.135426449923612,-0.027885411760000922,0.5710061028934282,0.5422249656691118,1.1675751000854453
2013-12-02,160.4766039033728,162.80426934756872,159.19420393428436,160.05059814453125,17459790,0.0014840264502913,0,0.0239887368420178,normal,0.0085794498401947,0.0308610374206037,0.0312243081227103,0.0185952132279627,63.45982227924644,0.1655933021772579,0.0282476306851502,0.1,326221120,-6069765.212121209,0.6386026246561093,-0.41901464341641587,-1.2023968667581484,-0.3651391664083412,0.8884646594383139,0.4581283634126521,1.1902600494958364
2013-12-03,159.41818526238583,160.72255237324157,158.56617370026564,159.29083251953125,14806910,-0.0047470339618094,0,0.0215595623879281,normal,0.0158242013166918,-0.0054292614967734,0.0237619388700429,0.0193340017005854,66.93988819329579,0.1867358101330647,0.0274587338289362,0.1,311414210,-3345389.696969689,0.9191098065417347,-0.3966010002624749,-1.276373392119461,-0.7951681281832572,0.5874239077355323,0.1831689871007681,1.2014672924983343
2013-12-04,158.71987543217872,161.15733594621688,157.84151418086316,159.6289825439453,15426920,0.0021228467392975,0,0.0215751832753206,normal,0.0304191700046421,0.0120565137108428,0.023407390032897,0.0200209148522743,65.24330811338149,0.1934399457197111,0.0255572282533003,0.1,326841130,-558795.9999999993,0.7516600299350388,-0.38699370670069333,-1.5024755228052515,-0.7941976149334289,0.864335564497097,0.13689666271085027,1.2174891099501923
2013-12-05,163.37519018504574,165.36467785199642,162.163047388348,163.0194549560547,23662450,0.0212397044576537,0,0.0205667706580456,normal,0.0523644663627604,0.0527524029649904,0.0406699486043273,0.0217591292347498,66.31466306214975,0.3850941425934655,0.0258531458609805,0.1,350503580,2247777.9393939334,0.8339847556123547,-0.17882837385142508,-1.4040964560205207,-0.9401558965638379,1.2966091781121116,0.7511164724888976,1.273816299841396
2013-12-06,162.6725262231883,163.9988604955617,162.0620720285259,163.335693359375,14500680,0.0019398813681812,0,0.0190516246685609,normal,0.0220398408063449,0.0699676191989813,0.0384667418948507,0.0232896828288804,62.55295170633627,0.4855564851930061,0.0248485515127883,0.1,365004260,4395565.333333337,0.4902858767837589,-0.05514411441516356,-1.491622162714502,-1.1665132908593758,1.5213051079946236,0.6688302600513227,1.323578444439068
2013-12-09,167.8548430914594,168.99670201370026,165.57549453671723,166.08494567871094,18775040,0.0168319138504953,0,0.0191924188836384,normal,0.0377027490314685,0.0466056677158164,0.0503496491664179,0.0255030455915821,59.868364869645845,0.6777577209162282,0.0243408861246338,0.1,383779300,8426099.030303026,0.24510254054441816,0.1711648189254585,-1.5043324568297693,-1.1060876465532496,1.7860127387024232,1.069761214388113,1.4025660047687658
2013-12-10,166.42751310699887,166.76567738338662,161.29349022306482,161.90834045410156,18864240,-0.0251474039837961,0,0.0193651031901408,normal,0.0164322572314346,0.0325164858946445,0.0216071989854549,0.0258273894832057,56.58186653804283,0.4738468158668483,0.0253407866542729,0.1,364915060,9748700.48484848,-0.041501266864522886,-0.007964981948198136,-1.3132740406264278,-1.043449682125599,1.4076888804977943,0.0800747656509457,1.3989228522228725
2013-12-11,161.6184673348695,161.87758229101914,156.48004874601173,157.80198669433594,20710400,-0.0253622126460477,0,0.0198461176048832,normal,-0.0114452640146748,0.0186257505581568,-0.00389480473946,0.0245466463683143,54.472823575826055,0.0357531331614482,0.0268391285801653,0.1,344204660,8453974.969696963,-0.2276355702797223,-0.46330388451962273,-1.0659865359382357,-0.9321631300562709,1.015724393004535,-0.8079123560266886,1.3231981167097997
2013-12-12,157.22666540841047,157.9293570963682,155.60608781284847,156.0847930908203,15817310,-0.0108819517389336,0,0.019937264861319,normal,-0.0425388605740569,0.007598081055063,-0.0133498332132072,0.022729891579043,55.274881027248746,-0.3737670519059759,0.0263525916866336,0.1,328387350,4577808.484848481,-0.14156910024108524,-0.9164680790597921,-1.0967997192712324,-0.8890279250122686,0.7295499874250472,-1.1086109554431924,1.2202981996586952
2013-12-13,154.41590430598828,155.46993508363673,152.8436302253207,153.15106201171875,16462210,-0.0187957521101657,0,0.0202379669295057,normal,-0.0623539848405809,-0.0416884159337637,-0.0289450009720324,0.020018857141651,40.58532667821508,-0.8206948863352554,0.0253518955289287,0.1,311925140,842274.4848484771,-1.4599471263210408,-1.4269345845290682,-1.1943692927909675,-0.8148375111242909,0.4329854936135488,-1.5952485132261587,1.072365159492604
2013-12-16,151.96527771807723,154.7584735117663,151.72373373115818,152.14096069335938,13021320,-0.0065954574855124,0,0.0194080644221183,normal,-0.0839569470211105,-0.0494196056926272,-0.0320909670680125,0.0172246256380179,41.82181711261394,-1.1430083280477743,0.0253573268296048,0.1,298903820,-2477876.545454543,-1.2983500560821715,-1.7707795269876887,-1.1534318896003248,-0.9283389137044484,0.19684263433921953,-1.6394574903702364,0.9156904347692489
2013-12-17,153.73080787042642,154.1524175674189,150.43255669855742,150.9288330078125,17632770,-0.0079671357405841,0,0.0178876944239593,normal,-0.0678131059554747,-0.0524951711247629,-0.0361487514723907,0.0142939544015754,42.84369377880373,-1.3806073829721677,0.0255838414366434,0.1,281271050,-7415823.575757584,-1.1679912048267544,-1.995224312378127,-1.0853826182873252,-1.1456061489257356,-0.11095554662768863,-1.6986882997807313,0.7444273912907501
2013-12-18,150.63893312039906,156.2516601798547,150.63893312039906,154.89019775390625,23581260,0.0262465737470367,0,0.0187572046846598,normal,-0.0184521690849802,-0.029686243152834,-0.0098276901455118,0.0131151300551628,49.97234976184344,-1.219346882115549,0.0263067337661029,0.1,304852310,-9673687.09090909,-0.4898743561440743,-1.7987295057100692,-0.9541758009925801,-0.9691038774027999,0.3053353917419804,-0.8245501723073271,0.6571311097288351
2013-12-19,155.67196149081542,156.20776239254317,150.4193649380071,152.04872131347656,18373200,-0.0183451017665062,0,0.0187624769022285,normal,-0.0258581998759821,-0.0672970820908186,-0.0253942492347121,0.0110186237855407,36.950068113182766,-1.2479047744679896,0.0267942284595209,0.1,286479110,-11089697.33333332,-1.6711871524886048,-1.848707085882795,-0.859346928017064,-0.9374996435026978,-0.022377754918037205,-1.3414175040798764,0.5173434454815037
2013-12-20,151.51733160437564,154.41592671561412,151.0825470286455,153.81863403320312,15023660,0.0116404314645801,0,0.018677608175671,normal,0.0043589121271212,-0.0582668682541557,-0.0127284091164677,0.0097919893687881,40.03929476242181,-1.096807795822195,0.0263574366991892,0.1,301502770,-9943469.030303031,-1.3283470779838789,-1.6159210850590102,-0.9046998569113719,-0.925997535739636,0.22465711294426582,-0.8701547999817507,0.4231438885148697
2013-12-23,153.27404731166075,155.7158906607972,153.27404731166075,154.4554443359375,13320010,0.0041400075272863,0,0.0163170813403196,normal,0.015212758168676,-0.070021405584047,-0.0078245749763489,0.0089187815075286,42.24098080004388,-0.9108394801150048,0.026380780950881,0.1,314822780,-6049310.36363636,-1.0846142398988072,-1.3173343258062213,-0.8885383074797275,-1.2999479691051128,0.4356286850667326,-0.6895094586845462,0.3469862535342659
2013-12-24,154.51691886901233,155.64561633189192,153.88889376967478,154.5257110595703,13339310,0.0004549319963107,0,0.0161264236337726,normal,0.0238316163987806,-0.0455975854846347,-0.0066756805834647,0.0081518036978207,41.74011574032913,-0.7468427525653085,0.0256481008094118,0.1,328162090,-1849332.363636353,-1.0942197322900473,-1.0540563780489371,-0.990166747231109,-1.3049021051953122,0.6506152074407198,-0.6289251182471366,0.2759152579427363
2013-12-26,153.97671070854204,155.61924175345337,153.44968866281448,154.0162353515625,16332130,-0.0032970287243099,0,0.0159161936102416,normal,-0.0056424642425231,-0.0239905176232443,-0.0090115538606062,0.0072706546842695,33.92908407205226,-0.6405099721616876,0.0240790625893155,0.1,311829960,524599.3939394028,-1.745617171141623,-0.8735606597438965,-1.216019402783324,-1.3162896109856785,0.3367106326036649,-0.696233501516484,0.1968692313058295
2013-12-27,154.15240850695835,156.47128180821878,154.15240850695835,155.47872924804688,10695570,0.0094957125341106,0,0.0160624700972434,normal,0.0225586108514435,-0.0038829140928596,0.000360613140514,0.0070059153008958,36.526529638212224,-0.448587631681704,0.0240906586820339,0.1,322525530,2819859.15151516,-1.461184476104618,-0.5804454529106465,-1.1983049173803062,-1.2709343558035895,0.5053014506504543,-0.3688344853881183,0.1536771290769126
2013-12-30,156.41856155951584,157.11246099902618,154.16116687893236,154.99562072753906,10861570,-0.0031072322422771,0,0.014271197483541,normal,0.0076517822546902,0.0120440478282755,-0.0024867008672957,0.0065750670877464,29.380989939455148,-0.3362216783337315,0.0229169956144481,0.1,311663960,3496241.333333336,-2.0009903639385724,-0.4123677356201735,-1.3828891842171218,-1.5906235021197432,0.2778349858436676,-0.48560122442201265,0.09791122767749455
2013-12-31,154.54327323002818,155.73344894533398,153.68686566866498,155.16250610351562,10753080,0.0010767102657043,0,0.0142671064036959,normal,0.0045777717361668,0.0198601704392165,-0.0012783002251766,0.0062362996453897,35.259067893079845,-0.2373631269421729,0.0213153812208711,0.1,322417040,3894232.969696982,-1.4557726848967407,-0.26918462584938263,-1.6219838419458708,-1.5834080136863489,0.4558859676883677,-0.4437095462787074,0.04626269162754311
2014-01-01,155.64559502860894,155.9003272707936,154.70135946120106,155.03514099121094,5904780,-0.0008208498013025,0,0.0142463909407629,normal,0.0032967324864419,0.0272069153492089,-0.0018986610052368,0.0058725152067857,42.68119814462916,-0.1703904621944065,0.0193843369018781,0.1,316512260,2509618.969696965,-0.8103528927326499,-0.17245188617015828,-1.8959887659407675,-1.5811143225117585,0.3173268632771655,-0.4604546857727059,-0.00830812776470141
2014-01-02,155.10981582054558,158.63205314476272,152.14974258433062,153.063232421875,19451900,-0.0127191071438941,0,0.0144462498214822,normal,-0.0061876783802184,-0.0117952288687369,-0.0132221274299061,0.0048215147994061,42.11370198530437,-0.2442401711239668,0.0215749251422066,0.1,297060360,1208910.0606060503,-0.8438633024122887,-0.27477553200204574,-1.4660254883831938,-1.5457479141478565,-0.09939052488062104,-0.8545192011575887,-0.11221967277128314
2014-01-03,151.69298987360145,152.4835230646238,150.2876198718886,151.04739379882812,13759590,-0.0131699729004206,0,0.0135544968783027,normal,-0.02850123274515,-0.0065855701119906,-0.0237803946313578,0.0031592268992926,44.23309239366864,-0.4047301325632735,0.0216427050169087,0.1,283300770,-1972754.060606069,-0.6574123331370114,-0.4985324286173252,-1.4112813582591193,-1.6803506280887108,-0.4270225369552955,-1.2128358080833153,-0.26473032875842245
2014-01-06,151.245032709016,151.42948107443553,147.7403663360185,148.2805633544922,13907830,-0.0183176311404679,0,0.013862740508291,normal,-0.0433241748478236,-0.0360038997454332,-0.0378447374910857,0.0006949854588262,40.34701083369135,-0.6581154585396125,0.0223617659723125,0.1,269392940,-4872924.424242421,-0.9659848111602698,-0.8505490657212784,-1.2607508755647423,-1.5593058502151194,-0.8145195817607475,-1.6799018453113161,-0.48595863174525955
2014-01-07,148.69777131951852,149.49708328014663,145.36878805225973,145.93093872070312,17352910,-0.0158458032572471,0,0.0130916941911898,normal,-0.0594961219345975,-0.0551907098638345,-0.0482786983077715,-0.0023133705738842,38.17534491074343,-0.928317843425066,0.0229217270037939,0.1,252040030,-7442406.424242421,-1.130707283305014,-1.2139284162802222,-1.1407342993304492,-1.6711165935437968,-1.2746732358146746,-1.9770685245505926,-0.7625781437280236
2014-01-08,146.18127483578502,147.38462546866432,145.01744885113217,145.55763244628906,14248790,-0.0025581023303669,0,0.0123388515627752,normal,-0.0611313569577052,-0.058036158201686,-0.046106146022891,-0.005067673647175,23.40437744434269,-1.066656534730387,0.0213878451777246,0.1,237791240,-9138804.787878769,-2.306782711119147,-1.3750513218592992,-1.3906190993521244,-1.7662472389226622,-1.6419892526240731,-1.8281850753427964,-1.032131137965187
2014-01-09,145.19311944787853,146.04951363762726,143.17288586252403,144.03367614746094,14791100,-0.0104697793802771,0,0.0114798451376649,normal,-0.0589923271026099,-0.0648149799358167,-0.0510235729377496,-0.0080146261930661,25.304559268230307,-1.186094345156609,0.0201701479568719,0.1,223000140,-11635394.84848485,-2.0801135402041364,-1.4909123466749667,-1.5606243350439442,-1.8735840392311365,-1.9743619400906904,-1.8975628166069598,-1.3218396008789017
2014-01-10,144.0117313680279,145.456639487568,140.53781075021834,141.25367736816406,20473070,-0.019301033297593,0,0.0118740869899965,normal,-0.0648386985326459,-0.0914919484400244,-0.0631530577692758,-0.0115886779786832,13.554205935906936,-1.364878670059003,0.0213688377934454,0.1,202527070,-13458934.727272715,-2.7605703610521033,-1.6640585223209658,-1.295425408759144,-1.7223644460600327,-2.365782171848876,-2.1566461405956483,-1.657086059351723
2014-01-13,141.4293521848966,144.49922081320395,141.4293521848966,144.1610565185547,15564850,0.0205826793649614,0,0.012687817329886,normal,-0.0277818396608667,-0.0699023892296288,-0.0398586538355462,-0.013592746034838,23.615550975553475,-1.205422063467111,0.0213360954989912,0.1,218091920,-13703060.66666667,-1.927196071166288,-1.4064292427074048,-1.2601703645030777,-1.4998657894815481,-2.0000277094367305,-1.4038285488701705,-1.8581213469056412
2014-01-14,143.6120791105631,144.84177962564698,142.58879404651793,142.95330810546875,10197000,-0.0083777716552077,0,0.0127210307942737,normal,-0.0204043819723057,-0.0786865223090789,-0.0435389871225823,-0.0157443997014167,21.97411627499628,-1.1021919993357523,0.0217643191941438,0.1,207894920,-12652308.06060606,-1.9757033581680306,-1.2373548796272653,-1.1491719829552491,-1.4487156281337243,-2.247231102426321,-1.4742188871004027,-2.061844821709212
2014-01-15,143.34857891337631,145.6323239322152,143.34857891337631,144.11276245117188,13624980,0.008110720633675,0,0.0128995695680513,normal,-0.0099264461150833,-0.0704509859520059,-0.0324843453619554,-0.017134215030248,26.747933576374564,-0.8860336649052165,0.0218417270570949,0.1,221519900,-9863879.818181813,-1.5835651646150137,-0.934463722632674,-1.1049192975711288,-1.3718072025375798,-1.937689769142195,-1.109736711756733,-2.177864743216425
2014-01-16,144.41576387058788,145.0833270207492,143.388082781909,143.71746826171875,7241970,-0.0027429506084657,0,0.0110238030802308,normal,-0.0021953746804216,-0.0610581915217713,-0.0318984464204662,-0.0184344355715239,20.92926949222604,-0.7076264249000044,0.0215241756853267,0.1,214277930,-7615838.909090912,-1.882733540317764,-0.6868509304281566,-1.1349295707603497,-1.7053660278471625,-2.0681230563803146,-1.0592660200980053,-2.2609105604867947
2014-01-17,143.5725517222357,144.4465169501302,142.0310233108212,142.43067932128906,11207380,-0.0089536015071345,0,0.0105562877909922,normal,0.0083325402570388,-0.0570464293413442,-0.0368453221087778,-0.0199879127434112,20.12952905516485,-0.6175135303979613,0.0214499333118447,0.1,203070550,-5892992.242424245,-1.8447977485532379,-0.5533622484930529,-1.1234324731427119,-1.72919443818336,-2.238229155588834,-1.1654186988425175,-2.3374576723525897
2014-01-20,142.43067278476417,144.5694803646144,142.0002709310749,144.2137451171875,9468650,0.0125188323498497,0,0.0106229382242967,normal,0.0003654842708926,-0.0274265092153865,-0.0224800816434058,-0.0206007586801101,25.82901254197276,-0.3901472921679021,0.0214435802236877,0.1,212539200,-3608374.9090909096,-1.4227475669534921,-0.24565285493007188,-1.0989177002697297,-1.664721119921668,-1.9426198449869936,-0.7230345518924362,-2.310961681495442
2014-01-21,145.27215795963446,146.92348130027602,144.59581608460363,145.7640380859375,12351890,0.0107499667766775,0,0.0109596603390488,normal,0.019661874340082,-0.0011436960265502,-0.0108439699089891,-0.0204757134961894,30.74256330548212,-0.1026380244724967,0.0219558341102646,0.1,224891090,-1117742.5454545342,-1.0714915054703216,0.14242725160813496,-0.9888153311232802,-1.5545102209141979,-1.6133444542221873,-0.36465731460316453,-2.216705432652937
2014-01-22,145.28094867528586,145.62790512964844,143.63402129428098,144.65292358398438,9821920,-0.0076226929257959,0,0.0109808731063866,normal,0.0037481838778541,-0.0062154683825221,-0.0166623185368276,-0.0207128309240746,31.88268504591305,0.0378851436006937,0.0199753509402,0.1,215069170,216307.45454545505,-0.9661502605121792,0.3465208274161527,-1.2973659058136586,-1.5207993138823062,-1.737969072517843,-0.5134272190490949,-2.1460457649121714
2014-01-23,143.96340147200814,146.07147648374576,143.71307870538266,145.6586456298828,9241310,0.0069526561992681,0,0.0112146855196903,normal,0.0135068992770528,0.0112818718919471,-0.0088980733666319,-0.0204639543579828,37.86349512040728,0.2139190306128431,0.0196328329542932,0.1,224310480,1343774.606060616,-0.5622299212326702,0.5894889116622951,-1.3118924954542683,-1.4413146794665364,-1.4933790115683545,-0.2778083623318347,-2.0459779752528475
2014-01-24,144.84179177832672,146.2383966123813,142.1188794371142,142.3999481201172,16616560,-0.0223721530271944,0,0.0116425708713963,normal,-0.0002157625121098,0.0081149798951107,-0.0281954342337141,-0.0214092401209092,37.04278993956315,0.1303495027365788,0.0202980052125125,0.1,207693920,184129.69696969565,-0.5894241951443675,0.4979441618193017,-1.1647362639701841,-1.3232242162499095,-1.7434512381146874,-0.8170546136783091,-2.0259652240451484
2014-01-27,140.35332708460828,140.88912794063046,139.04896019592402,140.0546875,15688040,-0.0164695328269285,0,0.0119487274775728,normal,-0.0288395368541872,-0.0284845929803945,-0.0401600774448289,-0.0230513263009234,37.04991505737494,-0.0535572480359403,0.0202414713105537,0.1,192005880,-856198.3030302986,-0.5638079600378835,0.2712237527988021,-1.139475759694845,-1.23561928273051,-1.9451970281449598,-1.1319787806559283,-2.0446578188209723
2014-01-28,140.80568214497643,142.99720239699192,138.627350177244,140.21279907226562,18296910,0.0011289273860657,0,0.0119501278935577,normal,-0.0380837351006909,-0.0191706583745597,-0.0354869849047942,-0.0243445013134854,38.10826170589965,-0.1308312977120156,0.0212388684624012,0.1,210302790,-1262118.6060605955,-0.46753896536236866,0.19769261545603478,-0.9460923737090802,-1.1995211292593906,-1.537845957264657,-0.9694510713675184,-2.0274830234318326
2014-01-29,141.67966148835197,142.45261021548183,137.90270572117544,138.2233123779297,17594550,-0.0141890519802728,0,0.0120781409897328,normal,-0.0444485396267964,-0.0408669570485656,-0.0446987425126796,-0.0261516822972093,37.334862421937984,-0.2739757159877016,0.02240925143965,0.1,192708240,-1748595.9393939325,-0.49502524272526843,0.04555135828234589,-0.7309088574630644,-1.1376859853402232,-1.8038574019304823,-1.2696996792502706,-2.0331660014742066
2014-01-30,136.585184506987,136.84869558208024,132.63695468422776,133.2122802734375,20955320,-0.0362531617733993,0,0.0138230985905424,normal,-0.0854488609489848,-0.0730961108301089,-0.0723224823675454,-0.029574167393809,34.02548037138415,-0.643106061358377,0.0236101476168853,0.1,171752920,-3511656.4848484728,-0.7091006319661564,-0.4874183209359526,-0.5133247862267102,-0.7897649537124587,-2.0892464934753763,-2.1803345546538946,-2.125248449494129
2014-01-31,134.43317773341332,135.17977667508245,132.8960457089604,133.84906005859375,13174950,0.004780188311837,0,0.0139717249499168,normal,-0.0600483930956954,-0.0602511994156628,-0.0618221974036358,-0.0322257991958634,27.483592645827045,-0.772633655814146,0.0229845522182952,0.1,184927870,-4787787.393939402,-1.16723898655018,-0.6968798379107941,-0.5919538028383948,-0.7369930182968633,-1.7671125376921792,-1.764461920090466,-2.1580401661640747
2014-02-03,133.9500839189789,134.30142304029798,130.43663909487452,130.73089599609375,14150230,-0.0232961222225617,0,0.0142456601872362,normal,-0.066572505857087,-0.0934921224751332,-0.0763169550932602,-0.0356571214202279,25.367242757857184,-0.9830635930721758,0.0244134268391855,0.1,170777640,-5984594.424242417,-1.2873750995984317,-1.0631411902058319,-0.32996703611714245,-0.661422474603094,-1.9192598974080293,-2.1315031457869575,-2.2221155098144956
2014-02-04,129.47042743614404,133.68656361347874,128.83800633940746,133.10684204101562,18002040,0.0181743269394625,0,0.0150398932700614,normal,-0.0506798029728198,-0.0868334618821387,-0.0541672488024973,-0.0376121486226256,28.855714975868068,-0.8803085938351058,0.0251418812131992,0.1,188779680,-4869811.939393933,-0.98869424852791,-0.8422199804264124,-0.1803554628639135,-0.4913000764603002,-1.5439209175207456,-1.3506029226984824,-2.197174109081427
2014-02-05,133.41427723041005,134.38047987600424,131.85079542406876,133.66021728515625,13227190,0.0041573764027105,0,0.0151595553343077,normal,-0.0330124854792731,-0.0759936683370651,-0.0456692691570366,-0.0389769875905863,30.79492582681424,-0.700947739952718,0.0254837179888492,0.1,202006870,-3250626.969696965,-0.8124385811641166,-0.48178778475987544,-0.08869243616706257,-0.4459106341041386,-1.2798677314871505,-1.0480569268747566,-2.1425785732700495
2014-02-06,133.69536953213552,135.08316848961118,131.1788597678319,132.18019104003906,16116300,-0.0110730498212466,0,0.0151733970037732,normal,-0.0077477033744931,-0.0925345318951569,-0.0511547302461551,-0.0406243858748855,30.56932354070928,-0.6111435437821973,0.0265735976809219,0.1,185890570,-1736094.6666666677,-0.8035549114566233,-0.3140899416570636,0.15242828028338026,-0.41979680539310027,-1.5057211039528666,-1.2021410744552,-2.104839074269838
2014-02-07,133.51531313202932,134.80210921444476,132.0616262588813,134.178466796875,18203400,0.0151178156205769,0,0.015318676044416,normal,0.0024610313896642,-0.0577351426863386,-0.0334216908631935,-0.0411321887543766,31.131222342593787,-0.358809382447526,0.0262690215891571,0.1,204093970,129275.57575758376,-0.7373135651373407,0.1527336191250753,0.14639420760829575,-0.36806208620478786,-1.1653553379042862,-0.6245461568575849,-2.017053897954958
2014-02-10,134.42002818892618,134.6396185195242,132.39539837139276,132.99269104003906,10494640,-0.0088373029230615,0,0.0143735247830376,normal,0.0173011515503793,-0.0504231353196296,-0.0381194451654587,-0.0419070922350479,25.653004340660075,-0.2202132912915608,0.0262532163867703,0.1,193599330,419977.3333333372,-1.1167676718948008,0.40109352852939645,0.20137244056332423,-0.5277294569138611,-1.2897717980949246,-0.7514007264877473,-1.9501930696705303
2014-02-11,133.0673159461871,134.1696634602158,133.02779130341318,133.4845428466797,7118720,0.0036983371251022,0,0.0144301556018643,normal,0.0028375761897174,-0.0479860345853176,-0.0313737299301906,-0.0422430642739063,28.194001116620058,-0.0526072726760187,0.025646499772654,0.1,200718050,2299452.3636363647,-0.8936117792127586,0.7069682056888795,0.12676153083276867,-0.49155019503258435,-1.1362293357530109,-0.513914769214381,-1.8705959975906805
2014-02-12,134.1345622472869,135.26764244589876,133.339632927077,134.60887145996094,15539930,0.008422912415954,0,0.0144433353906322,normal,0.0070975058553195,-0.0261492859329413,-0.0210506582584832,-0.041938139915521,28.52503955987123,0.1648785168383328,0.0252039055259494,0.1,216257980,3969768.606060606,-0.8418463444920896,1.1125458093230585,0.0770322334096825,-0.46354648438234886,-0.8571775300288427,-0.15126675277704324,-1.7718758669994923
2014-02-13,134.6527815893199,134.8987216657934,131.40723035452322,131.802490234375,13251910,-0.0208484121079692,0,0.0149642360268937,normal,-0.0028574690556291,-0.0105830336074774,-0.03766031246578,-0.0426553943126035,29.03552202384797,0.151002505402781,0.0254002051326409,0.1,203006070,3234780.6666666684,-0.7746085867772091,1.0806006222830007,0.186031578455671,-0.3298641145435737,-1.0431874577767746,-0.6782126057389052,-1.7255874215303586
2014-02-14,131.95620603568065,133.05415759153206,127.81033988856744,129.5670623779297,45823350,-0.0169604371849895,0,0.0152030022262062,normal,-0.0343676934833832,-0.0319912420661719,-0.0490932656277481,-0.0440407622247727,29.16224788701993,0.0289335477160719,0.0268819277992246,0.1,157182720,499841.2121212177,-0.7378231377670521,0.8428147972950636,0.7020185788438238,-0.2505635229283464,-1.7302423063385708,-1.0305677833939928,-1.710376510224968
2014-02-17,129.11910739812072,130.42787052258083,128.52621085707324,129.43531799316406,16601150,-0.0010168045979258,0,0.0146930343084914,normal,-0.0267486357261844,-0.0099102663762695,-0.0455094910216518,-0.0451573889319647,28.563875924668125,-0.0203633769972775,0.0255472231158404,0.1,140581570,-3747659.333333327,-0.7616705022179611,0.7376028048317059,0.3831355530527575,-0.33386211615617767,-1.904063885672834,-0.8815900777601207,-1.684393364290174
2014-02-18,129.73396732095648,132.61499144579238,129.21573734667822,131.837646484375,13981720,0.0185600694498067,0,0.0152354867658344,normal,-0.0123377308502027,-0.0095351639117809,-0.0252137678016305,-0.0449998105790123,37.504292226099246,0.1403010481250621,0.0244582918451974,0.1,154563290,-5666371.636363622,-0.05432200687719288,1.0339093293291242,0.07267398034072811,-0.1765710457821229,-1.615482522984303,-0.1698655492887605,-1.6096228632825762
2014-02-19,131.7454047953966,133.07172541847967,131.578514018422,132.4612579345703,9753850,0.0047301470166127,0,0.0153689905797291,normal,-0.0159544724065934,-0.0089702035125981,-0.0186773543546833,-0.0444501343161127,48.22570935216528,0.3103095444279082,0.0221359519546764,0.1,164317140,-5756498.969696964,0.7739846673839703,1.3320200929029458,-0.7443094820097577,-0.1046912500915714,-1.4078468724347177,0.078895731101075,-1.525199529859334
2014-02-20,131.49068288286264,131.8464181343128,129.67686466836287,130.0501708984375,10363320,-0.0182022054880663,0,0.0154305666737598,normal,-0.0132950396674711,-0.0161145185586571,-0.0331750777498555,-0.0448024787395976,41.71934016547749,0.2828879712106404,0.0228213282139912,0.1,153953820,-7029473.090909094,0.2712365318848245,1.2523376256919876,-0.45838085703682074,-0.045156893500212625,-1.508352441407874,-0.41052610083995683,-1.4822647339191513
2014-02-21,130.43662574461638,132.1933479768671,130.43662574461638,131.93862915039062,9430050,0.0145209978495755,0,0.015517089131274,normal,0.0183037782051691,-0.0166929739171571,-0.0173449670329151,-0.0441788113674354,52.78169053683992,0.4069007163094276,0.0215626441900126,0.1,163383870,-6187408.727272727,1.1320410233658567,1.4373588119319347,-0.9416142804423567,0.02329444103274879,-1.314747962599427,0.16355146160265424,-1.4036556739880421
2014-02-24,131.8200451656823,133.28252396665502,130.80553912304197,132.67645263671875,10295950,0.0055921718383713,0,0.015344206281443,normal,0.025040573885142,-0.0023778630302706,-0.0107333528268638,-0.0431748118684316,48.92780573844025,0.5449703736494298,0.0201659573448711,0.1,173679820,-4989933.999999995,0.8551217913263519,1.64105141821102,-1.4893416963786024,0.026040558800940455,-1.1194432664125546,0.43918292644293666,-1.3153853256154044
2014-02-25,133.2473935176451,133.59874604497287,131.67513284137982,132.2812042236328,9445490,-0.0029790396504507,0,0.0153192836587214,normal,0.003364423979689,-0.0090148162280409,-0.0123936681707995,-0.0423083537654398,46.53729529332701,0.6110606923917512,0.0198989485810682,0.1,164234330,-3591637.8787878845,0.710265375311484,1.714942319532212,-1.561245592467937,0.06828792263719945,-1.220917209765838,0.41866307667581215,-1.237630664801618
2014-02-26,132.63254598286065,134.81087808464954,132.21971513175532,133.54603576660156,31769610,0.0095616875458015,0,0.0153101101204899,normal,0.0081893970278243,-0.007895732887676,-0.0026702367681609,-0.0408798583886688,53.46710833125464,0.7331208860781251,0.0190081325901384,0.1,196003940,1017768.3030303008,1.3415899740882566,1.8701078636591224,-1.8696074369045887,0.10470633918933256,-0.7138013548149253,0.823985732686054,-1.1413241106386582
2014-02-28,134.3189779610669,135.21491003688027,133.33521781678672,134.67471313476562,13109410,0.0084515976957688,0,0.0130878208061635,normal,0.0355596782717007,0.0217918712710447,0.0052074805926611,-0.0390213982330596,51.31787104784567,0.8735033438652859,0.0183922849698347,0.1,209113350,5704276.060606063,1.2230573689932422,2.0316402356438115,-2.020360072429717,-0.6569072177784827,-0.49046799596125756,1.1635277765698941,-1.031250012384399
2014-03-03,134.38926698221695,136.90138061354924,133.08050393629674,133.36598205566406,16179310,-0.0097177194488764,0,0.0132462615622018,normal,0.0108183093493146,0.0293201034893686,-0.0041282708065277,-0.0378010286367319,50.98490911813917,0.8604701577352034,0.0194172005919258,0.1,192934040,6379358.363636369,1.2719699197932894,1.954898520754131,-1.5364372884464577,-0.5742455335952765,-0.7138013959037758,0.8685167102211688,-0.9502965952060518
2014-03-04,133.33524331243598,136.5720024442082,133.07173225119467,136.17674255371094,17249460,0.0210755430637006,0,0.0128666372889314,normal,0.0263821488096032,0.0520833468412609,0.0152300714913127,-0.0354397768013668,56.32879790288354,1.0128973823314338,0.0202350549363749,0.1,210183500,6455227.636363639,1.8085085537616488,2.1351738897208894,-1.162468899292632,-0.6934057678605346,-0.4159331543475874,1.7589188118340677,-0.8235401307588468
2014-03-05,137.02435425011367,138.95674630899256,135.2676317597276,138.48243713378906,25001030,0.0169316326476873,0,0.012787794472881,normal,0.0468791688626641,0.0504013142422228,0.0292417095542296,-0.0323034069924006,58.6267854521333,1.2265007749016172,0.0208065162826927,0.1,235184530,7983244.363636365,2.0341489997906264,2.390000028607019,-0.9029523013471201,-0.6988141446740428,0.032590824028199517,2.495073927990441,-0.6635337682309213
2014-03-06,139.08848942066766,139.08848942066766,137.20000496142424,138.5526885986328,22604310,0.0005072951220224,0,0.0127823201354913,normal,0.0374900894907983,0.0459865077460714,0.0268530684476449,-0.0294270690330911,67.11972947808124,1.321794561003987,0.0199695626381946,0.1,257788840,10417252.96969697,2.7125520007826656,2.417043189761862,-1.1977312959818276,-0.6765974944953828,0.47092410465360746,2.3609439932503475,-0.5111872349721245
2014-03-07,139.13242082203442,146.1988490851437,138.98310101337248,144.89886474609375,51525570,0.0458033417586352,0,0.0157354227642083,normal,0.0759173817663683,0.1,0.066382453427672,-0.0242154261928819,82.17529778926018,1.7354409344414676,0.0202791961960511,0.1,309314410,13837868.909090908,3.0,2.7884164391668156,-1.0421416688631346,0.5882526442036791,1.4304337496159947,3.0,-0.24560422285698622
2014-03-10,144.40258537331584,150.28761652080655,144.0512462314041,148.63189697265625,44180640,0.0257630191451387,0,0.0162763676779742,normal,0.1,0.1,0.0841647303805737,-0.018087321079239,84.99613616499494,2.1562203545079885,0.0218530124444938,0.1,353495050,18413849.27272727,3.0,3.0,-0.3800300663505985,0.8848028362278796,2.195019917273858,3.0,0.0764944060089107
2014-03-11,149.7706988786138,152.61546189009863,147.64820501054433,148.42364501953125,25625230,-0.0014011255818346,0,0.0160204819912837,normal,0.0899338773725615,0.1,0.0741907060370932,-0.0128000931518625,82.86616361663863,2.3029746663709902,0.0226382723073058,0.1,327869820,19974108.545454543,2.9910460613480447,2.930106550049402,-0.038208890199005384,0.8501627373610104,1.7166076094275555,3.0,0.37146592092872094
2014-03-12,147.05000694534556,148.35274725303924,145.1180600263771,145.7915802001953,17206710,-0.0177334603188702,0,0.0168513400672529,normal,0.0527802890943118,0.1,0.0496293753638648,-0.0092334296454202,74.46730806286101,2.1103512258713786,0.0239349223367572,0.1,310663110,18097150.96969697,2.27538089074872,2.5186111630490133,0.5153505082231439,1.316349397441391,1.3998266181288266,2.130795515789404,0.5888257294844871
2014-03-13,146.2258147371948,150.30241861769568,145.59659467535175,146.41192626953125,29306490,0.0042550198611202,0,0.0168267176140915,normal,0.0567238192949508,0.0963404898473767,0.048692747195383,-0.0058585605574518,82.14446308382807,1.917861371442912,0.0247709000909101,0.1,339969600,18161808.909090903,2.5716387431199883,2.183815041084676,0.8769993281051873,1.3316377122072407,1.857570370799104,1.9913309300008208,0.7985805018803047
2014-03-14,144.985124715221,147.89191575642198,144.80787047500633,146.59359741210938,17043720,0.0012408220232256,0,0.0157783596644844,normal,0.0116959692471387,0.0885012783759695,0.045018308912786,-0.0028395558983922,80.86093191899016,1.7031794794093242,0.0251986453337216,0.1,357013320,18285046.66666666,2.349231840621771,1.8628723155382707,1.076422400063824,0.8661080283916716,2.0844594828112606,1.803080390188732,0.9918102101295466
2014-03-18,146.66892074542318,151.45448737279017,146.66892074542318,150.77210998535156,29193580,0.0285040591608882,0,0.0156544365511849,normal,0.0143994193459633,0.1,0.0672024591805016,0.0014466170511406,83.28334868515958,1.737029219864754,0.0256296672288459,0.1,386206900,17129313.939393934,2.329172337898991,1.819826420674084,1.2849652875295952,0.8682046631034314,2.432848266775049,2.2900366007733353,1.2475746997508337
2014-03-19,151.5431124537564,152.3850159295353,150.351149464052,151.44119262695312,17798490,0.0044377082848185,0,0.0155412773415968,normal,0.0203306394141229,0.1,0.0646442215419231,0.0054102870703713,84.88952165971193,1.6969566528516695,0.0255684346652361,0.1,404005390,15751670.606060602,2.2690334425727023,1.7049306402947262,1.274782792196559,0.8789176781416981,2.5608015509414184,2.0993972140081136,1.4774161467817546
2014-03-20,151.1886506946386,151.1886506946386,148.2198178430031,148.7028045654297,14052620,-0.0180821876401154,0,0.0163680798518525,normal,0.0199683984578313,0.0738026253954979,0.0408931826430201,0.0077394159904211,76.19410526226963,1.3913271585385711,0.0263420006202629,0.1,389952770,12924899.81818182,1.7316116140259457,1.3353766171139834,1.6127641887054014,1.3539633762981833,2.2500719857137725,1.4227150267041084,1.6093384641897706
2014-03-21,150.47966847504338,151.70263889547823,149.68206495987283,150.84744262695312,16902930,0.0144223107815011,0,0.0164666067852865,normal,0.0302947749574478,0.0887370295926659,0.0503130739489656,0.0105655471892722,77.00171095551617,1.2437255335097332,0.0264978938402914,0.1,406855700,10651082.363636369,1.6990765578137175,1.1417785826871572,1.6590584049429515,1.4013486964824915,2.3926961814961367,1.6069764378695892,1.7559536429471547
2014-03-24,151.62730865844762,154.19291082833055,151.62730865844762,152.9256134033203,16494770,0.0137766391009128,0,0.0154477274452718,normal,0.0431943557085248,0.0553955248116804,0.0582536489700693,0.0137777683164823,81.83840419021277,1.1958337475941685,0.0259157487377822,0.1,423350470,10905146.606060611,1.848859657943661,1.0560881251937946,1.3760391274576258,0.8252233798290054,2.482882944195611,1.7341577044871541,1.906039281143518
2014-03-25,153.56367916944666,154.8841473546086,153.1471561017311,154.50306701660156,16789650,0.0103151694354883,0,0.0153863219046628,normal,0.0247456710104574,0.0395014136502975,0.0621725553715897,0.0171096130077166,81.07870322929897,1.1782685771047363,0.0249383900893796,0.1,440140120,13638130.66666667,1.7309557151194581,1.0046596170559479,0.949123450934472,0.8015939372438777,2.556632193023966,1.7584152360926535,2.0436138782453175
2014-03-26,155.455764477323,157.21490593717988,154.33913581504038,156.6388702392578,20279380,0.0138236946611989,0,0.0154275431352993,normal,0.0343214255127282,0.055349841453129,0.0690308360745379,0.0207404610037655,80.96904292930344,1.2135793921397109,0.0242274584779627,0.1,460419500,14718670.78787878,1.652303923784856,1.008156260999047,0.6362180678766146,0.8098689174719739,2.6338773947291036,1.839844485657223,2.1737553261216562
2014-03-27,157.74663083523058,164.28691682293407,157.74663083523058,162.79806518554688,48585150,0.0393209867824073,0,0.0166311201796703,normal,0.0947881289886178,0.1,0.099436637613183,0.0261408752244269,84.242187058893,1.5341782667598212,0.0258378931872735,0.1,509004650,15695533.212121213,1.7247800191388651,1.2894667337913057,1.2707751278187542,1.4540286197148675,2.9633155745171127,2.387826640777939,2.359338087678786
2014-03-28,164.52620830625958,169.79477574802328,164.52620830625958,168.5540771484375,33298740,0.0353567590396746,0,0.0175255570004093,normal,0.1,0.1,0.1235099434445372,0.0328501958501561,83.97505128250083,1.9875569487138345,0.0246803269873282,0.1,542303390,18038316.66666668,1.6420656387094767,1.671923356275659,0.7597983092200343,1.870439866419249,3.0,2.6923382096435833,2.559353685906046
2014-03-31,169.71057721220012,171.81977826927567,167.0696540006568,169.94985961914062,25924470,0.0082809178770202,0,0.0175273417085323,normal,0.1,0.1,0.1186637511729826,0.0389869619233862,82.82173709983434,2.2176028776237477,0.0238529723890295,0.1,568227860,20478879.33333332,1.5292979809024085,1.8096125772823437,0.3939928525626096,1.7920074010930562,3.0,2.4146945216770916,2.680962093318182
2014-04-01,170.8626501101873,171.35449408256667,165.5010342479689,167.81849670410156,22272160,-0.0125411278350889,0,0.0177204530837726,normal,0.0861823000967951,0.1,0.0937351723601129,0.0432976835215186,78.19143438497937,2.0654602318773527,0.0245331092874026,0.1,545955700,21090659.33333334,1.2839228971405616,1.5948230608892566,0.6610658564334524,1.8066342244893285,2.5867396692864895,1.8303048502676358,2.6894503984140234
2014-04-02,170.15368326369787,171.9261174643614,167.30006311882164,171.47415161132812,19202730,0.0217833849010828,0,0.0177408530142367,normal,0.0947100891969545,0.1,0.105186503097002,0.0481575146211634,86.25221362260443,2.0463511168734154,0.0245601376065781,0.1,565158430,22000077.878787898,1.5656490522331616,1.5160375998684412,0.6549399207884187,1.7372414058092094,2.5588302163956693,1.9463043201568042,2.6965087799046485
2014-04-03,171.3943788703996,171.748873818043,166.92785071088957,168.0444793701172,20425470,-0.0200011034256918,0,0.0190459733424393,normal,0.0322265143543984,0.1,0.0745789167997634,0.0508777274652552,78.29160501977024,1.654793498909093,0.0251103593949301,0.1,544732960,18905168.36363636,1.1890062929584067,1.1141409984314452,0.8661221042071693,2.2491011174427626,2.238826465692073,1.326018291814826,2.612358963915596
2014-04-04,168.29262769438495,169.47129810081236,165.73589614070227,168.62939453125,20800500,0.0034807163158543,0,0.0189803569706511,normal,0.000446844028259,0.1,0.0703356162298893,0.053215452428988,78.51818354160413,1.302748452262806,0.0252991642425459,0.1,565533460,16195570.060606044,1.1588182398322744,0.7577483806862282,0.915122636716412,2.0981330039270625,2.259531961866686,1.204864430218832,2.5194910319412327
2014-04-07,169.24087929002107,170.6588320475091,168.23944964794765,170.3663787841797,22630300,0.0103006018479643,0,0.0170183706009816,normal,0.0024508355933479,0.1,0.0730460698381632,0.0556261410415801,77.06905536031083,1.064477033658421,0.0240175871574276,0.1,588163760,13896636.303030295,1.0623595023734385,0.5066656467640158,0.35687551969518033,1.1408257649354787,2.282748029417987,1.212321375276172,2.4354824325276865
2014-04-09,171.04433441719496,176.53444227835948,171.04433441719496,175.91409301757812,26631730,0.0325634334250086,0,0.01744886186064,normal,0.0482401908756862,0.1,0.0967089386731192,0.0594356488674368,79.79286526843107,1.1507730287494962,0.0249388156665197,0.1,614795490,12171915.515151525,1.1421983214340097,0.5648270098128586,0.7218718248964624,1.300076160515221,2.32212382784964,1.5854010923911255,2.3976679942606403
2014-04-10,176.80032210450537,180.78829929483257,176.37494165719866,179.72926330566406,28796540,0.0216876898413402,0,0.0175156545729455,normal,0.0481420180054157,0.1,0.1077815407129889,0.0637884067660921,86.8060990947222,1.3227880606078646,0.025066304999122,0.1,643592030,11252838.969696973,1.3882462979335553,0.7104741937776509,0.750063877150768,1.2850959227547776,2.360628727859062,1.7097584615381247,2.3732940839782746
2014-04-11,178.57274417410974,179.87548438215066,175.8609220341387,176.7249755859375,20895560,-0.0167156291884266,0,0.0174328524399306,normal,0.0516559439998118,0.0855471493750101,0.0800821089071923,0.0661946080625419,80.08443246679893,1.1012960317230531,0.0259025589836506,0.1,622696470,10212741.515151529,1.071232386096047,0.45930179842219265,1.0683724956874703,1.2038770791690518,2.094214164458244,1.173950556400112,2.294035243643054
2014-04-15,176.80032304458234,177.66439018278786,172.6040842599886,174.05747985839844,16863520,-0.0150940506212825,0,0.0182739910580081,normal,0.0321894373293412,0.0326506650154438,0.0573566793141548,0.0670554442416972,74.23517940253521,0.663755580523639,0.0270032492513142,0.1,605832950,9094649.030303022,0.7960460799067124,-0.0249476090823025,1.4725435904364756,1.5342680714932442,1.885697260081388,0.7434848253509375,2.1829822255393165
2014-04-16,174.23030760065555,176.76931123397793,172.82121197004682,173.64540100097656,19376260,-0.0023674872103003,0,0.0183705534399016,normal,0.019246885683652,0.0217448922294944,0.0493713449869004,0.0673730900166842,72.55641477083117,0.2561593595780413,0.0278857331827096,0.1,586456690,7877912.363636375,0.6983153386975608,-0.48587787314877157,1.7557509210008955,1.5349795635976384,1.68526208379379,0.5788933330136004,2.071397598602842
2014-04-17,174.33217261195392,179.19307336167626,173.94223497124065,178.77655029296875,21513800,0.0295495835905457,0,0.0184313738744929,normal,0.0162719042362602,0.0652970548782145,0.0721721156685943,0.0691222756743508,74.3659592191822,0.2418705009698598,0.0281529063647726,0.1,607970490,6128889.515151527,0.7497949526166187,-0.5251577609023577,1.7796935891824814,1.5307691098298088,1.7380655368323712,0.9544095653779652,2.006841906939863
2014-04-21,179.1931150744611,184.2268358004997,179.1931150744611,183.6330718994141,18872420,0.0271653166955438,0,0.0188496706526401,normal,0.02172049516005,0.0709081816345473,0.0907748372965291,0.0719780188725001,73.60917889882403,0.4567707539161283,0.0265534769754085,0.1,626842910,5937758.969696967,0.6902627005376092,-0.3072027644963912,1.1068049644089282,1.6923544822081404,1.7685903049693583,1.242538000819412,1.9738490203019499
2014-04-22,183.80142620811304,184.06729404997708,180.80602152273875,181.54600524902344,18364100,-0.011365418161353,0,0.0183797736299305,normal,0.0272798434239509,0.080344953487994,0.07038776722465,0.0734132013224289,66.05691892513713,0.3598922214820348,0.0253890441586151,0.1,608478810,2635561.5757575734,0.332463112593047,-0.4266475875030901,0.6244867632923088,1.437313868123117,1.5906793754236936,0.853861377637017,1.9099781577601964
2014-04-23,181.2313983270155,184.1559174837563,180.86362417766503,183.0215606689453,23265390,0.0081277217744222,0,0.0183573141524942,normal,0.0515006928621479,0.0853479085167929,0.0710204935458096,0.0748256730812431,66.12371792965517,0.2992132697058487,0.0246153991069882,0.1,631744200,1216408.4848484765,0.3134848896876092,-0.5013864503889368,0.2934127956677581,1.4024539846015698,1.653158646039457,0.8375173954480524,1.8511392556896271
2014-04-25,182.56073843394367,187.12918689886848,181.0453011115621,184.7984313964844,22655730,0.0097085322682453,0,0.0183343004519122,normal,0.0642287692689604,0.0847118587323338,0.0730975755429612,0.0763081071082654,71.12923615934463,0.2829516761413426,0.0244677821316074,0.1,654399930,1739154.7272727203,0.5190685441511539,-0.5214135981912742,0.20657495632399042,1.3679636115059977,1.7046668829422635,0.8471644186073298,1.7986693268032918
2014-04-28,184.33316004008347,187.78940138179505,183.5754481925929,186.6550445556641,16889200,0.0100466932816996,0,0.0183339007151025,normal,0.0440689466811197,0.061057936597568,0.0752887740263072,0.0778646180392408,69.7760085934335,0.2998265533915543,0.0240667053573849,0.1,671289130,4155716.060606093,0.4355395516655782,-0.5065381166920802,0.014812527416768275,1.3418084940108246,1.7202817253418516,0.8563900430592263,1.7517419640350922
2014-04-29,187.85589844040973,188.31229976251385,182.5607452032648,183.0747528076172,16514320,-0.0191813286191641,0,0.0193937492183385,normal,-0.0030404059901733,0.0186140500462825,0.0492011349369416,0.0776951602765576,69.50326300449845,-0.0110678153033738,0.0249004214025824,0.1,654774810,6906494.242424262,0.40146556194833094,-0.8596110473382415,0.34156264615200527,1.853592261078535,1.564568991069578,0.3751634305541997,1.672244307342877
2014-04-30,183.4424933139545,186.7968280822261,182.02011873986723,184.2090759277344,22114870,0.0061959560382922,0,0.0179384494546161,normal,0.0146688475742446,0.0423488548632309,0.0501310499270419,0.0775922265170947,69.93197948218196,-0.2102030683994922,0.0251508649532169,0.1,676889680,9334951.8787879,0.4000750175553399,-1.0818075697624265,0.42656269520236195,1.0521063003402533,1.614893018261986,0.36999301363652176,1.6006488338903249
2014-05-02,185.6625046822325,186.5309937579021,180.7971673524948,181.5150146484375,15446470,-0.0146250192382149,0,0.0171487727126471,normal,-0.0082315220949999,0.0428452416759452,0.0313573158078233,0.0763043014084177,63.92215118164604,-0.5726903272034622,0.0268284340095213,0.1,661443210,9139752.727272725,0.09836932132962717,-1.47474348060747,1.120782043579351,0.591588000576675,1.4746273699637646,0.010070911199146923,1.510512586604492
2014-05-05,182.07327938780207,183.43362572405903,180.3451589476149,181.1914978027344,13172760,-0.0017823145172298,0,0.017159550948589,normal,-0.0195182045999694,0.0434569344091952,0.026632894395943,0.0747749780745581,57.57921070670345,-0.8659733926156061,0.0256623100669503,0.1,648270450,6260224.969696995,-0.22448041160713555,-1.7869005108966793,0.5979496459539336,0.5728850316875718,1.3559409236627578,-0.10962834133423328,1.4221432640156328
2014-05-06,182.54298113823867,182.8930406534973,180.85031687805127,181.8694610595703,9841880,0.0037416946438293,0,0.0167473902377646,normal,-0.025638650739314,0.0173004276093988,0.0274921418305329,0.0733681478068104,53.3780724419037,-1.0346203783674746,0.0244545929925144,0.1,658112330,4602522.666666641,-0.45792887097581897,-1.9523207477628193,0.06419008238743498,0.3096504097891355,1.357849749534198,-0.12490253770816014,1.34210642806438
2014-05-07,181.8251511566657,184.77625556611704,181.14276023947028,183.9609375,19519520,0.0114998770450231,0,0.016330547095416,normal,0.0048405620042761,0.0017854387403892,0.035431895290934,0.0725259994452873,61.76006118398142,-1.0237419120444518,0.0240286043064174,0.1,677631850,4659902.909090916,-0.07712871104792805,-1.9367394737836274,-0.1180950624295988,0.043091487683838095,1.4081749928656884,-0.007540644666765416,1.2782353104962179
2014-05-08,184.9092090684372,186.46008913235084,183.55773327892425,185.37448120117188,19363440,0.0076839339937146,0,0.0153653782539568,normal,0.0063265355822894,0.0210881861426639,0.0390943414138864,0.071952885168371,69.17418764396707,-0.941841406273018,0.0230138757865268,0.1,696995290,3933573.939393962,0.2722279847944137,-1.8415004546757798,-0.5427656894029655,-0.53892597021319,1.453676630174436,0.036015570434907516,1.2232478858673403
2014-05-09,184.3331653163876,193.6561734254484,184.3331653163876,192.59713745117188,27635400,0.0389625163247893,0,0.0171246157965306,normal,0.0610534771693598,0.0523193920280635,0.0714594223584237,0.0734572437296903,76.08878944602371,-0.4468483831477137,0.0241442183734477,0.1,724630690,5192729.393939419,0.6072373729947987,-1.3106408507446592,-0.042804354076992075,0.4973488073980654,1.5350876953848198,0.6826523961706029,1.2123868564800702
2014-05-12,193.9042988628662,200.7104395132255,193.9042988628662,198.7519073486328,26436870,0.0319567049589266,0,0.0180186037771721,normal,0.0969162999304562,0.075506463159372,0.0946799841156722,0.0763732671195593,76.74418794691789,0.2139831203251985,0.0243185923273993,0.1,751067560,8278381.090909085,0.6170670897335597,-0.6037990546531115,0.04981242642003666,1.001126256367559,1.6056088783796976,1.148408685400274,1.2304187812352698
2014-05-13,202.0575076882214,205.95685769070832,200.3205161458697,201.71188354492188,32756640,0.0148928190716526,0,0.0171576386062457,normal,0.1,0.0806666598542829,0.0993628146870118,0.0794603851787316,75.49997524928267,0.7397451098666368,0.0245830821884502,0.1,783824200,13104976.424242452,0.5234437402066231,-0.03290083287405129,0.17941407366289489,0.46868202247017926,1.6982031092711571,1.2147648604754497,1.251385819403412
2014-05-14,202.2347288135309,205.2345821927472,200.92756677376383,202.28347778320312,28870930,0.0028337162304765,0,0.0168231173695874,normal,0.0996001680150338,0.1,0.0918221110207986,0.0819308225325294,80.55630625668037,0.9991798469301472,0.0248828811308325,0.1,812695130,17041333.636363614,0.7892535652871073,0.24256101010504147,0.32401537035085226,0.24691096881226127,1.7650845661290706,1.0218251392709534,1.2597589830506724
2014-05-15,202.94372380591315,204.09580878531395,201.37955110438293,201.9910430908203,21093980,-0.0014456677114095,0,0.0160643833219396,normal,0.0896378065739038,0.0965314389290015,0.0809532967627388,0.0835990382168139,78.96096090499503,1.0206681833340436,0.0247152064478871,0.1,791601150,19387249.0909091,0.6743634629466009,0.24860955111006727,0.2571973638437935,-0.23213017861625818,1.5986301912966376,0.7530825572278028,1.252467785837947
2014-05-16,208.2610201067308,222.17462597955404,203.91856169226864,214.2164001464844,79653680,0.0605242532965546,0,0.0192223196288684,normal,0.1,0.1,0.1306156320113656,0.0883672317828181,84.04969583852274,1.688419787756814,0.0280061262725064,0.1,871254830,23657704.0,0.9728371614004032,0.9915552153668559,1.666268578839652,1.6385012175950953,1.895108340996265,1.816625050105736,1.3074487106283195
2014-05-19,217.03455280442057,229.9556126975971,217.03455280442057,227.5894012451172,36044700,0.0624275316431801,0,0.0221569525891395,normal,0.1,0.1,0.1786130217664256,0.096012230446836,87.40691059177864,2.795623757350711,0.0299776893228925,0.1,907299530,26472878.30303033,1.1810740278667342,2.1443187070305942,2.3743441139574415,3.0,1.9707277642569554,2.7315487951404047,1.417654875119175
2014-05-20,231.364697825946,231.7457646766316,222.4759281396226,223.91603088378903,23419880,-0.0161403401970018,0,0.0227987381675236,normal,0.1,0.1,0.1422290341870495,0.1009732678883352,87.25847044739548,3.025995098990551,0.0315917989048977,0.1,883879650,25526983.5151515,1.171257269170093,2.257945243637528,2.8261839994830376,3.0,1.7908118484765203,1.8904367527922463,1.47089457612403
2014-05-21,224.0356933190833,224.2129340406824,217.3004377175168,217.94737243652344,23542300,-0.0266557888852687,0,0.0240044931086678,normal,0.0774353636044762,0.1,0.1000707676631675,0.1030031715539787,78.28382824774228,2.541331511740749,0.0331569330310829,0.1,860337350,21861691.03030305,0.5126303373229228,1.6649118474617546,3.0,3.0,1.6273914309775144,0.9342667649943497,1.4654644515420354
2014-05-22,219.3387208861732,224.921891031432,218.9842394735786,222.58670043945312,20116860,0.0212864598965554,0,0.0236637267825753,normal,0.1,0.1,0.1104279665891772,0.1056038268508656,83.34409425876964,2.305089454190816,0.0328639909231539,0.1,880454210,18369965.69696968,0.8957616034209692,1.363415664243247,2.7469120580116457,2.8719970710465894,1.6635303190213038,1.1479953802073877,1.4729332412911276
2014-05-23,223.3266797219315,246.1024670037148,221.3105414945921,244.0198516845703,89947940,0.0962912483216729,0,0.0304396094400792,high_volatility,0.1,0.1,0.1926640364948226,0.11338690285035,87.98695266058742,3.3034261985057185,0.0363303817045624,0.1,970402150,19403107.151515152,1.2493474222809138,2.262033973696433,3.0,3.0,1.9949633084844687,2.882218838650074,1.583802621628437
2014-05-26,251.1539268281348,251.23368312364707,232.98647583709004,239.447006225586,43472930,-0.0187396452682684,0,0.0313466745947582,high_volatility,0.0521008663654682,0.1,0.1516340003939797,0.1181595539457947,83.24639500509618,3.356067424826824,0.0418581030563608,0.1,926929220,16848407.878787886,0.8404453851702177,2.180128353769328,3.0,3.0,1.7372619017812072,1.906453579796639,1.6313320010990964
2014-05-27,239.03048837883048,239.27862809653,231.89645121106983,233.0175018310547,21141040,-0.0268514712122731,0,0.0326198775766125,high_volatility,0.0406468036761031,0.1,0.1079733619034357,0.1198972223746954,76.97484948066024,2.687068689270248,0.0442137923541138,0.1,905788180,13192680.484848486,0.2548259459655758,1.472702618920318,3.0,3.0,1.5918564370209776,0.8803247854355007,1.6180564465498692
2014-05-28,233.6954712901453,234.48419048344832,229.54354614124097,231.3203887939453,22103120,-0.007283199861699,0,0.0321329781191817,high_volatility,0.061358924440884,0.1,0.089537210902159,0.1203691859463766,75.18584224758837,1.896715812904505,0.0451675683679249,0.1,883685060,8777705.75757577,0.05332744055493134,0.6958955065000408,3.0,3.0,1.4494574387448216,0.41845843828503515,1.5819859352222163
2014-05-29,232.0067335421792,235.5453519490968,229.96555875694224,231.87747192382807,38177620,0.0024082750888811,0,0.0321815918841729,high_volatility,0.0417400117169273,0.1,0.0826583540918637,0.1203777309544704,73.22955449877726,1.2112666500357037,0.0439059771404838,0.1,921862680,4178397.333333313,-0.1898963175367199,0.03310489655540603,3.0,2.9686173143659693,1.5836447491439503,0.22040645846114978,1.5402436594003497
2014-05-30,232.01117459383323,233.5308961285982,225.5979818149148,226.60073852539065,23614930,-0.0227565591200288,0,0.0325851631998292,high_volatility,-0.0713840002726348,0.0578122794073547,0.0522065050457947,0.118437749895097,66.64203477874253,0.2524402165450095,0.0448715313492774,0.1,898247750,2022319.515151525,-0.9234896161243367,-0.8709609074173795,2.974118831391698,2.795583283502765,1.4342051807767333,-0.5910575327826392,1.4619505373639432
2014-06-02,227.20240422751527,236.3564771378157,225.21472120340457,235.73252868652344,22338560,0.0402990308882402,0,0.0330282785328204,high_volatility,-0.0155127332665964,0.0357799062559858,0.084834592443965,0.1186774534471144,68.93360482876447,0.0914724223721101,0.0443261801847433,0.1,920586310,3160501.696969732,-0.7504322765763617,-1.0034593249431745,2.678071866271715,2.6690010234409574,1.499171903270518,0.23211539328089834,1.4331138125108438
2014-06-03,237.6444414504033,239.59647687986475,233.6512584141873,235.777084350586,31312470,0.0001890094010819,0,0.0330944078048236,high_volatility,0.0118428122258906,0.0529709883655127,0.0763224865817815,0.118360539785385,68.75028509349278,-0.1411093963294867,0.0448140966472726,0.1,951898780,4284259.575757618,-0.8583118730269682,-1.1929454590582136,2.564428908371167,2.499981181220665,1.608712141636085,-0.03383096169504841,1.3955848780335485
2014-06-04,233.7359070524083,240.10005530870083,233.7359070524083,239.1151428222656,19581210,0.0141576883134075,0,0.0330909974230003,high_volatility,0.0336967876846501,0.0971233107749771,0.0821245243146142,0.118430253461367,70.09737910876716,-0.195879903135145,0.0452781891185897,0.1,971479990,4082122.484848449,-0.7573101655888745,-1.2098054305367134,2.4597085329092496,2.3478860355239557,1.6605299531434536,0.10004192341283599,1.369025926684133
2014-06-05,239.2800349268145,242.7116693122884,238.0767214870241,240.47442626953125,21508380,0.0056846397564875,0,0.0331131467686138,high_volatility,0.0370754186440642,0.0803629587696046,0.0792028954367887,0.1183095168574759,66.11031036046514,-0.2621649133084318,0.0404038134877894,0.1,992988370,5047110.242424246,-1.3116827406948037,-1.2316536860095568,1.6896841286514748,2.221166469552602,1.7177511749576884,-0.008066959077910909,1.3400353832158827
2014-06-06,243.7812995633552,245.53723907971496,242.0298210957565,244.2091522216797,23003760,0.0155306575010285,0,0.0325788464477495,high_volatility,0.0777067798228556,0.0007757587581607,0.0860378988631229,0.1186324153635416,61.56459060284112,-0.1799995032927039,0.0366631791013094,0.1,1015992130,11899327.45454546,-1.8539607504360374,-1.1223278425473926,1.1259632842533254,2.0263196210190433,1.7776710976588403,0.166534786333184,1.323316006495437
2014-06-09,245.56397435367165,246.14333945177088,240.40311224901563,241.3613128662109,16762200,-0.0116614767692394,0,0.0326627617316177,high_volatility,0.0238778424473298,0.0079946985798662,0.065924504757638,0.1176523055017133,62.280105158552026,-0.4287691770111799,0.0360512164534792,0.1,999229930,14386441.696969733,-1.6866751436022196,-1.2982726035271608,1.0061866216546396,1.9377860414522163,1.6418907688703999,-0.43423090489611277,1.275882909194156
2014-06-10,241.9094821979476,242.30167366869247,236.30295034701803,237.6132202148437,15604840,-0.0155289702680927,0,0.0331400239174721,high_volatility,0.0077875925445216,0.0197226317666088,0.0444606617215972,0.1153480332045102,64.28994183219169,-0.9283964430704508,0.0363451975682188,0.1,983625090,13736607.939393928,-1.3856908839781705,-1.6695418505367825,1.0133380384221493,1.9145586988770364,1.5143887118561536,-1.0458964178630958,1.1951390471585912
2014-06-11,239.14629966975284,243.66985705070533,237.45276060746272,240.4253692626953,20880260,0.0118349856346753,0,0.033116869371701,high_volatility,0.0054794791537047,0.0393609076840195,0.0511335206197918,0.1135790126588622,63.31583288779221,-1.1382897985956326,0.0356950594589309,0.1,1004505350,11808678.424242452,-1.4497715263502067,-1.7738423216725918,0.8912492978905003,1.8214548202329226,1.5714034799773773,-0.8321947582466711,1.126813620095557
2014-06-12,240.4031370875949,241.5529725067276,237.9965370772586,240.7775115966797,17608610,0.0014646637959392,0,0.0330740957137792,high_volatility,0.0012603640721808,0.0383825112418652,0.0474187190027253,0.1116568001368067,46.468186586920936,-1.3099780842990736,0.0293431769621689,0.1,1022113960,11921904.848484883,-3.0,-1.8339260262736476,-0.018882969277140657,1.733660767255817,1.6158230021590712,-0.939493976011185,1.0543469758935098
2014-06-13,241.3746966607408,241.5529754198873,230.50037239079413,232.4524078369141,18537170,-0.0345759190904454,0,0.0321489662525397,high_volatility,-0.0481421121109068,0.0258236992059395,0.010125473894212,0.1074528315452889,42.95668650603413,-1.9994958577940916,0.0281833037917327,0.1,1003576790,8234517.212121175,-3.0,-2.2680963738799966,-0.1923322353103095,1.5314970865579955,1.481792485770378,-1.9627121014601392,0.9195723317537295
2014-06-16,232.7197792730205,233.0807706087507,227.02858262384933,230.0234832763672,17379420,-0.0104491262669604,0,0.0292448417701251,normal,-0.0469745107664723,-0.0242183182862647,-0.0003885701703927,0.1027811646551146,46.72093889144016,-2.596595823691148,0.0280156204879475,0.1,986197370,3811682.909090902,-2.578909844811973,-2.54984925035021,-0.223556841177041,1.0670105806293448,1.3573931432026605,-2.1666778809770335,0.7676793901953275
2014-06-17,228.5483223140736,238.1970543014,227.60350479442303,236.49905395507807,22808210,0.0281517807941837,0,0.0295598575217746,normal,-0.0046889910366023,0.0030620855562815,0.0250430076782604,0.0999422988562033,55.134299411669446,-2.530286880578492,0.0289558433177829,0.1,1009005580,1925145.2121212317,-1.692202046897145,-2.3384887462532395,-0.09737558033063903,1.0764581648143325,1.4355610579083795,-1.4198635490475877,0.6628477719465414
2014-06-18,235.31357994397072,239.26220659421185,232.340970934967,235.4517364501953,25021300,-0.00442842154067,0,0.0287884441331144,normal,-0.0206868053390225,-0.0153206791039298,0.0185147987860174,0.0968213553013872,53.509528673818544,-2.525968223446437,0.029491593372359,0.1,983984280,-712980.3030302931,-1.7671117660049018,-2.197597804245464,-0.030065843552250532,0.9317804483725138,1.2695030645533627,-1.5452237273090461,0.5444803475357507
2014-06-19,235.93752247499,237.84051337446044,231.3382084445556,232.2340087890625,21446630,-0.0136661878550785,0,0.0287607763800716,normal,-0.0354829765909707,-0.0342673339876591,0.0041560905101001,0.0929355833273786,55.764318440722654,-2.6934835809246227,0.0294602006025037,0.1,962537650,-3238597.1515151537,-1.496967209709907,-2.179013351498921,-0.042129802518719464,0.8973258185546364,1.127773517615875,-1.8677175813028077,0.3951862810177043
2014-06-20,232.37215038484385,233.8651327289008,228.86027160862025,230.2418365478516,15397210,-0.008578296743008,0,0.0184864912583849,normal,-0.0095097801293304,-0.0571940713391009,-0.0040350135637903,0.088711737813204,43.42017011397742,-2.8755686602423243,0.0278112394866075,0.1,947140440,-4701378.181818146,-2.443433777659751,-2.1671724575765934,-0.28306587127431143,-0.6165101323144289,1.0181689103787401,-1.993332053640976,0.22443969374746495
2014-06-23,230.32205649740249,233.93643062367272,228.8067960950372,231.7660217285156,17948990,0.0066199314751698,0,0.018198781608173,normal,0.0075754806740961,-0.0397548845908626,0.0023140039125906,0.0850835873644826,45.35792024429144,-2.8262808397510764,0.0273769848282509,0.1,965089430,-5468037.454545399,-2.1470632981622786,-2.0205733126825636,-0.3497490051738096,-0.6695943537195873,1.0908679291471095,-1.7632107763016092,0.06184889310885483
2014-06-24,231.76606096280875,238.32633309067504,231.76606096280875,237.3815155029297,17354830,0.0242291502979323,0,0.0180331305919944,normal,0.0037313533948395,-0.0009751339243856,0.0240051501930491,0.0829930640685157,48.09410777940872,-2.367017294950039,0.0267883811320019,0.1,982444260,-5914568.060606106,-1.828139333009589,-1.657369162093592,-0.44033649995299845,-0.7048509113913818,1.1610025569758162,-1.2001594969393736,-0.05626908671933561
2014-06-25,237.452776784656,241.0448729652387,235.9553333350246,239.9396209716797,23118070,0.0107763465210433,0,0.0180443541474046,normal,0.0190607408089074,-0.0020203703648464,0.0315975779126103,0.0814779545341308,49.42715247266352,-1.8645847304541296,0.0266381072384448,0.1,1005562330,-3693782.606060612,-1.6468670587672527,-1.3005669732445495,-0.4696897250103507,-0.7139400886725341,1.263328133047759,-0.9921654575678616,-0.16086266983154401
2014-06-26,240.661605733906,242.2259105234189,235.2645529188669,236.4322052001953,17973090,-0.014617909944512,0,0.0184210414151561,normal,0.0180774402208507,-0.0180469777583011,0.0149211829246502,0.0789758332936503,41.62909364207267,-1.744270635618424,0.0276068469230895,0.1,987589240,-1292252.0606060463,-2.152168208906098,-1.1856444338601904,-0.33385841525858795,-0.664363101878954,1.1254177137638006,-1.3433410494977136,-0.31215639065806694
2014-06-27,236.69513613099053,237.97866687686027,234.2439530984848,235.219970703125,10927310,-0.005127197016345,0,0.017622165180394,normal,0.0216213275133374,0.0119059333132509,0.0087838783262272,0.0761988071132286,43.14836762619495,-1.719319405782338,0.0271401136505677,0.1,976661930,-304086.4848484248,-1.9376092739870403,-1.131867886621807,-0.4092474126146486,-0.7849108736256543,1.02871451335404,-1.4371085869710951,-0.480776782125855
2014-06-30,236.20494503484545,241.2811295329214,235.80829246670507,239.43605041503903,15140470,0.0179239870633061,0,0.0156653824252396,normal,0.0330938445131872,0.0409200269668244,0.0242446743545365,0.0745231763892246,52.01263708511402,-1.4051067489462945,0.0266808461208911,0.1,991802400,677535.6363636686,-1.2175449359948007,-0.9117054523284107,-0.48559249994240433,-1.069855903069214,1.085953535301387,-1.0363086141250952,-0.6030237928667229
2014-07-01,240.5724506054218,241.4637898275253,238.56693735568905,238.896728515625,9828620,-0.0022524674061369,0,0.0156806907306824,normal,0.0063830286426687,0.0101381993731035,0.0198069191988714,0.0726418396653811,48.22299819676382,-1.2263382791199202,0.0257483481312863,0.1,981973780,2575658.787878812,-1.4492675830600539,-0.7755465192997988,-0.6268549006613131,-1.0574884058545087,0.9964979419135847,-1.10424129395595,-0.7350633779309179
2014-07-02,240.66605637831705,243.24647369125296,239.9797077530364,240.8621520996093,16497960,0.0082270845490282,0,0.0154689308102388,normal,0.0038448469835603,0.0229788734242715,0.0254432066658758,0.0712002730826992,50.09483513526349,-0.9791928621012672,0.0257735018183634,0.1,998471740,4033242.181818241,-1.267408382283497,-0.5996575266552192,-0.6274865186024532,-1.0777524284282145,1.0664589085106706,-0.939619095971813,-0.8429353164692595
2014-07-03,240.6616503533484,242.4888853365338,238.63385855456417,240.32293701171875,14368590,-0.0022386874948603,0,0.0154299755263351,normal,0.0164560145612524,0.0348309374016078,0.0208969623093993,0.0695354493494095,60.68227841442615,-0.8597542805559746,0.023692072828472,0.1,984103150,3101703.3939393708,-0.4476182123828705,-0.5035659646274611,-0.9282557210271143,-1.066758859059926,0.9496282088605184,-1.0168577777238104,-0.9595531985634153
2014-07-04,240.7507445423234,241.9718750015201,237.10070910912103,240.49224853515625,15306300,0.0007045167038268,0,0.0149988166769639,normal,0.022414244063849,0.0445201972890547,0.0195173353748998,0.0678572070271177,65.13720944291515,-0.7794449701969706,0.0233246179006094,0.1,999409450,1717173.030303086,-0.09324869255286201,-0.43402967682473187,-0.9734608979220053,-1.111308579228939,1.018322821066854,-1.020188324328536,-1.0738437639975988
2014-07-07,240.403103537377,241.88719101762203,238.43325139461592,239.2978515625,13937420,-0.0049664676509589,0,0.0148139200800351,normal,-0.0005771848153169,0.0324975584333366,0.0130593931153544,0.0658457560167888,54.776365814280666,-0.8131232533078396,0.0213099183184254,0.1,985472030,135455.33333332496,-0.8562624375884933,-0.4367426214787716,-1.2529560263636519,-1.1269633325556385,0.9001627586107839,-1.1342023281945428,-1.1992939443064503
2014-07-08,239.14632587813284,240.39422267275023,228.18286325097785,229.5376892089844,17690110,-0.0407866693736965,0,0.017081365352706,normal,-0.0391760881984135,-0.033043121648823,-0.0256375052722326,0.0614899877744863,42.22066111223731,-1.46127514349204,0.0238622409787458,0.1,967781920,-1501250.606060621,-1.7376651317291616,-0.8150389552406782,-0.8773400771984595,-0.796212425727755,0.7567739249155828,-1.9199266336671514,-1.427752191752749
2014-07-09,230.85687442334512,233.0763005347446,226.89041733197595,230.1660919189453,18223190,0.0027376885779692,0,0.0168243079750887,normal,-0.0444073927241196,-0.0407332853705222,-0.020827948376955,0.0576287919454174,47.08102098249726,-1.794285498747679,0.023698895246446,0.1,986005110,-425034.36363635096,-1.3326710903032228,-0.9899169523090641,-0.8953292254417249,-0.830742448827726,0.850162125008524,-1.7352643442796944,-1.6080626780872067
2014-07-10,230.2463256633993,236.378744724786,223.28050648844663,226.90826416015625,37386490,-0.0141542471857076,0,0.0170143634427134,normal,-0.0558193613076073,-0.0402819109688327,-0.0314878525701849,0.0532698307445826,45.4568102823332,-2.156234902094544,0.0265868697618068,0.1,948618620,-2349230.000000016,-1.4041770267810374,-1.1749652974205966,-0.47946940045049136,-0.8015489622065812,0.571425660055345,-1.872453009104392,-1.7894498178510552
2014-07-11,225.6425540870636,226.72998919694297,214.9910514295657,216.1720733642578,22975720,-0.0473151158052164,0,0.018444018699553,normal,-0.1,-0.0809790821839181,-0.0704688358767111,0.0466703667696239,33.01297341322932,-2.989685917031322,0.0301500900652726,0.1,925642900,-5782762.909090886,-2.2020081572335273,-1.621735805076326,0.029089047491333567,-0.5950623154244605,0.3862012492888281,-2.5080627123485524,-2.047057063959994
2014-07-14,215.70410928838496,217.56700514987537,210.9265301254053,214.90635681152344,16142970,-0.0058551344446865,0,0.0183809010869751,normal,-0.1,-0.1,-0.0691818729226928,0.040440934372367,22.953953862786847,-3.46377648779271,0.0303543066579901,0.1,909499930,-8469044.30303029,-2.6948055850473773,-1.8203595701194513,0.05278450060620311,-0.6042398218883828,0.24184444335457414,-2.326063847350217,-2.2462766179812674
2014-07-15,216.3414172878363,225.0498061517445,216.3414172878363,224.4035797119141,20244400,0.0441923777467405,0,0.0200925750242932,normal,-0.0223671742743559,-0.0606670040806481,-0.0254436453386727,0.0372037950346804,33.97980344707132,-2.9930139840218626,0.030678329717205,0.1,929744330,-9708721.33333336,-1.8529001295954453,-1.4827094045288023,0.09376352855690102,-0.360998573339268,0.3635308550700541,-1.4341649412526294,-2.2805029491177597
2014-07-16,226.221936955014,230.5360298829889,226.0392107503533,229.39065551757807,21653240,0.0222236909592365,0,0.0208235054087559,normal,-0.0033690297076439,-0.0476268126064369,-0.0034261263940714,0.0354785657856455,42.954022928836096,-2.235719393091282,0.0297532579036568,0.1,951397570,-8034364.303030252,-1.2147976020673166,-1.0098494992180136,-0.04845473149138949,-0.2601883002061425,0.5028741345815545,-0.9870575722801269,-2.23782101957172
2014-07-17,227.9154427332777,233.78937870746825,225.7851424770198,231.94876098632807,16169410,0.0111517422668248,0,0.020774426598837,normal,0.0222138089365231,-0.0348455129981302,0.0069501859738883,0.0344744695488499,46.812584449815326,-1.4884462304523902,0.0307399151149484,0.1,967566980,-5865349.4545454,-0.9335586443358513,-0.560158729413443,0.08251689148861406,-0.2738492155175796,0.6067910933498087,-0.7698979690189032,-2.166698620116431
2014-07-18,230.10814667595776,230.411198760242,226.1907068191913,228.4056854248047,13962750,-0.0152752510789752,0,0.0209754257033587,normal,0.0565920096437839,-0.0502575995025664,-0.0076343867825192,0.0326009842057239,39.10935092342556,-1.1725982487551,0.031121970004684,0.1,953604230,-3237080.727272673,-1.3852344904960427,-0.3640048928706788,0.12319200165967738,-0.25161871926026214,0.4666032131630137,-1.0102722911272182,-2.131293096936329
2014-07-21,228.2719864836529,230.14380434172648,223.9578941937393,224.90272521972656,12814270,-0.0153365718483017,0,0.0211738847070629,normal,0.046514996375701,-0.0601556856811716,-0.0207224175184816,0.0299898581439448,36.94713132101523,-1.138483828559202,0.0326513054684835,0.1,940789960,-1681718.7272726814,-1.4655854379743016,-0.3309554454066411,0.32968605386620664,-0.23022266299565067,0.3291206721583544,-1.2107399928910554,-2.1205242659497263
2014-07-22,225.33058035557377,227.20238474667875,223.142340716778,224.9918670654297,10256470,0.0003963573390053,0,0.0203154705634269,normal,0.0026215595770389,-0.0198042515772471,-0.0184333741963776,0.0276306450054697,34.66010874608676,-1.0509084848920107,0.0325463970692491,0.1,951046430,-204652.72727272584,-1.545687047902325,-0.2677221539839904,0.2953324225028652,-0.36187507325367835,0.39259726528525274,-1.1304558879986641,-2.096435191796237
2014-07-23,226.57846149372816,229.337171488378,224.350113104528,226.431396484375,15629540,0.0063981397982117,0,0.0201883033916575,normal,-0.012900521281157,-0.0162260887493607,-0.0110084702887888,0.0258320890426819,36.802419876246006,-0.8458419011429029,0.0326965878316631,0.1,966675970,3542667.393939405,-1.3608209780225895,-0.1410354314359006,0.2999542781975573,-0.382854843229972,0.5114972983883355,-0.9693843767070708,-2.0532282514866176
2014-07-24,227.20238118676565,229.15887747050985,225.5222115095117,227.92437744140625,12997790,0.006593524485613,0,0.0200860749167686,normal,-0.0173503127492844,0.0044780796548371,-0.0040618825549038,0.0245407393766299,38.35289958567243,-0.5725450163935636,0.0320955378208699,0.1,979673760,5740817.818181825,-1.2220516615137225,0.02084962483982823,0.19381770364242684,-0.40437938612001195,0.6138904505486662,-0.8231209069536497,-1.9962162792988742
2014-07-25,226.62304063791143,228.8068330310577,221.3284824681254,222.8838653564453,13895680,-0.022114844149379,0,0.0205941452552983,normal,-0.0241754930841125,0.031048376821912,-0.0236612177559198,0.02208293481545,35.80078085297187,-0.6864566917207083,0.0341110981209455,0.1,965778080,5272881.454545451,-1.3294733129404943,-0.04409178086407222,0.47930113417323494,-0.33958362753740273,0.4494349879033891,-1.1452478900846776,-1.9801424005348858
2014-07-28,223.2983475616793,225.6871305960613,220.60649879843123,221.9123077392578,12536680,-0.004359030724964,0,0.0200267096336545,normal,-0.0132964928617346,0.0326000171966933,-0.0253256714592589,0.0196233804254564,42.2206337044383,-0.7758560108065704,0.0319652198905761,0.1,953241400,2558441.151515173,-0.9220584503057938,-0.09680238215197534,0.14104987688709783,-0.4328636835843858,0.2835869510726946,-1.1468234665308048,-1.9636861568000092
2014-07-30,222.0326445373444,223.4320402886441,216.62220798361227,220.1162567138672,24264520,-0.00809351695581,0,0.0200485800543579,normal,-0.0216701626381216,-0.0191054126834826,-0.0301463167180863,0.0169660578777526,39.98580491427297,-0.8960539102082574,0.0324285157893096,0.1,928976880,-660091.3939393889,-1.0328472604223837,-0.16788124070737417,0.19266501848068268,-0.4403080037015251,-0.05247787944560906,-1.1998577264835597,-1.9524881539385546
2014-07-31,219.00207428923693,221.23042265115583,216.95199107611973,217.41995239257807,18349440,-0.0122494556355921,0,0.0199194612895961,normal,-0.0397976792605205,-0.0521847897334366,-0.0381767763624929,0.0139204210904415,40.438335841794064,-1.0846645646539217,0.0299331190381516,0.1,910627440,-3426650.7272727536,-0.9775348274755082,-0.2766393459344008,-0.20534770078561634,-0.47179542699445903,-0.3672532157445658,-1.2984924511286164,-1.9505496976227634
2014-08-01,215.2584388202825,221.49781385855155,214.81276917469185,217.2372131347656,20333530,-0.0008404898253427,0,0.0199318069336317,normal,-0.046889079731667,-0.0634258522830808,-0.0354037544919531,0.0111712941418045,51.36336239678344,-1.1433857062627917,0.0282379383286351,0.1,890293910,-5730167.63636365,-0.32111852390377216,-0.3085895566851089,-0.4860053974505072,-0.48609827960916413,-0.769424857154897,-1.2142270101582633,-1.9376747653037285
2014-08-04,218.6455500444364,220.0716848750889,217.5670234230766,219.394271850586,13946260,0.0099295083226935,0,0.0201723371558715,normal,-0.0156565550416967,-0.0394535431876778,-0.0234238023403599,0.0092756539658322,55.61630829889186,-0.9656899105380724,0.026721179182552,0.1,904240170,-7267186.181818189,-0.05158500425816921,-0.20053133445818772,-0.7340841324726171,-0.4596724011776432,-0.6649556353401302,-0.9803734054121909,-1.8999922554064008
2014-08-05,220.74464249070544,221.40868594475023,217.62495481015915,220.5084381103516,17961890,0.0050783744277715,0,0.0202818778590968,normal,-0.0063262359947864,-0.0195386121047747,-0.016735299343885,0.0078707777513948,43.83119048608687,-0.7134816234034909,0.0245260821307986,0.1,922202060,-8080397.696969677,-0.7254892216199565,-0.045524828744255924,-1.080056732112429,-0.45031021845419505,-0.45038908163942865,-0.8392770717280296,-1.850292515193939
2014-08-06,218.82381590539063,219.6884161846051,215.8021759772448,216.2612152099609,12928410,-0.0192610447780923,0,0.0187324842758296,normal,-0.0175136610146769,-0.0388042997702215,-0.0323865144767067,0.0055539627888403,28.707684526175186,-0.7683166874424003,0.0245367043014915,0.1,909273650,-8689722.666666659,-1.5698823209795778,-0.06311447882156342,-1.0781227285432722,-0.6949264660032909,-0.7967151844079254,-1.066360530970544,-1.8254345745447202
2014-08-07,215.2584337521081,218.2889818304681,214.39383357195825,217.13916015625,15579810,0.0040596504807239,0,0.0187553993236279,normal,-0.0012914740953537,-0.0410377556840542,-0.0258179986401015,0.0037363799634375,24.598682199433213,-0.6838986431173506,0.0230857999182228,0.1,924853460,-6900933.757575719,-1.7461455792551162,0.0025655492992124737,-1.2942302872800096,-0.6993450241250451,-0.5525300280353942,-0.924436377345641,-1.78836902019695
2014-08-08,214.99102960876704,217.96809951199225,213.03008593122536,215.52137756347656,32789900,-0.0074504414201902,0,0.0185999607362448,normal,-0.0078984421984119,-0.0544171712440816,-0.0300205491116974,0.0017319309157834,26.33818683166335,-0.6743375393507942,0.0229873107447131,0.1,892063560,-5527225.999999971,-1.5863491605672269,0.02503946076842157,-1.2981743262244336,-0.7345083614258052,-1.4437314109575514,-0.9627227697163134,-1.757400651245771
2014-08-11,216.5954529827457,217.48233124662576,214.36710470103023,215.2094268798828,12536370,-0.0014474233930779,0,0.0153076257517814,normal,-0.019074540713411,-0.0344324541585332,-0.0285170547931153,-9.963050694183906e-05,29.83498756312096,-0.6273244311257198,0.0220014634293648,0.1,879527190,-4701757.09090906,-1.3452613870081676,0.07723723916027127,-1.414169679377181,-1.2258265711192111,-1.7615456164716492,-0.9104767027663591,-1.7232822183659917
2014-08-12,215.7041295498646,217.3887604308311,214.0997159487633,216.5196990966797,12331020,0.0060883588409359,0,0.0153047927063483,normal,-0.0180888271118031,-0.0243006289174114,-0.0204938313556843,-0.0013630469386505,33.22746380760556,-0.4543453619229733,0.0216139730398798,0.1,891858210,-2994000.4242424206,-1.120413440354321,0.2235014262553532,-1.4269012149883473,-1.1939777562646556,-1.4433289583904643,-0.7595086181836846,-1.6782293296949962
2014-08-13,216.1497767396916,217.1569944845769,209.68756691963893,211.15382385253903,20923880,-0.0247823882377773,0,0.0124406259306877,normal,-0.0236167698977519,-0.040716814810178,-0.0406781199972975,-0.0038211089674996,23.82401245700011,-0.6365017066623277,0.0230029602809087,0.1,870934330,-3301142.303030299,-1.661660496996364,0.1552118969183139,-1.1819827416383208,-1.5701489202007815,-1.9254419737537247,-1.107438213216593,-1.6632637326600546
2014-08-14,212.2279016714957,212.4507365058417,209.4736527824016,210.57891845703125,15800260,-0.0027226852207482,0,0.010942695116651,normal,-0.030212153784228,-0.0314646096656047,-0.0393293388928056,-0.0060984348002118,19.31565183779168,-0.724501892852889,0.0228420301591349,0.1,855134070,-4989866.484848466,-1.8727760217700353,0.13920057278624987,-1.167479346813892,-1.7163252683493002,-2.290713452208294,-1.0501413606841241,-1.6450600175771413
2014-08-18,209.9104187369261,216.52861618795563,209.82127936085308,215.8110809326172,16556210,0.0248465635303067,0,0.0122990877760704,normal,0.0013441978351094,-0.0065648614322063,-0.0140082211807855,-0.0067257648924763,37.57241706222137,-0.3766289162701275,0.0220330558376474,0.1,871690280,-6458446.4242424285,-0.7174058053119781,0.4305752078081433,-1.2439474525501621,-1.463879955949491,-1.8809712528354476,-0.5428134789249447,-1.5927820910067805
2014-08-19,216.9698121985037,219.4477343807128,216.53751209113503,217.6873474121093,15948060,0.0086940228990277,0,0.0122618272124894,normal,0.011513996241482,-0.0077801686620112,-0.0049208206903624,-0.0067677162302419,42.80507623235408,0.0128978092058171,0.0213693461801611,0.1,887638340,-5901882.969696967,-0.352280228824115,0.8201197479910822,-1.2928837871918237,-1.4166347228229932,-1.4466248796601124,-0.338369356691102,-1.533920506491935
2014-08-20,217.93245618757703,218.22659978507457,214.6790732226261,215.2361602783203,16065950,-0.0112601267962008,0,0.0120665485008622,normal,-0.0059280463796795,-0.0239096420854099,-0.0146122137924377,-0.0074062106164937,41.87079778640631,0.1319152863139661,0.0205300746929348,0.1,871572390,-4822950.424242378,-0.38820338776096297,1.063682351022044,-1.3729946568976152,-1.3952582711701857,-1.7550676808776378,-0.5355392830278657,-1.4936108538315245
2014-08-21,215.1693118752231,220.77584395691184,214.82169007562024,219.94244384765625,27963970,0.0218656733294735,0,0.0132040111423737,normal,0.0416218841542497,0.0170221397957157,0.0062694369170979,-0.0067303293895722,53.938215512920536,0.5316161118586566,0.020634984399486,0.1,899536360,-2466911.4545454406,0.5226878000434254,1.5716775183626719,-1.3304410368030304,-1.1976059057130608,-1.1147953194414273,0.006349949175407865,-1.4289063367390187
2014-08-22,221.02985713172777,227.20237059012,221.02985713172777,225.0364227294922,26474960,0.0231605086891018,0,0.0141964482304542,normal,0.0686559907249737,0.0363695915907542,0.0266833097339775,-0.0048163978066243,60.557432188199606,1.1098209931769385,0.0203503586051586,0.1,926011320,2489897.9999999995,1.06430658635894,2.20809943559976,-1.3540744978240804,-1.0243724604160425,-0.5398743082543727,0.569706275231574,-1.3418494506932122
2014-08-25,225.50883486394096,229.7337742908989,222.0950038345026,223.38299560546875,26784130,-0.0073473756113291,0,0.0141868906759374,normal,0.0350858474927695,0.0364772076481216,0.0172855270835639,-0.0035584356880703,55.47398941492249,1.3364651084785577,0.0220372015445025,0.1,899227190,3785726.909090888,0.720575639242802,2.4177997393303885,-1.0777066449175516,-0.9954079002396916,-1.1391519818155682,0.3646064365946293,-1.273393480518273
2014-08-26,222.8214780297366,223.6370475875325,219.7374377549427,222.4783172607422,14312180,-0.0040498979892111,0,0.0133140152431391,normal,0.0220084901836898,0.0337758920984276,0.0118968383987125,-0.0026829379129869,52.71902954205017,1.3756140110287287,0.0221640167291017,0.1,884915010,3378301.5757575715,0.531544264165019,2.3557989954566834,-1.0483323096658703,-1.0920767255756076,-1.4513573676014868,0.23978572554905128,-1.215864035389599
2014-08-27,223.7306177439893,225.97678291109463,220.5173298841651,223.28048706054688,14200130,0.0036056088956504,0,0.013296095592194,normal,0.0373744205983999,0.0312248169199993,0.0140440414904614,-0.0017083147622036,60.707002197657005,1.400984054936258,0.0223253386841481,0.1,899115140,4502189.87878793,1.2085984282999895,2.276805628648681,-1.0150182520275204,-1.0669111365093826,-1.1128188810735193,0.34678948851579133,-1.1588425095889134
2014-08-28,223.9044558201189,224.95178234116585,218.64555877082256,219.33189392089844,14700480,-0.017684452374818,0,0.0137822844602384,normal,-0.0027759531815546,0.0387303905709546,-0.0035197163822454,-0.0018592158364805,53.05824591869961,1.1100121193652503,0.0235124589868316,0.1,884414660,3341345.6969697163,0.6184228684226517,1.9381284153554974,-0.8015597460349415,-0.9685667842862551,-1.3948478160404696,-0.12687813778735657,-1.1292712679809696
2014-09-01,220.7847661585593,224.34567630199103,220.41931374120668,223.2225799560547,15193550,0.0177388065438373,0,0.0140188363802088,normal,-0.0080602186589939,0.0600423897684867,0.012791156062947,-0.0009942116087697,60.10061671667221,1.133770930088712,0.0231268907406305,0.1,899608210,1792492.000000024,1.257496849910935,1.8887463107759324,-0.8890567032399848,-0.9090089730911767,-1.0248136497257645,0.4201567326141581,-1.0784032094143925
2014-09-02,224.3634762479892,225.8653808433276,223.191362852598,224.7957763671875,16508080,0.0070476580435658,0,0.0140630510042505,normal,0.0063244776438309,0.0416322247946832,0.0179968075631995,0.0001600168296425,62.17045860035983,1.2030705321092312,0.0228248475288442,0.1,916116290,1708745.8787878605,1.4559543623750038,1.8757628943519395,-0.9475060284346342,-0.8809921648048695,-0.636921112069838,0.6522614008333012,-1.022588186010451
2014-09-03,224.87153092114823,225.44643495756085,222.24653024350977,223.28048706054688,15715840,-0.0067407374423508,0,0.0140502119091663,normal,0.0036056088956504,0.0256934530873265,0.0100636331767431,0.0007772931220255,58.53878515389378,1.0974394358516133,0.0229512317080922,0.1,900400450,1292479.0303030177,1.1496208844775604,1.7297875500228455,-0.8984878964316741,-0.8627413072410731,-0.9553350081954362,0.4638861466592713,-0.9811813934747369
2014-09-04,223.3696509857888,223.63704191549115,220.69563288269043,221.600341796875,12428860,-0.0075248190551298,0,0.0141386937154147,normal,-0.0075248190551298,0.0295683657909768,0.002227984738788,0.0008847938684903,64.54826457316975,0.8746805149893372,0.0216657260559214,0.1,887971590,-1027481.2121212236,1.6655503082162526,1.5006428380455752,-1.173518207717199,-0.829563637857354,-1.1944610571993726,0.23108426284636782,-0.9533034340181713
2014-09-05,222.03263651653305,225.5088545254357,221.5958753407441,224.2386932373047,16913550,0.0119058996887653,0,0.0135705567173819,normal,0.022371572272001,0.0195335166532215,0.0127945451995326,0.0016431280241293,67.98928689272071,0.8637883305678551,0.0217089294661635,0.1,904885140,-759397.6969696853,1.9418668090637143,1.4410669230045106,-1.1470716607312927,-0.920233336833592,-0.7867859644744223,0.6736291428059294,-0.9098288967101863
2014-09-08,226.1505857912596,229.25245603929548,225.3216332523124,228.708724975586,17875080,0.0199342569908342,0,0.0141551674512583,normal,0.0245770164497307,0.0163187016641663,0.029749081348448,0.0034249046745604,67.33354660367002,1.1011859074505408,0.0207557118879386,0.1,922760220,2183853.81818182,1.8606646624077812,1.566646906640616,-1.363725712393032,-0.8009116045179201,-0.3594946459248769,1.389977595499614,-0.840320782158929
2014-09-09,228.806793982852,230.84794125909409,227.46977152095943,228.8379669189453,12975200,0.000565094066145,0,0.0139650297282321,normal,0.0179816125422001,0.024419814492554,0.0273632777154235,0.0049890046922931,65.72402868323188,1.2022330340199905,0.0206633075069481,0.1,935735420,4088642.1212121816,1.6548023543134502,1.5791238856096599,-1.337307547607296,-0.8383231674329714,-0.029841410593436417,1.3388712370514257,-0.7758123190229399
2014-09-10,227.2024005290038,228.4413753130665,225.11666966227912,227.28707885742188,16289770,-0.006777232302858,0,0.0141064040980005,normal,0.0179442093199506,0.0216145180163507,0.0184218918623997,0.0059360159777037,67.436311251918,1.1025591784401911,0.0208589133002546,0.1,919445650,3708228.181818148,1.7193204811461886,1.446256568505728,-1.2436096593121135,-0.808778535447607,-0.3906542772194375,0.9590920791668746,-0.7266321058803017
2014-09-11,228.4725770257677,232.54154346387173,228.4725770257677,232.0245513916016,15981320,0.0208435629424914,0,0.0146608372403312,normal,0.047040584460297,0.0391617935188559,0.0357383433620901,0.0079234356075064,67.46567471145056,1.281097895142002,0.0202176176558661,0.1,935426970,4727644.727272736,1.6531649794361363,1.525231022291014,-1.3529808055065657,-0.6631262610118134,0.016688186764410397,1.6101568777659563,-0.6462294359837104
2014-09-12,232.1938915247709,235.402718498622,230.6340477237408,234.45790100097656,16374410,0.0104874660667615,0,0.0131107580020458,normal,0.0455729009839405,0.0689640107039484,0.0419761637018691,0.0102220720187766,64.75447834593925,1.4746919442737108,0.0192488152146476,0.1,951801380,5220035.515151539,1.4055927724927315,1.6090323161768718,-1.5287536389899739,-1.07053871499168,0.45380609229446467,1.8182366517647033,-0.5539297222424122
2014-09-15,232.978249807674,235.66118956587675,231.257971640464,233.8205718994141,17437540,-0.0027183093375889,0,0.0131106165913222,normal,0.0223509047342804,0.0474772397373322,0.0352842351710203,0.012013105041575,66.88304091546553,1.4682492012405723,0.0183128707714978,0.1,934363840,4957382.363636419,1.5272762771584678,1.5475905058823567,-1.6818721443113431,-1.0923211538340176,0.035726289060202254,1.5218695696560145,-0.47354506406222413
2014-09-16,234.33310569173656,235.67011469401143,227.29153038672587,228.4591827392578,15687360,-0.0229295015259078,0,0.0137063474166009,normal,-0.0016552505896963,0.0162965978777394,0.0104346210014181,0.0121852662494343,58.45516129783777,1.0319400978713853,0.0201429971425415,0.1,918676480,4518313.333333334,0.8714353922523299,1.187634308026579,-1.2028149720156567,-0.9443728743623271,-0.34782087946029505,0.547258251424324,-0.4417118396626747
2014-09-17,230.26861318009296,230.68308272943773,226.12835153428864,228.392333984375,13044950,-0.0002926069947432,0,0.0136550216265683,normal,0.0048628154865171,0.0228942841854422,0.0091644960750392,0.0122715403222495,57.38006323313783,0.6846043313338106,0.0198659455769226,0.1,905631530,2288946.3030302925,0.7674586283542102,0.9005587286151389,-1.225137501144198,-0.9311487816312675,-0.6630384297140194,0.48821648917944355,-0.4119993928852449
2014-09-18,227.6480379304335,234.2439429088597,226.75669868465928,233.5665435791016,20121200,0.0226549179845965,0,0.0139598656808331,normal,0.0066458147564629,0.0539990222271189,0.0288887249503277,0.0135827478020609,69.84840116118262,0.7441549915011323,0.019787030387284,0.1,925752730,265101.5757575623,1.6511605503021167,0.9195374984402142,-1.2017857762107869,-0.8022461469645548,-0.13220977825930957,1.222124511589411,-0.33926260143979226
2014-09-19,234.06570402549025,234.5915909447251,227.73718959830643,228.8959197998047,15558510,-0.019996972630265,0,0.014303851259682,normal,-0.0237227288030217,0.0207690586101096,0.0075162980140748,0.0135105301762918,57.74234819243589,0.4256420908612983,0.0207651629729671,0.1,910194220,-1937772.3636363707,0.7305259850078647,0.6451836205590935,-0.9446746107060668,-0.6645853082244894,-0.5084808433214809,0.4156235659950356,-0.31293990711782177
2014-09-22,227.3806542950098,233.976559483969,226.6051798779189,231.8863677978516,14346980,0.0130646627544186,0,0.0136860787829413,normal,-0.0082721724861513,0.0138938417089458,0.0186729396815266,0.0141357459565341,59.31609017274571,0.3748048259308998,0.021944312451312,0.1,924541200,-2230764.242424208,0.830501959414566,0.5804896966300586,-0.6520977826657117,-0.845634134555064,-0.1024373280800026,0.8636146686087052,-0.25953714769511727
2014-09-23,232.6306344007768,233.9498263527764,227.2157508920903,227.8441467285156,19379150,-0.0174319047200731,0,0.0142084546683966,normal,-0.0026921045736391,-0.0043428990556524,0.0008282644982602,0.013625368966037,55.622687167856384,0.0447436708599227,0.023441583874159,0.1,905162050,-2737374.9696969464,0.5396591226125549,0.29541482957849863,-0.2909929017670141,-0.6473316656744481,-0.6004672897367989,0.17672304658507648,-0.24804924914553178
2014-09-24,227.32272866034697,229.3594422879311,218.88620518947425,221.6181488037109,23106290,-0.0273256873797297,0,0.0155418600273791,normal,-0.0296603001619464,-0.0249417172423915,-0.0240550925990987,0.0115911054841952,50.01972926778547,-0.5824927750281463,0.0265276802756584,0.1,882055760,-5219727.15151518,0.11695747433775007,-0.22946455202031396,0.4270451668305276,-0.18756011659530775,-1.1982249237786262,-0.7750969046782011,-0.29954526926160757
2014-09-25,222.38915237899965,222.8259135264377,210.56107621780407,211.93374633789065,28369080,-0.0436985983237221,0,0.0183054125947136,normal,-0.0926194176174234,-0.0865891343532974,-0.0607357274560876,0.0073725599257503,38.20788142619631,-1.582491844489314,0.0305547219412205,0.1,853686680,-7730851.575757563,-0.7375193367617718,-1.0417498756623915,1.328218802029107,0.7256213053360064,-1.9140424254346309,-2.0930897402489936,-0.45011363595341797
2014-09-26,210.34718637555704,219.2783972212677,209.46921653724684,217.9547576904297,28118450,0.0284098755227948,0,0.0191670268402615,normal,-0.047799725390231,-0.0703885142709612,-0.0309085971479936,0.0051671942249622,39.99173518510624,-1.757820062956582,0.0312822101718738,0.1,881805130,-6625823.636363615,-0.5940537080717294,-1.169211536132391,1.4474157017340332,0.9869982083304784,-1.106287481924934,-0.9283881025064252,-0.5233278535103143
2014-09-29,218.46727311734608,220.8738865649953,216.23892481382669,218.3513946533203,13845560,0.0018198132818645,0,0.0187106317490758,normal,-0.0583689902647941,-0.0661583243956326,-0.0264427119261888,0.0033264949781766,40.28892115640812,-1.761997580111335,0.0316365160253427,0.1,895650690,-5079646.606060618,-0.5587897749436188,-1.151560231103559,1.4770844252574649,0.8129165982015032,-0.6972801682882125,-0.7317340148658752,-0.5876164596081339
2014-09-30,217.13470503230195,220.69561476240807,215.7308483635913,217.994857788086,18632180,-0.0016328581999689,0,0.0186161516345837,normal,-0.0432281850635618,-0.0458039148424812,-0.025430534432531,0.0016219553227361,41.20029443376272,-1.7027320063302294,0.0320956957037333,0.1,877018510,-5126343.999999989,-0.4708293154936457,-1.0833447017137328,1.517463996822772,0.7607360689597772,-1.207673644457156,-0.6675689935567665,-0.6538426994553271
2014-10-01,217.9324750670065,218.7346750563973,215.008883033514,216.0027313232422,10544750,-0.0091384103508549,0,0.0186602318232128,normal,-0.0253382564143803,-0.0542470162854958,-0.0311683275258316,-0.0003688610682242,33.995186999166506,-1.7073069680986062,0.0318861973620689,0.1,866473760,-6112927.818181833,-0.970169332627228,-1.0652412305461434,1.4178451184923875,0.7526643981843014,-1.5020594704657781,-0.8593081381377559,-0.7460767989821914
2014-10-07,214.33591449839847,216.01163683618472,210.29814831278333,210.92654418945312,13002440,-0.0235005691950843,0,0.019264359593224,normal,-0.004752438749569,-0.0969316882577449,-0.0490515893788431,-0.0033821297320428,27.67252654783593,-1.9445823627280785,0.0329735298631217,0.1,853471320,-5992682.666666677,-1.386380080939488,-1.2227501223938861,1.5823063770622023,0.9219948081060177,-1.8505906136195782,-1.4915932178124058,-0.9126348513281898
2014-10-08,209.11264329347537,215.6862703362705,209.11264329347537,214.92417907714844,13589310,0.0189527349583116,0,0.0195991575498615,normal,-0.0139046224335497,-0.0610397106898021,-0.028156624964775,-0.0049886215883306,33.14515812923415,-1.731769292391227,0.033081535809305,0.1,867060630,-5292298.12121211,-0.9677134863081734,-1.049902664340284,1.5416087351705465,1.009096277737721,-1.390668546584821,-0.6910812944310297,-1.0128817322499715
2014-10-09,216.23892101059428,222.70113097714253,216.23892101059428,221.0120391845703,17279230,0.0283256175901762,0,0.0201733813679184,normal,0.0121851501588727,-0.0468950750169196,-0.0005687322437925,-0.0048290903793075,43.44242383201203,-1.1106651617861012,0.0319758516736114,0.1,884339860,-2170113.393939401,-0.21497574661789734,-0.5809385494395366,1.2699104795313825,1.1633825829916753,-0.8354771531954753,0.3489212463543236,-1.0089858765570474
2014-10-10,218.8059595846373,222.22871270852207,216.87621605477204,218.48507690429688,12525220,-0.0114335956068127,0,0.0202863340516059,normal,0.0022487645863986,-0.0410766304888682,-0.0108657793669577,-0.0053119967844608,41.638437723758166,-0.813457817787957,0.0326064897934044,0.1,871814640,-535776.8484848444,-0.3410610174248166,-0.3718345480764813,1.3557689508993342,1.1683347231707975,-1.2010593223246804,-0.057635379384003954,-1.0503784769766498
2014-10-13,217.219393184173,222.3356858625177,216.70241473786564,221.5379333496093,13926640,0.013972837360648,0,0.0205641000134154,normal,0.025625611271016,-0.0003619534525246,0.0026730292117165,-0.0049394629633656,39.47103190450675,-0.3768977742904957,0.0315594023759801,0.1,885741280,721986.3030303327,-0.5091420091862646,-0.06183955725602539,1.1367629635390375,1.2323103859252327,-0.7263137076465472,0.4360160680562459,-1.022307493733871
2014-10-14,223.24039018204016,226.7567167138043,222.1529551276744,224.9339294433593,17315970,0.0153291855819146,0,0.0202898447853467,normal,0.0664088311299728,0.0613407884780281,0.0162967867091516,-0.0037380206799312,46.45280945447523,0.1468780396740063,0.030563530105321,0.1,903057250,988311.9393939654,-0.02883161933133129,0.3419831146705122,0.9377315184062953,1.126842130163648,-0.16227189501189562,0.9721545207757237,-0.9163415211410088
2014-10-16,222.85711408648584,227.71937184103925,218.59206566119616,219.8399353027344,19073950,-0.022646624069703,0,0.0206220807128291,normal,0.0228720483972231,0.008649398766428,-0.0060829013122866,-0.0039680571222098,39.60626029697411,0.1557157078950575,0.0318422503232182,0.1,883983300,1490372.484848443,-0.5517779086214782,0.3199019706364711,1.1826500345376378,1.2234034562056288,-0.7543907596305583,0.013407767323734462,-0.9230621702616765
2014-10-17,221.76521043063497,225.9500411805911,220.61537516973104,224.786849975586,14633000,0.0225023477469612,0,0.0213974483337145,normal,0.0170796613838004,0.0294729297812974,0.0147090366124797,-0.0029024837161594,47.4026925207843,0.4817692726880429,0.0309432201918788,0.1,898616300,3687231.939393964,0.029936831164211915,0.5971249507627283,0.9975726726546996,1.4545336894561312,-0.2570765250152406,0.8777108263756306,-0.8155910570667896
2014-10-20,229.69814250816856,231.19112491617744,227.5366284410547,229.02517700195312,18824230,0.0188548708557794,0,0.0212600915365216,normal,0.0482417391933507,0.0505989880944337,0.0305199038842804,-0.0008972103990863,56.51253801787836,0.9432368914816625,0.0291015552444843,0.1,917440530,5632775.454545444,0.7014946257543104,1.0043049185548283,0.6431374798998583,1.4049223875010957,0.40362180806658243,1.5020638550007632,-0.611523817734227
2014-10-21,229.9655357986184,232.372162751536,229.0385353247109,230.33544921875,15022310,0.0057210837426213,0,0.0212931822432189,normal,0.0397111038101873,0.066354336390586,0.0328335708806735,0.0011745986962967,68.97344227197874,1.276377075650727,0.0261705241823211,0.1,932462840,7204770.484848491,1.5701032272439597,1.2781604353382356,0.08054849288446768,1.4102809929595586,0.9422835516409513,1.537790134513001,-0.38000306292199215
2014-10-22,232.5504303321173,232.96043881555929,228.63746474121905,229.5421600341797,14511170,-0.003444060335745,0,0.0206634240924259,normal,0.0204870408044901,0.0882563923676011,0.0264145484678477,0.0027672903106494,63.39101251510347,1.37446685509825,0.024553779324436,0.1,917951670,6318550.181818176,1.1200823436571925,1.3236208489101908,-0.21877149768673643,1.223993396085455,0.458354199326529,1.2330742246317024,-0.17594227406095128
2014-10-27,231.03515919418103,233.5219762749641,230.0546805164358,231.5521240234375,13429580,0.0087564044398575,0,0.0202435875383021,normal,0.0532759832947304,0.0773665625602801,0.0319229737149477,0.004640612729815,64.70704834955986,1.4958539468793688,0.0241385453008554,0.1,931381250,6289226.424242451,1.1755629689435947,1.386586262719433,-0.2791764614932669,1.0956287622514884,0.954376869688337,1.4005786637673816,0.08174504795682655
2014-10-28,232.4612701421057,237.4795145716406,232.28301860947008,236.8065490722656,22963480,0.0226921911037889,0,0.0206614160613606,normal,0.0534715402523993,0.0714644774373809,0.0498066294817287,0.0075554231760857,68.89603954174103,1.829124602197536,0.0238933016220581,0.1,954344730,7884760.9090909185,1.4260172504808204,1.6290902964117886,-0.3051230011843502,1.2183700990497464,1.8048885683590874,1.9984744860636188,0.4944514256674638
2014-10-29,238.61155664860567,238.7898081990192,234.51139016783583,235.64784240722656,17372970,-0.0048930516051117,0,0.0202507236911914,normal,0.0289167570656083,0.0785534909116356,0.0402443873655029,0.0097604343824173,70.06921785260681,1.8642891431222528,0.0241782972895777,0.1,936971760,6849120.303030315,1.4531165192870898,1.5929306985309175,-0.22128105974208565,1.0904629031695996,1.2705019748585291,1.5697151055615886,0.8528458215484964
2014-10-30,236.195980312657,236.4767543539068,233.7091633780385,235.13528442382807,15544270,-0.0021751015335533,0,0.0190891665932172,normal,0.0208384563529326,0.0613770782665954,0.0342405818765194,0.0115045633436663,77.27452765575885,1.7477497707554706,0.023336107762048,0.1,921427490,5104269.818181833,1.8740382656420338,1.4310947949353876,-0.37437280581499544,0.7476094169732586,0.7399077996062491,1.2971262249138764,1.1622179507119417
2014-10-31,236.38321697644548,241.53515755970423,235.8484079024406,240.9112091064453,20770240,0.0245642617898478,0,0.0161503788269884,normal,0.0495292414716874,0.0710309898672234,0.053660550458247,0.0143928093966241,78.15005153695166,1.9395673084444591,0.0227251001019381,0.1,942197730,5214179.393939447,1.8422046496893596,1.538988775344339,-0.4840445060620748,-0.14191998040988293,1.5971764750898296,1.9197664946883959,1.6196394560940124
2014-11-03,241.19641782500867,244.53894016958608,240.1490778361312,242.7518005371093,17780640,0.0076401236683458,0,0.0153171761544977,normal,0.0483678418451396,0.1,0.0555072155990219,0.0172831404984239,75.93576209694308,2.059037150487489,0.0215561588503417,0.1,959978370,4547915.33333333,1.6214720184851514,1.5786460998452465,-0.7208720208297938,-0.3805231674079112,2.217420020904485,1.8945063755812541,2.031747175195674
2014-11-05,243.60302289178443,249.5571901642772,242.8052840007364,247.9616851806641,26605100,0.021461775492612,0,0.0156929772335457,normal,0.0471065354911037,0.1,0.0701939267696158,0.0209801377625238,83.05019036829187,2.337225511370029,0.021521770346197,0.1,986583470,5387219.5151515175,1.9860303050450363,1.7438033684312608,-0.7024168575486427,-0.24238666433301984,2.9576502082871663,2.283300647443674,2.460981464664592
2014-11-07,247.3466821355828,247.88149121293668,243.3356548577085,244.4498291015625,18163030,-0.0141628980967074,0,0.0162739203963742,normal,0.0373522906232475,0.0673491548026523,0.0495356253864354,0.023235056640332,75.4278808930785,2.1383843443547166,0.02153664288052,0.1,968420440,5424492.909090917,1.441842396574889,1.5163700854469813,-0.67472051419473,-0.03891451980451058,2.168035420076189,1.5170083253654443,2.6075905828240593
2014-11-10,245.92051418507725,246.81185350956213,243.60302650111305,244.1824188232422,12068890,-0.001093927041402,0,0.0159802414567607,normal,0.0384762942813243,0.060116537213261,0.0435783520866597,0.0250262527232145,72.95634384079727,1.853153034312536,0.0209722730453694,0.1,956351550,5187012.242424267,1.250137366304349,1.231303970818483,-0.7811066217428928,-0.1121772401902161,1.6780573175725835,1.2673813034970258,2.64749367627842
2014-11-11,244.9311136615961,246.2324613158368,241.1072607635614,244.2581481933593,17405950,0.0003101344088656,0,0.0144601516718902,normal,0.0138928325474267,0.0641101754770816,0.0395554715449695,0.0264931246724127,83.08176173438025,1.5464010129781016,0.0197954324493148,0.1,973757500,4641975.575757586,1.7953848229484537,0.9394444157261875,-1.025551054559942,-0.5815117733538985,2.150766353047532,1.092791364848109,2.626112190391368
2014-11-12,245.3856648897134,247.0346478097657,243.8302823759213,244.7662048339844,16233230,0.0020799987406066,0,0.0142450520081465,normal,0.008298205378572,0.0570674135090609,0.0375952565721318,0.0277777174779814,80.76871560051254,1.2663062302682926,0.0189063796083986,0.1,989990730,5201258.84848484,1.5979833505627077,0.6767325760556723,-1.1928663097707164,-0.629202238324357,2.4894825132332077,0.9939852092666952,2.57305818019082
2014-11-13,245.66200370656176,246.210195855889,240.215933811206,242.3818817138672,16859020,-0.0097412268239172,0,0.0137256272579168,normal,-0.0225026840849684,0.0235438279196416,0.0248049829330294,0.0282091225440492,71.81541909220809,0.8301316323859682,0.0189715341590784,0.1,973131710,5661439.939393922,1.0263250087117592,0.2857907348422562,-1.1498882675826014,-0.7737432904371687,1.8905324410044657,0.5332655192529476,2.440028574444937
2014-11-14,243.33561875364447,250.1900198609582,242.4442794908107,248.4920196533203,50846690,0.0252087239204874,0,0.0139010903416505,normal,0.0165358698208719,0.0545058130593767,0.0455963457179278,0.0299256197909818,75.63556282119603,0.8591988455906723,0.0197873955792035,0.1,1023978400,7509157.878787878,1.2310151899344868,0.2911427391399416,-0.9484429388655569,-0.6912939954465452,3.0,1.21093933032873,2.4371196175856316
2014-11-17,249.0402010489006,263.06097837213827,248.8797664993548,262.10723876953125,49164120,0.0547913737238161,0,0.0175628898160742,normal,0.0734074960542692,0.1,0.0921840577304808,0.0345046004649129,83.75683896346689,1.6553453209010076,0.0215517357082862,0.1,1073142520,9947644.484848447,1.6843376118879738,0.9481310447789622,-0.5543032511010735,0.5064311610829083,3.0,2.6264659969279434,2.6609865468490392
2014-11-18,263.5645798396488,265.5299710200079,260.6365269861008,262.5662841796875,32898390,0.0017513648700098,0,0.0175510068950647,normal,0.0749540439970712,0.0898882005265018,0.0843790915707776,0.0384063237492253,83.2172131549409,2.0471777655708605,0.0217626001873086,0.1,1106040910,13726301.333333328,1.5935951512311013,1.2429999533139962,-0.5081925009686835,0.48937706740507064,3.0,2.2327191210757253,2.7698847178824635
2014-11-19,262.8559166267856,264.5494556148569,258.8047953191278,259.4242553710937,20735930,-0.0119666118534988,0,0.016714966592819,normal,0.0598859248034313,0.0686810758853082,0.0641661396350727,0.0408735716055792,75.37240212034342,1.930575428373773,0.0219758668911806,0.1,1085304980,15573305.51515154,1.080058588650857,1.1050344582261902,-0.4564263887623788,0.19264404473588825,3.0,1.542193834114856,2.742830898196493
2014-11-20,262.7223024223109,266.2876602159979,259.6026143528348,264.81695556640625,18099509,0.0207871857918549,0,0.016643282585674,normal,0.0925608535336968,0.0679753018030244,0.0774330033920844,0.0440763927097409,79.88303947300524,2.0416748015427864,0.0222255965712461,0.1,1103404489,18662118.551515147,1.3640214520093437,1.1613156478712667,-0.3984622900381899,0.1406947394186598,3.0,1.897905479710976,2.7643327643163484
2014-11-21,267.3126629507977,273.6411777127979,264.9506191372286,272.3041687011719,21009207,0.0282731636981157,0,0.0170833696573145,normal,0.0958266147986268,0.1,0.0966267733946788,0.0483616526652885,83.3173213962335,2.418682715500281,0.0232032119154172,0.1,1124413696,20270007.31515154,1.5424710301876232,1.430241650178091,-0.18641238329973092,0.26820953260844427,3.0,2.3538427338295707,2.837457830945611
2014-11-24,274.3542689169134,276.1815310909284,272.7944248959723,275.2901916503906,18631463,0.0109657628947121,0,0.0170734175508443,normal,0.0502960274685546,0.1,0.0972974844064085,0.0525122859280418,82.43898885240488,2.64982546429536,0.0222970239368771,0.1,1143045159,20198737.684848502,1.4306343498557446,1.5609435642560168,-0.39159456083954974,0.24089103686416374,3.0,2.231447398461235,2.871661639310517
2014-11-25,276.2260694510026,276.27065274108026,268.2931543797459,271.3682861328125,26776620,-0.0142464411611105,0,0.0176518799237371,normal,0.0335229710875648,0.1,0.0733170593391405,0.0549698048089055,75.98119566614791,2.330538523799076,0.0235635924898159,0.1,1116268539,17564368.975757584,0.9655030377768516,1.2495540622416887,-0.12193640674903222,0.4205565323694374,2.5047480847472117,1.4680172812634433,2.7941500854469825
2014-11-26,271.76934277398243,275.2010044642857,270.6106125831604,272.97265625,11131807,0.0059121503844494,0,0.0176615855858696,normal,0.0522248810525676,0.1,0.0715330346495135,0.0572104664165893,74.29852911920582,2.0303526985756424,0.0228455028062029,0.1,1127400346,14891998.53939397,0.8260349597167507,0.9732409237760267,-0.2919219991499525,0.4015898985376712,2.4735529838354564,1.3645600674600709,2.7110969105207956
2014-11-27,273.6411847305748,274.9781937764896,270.83347117445726,272.6161499023437,15378080,-0.0013060148681331,0,0.0174540392904357,normal,0.029451265003995,0.1,0.0630331832016095,0.0588177706648309,79.15124279552539,1.6281091798273462,0.022749270223626,0.1,1112022266,8591317.969696993,1.1194851480625008,0.6343211649615034,-0.3242362346104051,0.3078686858673518,2.1375464512364726,1.0909718975774434,2.6022182669304037
2014-11-28,274.8890590211972,287.45694970439064,274.53252870992964,286.4764709472656,27760604,0.0508418927121043,0,0.0197222610609797,normal,0.0520458512026913,0.1,0.1047612094949115,0.0630044593573775,84.16123293745747,2.0865580668322625,0.0245488700616192,0.1,1139782870,5511109.606060614,1.3994318445194887,0.9917649376957574,0.0725469366329522,1.1014523696104468,2.3328150879251055,2.148864636226144,2.6278368941448504
2014-12-01,287.7243399978183,291.4234201733628,283.0893915586064,284.8720703125,18449916,-0.0056004621582376,0,0.0198479787961131,normal,0.0348064658775713,0.0868531203099876,0.0883565411917677,0.0659699045585953,82.01362200921017,2.068761534083212,0.025491708111267,0.1,1121332954,3298459.642424259,1.2155447036058094,0.9616223776252113,0.27352183952153186,1.110550213276833,1.9968475330155142,1.6288031231596556,2.5832345812417987
2014-12-02,284.2480757443038,287.72429331002144,277.6967269465005,284.06982421875,23776383,-0.0028161626826734,0,0.0197216025287104,normal,0.0468055360003309,0.0818975677179729,0.0765467574609024,0.0680575849677878,80.8377646074011,1.79987302511819,0.0272793746458199,0.1,1097556571,1398015.5878788156,1.1058182693924172,0.7370865058684819,0.6581727210139586,1.0304871223601977,1.640819298817033,1.2683402857141015,2.5012377700560116
2014-12-03,284.9166278149191,287.81348080437465,281.97521873700265,283.4013671875,13699078,-0.0023531433973614,0,0.0198693616339259,normal,0.038204232910233,0.0924243254822423,0.0664958619679536,0.0694168067474032,83.07458922101159,1.39213634059006,0.0273044000517954,0.1,1083857493,-2529205.763636351,1.206868349435671,0.40507115879556493,0.6474056113794366,1.0496998598847513,1.4254033397063703,0.9700804383601831,2.3985729452496125
2014-12-04,285.0949157836006,286.1199506649936,279.92513088369486,285.4960021972656,13809486,0.0073910547099789,0,0.019613395213441,normal,0.0472453752264336,0.0780880762964357,0.0668213951268563,0.0707374724590439,81.90269590464013,1.0919076589613643,0.0267004344022939,0.1,1097666979,-4479003.193939372,1.0980870221585752,0.16456814376321752,0.49730466034518184,0.9239138791589802,1.5219965684493486,0.9491059367485035,2.3066569236085357
2014-12-05,285.2285920935108,286.3873223682833,281.66323469234186,283.0447998046875,11391988,-0.0085857678346208,0,0.0193305183152784,normal,-0.0119788935238936,0.0394435059688802,0.0518853691627427,0.0710531834360075,72.35435564591793,0.58220799283181,0.0244472331202301,0.1,1086274991,-5580022.412121195,0.4841186291742702,-0.2364646192665304,-0.015444702844733994,0.7912277316909119,1.3424555626825825,0.5420176764972664,2.185951920483709
2014-12-08,283.98073077556074,283.98073077556074,278.3652763830482,278.90008544921875,9814223,-0.0146433156812234,0,0.0198783384781245,normal,-0.0209637429767336,0.0131130490962516,0.0328934883006604,0.0701528582252744,66.1667266747697,-0.1414676764215432,0.0249954544170808,0.1,1076460768,-5511978.018181804,0.08658068104488596,-0.7969068416813485,0.10040451332530963,0.96280922205587,1.1904494011211884,0.03523823207547074,2.0336547915815446
2014-12-09,278.7217785906073,280.2370389089924,272.3041254729951,273.2400207519531,14926558,-0.020294237945998,0,0.0207500689128757,normal,-0.0381237376992823,0.0068973963236977,0.01078309609847,0.0678963144965931,63.02519847880391,-1.0577067698573988,0.0260852643360384,0.1,1061534210,-7236133.987878787,-0.10987273810952905,-1.4747536456106125,0.33028996783825637,1.2457139808293582,0.9908155883646321,-0.5499135416862427,1.8481700739056819
2014-12-10,270.5214675868464,282.7328264277156,270.3431888528056,281.61865234375,15381613,0.0306639985194665,0,0.0214512732497429,normal,-0.0062904242892044,0.0316734877863797,0.0376491148253039,0.0674355766565775,64.99597425703521,-1.148282591811979,0.0267108340132372,0.1,1076915823,-6715726.006060592,0.017517992954349512,-1.4901160082782843,0.4537034445145294,1.4574981122867312,1.12295263804284,0.14603729131410473,1.748019842227648
2014-12-11,279.5239930058835,283.93610595298986,276.71627982108583,279.9250793457031,13151866,-0.0060137103276087,0,0.0213116010570257,normal,-0.0195131378677352,0.0268103318382921,0.028332907746484,0.0664063877470964,57.586460409274274,-1.3567679348183257,0.0264630428248144,0.1,1063763957,-7325964.254545419,-0.43887749941944754,-1.5842608611013016,0.37821824802118265,1.3579365120452298,0.9471357053401362,-0.09882471841361568,1.6354694861090138
2014-12-12,279.5685631407357,282.4654158360597,275.4238408784985,277.5184936523437,11727933,-0.0085972493032228,0,0.021168116004754,normal,-0.0195244927875628,-0.0312695044912463,0.0176030074210133,0.0647453383525342,52.24411793812956,-1.6706379910647264,0.0275069399715123,0.1,1052036024,-6140251.806060624,-0.7574166250061051,-1.7389648808851867,0.5927136162492638,1.2632005683119543,0.7940732682475047,-0.37685311132144006,1.508876971972247
2014-12-15,274.79987611934746,281.66319913066906,274.131371691031,276.8053894042969,15117938,-0.0025695737918646,0,0.0177898248950129,normal,-0.0075105607857666,-0.0283168542965763,0.0135414239747708,0.0629012718928576,55.85405074695719,-1.922225805459224,0.0274627994959751,0.1,1036918086,-5945550.424242442,-0.5180743087978222,-1.8324115417369249,0.5601005004215465,-0.020670837615733288,0.6074575456658322,-0.48117745407704987,1.3847644235209795
2014-12-16,274.6216613988039,277.206540094429,261.1624316645264,263.4799194335937,20951938,-0.0481402114293383,0,0.0211391115347188,normal,-0.0357198820710807,-0.0724818443556359,-0.0320009010274843,0.0582773835582801,41.83910663537942,-2.9220982425058573,0.0319567940408627,0.1,1015966148,-7455563.703030295,-1.3467979439941378,-2.3743713165507545,1.5327073789229955,1.2089146438579483,0.3636245766638967,-1.6118978916786124,1.1679402625912072
2014-12-17,262.4102601976425,273.10633080788483,255.8143554282959,268.96160888671875,28290440,0.0208049610190754,0,0.021399809182934,normal,-0.0449439103258749,-0.0509516183499136,-0.0107441676759044,0.0551897858215142,47.11263686716573,-3.1316769885383597,0.03479702193221,0.1,1044256588,-7346759.115151494,-0.9953907227687815,-2.3514606172741073,2.0733266243915995,1.2753101240172626,0.6551729788210958,-1.034034007510615,1.0174902138046915
2014-12-18,277.0282553920638,278.6326825215035,271.4128284428195,273.7303161621094,18921827,0.0177300667375137,0,0.0212692501655553,normal,-0.0221300756547908,-0.0412113863052507,0.0061442464526151,0.0532968484872626,38.2401402851203,-2.8732916269933533,0.0328418020137208,0.1,1063178415,-4805211.503030314,-1.4797617334053201,-2.0644697959881273,1.5847706607485084,1.196637780880443,0.8357163842431438,-0.589598501112103,0.9167069134858238
2014-12-19,277.6967664119059,278.09788000405763,270.5214954526651,271.1008605957031,14130478,-0.0096060078520825,0,0.0204658028716291,normal,-0.0231250644675239,-0.0421980521006787,-0.00318653889181,0.0509000383833115,37.53026554091661,-2.800725072684956,0.032960719474726,0.1,1049047937,-3375839.9030302963,-1.4739355195896287,-1.917802081905578,1.5516713632827657,0.8546852668446653,0.65868336176243,-0.8178241180219493,0.8010850388866667
2014-12-22,273.0172398318494,275.1118928045537,270.3878049950665,274.26513671875,11565161,0.0116719515979915,0,0.0204863585864511,normal,-0.0091770347788879,-0.0166186708871147,0.0076374821780007,0.0492858004784035,41.486114055543794,-2.4723043653549794,0.0311992243021025,0.1,1060613098,-1518685.854545453,-1.2110800768864074,-1.647752866034551,1.1260864905887282,0.8382282396907665,0.758289805869762,-0.542980989854745,0.7171318563270215
2014-12-23,274.17598830595574,278.5435456616264,272.9726747483939,273.8194580078125,12836868,-0.0016249922110753,0,0.0202166341849084,normal,0.0392422261113707,0.0021206163513849,0.0054255426604363,0.047601973131685,41.64724660814048,-2.225479590045217,0.031180253633906,0.1,1047776230,-1164735.5030302857,-1.162557849183254,-1.44659871884919,1.087380180275099,0.7022188084752069,0.5965336434666516,-0.5873077299989086,0.633036499284452
2014-12-24,272.7498428956076,276.2706442318936,271.8585035397396,272.5270080566406,14866629,-0.004720080744353,0,0.0202105830621549,normal,0.0132561638989285,-0.0322835302684848,0.0006150651956429,0.0456885641645901,38.534297711975,-2.09170317091594,0.0308608896780648,0.1,1032909601,-429487.9272727013,-1.304307457964121,-1.3241817186810223,0.9833285507746361,0.6745166971753842,0.4137512097950671,-0.7044914429271177,0.5421984021235403
2014-12-26,273.5074594866226,276.13689400304946,272.79437175219823,274.22052001953125,7373519,0.0062141069061993,0,0.0202527298813353,normal,0.0017908277909983,-0.020378879018292,0.0061782122902118,0.0442055561706944,42.09264345712559,-1.840471524037234,0.0303800754644909,0.1,1040283120,364569.2787879371,-1.0755153375068471,-1.1462677900788054,0.8461232018437177,0.6702243422739931,0.4752647538172136,-0.5579359633872368,0.4688658602403391
2014-12-29,275.86950060916087,276.49344897095096,273.6411524620756,274.1313781738281,7699059,-0.0003250735783623,0,0.0164276671657517,normal,0.0111785612611701,-0.0122050081561725,0.0052909314556219,0.0427299770219378,45.39187127283923,-1.638361188528819,0.0296699769505702,0.1,1032584061,241431.81818182985,-0.87562097138607,-1.0072693548899818,0.6631863462665348,-1.0992253857013372,0.3696399521556377,-0.5828097886904374,0.3965677225626649
2014-12-30,274.7108115318071,276.98371610110377,272.74985398853664,276.0923767089844,8113742,0.0071534989836616,0,0.0165306572916855,normal,0.0066623122869173,-0.0025758627635356,0.0112800809947923,0.0416923158339004,52.96852787492965,-1.3430647709484909,0.0285022491891057,0.1,1040697803,-211219.06060606224,-0.4561119829357131,-0.8309216488587113,0.392005928183963,-1.0698899055436926,0.43629004240934116,-0.4530078005484792,0.34026251639757327
2014-12-31,276.35971492505195,278.9446204302931,276.3151588445537,277.9641418457031,6305857,0.0067794886589414,0,0.0166273678598096,normal,0.0151365570147772,0.0549727753190694,0.0163805075566607,0.0410182545615103,45.60083464052049,-1.0074745993393126,0.0258594912794456,0.1,1047003660,-1762524.7212121435,-0.8815711152024548,-0.6518966539992657,-0.18649082016489565,-1.0032712844591027,0.48191412456612553,-0.3725112552404518,0.29587076706014287
2015-01-01,278.49892836185114,280.77183231426653,276.93908484899407,279.8804931640625,6138488,0.0068942393275428,0,0.0167147348392995,normal,0.0269825921469535,0.0405964417098001,0.0211132525021624,0.0406694234420146,49.94661512096553,-0.6590796503029042,0.0248180108340461,0.1,1053142148,-1469186.6969696735,-0.6518490408326014,-0.4707142603788809,-0.4012038649877434,-0.9368757718125137,0.5278685690739688,-0.27551478432815796,0.26262605809447603
2015-01-02,280.1925509422308,283.7133253155532,280.1925509422308,280.9947509765625,9935094,0.0039811914003125,0,0.0166473615389402,normal,0.0247035887633382,0.0265386564276313,0.0227260514509386,0.0404364293435526,54.29519056302409,-0.3706079116349126,0.0239039383245447,0.1,1063077242,519816.92121214414,-0.4226187381790658,-0.3239083589853981,-0.5855521771853499,-0.944713081132383,0.6189195193175103,-0.25929245194146233,0.23267704325727573
2015-01-05,281.88607573413924,282.3763015069824,278.1870227893152,278.7663879394531,9136716,-0.0079302657055513,0,0.0166315766774902,normal,0.0169079869531969,0.0282755551823263,0.0132052227025958,0.039616149787953,52.33551651195417,-0.3472906087915759,0.0232385538464945,0.1,1053940526,1069648.6848485165,-0.551057899292705,-0.32651821026186745,-0.7121878632964674,-0.92982380774051,0.48527602675838305,-0.5540299286699616,0.17886806131530752
2015-01-06,276.31518502414184,277.2956637016277,266.2430617409654,267.3126525878906,15329257,-0.0410872179972077,0,0.0187238984690054,normal,-0.0317999512545326,-0.0253495001735817,-0.025787268838659,0.0363927124933944,54.77773204284752,-1.0793394643826515,0.0232934850308869,0.1,1038611269,1495045.781818161,-0.43874700636663566,-0.7583182837757139,-0.6733512847823987,0.018398851696395793,0.27244108165092573,-1.6746978387686908,0.02879548115061894
2015-01-07,267.40176598309256,269.67467011334315,263.07876532606303,267.53546142578125,15046745,0.0008335139984343,0,0.0182238317556423,normal,-0.0375180782336693,-0.022949415749161,-0.0226505301982978,0.0335016479429002,47.953965538075714,-1.4988321789407988,0.0204183707094484,0.1,1053658014,2152072.0606060554,-0.8898959110020116,-1.0105264037691921,-1.3105744063631861,-0.20052893460611304,0.4331220165727458,-1.6394027929098867,-0.11353747202196883
2015-01-08,271.8585184684651,273.19552757568704,269.49647448601024,271.7248229980469,8939749,0.0156590888921386,0,0.0171324283107975,normal,-0.0291398306249048,-0.0029435066429344,-0.0066511500889147,0.0317302827879055,47.07416542745964,-1.443877987606354,0.0190491896823056,0.1,1062597763,2234318.0606060345,-0.9774285448057622,-0.9843182827028238,-1.5847548371191695,-0.6752507540226759,0.522954817126985,-1.1994785212848917,-0.2159744391395449
2015-01-09,273.3737769368078,274.39881170180155,269.1844713041171,270.25408935546875,11953948,-0.0054125847846764,0,0.01712488560071,normal,-0.0382237091040523,-0.01446438313143,-0.0108947162741038,0.0297681998566246,48.72140828948787,-1.4523536203364054,0.018528564237723,0.1,1050643815,1796241.957575754,-0.8853785494604574,-0.9829955753059979,-1.6478983118561423,-0.6560200908516978,0.33671773332106586,-1.312974587580231,-0.3305502342704844
2015-01-12,271.1008542341908,274.3542373778488,268.38228013367944,273.7303161621094,8536142,0.0128628092730478,0,0.0173353637458263,normal,-0.0180655631210372,-0.0014630284733928,0.0016535773882166,0.0286706884194547,49.19997845305734,-1.1811278647278942,0.0186188868578246,0.1,1059179957,1184918.8181818572,-0.8709795214454296,-0.8194728459931885,-1.5763715236222315,-0.5399236349881696,0.4270589124636269,-0.953798434196692,-0.4135082800585534
2015-01-13,274.6662058799674,276.9836935511088,271.1008486017552,271.9476318359375,9484804,-0.0065125571444418,0,0.017381999978404,normal,0.0173391689588016,-0.0150121670234149,-0.0044080075464,0.0272404345832675,47.3076848793866,-1.0817281933129348,0.018822880020481,0.1,1049695153,274784.369696979,-1.0095686171836082,-0.7520795404093673,-1.4782506878981718,-0.4973126588767592,0.262491389066569,-1.1272009834884982,-0.5153804811411289
2015-01-14,270.9671465815206,273.6411644754172,269.4073028100809,271.5910949707031,8855660,-0.001311049715077,0,0.0133462406896853,normal,0.0151592372962752,-0.0229275863882387,-0.0051719705979766,0.025821750569241,48.61659686799119,-1.0017576010916012,0.0188007026896495,0.1,1040839493,-807054.3999999518,-0.9303566488522333,-0.6919099806585869,-1.4326970167187538,-2.2016073006799664,0.10087307046108616,-1.1292427327939274,-0.6203808238560372
2015-01-15,285.1394718735011,288.5265779530642,279.8805747937943,285.4960021972656,30729523,0.0511979497268215,0,0.0169038965386191,normal,0.0506806078564185,0.0200639529026103,0.0412233169652789,0.0273609079955736,62.24587672158184,-0.025741717082079,0.0212189723946664,0.1,1071569016,271212.3393939838,-0.08265058876234133,-0.1281490646213871,-0.8327525833010567,-0.6142312999589002,0.5461585572397836,0.21861214391236375,-0.5921268401706483
2015-01-16,285.2285562869111,285.4959471778241,279.07832098227755,281.1729736328125,21598514,-0.0151421684758517,0,0.0170066151778612,normal,0.0404022906864582,0.0006342561760694,0.0229767613103546,0.0276949904284811,57.00353000810414,0.2975280232879114,0.0224509562352391,0.1,1049970502,610361.9393939252,-0.43935952730477845,0.05974827581295236,-0.510336890211075,-0.5440327973233285,0.16832864453003513,-0.3304850342400736,-0.6217429588094561
2015-01-19,282.15344244435744,283.4013392163271,278.54352918670435,279.1228942871094,9975658,-0.0072911678502228,0,0.0169349307645821,normal,0.0197003320662749,0.0012788713527891,0.0140194355069769,0.0274553593213546,53.00880365332221,0.3390989752188611,0.022775522768062,0.1,1039994844,-44860.0848484329,-0.6971910371454805,0.0896229077792527,-0.4085775379826944,-0.551305866204002,-0.033364842926141565,-0.588294159915435,-0.680011062516226
2015-01-20,279.88056734783106,285.05032490868007,279.88056734783106,283.5796203613281,13104643,0.0159668954623066,0,0.0170959118246406,normal,0.0427728987631268,0.0608537142404399,0.0272546021914765,0.0280532403413626,55.30304427618898,0.6164036116339509,0.0231921674509086,0.1,1053099487,-838195.2969696566,-0.5306287829659777,0.25663307117597983,-0.2931736950909665,-0.4536793609792342,0.16383932279295618,-0.19100745334036054,-0.6948800455450952
2015-01-21,285.1394589790268,292.0027830075833,284.3372589864535,290.7549133300781,22617660,0.0253025692029895,0,0.0178547052462928,normal,0.0705612912729787,0.0867901839275924,0.0479325886627446,0.0299226561840901,59.34152417115087,1.1990124669227682,0.0237475362347121,0.1,1075717147,429661.6060606245,-0.2608534225747547,0.5959625847737825,-0.15192887942080074,-0.08289407926451135,0.5440654689097213,0.41395160751885557,-0.6403992520642768
2015-01-22,291.3788043901078,292.0027527649977,286.83296863431025,289.373291015625,12232626,-0.0047518451145988,0,0.0178554440814637,normal,0.0135808865571445,0.0649497819995084,0.0387038874600798,0.0311369967852812,57.164561428048025,1.393623638159148,0.0241909313229992,0.1,1063484521,1358884.1999999844,-0.39496817818459135,0.7101624285226626,-0.042084569619468146,-0.06454530129813489,0.28614180156901464,0.1359022633698893,-0.6182200006525782
2015-01-23,292.5821095935631,296.4148574981887,289.3732828446939,291.8690490722656,17127278,0.0086247008073245,0,0.0178852985876515,normal,0.0380409087731925,0.0799801393138825,0.0429282585312815,0.0325667091808998,61.15319393009888,1.5791125454630497,0.0246821129426206,0.1,1080611799,2414643.509090903,-0.1252139547690875,0.8218619260752849,0.07658160104909374,-0.029044703151218723,0.59388913991126,0.26536246425873705,-0.5782028737411231
2015-01-27,293.6071583360467,296.0583413973247,287.5460620105842,294.1865234375,13734088,0.0079401168866677,0,0.0178932329496169,normal,0.0539677305541836,0.0747312448332393,0.0461072927318682,0.0341374917040164,77.08882557452047,1.7341833938398985,0.023513794612792,0.1,1094345887,4425362.733333388,0.9078602988068143,0.9142900005311644,-0.21061997726261938,-0.006531313180194122,0.8493987766818176,0.3568885293198809,-0.5251613121792273
2015-01-28,294.4985207686497,299.490026653173,292.5375904864747,298.2421569824219,19428852,0.0137859256689694,0,0.018021841632966,normal,0.0517051846053366,0.0966896639951162,0.0544503106064322,0.0361682956595135,78.73218225315578,1.969032425509714,0.023279432013601,0.1,1113774739,6437263.557575746,1.0119527137453042,1.0464510536473697,-0.26852669983822414,0.06439545562062823,1.2548346409720545,0.5934444425027601,-0.43956704276337294
2015-01-29,296.63771369890384,297.3508014731303,289.7744172816464,291.46795654296875,14911660,-0.0227137588729697,0,0.0189660426015038,normal,0.0024523857730347,0.0731867205528582,0.0275151152237171,0.0364235992378465,67.62121988807496,1.5459511749895487,0.0245085470545895,0.1,1098863079,6268701.52121208,0.30159605724249394,0.8076578135590973,0.029128878032214787,0.5012126355456621,0.9147055794427382,-0.19359572240337455,-0.4589495503111249
2015-01-30,292.983255135608,294.58765508450784,273.64118036594226,275.3793029785156,30252827,-0.0551987043628287,0,0.0228923396157794,normal,-0.04835963950921,-0.0354355197301844,-0.0264948951216192,0.0332916070906905,53.62775970722684,0.1347204144631479,0.0300210651943815,0.1,1068610252,5795303.957575731,-0.5945725755301949,0.0046640346890139345,1.3481209603794457,2.2748794920475377,0.18165596656031327,-1.7206255877267174,-0.6934295823758986
2015-02-02,275.8695317462208,278.0087407685695,271.947644004995,274.0868530273437,17639807,-0.0046933445512887,0,0.0228839495267457,normal,-0.0609252543270496,-0.0252019975956958,-0.0281888199441815,0.0301864305024031,50.26041678276159,-0.8779321739885511,0.0301858590627289,0.1,1050970445,2955697.975757549,-0.7885190232538272,-0.5665313291523718,1.3383986625844884,2.1477906845511616,-0.27988418743310206,-1.6964680674599462,-0.9203004844358553
2015-02-03,278.0978387700288,278.0978387700288,266.55498490201313,267.6691589355469,23743882,-0.0234148191382115,0,0.02338739464977,normal,-0.0901379308341659,-0.0410347398439522,-0.0463165485711358,0.0260853207159685,47.073149855011344,-1.912758886448418,0.032419997515862,0.1,1027226563,-1856193.2303030177,-0.9678988233118391,-1.1447394055832278,1.794419911108417,2.2359197354700133,-0.9349619233329164,-2.0917822681074973,-1.2029636700824533
2015-02-04,269.8084477182265,270.03128256860447,260.1819658609873,261.2070007324219,21477507,-0.0241423338752337,0,0.0221628903027555,normal,-0.1,-0.0788936087875418,-0.0631538777020808,0.0211137150297477,43.44402724536084,-2.9057146153103783,0.0347576342666832,0.1,1005749056,-6811174.909090831,-1.168199152999705,-1.6665116446096535,2.2119995406614845,1.62883998287158,-1.5912434055957803,-2.3847672062465985,-1.5231872769467687
2015-02-05,261.2961300035979,265.4408526199687,257.7753558247534,259.20147705078125,15722348,-0.0076779093822797,0,0.0222091062104547,normal,-0.1,-0.1,-0.0640764863506648,0.0162939222975149,30.463616101289475,-3.529339327716154,0.0324720199306403,0.1,990026708,-10541950.587878771,-1.9376168353846837,-1.9338997003384626,1.6237466225229256,1.5981772252872843,-2.063401160407448,-2.259181096337512,-1.8027976077235996
2015-02-06,259.3797773467682,262.811439635131,254.65568918978943,258.7558288574219,15985714,-0.0017193119361432,0,0.0218457579240197,normal,-0.0603657353377449,-0.1,-0.0598039766391927,0.0119387438048759,32.32613657307046,-3.7811913884744026,0.0330077330768795,0.1,974040994,-14921510.715151517,-1.7440829265310753,-1.9722660857225622,1.6807294137438045,1.4041063519126373,-2.4585131049125057,-2.0358652262355563,-2.0167063442748487
2015-02-09,258.04272646554256,260.984135264854,247.79232455067643,249.1293334960937,17088719,-0.037203008735438,0,0.0232049319059713,normal,-0.0910569742969764,-0.1,-0.0865363834545839,0.0061173879346625,28.876384933641376,-4.364103170518426,0.0366726349161056,0.1,956952275,-18007200.290909085,-1.8711865878657676,-2.162975617516054,2.363052646707356,1.9501155663576146,-2.8608339458626575,-2.492845827620636,-2.2760187668857066
2015-02-10,247.34664279008643,259.2014439783385,245.74224301475687,256.0817565917969,22589681,0.0279068827349155,0,0.0240037347339134,normal,-0.0432900166378158,-0.1,-0.0555536788517673,0.0024420078426565,31.291686495132808,-4.0559850548967855,0.0377778285294798,0.1,979541956,-17446216.260606073,-1.6498394953997677,-1.8988628259682225,2.4413806520890247,2.2264956824722018,-2.164828144418614,-1.7053189706410101,-2.365100137340283
2015-02-11,259.2015148381468,261.60814236057377,252.87302617088093,254.8785400390625,17366588,-0.0046985641177569,0,0.0239933968878319,normal,-0.0242277606481235,-0.1,-0.0545896661856367,-0.0010251365358036,23.432367847388093,-3.716768181218326,0.0380435916045606,0.1,962175368,-15145681.066666652,-2.042241594682108,-1.6522000271484558,2.3401244546431244,2.0975038508897383,-2.434198252125826,-1.627631625194513,-2.408878410860947
2015-02-12,257.507926978125,257.5970663514221,248.05972464050288,253.4077606201172,20957180,-0.0057705109999449,0,0.0239979710693204,normal,-0.022352173670403,-0.1,-0.0546390376994637,-0.0043557827793653,23.40146678959508,-3.38444548805653,0.0394954892466943,0.1,941218188,-13144807.315151528,-1.9601266432428197,-1.4307219549383188,2.453924391157299,1.9896573474268697,-2.720720440763825,-1.5728040114792712,-2.4233235994114364
2015-02-13,256.7057274417989,274.4879579837389,254.3436836539053,273.5966186523437,70540056,0.079669454411428,0,0.0279180682304456,normal,0.0573544173302442,-0.0064735595845087,0.0186713136500131,-0.0030296897951096,39.28946568162708,-1.6838835412512605,0.0402461927484624,0.1,1011758244,-7402302.115151483,-0.9722354909853453,-0.5353651295189497,2.4246047883075335,3.0,-1.0478785858998505,0.07752271443503085,-2.214295663389917
2015-02-16,276.8499662858636,279.1228704089803,271.5910703450048,273.3737487792969,21372131,-0.0008145929366547,0,0.0277398909788716,normal,0.0973165822866994,-0.0026017455422265,0.0161149372857978,-0.0019132749619555,37.49331564041116,-0.5136728829496504,0.0400228188007276,0.1,990386113,-3312421.399999988,-1.0480125866570893,0.09493933017577691,2.2411169051202218,2.8909775879102484,-1.4835464723030103,0.04375187526670813,-2.0417830137168846
2015-02-18,273.46290392434065,274.44338265762167,269.1844858901379,272.4824523925781,13472484,-0.0032603583581037,0,0.027706742118478,normal,0.0640447645277775,0.017982248967989,0.0115686916674289,-0.0011219377387142,33.90868624479332,0.2212928318094436,0.0397097898133137,0.1,976913629,-805973.3757575954,-1.232937753240579,0.5126866495464588,2.066629907739128,2.657425790695617,-1.727689408206376,-0.02873465519599597,-1.9033558538593394
2015-02-19,272.8389516527573,273.9085424388554,264.54948025254123,269.4964294433594,17762135,-0.0109585880595226,0,0.0275003390343387,normal,0.0573523742016748,0.0317350939587914,0.0004372758026045,-0.0010509197528969,35.593213894938714,0.5107424041286501,0.0403860148597524,0.1,959151494,-90349.13333332648,-1.0992629440118389,0.7053299315965611,2.065095042624837,2.4164318925697725,-2.061536792180583,-0.26253644276902277,-1.810796804935933
2015-02-20,269.0953434807187,273.1955099181628,264.7723422064735,269.4518737792969,15792502,-0.0001653293297968,0,0.0267394466047607,normal,0.0633134246556534,0.0395460583216793,0.0002459750304302,-0.0009945225683822,45.07770300578674,0.692331149658072,0.0370729092916579,0.1,943358992,-719471.6909090917,-0.478742467231912,0.8371452080524551,1.4598956172351143,2.055909027605255,-2.2918158753336932,-0.2421793019973663,-1.7280955926768833
2015-02-23,270.2540570969093,271.5019265401911,262.41025579346984,264.3266296386719,12440505,-0.0190210001835912,0,0.0269650629225452,normal,-0.0338819575305171,0.021529179867556,-0.0170216044963681,-0.0020081153528513,42.3799196970867,0.4709800045713668,0.0386106933654888,0.1,930918487,-2527212.23030302,-0.6253933295282318,0.7399458464008072,1.6387221365621498,2.0134065466006112,-2.4317208054212216,-0.6471590010145462,-1.697814913609672
2015-02-24,264.63859965142007,266.5104173877571,260.3601824268039,264.0592346191406,15046698,-0.0010116083267764,0,0.0268099406055871,normal,-0.0340724528296831,0.0599283147975067,-0.0163282007820073,-0.0029389419659564,46.88221690745648,0.3176206584673027,0.0371910772016222,0.1,915871789,-5772232.630302995,-0.30724860333332576,0.6734525975977546,1.3605726382472207,1.8726242743843946,-2.5764235729250013,-0.6041793290491182,-1.666925229967958
2015-02-25,266.51043400737376,267.98113831995425,262.9450770306865,263.435302734375,12845169,-0.0023628481907309,0,0.02665365740058,normal,-0.0332026872877981,0.0287156189509427,-0.0169060747801398,-0.0038688419762783,52.140364680128094,0.1914393335497926,0.0359740829103069,0.1,903026620,-7713974.593939428,0.0809468174521857,0.6323192309896029,1.1289921735506134,1.7461965966288164,-2.68350279983343,-0.5985918029637116,-1.640942866256678
2015-02-26,264.7277667469959,264.7277667469959,256.75026929270047,257.9535827636719,18707345,-0.0208086004943324,0,0.026480488057605,normal,-0.0428311673870005,0.0120647376752005,-0.0339252321832024,-0.0058115472469582,48.8763875134506,-0.2215417165880371,0.0368249554111983,0.1,884319275,-10906431.109090889,-0.11154400657143408,0.4201979518033517,1.2200377517749723,1.6276829150731864,-2.8381876829912587,-1.043153635103844,-1.6604263334152451
2015-02-27,259.6025730267139,268.2931312653765,258.5775382645084,267.3126525878906,18316053,0.036281991992308,0,0.027875701980386,normal,-0.007939158712841,0.0548716106158178,0.001018548466227,-0.0055219512998794,56.6389732996732,0.1549753431134362,0.036119183530645,0.1,902635328,-13553265.303030314,0.49861725610083807,0.6799483452428243,1.0770073987334603,1.9144711783279842,-2.339372482517305,-0.023760662853986914,-1.5917231554540743
2015-03-02,272.6606967206644,272.6606967206644,264.4603911720722,269.1844787597656,15085595,0.0070023852359908,0,0.0251986938215916,normal,0.0183782055093515,-0.0161264415997206,0.0072579390010483,-0.0048576671396051,67.68867975314285,0.5284252580262447,0.0345435172134423,0.1,917720923,-10206907.430303045,1.4038839863563024,0.9312661222707032,0.8114327972857823,1.158573020510909,-1.959050992213962,0.19390085343664715,-1.5146358014055925
2015-03-03,270.5214993106315,272.2150386765557,267.1344205787831,269.71929931640625,14387971,0.0019868179588389,0,0.0251892438087499,normal,0.0214348295958264,-0.0133679604541728,0.0083699699065191,-0.0041502597066619,63.56386207733871,0.7938469214415922,0.0322561585061912,0.1,932108894,-6360713.557575797,1.1569917919722053,1.1054731161912932,0.4462213275886088,1.1201017213327724,-1.6349531912904496,0.26608038177742394,-1.4425365478407897
2015-03-04,279.8805569953796,280.7718963488681,260.2710912186333,261.9200744628906,38674148,-0.0289160800628004,0,0.0254808839643664,normal,-0.0057518041650332,-0.0387635160977991,-0.0188456253107219,-0.0051522939203849,56.19116385948984,0.4439760815494256,0.0364252905906088,0.1,893434746,-4815793.733333256,0.5910034196329551,0.8873255569300331,1.0498653669982991,1.1579956528594257,-2.1957011768710357,-0.5602747390614677,-1.4464862538903276
2015-03-05,262.72224092205886,264.0592497817131,258.2655447232114,261.8754577636719,16803823,-0.0001703447103481,0,0.0248810570137635,normal,0.0152038012342441,-0.028278562708339,-0.0172332256170764,-0.0060155734082647,57.63661198801899,0.2206616932736915,0.0354103904389671,0.1,876630923,-4359723.157575739,0.7346661587917623,0.7405646035441366,0.8664743532168295,0.9729082140062004,-2.331007282485558,-0.4861094737110087,-1.4459962155199473
2015-03-09,260.27109311730686,262.0537718372884,257.3296841099447,259.0677795410156,13199803,-0.0107214255456883,0,0.0249423875329164,normal,-0.0308435570372567,-0.0385378438555104,-0.0251917612680342,-0.007335717040277,30.913379929904732,-0.0884581177362795,0.0312845490655208,0.1,863431120,-4676225.957575748,-1.493530441822489,0.5341865524167918,0.22565430295182248,0.9629862639169395,-2.381331559159831,-0.7210439885628941,-1.4646980242282295
2015-03-10,259.156895417981,261.38524361590004,254.1208339309873,256.34918212890625,14064427,-0.0104937689160954,0,0.0250559871378998,normal,-0.0476821571956764,-0.0301802641703963,-0.0321562057471088,-0.0090329183120123,29.01103812891337,-0.4292679909357266,0.0315418183916432,0.1,849366693,-5620423.630303069,-1.5956751342374766,0.3120811829620511,0.2529700649187518,0.9688088201234821,-2.431857192451607,-0.9141947839360025,-1.501144589429585
2015-03-11,257.1959226827911,259.2905753033885,252.91750528024207,254.1653747558593,16329314,-0.0085188778638225,0,0.023603900990598,normal,-0.0576670805536267,-0.0374683350027561,-0.0366946112624609,-0.0109426678209761,28.11501853726261,-0.7369673249530471,0.0321259461851379,0.1,833037379,-7469917.763636355,-1.6026238379289153,0.11225246209952337,0.32826729854616843,0.5882032340976874,-2.4909612491959807,-1.0263195544296608,-1.5471717109961987
2015-03-12,256.83944016696825,257.9981976965888,255.0122052953813,255.6807098388672,9969794,0.005962004401518,0,0.0227961372793687,normal,-0.0238216358055726,-0.0294364225865614,-0.0280864215538333,-0.0122485006345534,32.8919458499185,-0.770033179649662,0.0303917013596552,0.1,843007173,-8627896.09696968,-1.1669199523527054,0.08217506715196098,0.05562719995948995,0.37614142395700173,-2.2071337118076504,-0.7230625369272826,-1.5658204674604579
2015-03-13,258.48838799358583,259.4242833453701,249.57499530415183,250.2434997558593,13414248,-0.0212656249524435,0,0.0232779077914143,normal,-0.0444179004292558,-0.0298894201243806,-0.0443172384010827,-0.0145004215105809,29.01663347350696,-1.0711708520044825,0.0314591089173204,0.1,829592925,-11037208.569696952,-1.4292368499061994,-0.11689417200356228,0.2091417213733435,0.47728846666046726,-2.244957003132821,-1.2060599231028732,-1.6256928159111226
2015-03-16,250.91203512430835,253.0066881047263,249.5750260561504,251.0457305908203,15132928,0.003205800892905,0,0.0232608752829258,normal,-0.0309650585047966,-0.0608535429938986,-0.0374718273357341,-0.0162445227128159,33.978634915644605,-1.1239166539017085,0.0297481704290026,0.1,844725853,-10736668.70909091,-1.0087403440418075,-0.17161397532628464,-0.04759869476085918,0.4631189202514205,-1.9414632967187502,-0.980939503110735,-1.655613492490912
2015-03-17,253.05125645775124,253.1403958402526,249.12936844137536,252.33819580078125,11350496,0.0051483257927518,0,0.0138588120316308,normal,-0.0156465735323003,-0.0625826683492359,-0.0295110066735502,-0.0174325121495257,36.201625303576925,-0.9843629755178132,0.0289902629117485,0.1,856076349,-8109371.521212049,-0.8106410476791818,-0.1070429162095265,-0.14969909686464075,-1.8366124825974226,-1.7164087436971318,-0.713202345092514,-1.6567618110659112
2015-03-18,253.2294873021537,257.10681849430136,251.3576694299257,256.0817565917969,12394230,0.0148354900419875,0,0.0144730794471976,normal,0.0075399012858394,-0.050561983362604,-0.0136936725984287,-0.0176030944416708,41.93551517975005,-0.5729285866619773,0.0287653661004917,0.1,868470579,-3099620.3999999943,-0.3577517744463477,0.13885565734691518,-0.17413926799193624,-1.6194286586839193,-1.5008391161132946,-0.19903719088794666,-1.6119972228081871
2015-03-19,258.48840456684275,258.7557954840635,250.1098203418762,251.00115966796875,11046649,-0.0198397456790597,0,0.0149460520595525,normal,-0.018302320006259,-0.0416879646102456,-0.0301895887179765,-0.0187804081677234,42.30774165664975,-0.5744840165932974,0.0295378471402504,0.1,857423930,-499316.7878787499,-0.33542467792926667,0.11498089310059822,-0.046198823702551926,-1.4564025844262172,-1.5706892300072621,-0.7078394258066755,-1.6129069365370332
2015-03-20,251.17941096017384,251.7142199955961,246.72271433418413,248.01516723632807,11482652,-0.0118963292264889,0,0.014970509459573,normal,-0.0089046569509506,-0.0529270312144024,-0.0379034216866078,-0.0203853987992946,25.14361388913585,-0.6998297951974859,0.0283532289764218,0.1,845941278,790900.2242423831,-1.6565560916660949,0.010711195349104512,-0.2220384314643821,-1.4046386280581473,-1.638986614359206,-0.92381652582658,-1.6320639084700206
2015-03-23,249.0401996778081,249.5750087082006,243.82585923413697,244.89547729492188,13058026,-0.012578625638784,0,0.0150585458253005,normal,-0.0244985377023707,-0.0547049975539315,-0.0454593632840719,-0.0223911933101419,19.688630389595005,-0.9031313423609256,0.0279994891096639,0.1,832883252,860870.1030303315,-1.9877815534512016,-0.14427551979822906,-0.268479718122401,-1.3432155893978992,-1.7158830634712656,-1.1251989749799358,-1.666794926137183
2015-03-24,244.048723860884,246.3662118078641,239.77030549839816,241.15187072753903,17585259,-0.0152865484031561,0,0.0148933355723792,normal,-0.0443306850068537,-0.0592836352164571,-0.0546443714962633,-0.0248811095300801,16.992854485736544,-1.1823951344337758,0.028882973624776,0.1,815297993,-595707.2424242106,-2.0880190733066653,-0.34933455504366995,-0.126817193410569,-1.3398361143828403,-1.8301512165997664,-1.362713336222165,-1.718878718068246
2015-03-25,242.35516828394591,242.53344703783347,236.2049320960874,236.5614624023437,15824629,-0.0190353419666469,0,0.0152147393838185,normal,-0.0762268052564525,-0.0692616465575816,-0.0661793197481481,-0.027978586059675,18.35378969529515,-1.545977112755633,0.0251641861666773,0.1,799473364,-3591113.163636376,-1.8984360929604729,-0.6061966964727065,-0.6856206480378623,-1.2322362783904484,-1.9106637792813557,-1.6451095989045097,-1.7919826059259374
2015-03-26,235.7592253992821,237.0070948760264,227.4697678730311,228.76220703125,22253318,-0.0329692558199894,0,0.0163898196640955,normal,-0.0886009955736342,-0.1,-0.0885495175219468,-0.0323166132274893,15.377509604462333,-2.1446060560677638,0.0271910221882416,0.1,777220046,-6728846.951515134,-2.00141771747108,-1.0111591832076665,-0.36669946927167985,-0.9706374179418509,-2.0407533083865648,-2.182302063311891,-1.9095381321010816
2015-03-27,231.6145241111911,236.1603600122277,228.1828623426872,234.95704650878903,19423101,0.0270798203861217,0,0.0176974335241824,normal,-0.0526504926011087,-0.0610863149771478,-0.0581386089638992,-0.034639536765075,26.457854890774428,-1.961218333529965,0.0274631672790417,0.1,796643147,-8904002.345454551,-1.2000860006178364,-0.873056598606093,-0.3219613803000687,-0.6866582988626865,-1.7504948225358004,-1.2560998254966413,-1.9300031255196173
2015-03-30,236.2940406433953,240.08223245634568,234.5559182250826,238.789779663086,12303870,0.0163124843934125,0,0.015728712264929,normal,-0.0249318513321621,-0.048819595134682,-0.0388590494424643,-0.0357007543835753,33.21978082548152,-1.443565296409549,0.0265024533517675,0.1,808947017,-8999784.442424266,-0.7239349605795613,-0.5109842553206677,-0.4717008307118934,-1.1187609077661107,-1.5568858449957568,-0.6784117736431293,-1.8957942299422652
2015-03-31,239.68113342136863,241.8649255969218,237.09625487989868,238.0321502685547,19482636,-0.0031727881972178,0,0.0154651107319546,normal,-0.0129367458339525,-0.0566939360362276,-0.0380692012270749,-0.0366741898226776,34.1506542814838,-1.0331935001195598,0.026105360300916,0.1,789464381,-8967873.181818185,-0.6418770171587251,-0.22480722988497312,-0.5372400919954657,-1.1670682069711353,-1.683871076267798,-0.6311431885004207,-1.8611712965489386
2015-04-01,237.6756166099154,244.80633094106767,234.5559290900363,243.7367401123047,12383589,0.0239656274890343,0,0.0167880810420745,normal,0.0303315579684626,-0.0482073250503766,-0.013605294610986,-0.0361187983542283,39.158562873853455,-0.2968172830228068,0.0273750832003457,0.1,801847970,-6626793.636363652,-0.28829793565012723,0.27973380600924463,-0.3523572843499535,-0.8752171946780706,-1.4998545305100748,0.09556881845938238,-1.7680391232221346
2015-04-06,245.51943851961136,245.78682944801352,241.73124622530835,244.8063507080078,12925445,0.0043883847597627,0,0.0159112327815854,normal,0.0701345903458874,-0.0246803997565413,-0.008400549742365,-0.035265619248533,44.63973947914493,0.3101730903504958,0.0255650127661718,0.1,814773415,-3509586.309090904,0.09159290248603472,0.6863130732677022,-0.6422301489350994,-1.0638636626509421,-1.321858329612286,0.2600265146669747,-1.6699510690006456
2015-04-07,245.38569855187737,246.32162113833084,240.9290020492896,242.4888458251953,12933524,-0.0094666861219491,0,0.0159521882460884,normal,0.0320560690914393,-0.0222821913381887,-0.0161209528152186,-0.0349158058300943,41.80884739832925,0.5873827409880228,0.0263869697566871,0.1,801839891,-1346378.1212121062,-0.08634883015322757,0.8520100416495114,-0.5254502323437469,-1.036651910982102,-1.3978845759054026,0.02795303531571564,-1.5965137634034143
2015-04-08,242.35516916113764,247.2129796062096,242.31061307326385,244.13784790039065,9913899,0.006800321349148,0,0.0160282444503764,normal,0.0223965541776971,-0.003093684713576,-0.0085398089814695,-0.0341153062543698,42.20336494631909,0.8951548790699837,0.0264695252198868,0.1,811753790,1021615.3939394138,-0.052937906278427434,1.0275356786092145,-0.5369802516793674,-1.0056273647837617,-1.2556309717303198,0.24431953660717878,-1.507578598103743
2015-04-09,245.11828644536016,251.1793822841306,242.889938386766,250.33262634277344,13471276,0.0253741011304002,0,0.0170978742400261,normal,0.0516756919615313,0.0380704308348787,0.0150112162111228,-0.0319008520104381,44.77733879993358,1.494009657091549,0.0265393394785028,0.1,825225066,3208169.872727282,0.12554570683641167,1.3795301899427808,-0.5587032495122841,-0.7724991962439203,-1.086603124750625,0.9212833410367403,-1.3652039201143589
2015-04-10,250.46633379811897,256.1263435786999,249.6195506146365,254.7001953125,16880558,0.017447062468582,0,0.0174822375974575,normal,0.044980724675089,0.0766766181014977,0.0295120071161247,-0.0288755053528696,53.404404239088535,2.123903047528902,0.0254843299907303,0.1,842105624,5140178.6363636535,0.7076378371456294,1.7190868621281994,-0.7693522232485528,-0.6907675533168954,-0.8892274064991464,1.3065379652379845,-1.1951577359420447
2015-04-13,256.5274232934122,257.15137164421213,252.5609799823741,255.1904144287109,11985436,0.0019246907746162,0,0.0174360636841815,normal,0.0424174605383855,0.1,0.0284089093454924,-0.0260279931693121,56.92171365907872,2.487946572412537,0.0253231017338345,0.1,854091060,5725629.254545488,0.9328746843159262,1.8611484738780488,-0.8371122719064672,-0.7013828490302837,-0.7429926552775864,1.2475581743539026,-1.0380559398054718
2015-04-15,256.1709156433442,262.45487418290355,254.87848994765304,258.4884033203125,17289500,0.0129236393889822,0,0.0169042785666766,normal,0.0659805915635842,0.1,0.0375790542491782,-0.0227189790606361,63.06767473177427,2.839791562912044,0.0255049337225558,0.1,871380560,7617247.042424241,1.312301221023067,1.9750698449434565,-0.8482765295069185,-0.8144832843384653,-0.5453842769775545,1.4625442176603765,-0.8647401707216498
2015-04-16,258.7112503200223,262.2766077749063,255.3687277060685,260.62762451171875,15043998,0.0082758884496469,0,0.0169650403375751,normal,0.0675428933004111,0.0914521755472292,0.0415863412920713,-0.0192835322577038,69.31913367127156,3.085124145649664,0.0253810909226606,0.1,886424558,10243796.503030268,1.666957698124463,2.011849380822275,-0.9163671781475812,-0.827778176846321,-0.37078509510791463,1.5225137932847264,-0.6880461594048469
2015-04-17,259.37974379669424,262.8559617268619,257.77534389092995,260.0482482910156,16819018,-0.0022230038806844,0,0.0169733757169656,normal,0.038810849748921,0.0924921192268428,0.035398412906499,-0.0163573547149503,75.31213636713463,3.070309917624416,0.0250948736244815,0.1,869605540,9714980.87272728,1.9972178085224932,1.910110927570822,-0.9962116473879544,-0.8263694137375759,-0.5179621889772855,1.360607170379656,-0.5338570406361851
2015-04-20,259.3797298136004,261.474382556522,253.89799869598724,256.39373779296875,13788536,-0.0140532017503043,0,0.0170207504305284,normal,0.0066491605096372,0.0519289692429307,0.0188248733205533,-0.0145646830918735,82.70036708142091,2.689971551938916,0.0249062657098458,0.1,855817004,8288227.890909084,2.336972257009863,1.6325697623934754,-1.048944993952292,-0.8159707837922149,-0.636165328682687,0.9074569565911046,-0.4289267823289168
2015-04-21,256.1708722439409,260.2710378698647,251.1348113692958,257.7752990722656,15487948,0.0053884361263629,0,0.0163803360969884,normal,0.0101292387856395,0.0529763559104987,0.0219482306715386,-0.012646528147271,80.47610992795778,2.4157270501118018,0.0250938585976473,0.1,871304952,7913798.296969725,2.094520712363465,1.4350656055484825,-1.0304860027229776,-0.9539079211692583,-0.44867892387689606,0.9868205133906739,-0.31677081080176306
2015-04-22,258.9786251352737,261.3852521481912,245.47484005538925,253.0066680908203,17741741,-0.0184991773789329,0,0.0167265771485143,normal,-0.021206890363663,0.0433744580285027,0.0027524191020089,-0.0119867964110867,68.52498846808433,1.824359644016184,0.028498451187546,0.1,853563211,5024171.690909087,1.3610108283526905,1.089701272200856,-0.41123039482623414,-0.8750371661441309,-0.6131048539516917,0.4741392902864779,-0.2605780455183346
2015-04-23,254.0316958552039,256.1709046957866,246.2324771228073,247.4803466796875,13874710,-0.0218425919476125,0,0.0172463694485499,normal,-0.050444682740989,0.0136910307354745,-0.0173581137794546,-0.0125919737502454,60.95039721909495,1.0127140840541309,0.0306269432270276,0.1,839688501,1411719.9878787952,0.918492188882958,0.6501164694871115,-0.025812501328085904,-0.7568965437743306,-0.7390108716712475,-0.055682884583411904,-0.26236604218846954
2015-04-24,248.104317567085,249.2184917727917,244.5389601088233,245.60855102539065,10049508,-0.0075634113149174,0,0.0169543595248613,normal,-0.0555269930119496,-0.0188711930458247,-0.0224823436947716,-0.0134891013741081,52.38094868395773,0.3364653620936955,0.0292402165906086,0.1,829638993,-2189404.1878787545,0.4274902118918943,0.2926124011426021,-0.31615164416159247,-0.8159538763526059,-0.8251489645613365,-0.17635356552538523,-0.27815017030947514
2015-04-27,246.4998736571225,246.4998736571225,237.18539425060803,238.0321502685547,12394191,-0.0308474632711494,0,0.01787187099813,normal,-0.0716148049576802,-0.065441822781073,-0.047863241739901,-0.0159099655731552,42.6069866552274,-0.5842906126933446,0.0317489997114352,0.1,817244802,-5394706.757575761,-0.1235505577340401,-0.19407597023309947,0.1572241143051463,-0.6142082571979195,-0.9436260173565857,-0.888515662414366,-0.37223984757618206
2015-04-28,237.9875875770499,243.78129289259604,236.3386044700143,242.88995361328125,12693457,0.020408181580706,0,0.0165535813940372,normal,-0.0577454298862489,-0.0482011083487067,-0.0257939101737536,-0.0168825825732917,50.41475163339912,-0.8151778732940843,0.0317168992764455,0.1,829938259,-6807266.581818186,0.3709481885834761,-0.3010634336091008,0.12592270783685286,-0.8956985417733568,-0.7755531689160923,-0.20404589129454634,-0.39546250179171144
2015-04-29,242.66713778669995,243.69217259783693,240.26051066358,242.35516357421875,8217676,-0.0022017791642134,0,0.0155908592235467,normal,-0.0420996987825555,-0.0624137854497938,-0.0253454900046227,-0.0177902410515062,48.11320084341519,-0.9438500535021784,0.0313534308634946,0.1,821720583,-7222668.721212134,0.27299268873320565,-0.3501773075364978,0.02509756622983013,-1.089456895291713,-0.8676971446159416,-0.15652516858681914,-0.4182737192679636
2015-04-30,240.75074066221543,243.7367326371109,237.72019260472328,240.4387664794922,21635216,-0.0079073912289048,0,0.0153318870645347,normal,-0.0284530884761899,-0.0774624641959962,-0.0299990433651758,-0.018948664918981,38.48549294714157,-1.08773030266149,0.0309281057225008,0.1,800085367,-7213301.23636361,-0.30630053525195283,-0.41005974728006733,-0.0871844331139417,-1.1214605985106623,-1.1490227480227027,-0.28068252745018296,-0.46083118803925444
2015-05-04,244.22698493919225,247.79234238356,242.13233200032244,247.03469848632807,8012690,0.0274328973792936,0,0.0164381160075979,normal,0.0058065871688237,-0.0500428281682725,-0.0030673246474632,-0.0184079270548578,41.5187697061824,-0.6878841201046204,0.0303471541897379,0.1,808098057,-6841610.151515142,-0.09983508636558154,-0.17448122653967751,-0.21140894293773338,-0.8566668944233524,-1.0292608998822406,0.5866250444388045,-0.4012357208145518
2015-05-05,246.90098624336392,246.90098624336392,241.86492463574305,242.4888458251953,7102772,-0.018401676723905,0,0.0161845354786796,normal,0.0187230823719084,-0.0542325724780425,-0.0194128547321809,-0.0188927594445221,37.10411151432228,-0.677676182698423,0.0310867269031726,0.1,800995285,-7031033.478787888,-0.3693040500505386,-0.17063943208770524,-0.057972453171858035,-0.8831992306770718,-1.121999636872519,0.04820934389421464,-0.4070611857321509
2015-05-06,241.954081889977,243.870456087434,234.6450882048868,236.5614624023437,16335660,-0.0244439425767424,0,0.0170230618951924,normal,-0.0260549731135174,-0.0822958473766517,-0.0394134682351483,-0.0205859421101145,28.865996969183485,-0.998842570357092,0.0323635515088572,0.1,784659625,-6414457.254545448,-0.8735750115228157,-0.36449650726667815,0.21280680515474415,-0.6814205583131954,-1.3517209240089116,-0.6105203800451375,-0.5047356381869753
2015-05-07,235.31359064229,238.210443557394,231.4362589925395,232.5950164794922,15962706,-0.0167670840489875,0,0.017277582341782,normal,-0.0402720823059238,-0.0806763385540537,-0.0504991312961846,-0.0228922650789905,23.900431113231303,-1.3834528780302042,0.0328743904764059,0.1,768696919,-6801110.430303001,-1.1562166273829702,-0.608952817925284,0.32888213142999795,-0.6087133889002561,-1.5688298674793162,-0.9887866014602945,-0.6618535910215447
2015-05-08,235.31359346883085,238.8789509456313,232.0156269221829,233.48635864257807,14044596,0.0038321636317795,0,0.0172111860936696,normal,-0.0289155028480281,-0.0565458559633496,-0.042587649500229,-0.0246259950421945,25.412563722867333,-1.4745008418701722,0.0332942600846509,0.1,782741515,-6317993.07272723,-1.0504131138111308,-0.700207433669608,0.4148580384508615,-0.60422274391523,-1.3145087280261027,-0.7491755411624539,-0.784582834878208
2015-05-11,234.77874812247663,247.07924583733512,234.065687617926,246.0541839599609,17198308,0.0538268076578372,0,0.0204682655716603,normal,-0.0039691368555718,0.0018144031741149,0.0080878332085878,-0.0231858480994928,41.78467881692912,-0.6282501689360549,0.0333402409867483,0.1,799939823,-4876486.89090908,-0.03243250534457622,-0.23435201973325834,0.42325301942240917,0.09333345202695187,-1.0070067217076952,0.9164769664771263,-0.641689627615927
2015-05-12,245.3857224480236,245.4748618270592,237.4082512524396,238.3441467285156,12792368,-0.0313347129780972,0,0.0210933932538989,normal,-0.0170923288556849,0.0013107324351306,-0.0213098791357801,-0.023605330878251,35.9716966333129,-0.5315346334671789,0.0342718078707818,0.1,787147455,-4599035.696969678,-0.4080083457826962,-0.2270115156265991,0.6344295134694542,0.2347202657325659,-1.1847916655455148,-0.11751144713532187,-0.6541333604541557
2015-05-13,240.5724968743816,245.11833322170628,238.9235135560408,244.494384765625,9245732,0.0258040238098014,0,0.0220472592466012,normal,0.0335342971028349,0.0066055887799223,0.0035672798226591,-0.0224812961207516,43.97476200320172,-0.0239413269800059,0.0307405720919953,0.1,796393187,-2606225.0545454524,0.08553141568151738,0.06721363985346217,-0.09778166422624125,0.4475253795777756,-1.0066975035519552,0.7350309098536926,-0.5268259151550815
2015-05-14,244.22694964355424,251.2685241382297,243.2910543302706,250.42176818847656,13101418,0.0242434337644752,0,0.0225867940518916,normal,0.0766428790212543,0.0332842283832235,0.0251734381226498,-0.020068175130789,52.07026812350492,0.7004058327461071,0.0294536249885324,0.1,809494605,-40029.74545452232,0.5755786084294272,0.5521323056720585,-0.35314296911876686,0.5704466755532024,-0.7555411870302745,1.4555699269372497,-0.27864968871586
2015-05-15,251.35767470609383,257.01768452364416,251.35767470609383,256.2154846191406,18247889,0.0231358338876654,0,0.023157096962804,normal,0.0973466977201713,0.0656163661569695,0.0440303094156673,-0.0165790235661382,57.07491633894329,1.5125119516813643,0.0293218557017639,0.1,827742494,2227350.9030303326,0.8673481174816586,1.141454729682032,-0.35529782887127653,0.6979992728412786,-0.4067745261186918,2.028254236455074,0.07091146946646153
2015-05-18,258.3992288870909,258.48836824747895,254.3882024832507,258.2655334472656,13266119,0.0080012682729631,0,0.0232321312287298,normal,0.0496287008445741,0.0454625808833859,0.0471596586997176,-0.013025003873282,64.56997629933383,2.0946923001874804,0.0276469817664186,0.1,841008613,5417279.4727272885,1.3062395884349234,1.5345130573451002,-0.7157168150052828,0.7469731899001575,-0.12473359576437265,2.0649185475141842,0.43300039332148194
2015-05-19,257.77531594528574,259.69168984761444,255.1012982578928,257.1068115234375,14541041,-0.0044865526900232,0,0.0230270767245565,normal,0.0787208960339747,0.0602830437354628,0.0382628341087116,-0.0101549042063185,60.81358247127145,2.2926902937340103,0.0269791646707002,0.1,826467572,6941626.387878811,1.0338111642386194,1.6162386525365415,-0.8542548809878895,0.7351787232985991,-0.3825159745824301,1.71974048962421,0.7360758899441827
2015-05-20,258.04272048871513,262.76680777249624,257.81988566964026,260.8058776855469,11807544,0.0143872740678914,0,0.0232170420747916,normal,0.0667152046684353,0.1,0.0478912300081284,-0.0067951857376432,63.38941183348926,2.5442980300658964,0.0272068014946209,0.1,838275116,7712222.163636362,1.1566757048855625,1.730065698811129,-0.7787008506348839,0.8131602630862638,-0.09171252316800825,1.964595689998759,1.0905200236261814
2015-05-21,262.0537961028343,262.7223006847293,257.10687307741983,258.7112731933594,12118415,-0.0080312779404188,0,0.0228736020838737,normal,0.0331021742432704,0.1,0.035581997130115,-0.0043267331615524,63.2258812692796,2.44078012532645,0.0273163313221129,0.1,826156701,6107748.345454534,1.108899480472007,1.5952497387896185,-0.7357528298777956,0.7696953761347841,-0.3361367152608289,1.5170186689468341,1.3537177775438438
2015-05-22,261.1624233603109,271.8584953068083,250.2435165815949,251.75880432128903,69490117,-0.026873467036259,0,0.023167987001195,normal,-0.0173942660197776,0.078259157344102,0.0070088276924911,-0.0037241375217171,53.40181224001491,1.80452234082024,0.032116908511682,0.1,756666584,952728.7030303353,0.48711301465665646,1.1147669582491668,0.6090326817065853,0.8692281453663075,-1.9766333505777347,0.6012017398561761,1.4293446696447318
2015-05-25,249.7532781740385,253.40774747600568,246.1433377541338,247.4803466796875,20356833,-0.0169942721690934,0,0.0234481047828635,normal,-0.0417600700473658,0.0057961327735791,-0.009151022268695,-0.0041443075758412,53.60825788438812,1.0342434833114214,0.0332767084087098,0.1,736309751,-3850050.012121212,0.4874776585337201,0.5598325934129655,1.002436518268151,0.9699681758688136,-2.3892782927438114,0.08267202734734078,1.3980515685614638
2015-05-26,248.68368174465195,250.28808171401,246.00966366137607,247.03469848632807,9675703,-0.0018007417531874,0,0.0222649376615416,normal,-0.039174819902394,0.0364621992068947,-0.0099041443703107,-0.0045945767182401,58.2225570150029,0.4625857989409214,0.031906358994759,0.1,726634048,-9262145.278787864,0.7584305723210192,0.15322421348492377,0.6512377005575055,0.7151142286399066,-2.4970976652946377,0.05529612432401578,1.3605614560158912
2015-05-27,246.90097749732163,251.00114357476443,244.40523842488645,250.2434997558593,12176680,0.0129892735279404,0,0.0220039821919969,normal,-0.0404990026429642,0.0235143027752782,0.0026741588869942,-0.0042498042857318,64.0226785510343,0.2775513590503352,0.031446345410839,0.1,738810728,-12660180.024242396,1.0943996172559796,0.02118309398519422,0.5501076029066587,0.686099121428611,-2.1109101136043242,0.44475275158371236,1.3978222235444704
2015-05-28,252.5451179710194,252.5451179710194,249.20554558710296,250.55943298339844,13024987,0.0012625032332402,0,0.0219851083708286,normal,-0.0315094124401308,0.0005497317422431,0.0035634593572697,-0.0038634023891366,63.69067065260722,0.1592960138939588,0.0304021560623655,0.1,751835715,-13776363.8666667,1.0491258534930925,-0.0671115503630145,0.26846513040661035,0.718743794799046,-1.7309797217589153,0.45438310855263336,1.4276561034666988
2015-05-29,251.5071429664173,254.21491775710888,250.10813700919053,251.05584716796875,14809918,0.0019812232916538,0,0.0218639471223152,normal,-0.0027921849852098,-0.0201378829965783,0.0050203508144226,-0.003401853645206,54.97365754535848,0.1002504573951181,0.0276431241527661,0.1,766645633,-12169312.430302996,0.5227324552425262,-0.10830817341904962,-0.6105782023363198,0.7438282534130419,-1.3479747801152027,0.49823244457689086,1.4638351935135094
2015-06-01,251.50713234051423,254.5308195713542,250.5142761168925,251.1009826660156,11567692,0.0001797826999689,0,0.0210552060373525,normal,0.0146299939971163,-0.0277410256243616,0.0047033695645728,-0.0029778562229123,64.9669665196761,0.052383672406755,0.0263212721090786,0.1,778213325,-8306320.030303007,1.1359267201549765,-0.136632328794614,-1.0308660608769669,0.5515445950207097,-1.0548343922325305,0.48985057560699036,1.496888138806728
2015-06-02,251.6425154821833,252.22922203111256,239.5026755477691,240.31500244140625,21653784,-0.042954751152669,0,0.022883936681837,normal,-0.0272014258972357,-0.0653106348390172,-0.0349190654297189,-0.0050170443001574,45.57759599474544,-0.6773031141466447,0.0292718548191745,0.1,756559541,-5832690.848484835,-0.026990795986229013,-0.635097054453058,0.006414984320425861,1.0953843307771802,-1.5882403828609246,-0.7487793499831336,1.294836262193603
2015-06-03,240.9919728334268,241.26273931302785,230.2060052682196,232.3270874023437,25967877,-0.0332393523413511,0,0.0234517878164966,normal,-0.0715959150627092,-0.1,-0.0610062592492912,-0.0085789557062982,31.653201913130587,-1.6159803873785497,0.0312250000158632,0.1,730591664,-3140951.6484848736,-0.8555510019660052,-1.2575148578176856,0.7564288656288887,1.2877007437909533,-2.1690292137012057,-1.5256993959130352,0.9461345848558861
2015-06-04,234.58354851406057,235.93743589780263,229.0326157497,232.50759887695312,20210546,0.0007769712805671,0,0.0231429695138378,normal,-0.0720461165301303,-0.1,-0.0548509303984225,-0.0116215466115714,22.87409075164541,-2.111468791737656,0.0312956561464525,0.1,750802210,1150540.6000000304,-1.3433042279882705,-1.5434277046196476,0.8417594369763692,1.2215751347920332,-1.5972148152942658,-1.2953063102920213,0.6513999383074095
2015-06-05,231.96604806814724,236.4790062017688,230.7024252997153,232.6881103515625,13539638,0.0007763680648773,0,0.0231280553929558,normal,-0.0731619558899073,-0.0757498591603927,-0.049216796918694,-0.0141985923378354,19.427062700492076,-2.298388213687649,0.0317859893792242,0.1,764341848,2461271.860606036,-1.519363897178683,-1.609185939826938,1.0232867788172397,1.2429870153739324,-1.211018313924334,-1.0995601890252646,0.40169613941073107
2015-06-08,233.5455579596685,233.5455579596685,227.94949323841072,230.1157073974609,17384700,-0.0110551542586985,0,0.0194508055598709,normal,-0.0835730511515631,-0.0701657303911148,-0.0543486400504141,-0.0169890606353829,18.79197425291001,-2.4525500263449693,0.0324534803985251,0.1,746957148,1373591.0545454496,-1.5275566921983685,-1.651306683062925,1.264214156371216,0.17699201213860544,-1.589382905481948,-1.2317970802825906,0.12679419145479617
2015-06-09,230.1608552361517,233.1393964624205,229.25826364699032,232.50759887695312,15275972,0.010394299053045,0,0.0184837294678154,normal,-0.0324882070829378,-0.058805907422673,-0.0404508364599088,-0.0188193628014701,16.260703648209557,-2.255699056293318,0.0315731355062963,0.1,762233120,345038.86060606857,-1.6398302552368142,-1.4811249440162897,0.9371252827908753,-0.0960679056842191,-1.1639428922731598,-0.8097803303589249,-0.05112137241645346
2015-06-10,233.77122573041643,236.975414910688,233.31992992784805,235.2153778076172,10910978,0.0116459803625474,0,0.0176525397962829,normal,0.0124320002353903,-0.0600539952602314,-0.0265618197109276,-0.0197273731536611,22.39015515965856,-1.823858933824824,0.0308611696139504,0.1,773144098,291905.6848485034,-1.2606987682680122,-1.181043492176162,0.6618369691527695,-0.33397125954126133,-0.8619919753890002,-0.39258589160024576,-0.13389533988562313
2015-06-11,236.70461958036648,237.3364446448734,228.0397357187769,229.2582397460937,20857622,-0.0253263120678948,0,0.0172819934228941,normal,-0.0139752814383458,-0.0850145332134277,-0.046564887546147,-0.0218262171024857,22.926453292070065,-1.8161877520961076,0.0278251515111197,0.1,752286476,-446745.557575739,-1.21641259311162,-1.159598537235912,-0.471733741043749,-0.4270542372340658,-1.3337339062027154,-0.992689969286052,-0.3424993744339066
2015-06-12,229.30338417008463,230.61213915246697,227.27255319907465,229.213119506836,11440479,-0.0001968096732648,0,0.0160809846060261,normal,-0.0149341143364661,-0.0870034612120341,-0.0424890985299194,-0.0235948203729042,25.52699824725751,-1.6933489557979513,0.0266075550751116,0.1,740845997,-827558.8303030306,-1.0525388130948126,-1.0702543228576107,-0.9109108455423407,-0.7875491375124521,-1.5523229886271646,-0.8658257875640598,-0.5152429075762791
2015-06-15,230.16082946594423,230.7023898677865,224.60989732309977,225.8735198974609,13545280,-0.0145698449397678,0,0.0158796627949533,normal,-0.0184350192691227,-0.1,-0.0513406243673122,-0.0258365689345864,23.69003076790001,-1.7111512346354,0.0275746243006975,0.1,727300717,-863303.2303030328,-1.1342442503856045,-1.0668407927196724,-0.5335809805031022,-0.8763196636754913,-1.8024146808328798,-1.1107998162824617,-0.7332610455666857
2015-06-16,225.8735410955858,230.83779474603824,224.7453016295739,229.79981994628903,9896598,0.0173827372531782,0,0.0167583598224777,normal,-0.0116459803625476,-0.0437558304237831,-0.0316362520840522,-0.0267881327628454,25.027650815769164,-1.3485785883097874,0.0269470161017066,0.1,737197315,-1185696.2727273025,-1.033555254180249,-0.828694152012967,-0.7560289625867443,-0.6047705783713607,-1.5154690130217359,-0.5144219560778995,-0.8124282571698788
2015-06-17,231.0634561042752,231.87578305815964,228.80697704075683,230.25112915039065,11241061,0.0019639232276469,0,0.0162049566169417,normal,-0.0211051195015268,-0.0089354981167473,-0.0269790072826037,-0.0274187093522263,25.274788560592228,-0.9852930793282058,0.0268102007416387,0.1,748438376,-2391438.684848454,-0.9953745596712025,-0.5978206099082712,-0.7865523164093218,-0.803758748588048,-1.2063528191295037,-0.37801000689608266,-0.857672603692004
2015-06-18,231.46962222095328,235.30563644443825,230.3413689710032,232.9588928222656,11598549,0.0117600451379604,0,0.016677218385916,normal,0.0161418541827347,0.0019409857892485,-0.0140774244602063,-0.0272354018875005,29.09285717307704,-0.4943574536496191,0.0267891629772093,0.1,760036925,-1833487.0181818097,-0.7905326421934189,-0.29618699399830795,-0.7808238919494729,-0.65950276613206,-0.8960907928613341,-0.006561814135383878,-0.8221443689182995
2015-06-19,234.5835409527564,237.4718449629381,233.0040057226369,234.80918884277344,12216399,0.0079425859132988,0,0.0160910622947137,normal,0.0244142627960288,0.009115543067526,-0.0056550950046342,-0.026542441897799,31.931942061672885,-0.0027437062241393,0.026729071128086,0.1,772253324,181520.278787892,-0.6517356579449431,-0.0008496523585971093,-0.7917751092942976,-0.8712334855075989,-0.5777813236586734,0.2265655473408595,-0.7407848018187604
2015-06-22,235.48614796024705,241.35299348554403,235.3958832893373,240.08937072753903,11051382,0.0224871177775805,0,0.0167383846078333,normal,0.0629372174150013,0.0433419493300881,0.0150899101986539,-0.0246004735016158,49.71495829913356,0.6824174262612459,0.0243018134257355,0.1,783304706,1544453.5515151818,0.32140829986135067,0.40683720473822804,-1.626527220708814,-0.6660962216865728,-0.2964544931230703,0.8213830156270024,-0.5421573765774357
2015-06-23,243.15815480592565,244.7828361011213,240.31499697046783,241.6688842773437,16180083,0.0065788566358364,0,0.0168319128105424,normal,0.0516495806386132,0.0394020902742144,0.0196541484756764,-0.0224492161768056,64.08156036525054,1.2152496562717432,0.0222622284130991,0.1,799484789,4367758.4787879065,1.108286037332319,0.7131008823184044,-2.275827348492087,-0.6486565036206163,0.09738695766218745,0.9312508363985473,-0.33278496255349566
2015-06-24,241.6237770801143,241.8042788692407,235.12510668356464,236.7949066162109,8361760,-0.0201679983573694,0,0.0170174508915026,normal,0.0284201753536075,0.0067152446549885,-0.0008236170938664,-0.021638508299655,55.661488626971135,1.2100566030153508,0.0226523883776473,0.1,791123029,7010830.557575769,0.5974877141587948,0.6836094632659979,-2.0401049069377484,-0.5887702546450929,-0.1119691312330242,0.2695089413999554,-0.2716006553670689
2015-06-25,235.8020667880916,240.08937709332963,233.8163541550696,239.0062561035156,16506503,0.0093386699862119,0,0.0172091406086517,normal,0.0259589286675732,0.0425198080915998,0.0076909051456623,-0.0203342673057405,57.91854303673232,1.3173230161515033,0.022591167377744,0.1,807629532,8945822.775757607,0.704345782801972,0.7247929022597239,-1.9671445628480164,-0.5178351566097296,0.28580064173165504,0.5201476383231043,-0.16363842569019038
2015-06-26,238.37443807998167,240.90168344671645,235.62151727684736,239.36729431152344,14588452,0.0015105805759807,0,0.0172034213190576,normal,0.0194119552612657,0.0443001466344277,0.0083283574086181,-0.0190396436688871,62.27546049781142,1.3683687726936102,0.0224628271342814,0.1,822217984,10243025.218181835,0.9318291389781133,0.731018499582626,-1.930089004240308,-0.5321495290730043,0.634179270315584,0.51868655759538,-0.05611798935133839
2015-06-29,233.54558320192103,235.3958850170542,230.16086460479173,234.35791015625,15040805,-0.0209276048746827,0,0.017687863800908,normal,-0.0238721962322658,0.0375625715782919,-0.0115710889657417,-0.0190185162596735,52.29562879806146,1.0356540097863984,0.0245660344865708,0.1,807177179,8830474.333333338,0.3243509851157445,0.49636757705352913,-1.2404579306305148,-0.37775019057465825,0.2614210837514056,-0.15975431285494954,-0.08944186624410638
2015-06-30,233.9968591430548,237.6974900039613,232.507588595774,237.1559295654297,14181965,0.0119390867042388,0,0.0153086720851644,normal,-0.0186741239999058,0.0320109459653188,0.0002079545228996,-0.0182735275246959,52.402208635680886,0.9757368366072456,0.024493682449728,0.1,821359144,7883058.836363655,0.31786242528029124,0.4436919550188725,-1.2330081247904348,-1.2087876984869528,0.5962706314833054,0.2280772395612071,-0.03964832472766092
2015-07-01,237.4718391350101,243.24841946869893,236.9753972622109,241.6688842773437,12072024,0.0190294829236765,0,0.0138237786756668,normal,0.0205831186607081,0.0495882698559773,0.0173770372710753,-0.0164982685403874,65.93281351252033,1.1971641279256169,0.0231425920789954,0.1,833431168,7323378.060606056,1.0903444327899188,0.5755207482803606,-1.6165660881255839,-1.6939626017333957,0.8767111688691206,0.7860264897435264,0.13939422513079902
2015-07-02,241.80425857191548,244.8279456212888,240.17960488160787,241.75914001464844,8741783,0.0003734685893661,0,0.0138260503811127,normal,0.0115180412262536,0.0377759659044092,0.0160387294202866,-0.0148723369893107,66.08796513702865,1.2983501990035842,0.0235206283882664,0.1,842172951,6983542.751515138,1.0660682496496416,0.6310663414643035,-1.462765006486776,-1.6537087760083273,1.0608592923744895,0.7208597912364777,0.31111873580469546
2015-07-03,241.3078556945169,243.69971778602783,240.81141381652648,243.1581573486328,7238541,0.0057868229259072,0,0.0138472504871908,normal,0.015837013356452,0.0355563960124651,0.0197895921903845,-0.0130760045410749,73.325239539774,1.3994299665080274,0.0224440600255637,0.1,849411492,6857375.357575742,1.4333641437688336,0.6885640103078983,-1.727278787769905,-1.6083731462277624,1.2044711305665778,0.8251756658358117,0.5170289893433782
2015-07-06,237.56209479615623,245.05359325904084,236.4789739737337,244.42176818847656,9458200,0.005196662343645,0,0.0134949968982691,normal,0.0429422588105383,0.0180449365492905,0.0226455466844452,-0.0111709286176381,71.25983273697966,1.4833134264620216,0.0230533926963455,0.1,858869692,7048618.060606056,1.2719266876477167,0.7424438891085356,-1.5032037859181986,-1.6692462656873406,1.3952634831895139,0.912389200772577,0.74832744103389
2015-07-07,244.06073621467704,247.89675009162065,243.69970512347544,246.3172149658203,12523410,0.0077548198402777,0,0.0134327437833455,normal,0.0386297969322462,0.0192342953143365,0.0275836571383543,-0.0090322957011641,72.41812191510681,1.5889627865145055,0.0232031671146443,0.1,871393102,8085688.830303027,1.3009084243668092,0.8204949185366956,-1.4306809114831007,-1.6306157734210218,1.6499834915413543,1.0775993829490498,1.0141579528074696
2015-07-08,243.60945880965207,244.60231504390435,239.7283260833765,241.307861328125,12669850,-0.0203370017738728,0,0.0142264740895979,normal,-0.0014938743574632,0.019058495710081,0.0060451053223047,-0.0083077069762445,60.94676805475089,1.2584464778223192,0.0241390320020719,0.1,858723252,7002610.290909081,0.6559777124256894,0.629449407015204,-1.1498247302131372,-1.337475092369827,1.354659642757028,0.3822641725287752,1.0810521033209526
2015-07-09,240.9919406239058,244.8730732189869,240.9919406239058,241.6688842773437,6469504,0.0014961093568675,0,0.0127660930154629,normal,-0.0003733291626504,0.011140412042917,0.0068262779622665,-0.0075626881268398,59.35962857707958,1.0117328224655138,0.0239162283414851,0.1,865192756,6553450.678787887,0.5724253994303751,0.49925130746185803,-1.1968567308367737,-1.7365710965768006,1.5106573915929582,0.43242454984424933,1.1463990534349624
2015-07-10,243.9253700235365,244.60231369612725,240.3150037697191,244.1961364746093,8788162,0.0104574993376693,0,0.0128600503261629,normal,0.0042687407130177,0.0201733581731569,0.0156763793621754,-0.0062988006767595,56.05857122340178,0.9664159303298866,0.0230086769860391,0.1,873980918,6858472.775757603,0.40448001441268516,0.507228163006015,-1.4248337136198017,-1.6488907955235066,1.7327731975380054,0.7603750787135538,1.27806486513857
2015-07-13,245.50493555182848,247.62603149664469,241.8043041760722,247.0393524169922,8423083,0.0116431651353277,0,0.012270610336083,normal,0.0107092925802629,0.0541114326044607,0.0248178187435916,-0.004517036362299,57.63807538009285,1.067667624719399,0.0230700902859949,0.1,882404001,5992785.927272759,0.5188820687462947,0.6184744406157063,-1.383414926134879,-1.757681058667407,1.9059770399641482,1.0903129112790042,1.4701084576270094
2015-07-14,246.94907784064563,246.94907784064563,241.12735075345896,242.07508850097656,10337307,-0.0200950329064826,0,0.0130465611801653,normal,-0.0172222086281399,0.0207422978820763,0.0038202416266486,-0.0041043741999624,57.49043029680153,0.7547893331569133,0.0233168241514128,0.1,872066694,4596870.036363649,0.551578120468799,0.43065761752840526,-1.2972616324252535,-1.481520216814154,1.6471149927265913,0.3710778244263148,1.4743003840224913
2015-07-15,242.5714459884952,245.2341017159121,241.12729419642,241.9396209716797,7483918,-0.0005596095415506,0,0.0130661060735832,normal,0.0026180649071172,0.001120279489623,0.0029472468292179,-0.003761745656819,54.421673262494345,0.5051861733644777,0.0226903413967422,0.1,864582776,2982905.066666656,0.40826062856097645,0.27856617258586636,-1.4401442039264343,-1.4368773866835463,1.485436505311358,0.3543457768754149,1.4733784593141785
2015-07-16,243.4740796657865,246.18185441647188,241.9848090618915,245.68544006347656,8354120,0.0154824541625422,0,0.0132295377835456,normal,0.0166200783280126,0.0162405444054367,0.0166864155422561,-0.0025816046071954,58.64195211869394,0.5548704736956772,0.0220426352658726,0.1,872936896,2029809.6545454557,0.6825892598066129,0.3356175292053977,-1.5535070182132884,-1.3534604415344809,1.6509772129998919,0.8261468181102021,1.5751108119380497
2015-07-17,245.8659698687021,247.31012207593824,244.1510511735084,244.692611694336,5571891,-0.0040410549720978,0,0.0132531706277587,normal,0.0020331002238371,0.006310519714554,0.0113664159590725,-0.001776844115218,65.88071439122709,0.4858637500871321,0.0203667789993297,0.1,867365005,882466.0121211878,1.1179961271204146,0.2911485877603488,-1.8999932816874028,-1.3088751196594688,1.4956555886911995,0.6215017465199918,1.6187846563211001
2015-07-20,245.5049130502948,245.5049130502948,240.22474672754743,241.39813232421875,6418930,-0.0134637468099471,0,0.0127788049017666,normal,-0.0228353095876453,-0.0123705670189172,-0.0020364813431662,-0.0018333000813475,56.420772283913806,0.1980878670077104,0.0206714434407571,0.1,860946075,-202072.7575757466,0.5329112939736972,0.07515563730162769,-1.739553335897378,-1.3979965897760507,1.32525728775063,0.14108654081353844,1.5541372681668058
2015-07-21,240.99192438799147,243.51916950593315,237.83285421811144,238.554916381836,5638653,-0.0117781190558843,0,0.012965734000637,normal,-0.0145416537527213,-0.0315134229861336,-0.0124936316582222,-0.0025341231786349,45.03595869335423,-0.1833755042406585,0.0207421430547119,0.1,855307422,-784448.6969696551,-0.1665214004502905,-0.2190278292579178,-1.6514627776802757,-1.3050730073502543,1.1740733341200986,-0.25089358705039444,1.4156550006060309
2015-07-22,238.0133835474361,243.1581384403561,236.3887023615884,242.39093017578125,11322177,0.0160802126911745,0,0.0126103679061005,normal,0.0018653794789336,0.0044883280706031,0.0030622475813286,-0.0022454782322244,50.89970382892916,-0.1768926500447042,0.02103893494791,0.1,866629599,-1398930.0727272737,0.1920978213241843,-0.22302215311623186,-1.5179865572151157,-1.3620265405026843,1.388713247102802,0.2886973124413502,1.3981640362649999
2015-07-23,242.34585178457493,245.5049224782286,241.2176122511272,243.744857788086,6376216,0.0055857189512944,0,0.0125111137567973,normal,-0.0078986458248775,0.0085901563908403,0.0078333620509389,-0.0016726523183933,50.83656791756605,-0.0855902268122331,0.0213320439968101,0.1,873005815,-1330152.0909090713,0.18539745329085724,-0.16530497997048832,-1.3936822762080336,-1.3565795132207947,1.4810278225803963,0.44124315510943257,1.4120367520458807
2015-07-24,242.52635843424588,244.01562897006096,236.5692487460776,237.6072235107422,7796401,-0.0251805692765831,0,0.0138157015330664,normal,-0.0289562816569415,-0.0269820524558225,-0.0159001227183772,-0.0025902458230863,41.46901017152218,-0.423809665534512,0.021543905317003,0.1,865209414,-1195458.6242424203,-0.39173785360251534,-0.4351752204408874,-1.2949569654648536,-1.0035775887039704,1.2750637093756307,-0.42318592131224575,1.2590668073819948
2015-07-27,237.56210536562853,237.74260714745864,232.91373687875057,233.27479553222656,6788558,-0.0182335701520444,0,0.0136154541653588,normal,-0.0336511998406094,-0.0557180738618988,-0.0307195758773189,-0.0043860179316114,34.61141273232816,-0.8973450675940448,0.0221374876474797,0.1,858420856,-763190.0121211831,-0.8017185502347032,-0.7954708789645716,-1.1129033582525938,-1.0346505234539758,1.1043734121682374,-0.9354455817074592,1.0173577474118043
2015-07-28,234.8994465422008,238.19390012977647,233.18452813790591,233.9517364501953,10788886,0.0029019033814787,0,0.0133405583417556,normal,-0.0192961017171943,-0.0335571582399668,-0.025316311064737,-0.0057778565139933,40.33221232229769,-1.1091389346136105,0.0215911851998475,0.1,869209742,-140885.7212121217,-0.45657478707615395,-0.9484732461832059,-1.2025630222769037,-1.083462975687691,1.2848168749113746,-0.7362681182671771,0.829793008506357
2015-07-29,234.67379706172048,235.3056221486958,227.7238450570757,228.897216796875,9997136,-0.0216049674604417,0,0.0132886543445277,normal,-0.0556692173635401,-0.0539076821002847,-0.0421438511158515,-0.0081508485075015,35.05818532617282,-1.509016165699358,0.0232227682523199,0.1,859212606,-528177.9030303183,-0.790424719959212,-1.2392249202695047,-0.7831558507161565,-1.0702878651224412,1.0479890333509982,-1.3345088362647468,0.5351602981989034
2015-07-30,228.89723066716104,234.22251549111792,228.89723066716104,231.78550720214844,10536937,0.0126182853845555,0,0.0137095647846382,normal,-0.0490650374923401,-0.0565761359636812,-0.0272728155060231,-0.0095155336685509,35.60219915533132,-1.4954872452111154,0.023253261772832,0.1,869749543,281306.2363636343,-0.7797085635882104,-1.2254350921398425,-0.7491323477482612,-0.9415411761137473,1.2171257872871153,-0.8312900521462803,0.3555694791212612
2015-07-31,232.8686397036139,247.08445782505544,232.4624624536085,243.744857788086,20534806,0.0515966279785879,0,0.018179596343962,normal,0.0258310087827204,-0.0038732428400164,0.0206889368893585,-0.0078666803652744,46.845271179734326,-0.6412501792745895,0.0248896064957809,0.1,890284349,1878045.8848484785,-0.1020604017764785,-0.5938969163700332,-0.3185099570769165,0.1763248175380773,1.562080703999229,0.8837859126059153,0.5233176558909336
2015-08-03,243.699758378517,255.43345044859376,243.60949369976464,253.6733856201172,21901780,0.0407332811946463,0,0.0202989416621355,normal,0.0874444666915272,0.0508506556273256,0.0560028548326474,-0.0040887477700953,60.142016464068114,0.5670051215374455,0.0255801218008953,0.1,912186129,3963689.1818182096,0.7209045243304887,0.3167437610945193,-0.11409904121725528,0.7092276609097206,1.8946489447803196,2.0738620305218367,0.9399626729053167
2015-08-04,254.9821013244904,261.70641908534674,249.4762876099182,260.4879150390625,28858887,0.0268633991787781,0,0.021018398902165,normal,0.1,0.0919410884080045,0.0757268895982699,0.0007764838952257,64.52296291234163,1.7337930308603722,0.0271384318392353,0.1,941045016,6626451.824242426,0.9658586691982952,1.171830994592004,0.3369209493475581,0.8904303923882982,2.288824317258613,2.5660605807551446,1.46926242798255
2015-08-05,260.9392089531264,263.37618948359915,256.5616346558224,257.599609375,10169558,-0.0110880601260499,0,0.0205747888683403,normal,0.1,0.0627444235978196,0.0573744407302698,0.0043120636106042,59.455541069353,2.1902610998892014,0.0281559851215278,0.1,930875458,8450079.539393919,0.6278876329711739,1.4632887207401222,0.6324825312640179,0.7899877194797532,1.993271266421478,1.8637954488117578,1.8112104237540694
2015-08-06,257.7801492018568,262.4736086805247,254.53081415052807,260.8940734863281,15372143,0.0127890881485468,0,0.0206724755559252,normal,0.1,0.0703572409849639,0.0637149609839746,0.0081079165988866,62.40490803853466,2.567163518644568,0.029110148851649,0.1,946247601,10758531.163636412,0.7986536129672545,1.6806374526454169,0.8977419512215122,0.8299808501885553,2.1345328623330095,1.9891610989570687,2.134124839983187
2015-08-07,260.397672511114,260.397672511114,252.9061733667129,253.8990020751953,13845614,-0.0268119214731774,0,0.0217165144318303,normal,0.0416589066914281,0.0685660070587734,0.0317364642259345,0.0097609536270726,59.05817860574345,2.211932677903352,0.0306739089439693,0.1,932401987,10904228.187878834,0.5861417460410863,1.3993971022476261,1.312713164400686,1.1111366338970359,1.8178159152242033,0.995645243466801,2.1854065264954463
2015-08-10,254.5759385617089,258.1411862428161,252.8159015460893,255.207763671875,14694901,0.0051546543546165,0,0.0216158075313711,normal,0.0060486363124256,0.0940220227805039,0.0334077924066595,0.0114531385412555,62.34115314409852,1.9413264628404048,0.0304155596976093,0.1,947096888,10584439.303030318,0.7956598705072734,1.2089293522854594,1.216164958082394,1.1022867955485653,1.962760397322277,1.066079125092987,2.2262632972512404
2015-08-11,257.96066465123755,261.2551459810508,241.44324962040355,242.6166076660156,39233644,-0.0493368846805463,0,0.0240320277066995,normal,-0.0686070498524545,0.0370370032182467,-0.0159299646323183,0.0100104765633299,50.14803589695338,0.8464620042994717,0.0358338671072006,0.1,907863244,7769031.545454547,0.04194248325860268,0.4423260079683964,2.4972955643785926,1.7125325129483338,1.300417383751332,-0.4921703494932706,1.9704633793673398
2015-08-12,241.3981204430316,241.3981204430316,230.20597698841743,231.3793487548828,29724325,-0.046316940209641,0,0.0262064210820791,normal,-0.1,0.0108438712918492,-0.0559789955999757,0.0061500961335045,42.81970412133418,-0.6231636571177179,0.0400819195924183,0.1,878138919,2197293.9393939176,-0.400320075765327,-0.6129947388702756,3.0,2.2061704704986207,0.8215868781331243,-1.7264714926157532,1.527206613899154
2015-08-13,234.44815414249368,237.2461934448987,233.00400215948707,234.0419769287109,16360033,0.0115076310317081,0,0.0260824185105306,normal,-0.1,0.0097351631419928,-0.0409949750197381,0.0033710777128539,47.84270225612725,-1.3621635374348469,0.0391438519091722,0.1,894498952,-2009025.6181817837,-0.06636105857232566,-1.1367165249143627,2.744035039373973,2.1111943835002687,1.0478221219836346,-1.2024237057407385,1.2251156136498484
2015-08-14,236.3887156033177,243.15815206128727,233.99685356381664,242.3458251953125,14852873,0.0354801663170489,0,0.0273919526603815,high_volatility,-0.045503041703414,-0.0057397419804844,-0.0063097608050454,0.0028475288809339,55.23709413729547,-1.241367604225122,0.0390795411350369,0.1,909351825,-4336194.236363622,0.40302589667815414,-1.011340670977899,2.5786232532455498,2.338426042015775,1.2330231941705574,-0.07543560213698718,1.1523830066809555
2015-08-17,245.50491510277035,254.4405664302496,244.4217941652354,252.5,27500063,0.0418995243532831,0,0.0287374387463396,high_volatility,-0.0106100364382191,-0.0046255763774697,0.0318538981555578,0.0047134351908315,59.652421079612886,-0.467087789701023,0.0395123225651519,0.1,936851888,-3934361.6727272407,0.6758690486932812,-0.39998372191686715,2.5373792862666105,2.5306878090117313,1.5956267551160963,1.123747225960725,1.3025387065874352
2015-08-18,253.4477085752009,259.9463790699125,248.7091027067389,257.0580749511719,27728824,0.0180517819848391,0,0.0287236741484586,high_volatility,0.0595238200059096,-0.0131669835330989,0.0454544832048,0.007353988684102,64.73087958887791,0.3201286026434009,0.0398274535451602,0.1,964580712,-395100.8969696832,0.9861979769206264,0.20731834792704634,2.4585270310223315,2.3987155690411157,1.9375010187063992,1.4997494423574496,1.5086227156224243
2015-08-19,256.24575625806915,258.0960856121462,248.70911069711497,250.92047119140625,15452575,-0.0238763312956866,0,0.0292340982164204,high_volatility,0.0844549115626771,-0.0259283707758679,0.0185050477933592,0.0082130819872525,59.6803788815762,0.3908833411251693,0.0419578690355297,0.1,949128137,1338040.4545454553,0.6741845251503149,0.26021884029796544,2.666908130844348,2.3776183627530068,1.6433760158533006,0.644172758924733,1.5398707662441358
2015-08-20,250.60454208411693,254.2149083379343,241.89453900576424,244.1961364746093,14577599,-0.0267986692551184,0,0.0299217717557577,high_volatility,0.0433860612491379,-0.0640027455916658,-0.0079590963662674,0.0073947334664734,50.24107092057865,-0.0294699863424556,0.0422419969907008,0.1,934550538,3079604.9818181694,0.09038984180342638,-0.06067099974913535,2.5372347731949825,2.3838284459615955,1.3768063186103612,-0.17693756844995526,1.4236090710925902
2015-08-21,236.02768805673188,242.70685995356223,231.2439639056676,241.4432373046875,19030056,-0.0112733117307448,0,0.0294510299573952,high_volatility,-0.0037243797779374,-0.0490579508729966,-0.0173512032803585,0.0060272046792162,42.92426054830437,-0.4820898125120441,0.0430574052205733,0.1,915520482,3001908.103030301,-0.36436236220679924,-0.4007895883669869,2.487313975387088,2.180806334282322,1.055905597644199,-0.45820169787472825,1.269144882999147
2015-08-25,225.64789774425296,229.98034013543355,216.6219818344828,228.6715850830078,23492839,-0.0528971213451822,0,0.0315974209865895,high_volatility,-0.0943699600672958,-0.1,-0.0631445288323687,0.0018880903728604,32.77968746154549,-1.569481209685296,0.0493952289783693,0.1,892027643,2827068.0121212057,-0.9795253867647862,-1.2000738896956127,3.0,2.432986599175589,0.6777248563877758,-1.8005190931203854,0.8857093688815586
2015-08-26,227.90439548769592,228.62647157442527,221.1349579979624,221.7667694091797,16325529,-0.0301953374369695,0,0.0322683338994397,high_volatility,-0.1,-0.0859373909206482,-0.0834519658212216,-0.003329646498982,31.4138742851752,-2.6197473084915286,0.051165744651719,0.1,875702114,-186325.7454545562,-1.0421492298933597,-1.9134315446750603,3.0,2.411778021621654,0.40732566463371966,-2.298347231792464,0.4165538372525317
2015-08-27,226.6858769790724,227.45308535532425,223.93298359095,225.15147399902344,21076926,0.0152624516236634,0,0.0321528108417849,high_volatility,-0.1,-0.0269162947746777,-0.0632661935220068,-0.0070978075587783,31.478020188915067,-2.929063226067549,0.0496807089709372,0.1,896779040,-3641858.781818212,-1.0376960279098872,-2.069765405311823,2.6471461709227597,2.2733418258271096,0.7052604574571497,-1.7056147735382445,0.07790438108196693
2015-08-28,229.70956627711345,230.97318903055955,223.3462926296808,224.7001800537109,16644381,-0.0020044014693614,0,0.0320087660080484,high_volatility,-0.0798372844974372,-0.0399150485634699,-0.0593075684541249,-0.0104725492254084,33.76818935831564,-2.995879610460094,0.0496657317833287,0.1,880134659,-7140539.139393933,-0.9175004996368928,-2.067584698664675,2.468812435893097,2.1450717170849587,0.4184614348076904,-1.5829740373491947,-0.2252209846897915
2015-08-31,224.74531314291565,226.86640895666017,221.13494666672423,223.25604248046875,21645114,-0.0064269533424359,0,0.0295172184714226,high_volatility,-0.0753270003635163,-0.0787708337845672,-0.059499558721403,-0.0137252151806238,32.264529363636825,-2.963732105405529,0.0501169483931049,0.1,858489545,-10655557.903030287,-1.0492604819760718,-2.00858675678186,2.365641050342814,1.688938199680525,0.04693577680219532,-1.5721944931902987,-0.5166723129940495
2015-09-01,220.99954805483685,220.99954805483685,214.546010164234,215.8096466064453,19689080,-0.0333536140446226,0,0.0282335068849403,high_volatility,-0.0562463345495839,-0.1,-0.0829321988092858,-0.0182818742659388,34.21891289659075,-3.247536334447286,0.0481717172240872,0.1,838800465,-12794676.466666684,-0.961832601012304,-2.157741922561304,2.0418653349610083,1.4361316908546375,-0.30790794737919536,-2.178276817895283,-0.9203739723557565
2015-09-02,219.01386507425013,219.32977767041217,207.686350537632,208.092514038086,23655457,-0.0357589787560906,0,0.0276691228391849,high_volatility,-0.0616605247374256,-0.1,-0.1058709759834263,-0.0240540527799457,35.698453836246415,-3.7243714938947248,0.0496948247521385,0.1,815145008,-13187002.32121212,-0.9155912422526494,-2.387323177941019,2.0920017305416936,1.3049279698121388,-0.7325818432590187,-2.6408813125157287,-1.4141779318801824
2015-09-03,209.9879232087885,212.47005002578348,208.4986526275733,209.6268920898437,14680299,0.0073735379614707,0,0.0279653613609493,high_volatility,-0.0689517222936194,-0.1,-0.0906804146279145,-0.0286747718576355,34.79482521148083,-3.6982998233412463,0.0488236109513342,0.1,829825307,-11997414.39393936,-1.0143509070535726,-2.2681927410436997,1.9070878482080122,1.3050279558817928,-0.506092091335875,-2.126360383145366,-1.7758623764739083
2015-09-04,209.31096810547777,209.31096810547777,202.1805006021512,203.21847534179688,20466346,-0.030570585119872,0,0.0277959419889568,high_volatility,-0.0956016355072754,-0.1,-0.1084185086442094,-0.0341901604877579,25.04315439345588,-3.8568440496394274,0.0497604779756495,0.1,809358961,-11449917.636363592,-1.71942880236992,-2.2638476290885934,1.9033887445338207,1.2373050357017008,-0.8988111905424059,-2.440068029671931,-2.169991916904958
2015-09-07,204.97858435744445,205.33961553511696,198.7055609088459,199.5630340576172,15424783,-0.0179877409179038,0,0.0276186689786687,high_volatility,-0.1,-0.1,-0.1139537780001836,-0.0398244313897458,13.182624435234176,-3.9383118027557034,0.0487174364176456,0.1,793934178,-11494969.41818181,-2.4761565119699216,-2.209145264721887,1.7212762125287993,1.1707253858241582,-1.2214411305183717,-2.4278349676559494,-2.510546889356914
2015-09-08,201.2779406228312,207.8217301722282,199.6081405391752,206.1068115234375,16189253,0.032790529051242,0,0.0291500886454935,high_volatility,-0.0449601546343388,-0.0986776452849588,-0.0774403124334023,-0.0430343479719119,15.516145275881726,-3.307332318836151,0.0461384251237755,0.1,810123431,-10749386.921212131,-2.261139583661094,-1.7814733277529757,1.4207022637251114,1.3466820061430747,-0.995189542431731,-1.5468817618637036,-2.621933295633174
2015-09-09,211.1612904689204,211.65771857614843,206.7837297128009,209.0853271484375,18237115,0.0144513206671061,0,0.0281164136861408,high_volatility,0.0047710179049007,-0.0571836903000727,-0.0583588847488809,-0.0449677338707686,20.42110505229388,-2.482870298550658,0.0441706693129597,0.1,828360546,-9104642.969696926,-1.9041493762177175,-1.27880494889999,1.1951595900867729,1.1567791730822468,-0.7084722452882956,-1.0887691659040073,-2.6223200818651575
2015-09-10,205.20421321152773,207.41555995724,202.2707904051355,205.29446411132807,14195882,-0.0181306985469055,0,0.0267151461062693,high_volatility,-0.020667329154786,-0.0881940035079739,-0.0687413787185333,-0.0474578817727211,21.304858722469262,-2.0067038023823827,0.043070645502272,0.1,814164664,-6255254.266666662,-1.8259695170925911,-0.9889983882352917,1.0588724621940724,0.9246385903326371,-1.054861264664458,-1.2923000423249715,-2.6481194906619483
2015-09-11,208.40838730887023,210.5746153331174,205.7908772735828,207.6863250732422,13650937,0.0116508790057634,0,0.0267199993131832,high_volatility,0.0219854505055741,-0.0757180300273984,-0.0526683157884515,-0.0488827726294912,24.96646607036203,-1.3746629421550498,0.0399360119622528,0.1,827815601,-2769508.0242424225,-1.5657467147836632,-0.6186795052019812,0.7471284778718799,0.8970750498273753,-0.8239190033708812,-0.9095187710728012,-2.5940450196938243
2015-09-14,208.99508490028725,213.0116147113277,207.5960651847685,212.3346710205078,10671222,0.0223815696369338,0,0.0258045362251306,normal,0.0639980095672589,-0.0489185929241595,-0.0285543965806519,-0.0487932075493904,36.2252173666916,-0.530918941499154,0.0325337434353177,0.1,838486823,489467.6727272987,-0.8257649852833184,-0.13463066948891872,0.05759228592223352,0.7417973177641096,-0.6379109832669386,-0.3617410101012686,-2.4527687116497012
2015-09-15,212.2895252870236,215.22294776208707,209.9879141290216,210.21356201171875,13193410,-0.0099894614411991,0,0.0231817222021917,normal,0.0199253506370129,-0.0259306508431094,-0.03474152427564,-0.0490824722306265,39.403910394832025,-0.0295146974820248,0.0320799576991306,0.1,825293413,1958654.7272727191,-0.6001015578479986,0.1571951766723115,0.003854780191511627,0.3520137592392946,-0.9703190666281468,-0.48193402818851566,-2.343376711388378
2015-09-16,213.3726434599384,214.59114759881885,212.1090207601364,213.7336883544922,11272509,0.0167454768811594,0,0.0231036002488405,normal,0.0222318862325265,0.0271089728647024,-0.0168382877133921,-0.0482737199690143,39.55406152454446,0.5911109114425965,0.0311142407562724,0.1,836565922,2629397.284848516,-0.5666591585749391,0.5185407755991909,-0.0998502339916603,0.32643394501576073,-0.7389913746381871,-0.06843590590689794,-2.1822334290548264
2015-09-18,216.62197144563527,222.443684173746,216.17067567179024,218.4271545410156,16049395,0.0219594123072399,0,0.0238056846924272,normal,0.0639700173433117,0.041980598784054,0.0042969102739294,-0.0462065787110314,44.67430547908825,1.3274604885902583,0.0307998595481137,0.1,852615317,4894600.545454558,-0.21149635130842478,0.9373455205335383,-0.14274629052794457,0.41138038179412556,-0.40047610830995917,0.4040305849172895,-1.9734798208131503
2015-09-21,216.21581129859143,222.0375241154196,214.1398479527776,221.360580444336,9602436,0.0134297675098338,0,0.023711972607558,normal,0.0658409039028999,0.0892738963424737,0.0160634259630776,-0.0434941487200825,48.43047378285628,1.982395735410078,0.0310906993010175,0.1,862217753,6042907.43030302,0.051636986902618295,1.2956910799970727,-0.1296683509611643,0.38282302634180543,-0.1964916837481795,0.6637644518551662,-1.752443828062511
2015-09-22,223.7975675390224,224.2488633048896,213.23724937222207,214.7716522216797,13667322,-0.0297655897424482,0,0.0243370696714131,normal,0.0114770762092664,0.0762095958095703,-0.0128471463910165,-0.042643775926302,49.12811368743338,1.9397565941278565,0.0328099814742231,0.1,848550431,4776692.527272759,0.1144098518526199,1.2584936094930737,0.016589372930841544,0.4559949730873893,-0.544916799501382,0.024062968611045756,-1.6457404323369398
2015-09-23,212.10902797349164,218.33690456245472,210.84540523071664,216.48660278320312,13614082,0.0079849949645744,0,0.021776251173511,normal,0.02984127527954,0.0503612237899535,-0.0044940287628184,-0.0413145379051261,57.84148292211209,1.9876396018697724,0.0311801634479819,0.1,862164513,4670332.260606074,0.6983503347169976,1.2649402096609035,-0.14980826188559782,0.07782757996373844,-0.23788783037791272,0.20885721205826988,-1.5236350835709105
2015-09-24,216.12554221661645,217.9307253026144,214.86191956539943,215.76451110839844,9299508,-0.0033355028233678,0,0.0207844869890239,normal,0.0095016502524298,0.0319447760923898,-0.0070755656036252,-0.0401909866600632,55.82191751080988,1.929693457667554,0.030851259517637,0.1,852865005,4641732.775757553,0.5566346014204703,1.2132150091265221,-0.1923890879467119,-0.07885427198970203,-0.49015227168667264,0.15374960109018643,-1.4200177754272039
2015-09-28,217.5245690085037,219.9164311670428,215.40347330379583,216.12554931640625,8588230,0.0016732974582016,0,0.0204384484346262,normal,-0.010537175331729,0.0527587787228625,-0.0049010054713592,-0.0389753628262956,63.829815758977205,1.87317794091398,0.0298302351300823,0.1,861453235,3838166.321212128,1.103948521227908,1.1683631567397688,-0.30334012614631617,-0.14655030395826982,-0.28616248708861963,0.2117393572193236,-1.31690237899315
2015-09-29,213.01159907697885,221.49595387021603,209.58174854074016,218.33688354492188,24488685,0.0102317113155292,0,0.0206157676240512,normal,-0.0136595996150021,0.0512819439022944,0.00477524815615,-0.0372120886788321,70.75842399951128,1.9343339684727123,0.0312555050918826,0.1,885941920,4707213.987878788,1.5570189581778842,1.1889777923934528,-0.17907731099746957,-0.13861777089541194,0.32311822156961745,0.4351483973702652,-1.191819191557864
2015-09-30,220.9995731122721,221.4959875065264,212.74085117279247,214.0496063232422,17011911,-0.019636064928982,0,0.0209989685199264,normal,-0.003361923656909,0.0080765674983371,-0.0135496357898644,-0.036633550606571,59.243690166906646,1.646903401109693,0.0320471955490388,0.1,868930009,4655192.593939389,0.8140872059377691,1.0272735700215814,-0.11858861062644392,-0.1006260122713675,-0.1227759878462628,0.03378907358290548,-1.1296695159084125
2015-10-01,217.705081722035,218.33689306013773,211.5674563537781,212.2444000244141,11590498,-0.0084335885023867,0,0.0197352542692091,normal,-0.0195956826161539,0.0096608325041469,-0.0198274907356695,-0.0364597115053725,53.77969738760481,1.3106994363326612,0.0327298502228569,0.1,857339511,2722393.2363636266,0.46856954947418744,0.846600200231418,-0.06787347914418702,-0.3093639684108669,-0.4207813027897627,-0.09331495846242151,-1.088578426997102
2015-10-05,214.90706027023265,217.8404828992711,214.13985191981,216.6219787597656,18307463,0.020625178967492,0,0.0184402258776362,normal,0.0039740903031841,0.0135135009717466,0.000351706552611,-0.0350585461015683,63.36525034909236,1.3531331659641577,0.0316666620974411,0.1,875646974,2151245.8181818365,1.1714372663099923,0.8737215168195082,-0.1890327827008913,-0.5245517817786425,0.04918855751449113,0.38107130421332375,-0.9891872470858983
2015-10-06,219.05896424013287,219.149228903212,214.54600653525804,216.7122344970703,10087077,0.000416650876432,0,0.0184025282754144,normal,0.0027145572678459,-0.0078512218297622,0.000695262226966,-0.0336874925223065,61.26123416251515,1.353974218831017,0.0314303572157962,0.1,885734051,2726552.5454545417,1.0204222075359877,0.8726547789294031,-0.22650114440086286,-0.546123374572037,0.29769757535826874,0.39140368917964613,-0.894941508719007
2015-10-07,216.7573523817608,220.457983197226,215.76450995324967,219.826171875,10608795,0.014368996679658,0,0.0169229608157384,normal,0.0068210570101487,-0.0069317155125632,0.0136190542563983,-0.0315740432292644,59.7189410900683,1.5185800156123417,0.030750506221765,0.1,896342846,4119244.018181849,0.9095465109417268,0.9544152873907967,-0.30889178229335085,-0.7957218421055092,0.5566206615976176,0.6855321654287176,-0.7682355920764548
2015-10-08,218.83331658273465,221.31544332300007,217.6148262646221,219.6005249023437,9230511,-0.0010264791072494,0,0.0161674438671348,normal,0.0259328604917821,0.0224837525376944,0.0113670167525916,-0.0296759803483152,62.8078801324458,1.5606158509543304,0.0302830099563744,0.1,887112335,3683660.78181818,1.113912298040429,0.9676216177277892,-0.37215016301897824,-0.9325607712007368,0.3132473696561961,0.6360991060283315,-0.654828290770341
2015-10-09,221.58623162058623,223.66219499718443,217.20865697368248,219.7359161376953,12171416,0.000616534206427,0,0.0147903049010745,normal,0.0352966491102686,0.015009304560736,0.0108362265870873,-0.0278801361493683,59.02304930538284,1.5431072768708043,0.0309391715220027,0.1,899283751,4352161.412121242,0.8430250552696855,0.9503909586390756,-0.32146154454501563,-1.1682159517284965,0.6170545015524534,0.6319628563571291,-0.5479669075463549
2015-10-12,220.322611565364,221.7216175051528,217.795352371062,220.7287750244141,7566962,0.0045184187645346,0,0.014561531272226,normal,0.0189583544945961,0.0230077870105416,0.0139161824963451,-0.0259610486656751,53.89314379898408,1.5403997775982976,0.0292519729214018,0.1,906850713,4363508.066666665,0.4855965404434468,0.9369166375600056,-0.5108011594052124,-1.2154948455838523,0.7918640418830555,0.6977131072264907,-0.4368273902339767
2015-10-13,220.2323344000508,223.3914047705433,218.47228366241,220.05181884765625,10200698,-0.0030669140291426,0,0.0137903021777516,normal,0.0154102252617911,0.0181666144686205,0.009767337271989,-0.0243680241318223,47.60330375290808,1.4370366578160785,0.0283751265961869,0.1,896650015,3736629.460606109,0.04757881531302561,0.8683615933377249,-0.617954323093095,-1.3451925354101713,0.5173699185879852,0.5984931097660482,-0.3427227659624707
2015-10-14,219.96157965658875,222.7596192463028,219.51028383711588,220.4580078125,7895820,0.001845878697894,0,0.0136614933548517,normal,0.0028742525610612,0.0097149150117905,0.0105118632563863,-0.0227883190540992,63.46156208029804,1.341851505946862,0.0258078615878608,0.1,904545835,4746383.30909095,1.1627245762136413,0.8069533061909989,-0.9018897926522872,-1.3693951739515156,0.7019641277846761,0.6190546411486391,-0.2494460093580354
2015-10-15,222.03753754094268,225.55763933443905,221.58624173293265,224.7001800537109,11582401,0.019242540941488,0,0.0134443464716257,normal,0.0232224178591331,0.0497575020735381,0.0270265548721964,-0.0202495082605208,67.3663739175152,1.4985270490096347,0.0245602920724917,0.1,916128236,5028275.084848535,1.4334936401263159,0.8765003143711982,-1.0518863198701403,-1.4060342004847561,0.9675003548073663,0.9893848901295522,-0.10939764869096497
2015-10-16,225.51251223520848,232.1014197647792,224.15862486242744,231.78550720214844,11738832,0.0315323607962569,0,0.0145096096326796,normal,0.054836693410204,0.09206889404614,0.0534504904988566,-0.0161703822288505,76.69172244220587,1.9828788632272647,0.0253115227302282,0.1,927867068,4605667.199999999,2.002171345625193,1.105816969897196,-0.9898909348388221,-1.2466454368455935,1.2206024898779027,1.5438718945536258,0.1056249405584239
2015-10-19,231.6501152692801,232.05629248381547,228.8069574022574,229.7095489501953,8969153,-0.0089563764232359,0,0.0145523631648546,normal,0.0406869196133938,0.0604166311533136,0.0396572086084245,-0.0130963398911031,71.40824768745294,2.05805007976149,0.0251473453775162,0.1,918897915,4059450.842424244,1.5767391513597675,1.1135563634719723,-1.0260722065576318,-1.251522394461061,0.9662302208225962,1.1986340373003457,0.26919338659352054
2015-10-20,229.7095391229115,232.0562825561348,228.53616740629988,230.02545166015625,8811740,0.0013752267217652,0,0.0139074588308075,normal,0.0453240189730257,0.0614326975769607,0.0370290316682333,-0.0103000230714844,69.5915358811487,2.0207664917615067,0.0225062377081571,0.1,927709655,4142092.818181853,1.410214351519608,1.064685519252098,-1.3229394336222782,-1.367873686617302,1.1468608305455985,1.1168422566296192,0.41799336149284716
2015-10-21,229.25827405994283,230.9731926482596,224.3391524300769,225.46739196777344,8606466,-0.0198154580699051,0,0.0145281815769876,normal,0.0227226228023158,0.0256621859201606,0.0148869539177716,-0.0089802538702641,68.96551374543265,1.5993022485357986,0.0222892569286093,0.1,919103189,3953748.99393938,1.3288997682955985,0.828864224229998,-1.3519181556342033,-1.2816319083490313,0.9110994749708993,0.6256749715636613,0.4926973679761057
2015-10-23,228.35567419220848,230.02547415674607,227.4530825946108,228.7167053222656,7544810,0.0144114558035806,0,0.0128642908535655,normal,0.0178750425014995,0.0415125620668523,0.0266273520024578,-0.0069839972414614,76.10876432799351,1.4537380405717433,0.0212819904328179,0.1,926647999,3285689.9151515155,1.7119284248889204,0.7353890455957599,-1.461377340461227,-1.5489775828650938,1.0606486765611325,0.8627234596599387,0.5990074299808638
2015-10-26,229.93520888902657,231.0634483830846,225.9638113789242,226.7761383056641,13085058,-0.008484588014099,0,0.0130692973808351,normal,-0.0216120885078267,0.0320394694309194,0.016182862099753,-0.0057109600165257,67.44189338020414,1.1542139421209814,0.0213077370099918,0.1,913562941,2236107.963636369,1.125540245179654,0.5652260998857329,-1.4538449294917477,-1.510199356957954,0.7219481364157966,0.616196939592613,0.6652427513590118
2015-10-27,225.7381759703833,227.63361016180383,223.93299268000823,224.56480407714844,6565348,-0.0097511768435489,0,0.0132944140814005,normal,-0.0223967392585945,0.0173789260249828,0.0056729809320918,-0.005137423828716,62.57231279780164,0.7539818972424019,0.0212304619914436,0.1,906997593,1159799.1636364004,0.7937727827505364,0.3468654191135376,-1.4602598146573686,-1.4726701865129783,0.5479218117753532,0.3755375926739081,0.6935625361530797
2015-10-28,223.8427070711579,225.1514620797847,217.7050817034256,218.4722900390625,12310403,-0.0271303157372464,0,0.0148145279626948,normal,-0.0502255795509212,-0.0071779856983925,-0.0195933581199895,-0.0061468713625211,48.02111453484327,0.0622025821629259,0.0227225647720812,0.1,894687190,-1269813.060606047,-0.13407723013950812,-0.018547990031535334,-1.2940597793935507,-1.2333532368534597,0.2385230523416092,-0.1840641367236527,0.6399813606795756
2015-10-29,217.97584307306028,218.2466232723621,213.4177533309136,213.8690490722656,16114932,-0.0210701364734806,0,0.0153905922447158,normal,-0.0514413316900637,-0.02988759086419,-0.0365574026941406,-0.0081616667455098,42.57307342181424,-0.6811485429324755,0.0236638229312911,0.1,878572258,-4028241.757575776,-0.4884805559680437,-0.40760697775245724,-1.1927332157986033,-1.1494391775036594,-0.15341895568838215,-0.5509217846281242,0.536366190483711
2015-10-30,215.4485905499617,216.9829933615271,212.19926937943288,213.9593200683593,8669606,0.0004220853671219,0,0.0147469278075121,normal,-0.064522550869701,-0.0478008517073025,-0.0328208190504337,-0.0098673566679945,42.5058427009886,-1.1167747412434432,0.0230963852129542,0.1,887241864,-5226791.551515074,-0.48735421892975106,-0.6260858754277491,-1.246921066458052,-1.2357554467405885,0.05688135379590894,-0.4509457105890115,0.45201155905755974
2015-11-02,214.81680035873936,214.81680035873936,210.0330621340748,213.82394409179688,7611610,-0.0006327182967265,0,0.0146123926883851,normal,-0.0571144491243138,-0.0774921751025902,-0.0303453193094238,-0.0113540372406336,40.83831219972417,-1.348543579021643,0.0233974495950318,0.1,879630254,-5707793.430303019,-0.5731122195057327,-0.7256079648902847,-1.204726385975173,-1.2271680531140439,-0.1140244768152474,-0.3720211626236017,0.3841071109677407
2015-11-03,216.0353114954005,216.35121030147096,212.1090324078059,212.96649169921875,8323201,-0.0040100859434619,0,0.0138421836373336,normal,-0.0516479526949607,-0.072887946223806,-0.0310746782817215,-0.0128275978979452,40.643635897630126,-1.4833964935041128,0.0232646076282673,0.1,871307053,-6656042.969696978,-0.5628894016455858,-0.7679689994653612,-1.2035459135811115,-1.3137893288274693,-0.2919299119427083,-0.36077493491262747,0.3231641494661845
2015-11-04,215.8999064333686,217.0732782595327,213.91420768195115,215.71939086914065,8418352,0.0129264427842945,0,0.0141767359330516,normal,-0.012600678875246,-0.0621933820269229,-0.016812964224683,-0.0133667584386606,44.10772047048681,-1.3166500092790867,0.0232516342547456,0.1,879725405,-5980801.406060578,-0.3263887293997925,-0.6574109831955737,-1.186189849838894,-1.2271372135428658,-0.06472111023448804,-0.003112865966462603,0.3142974982993102
2015-11-05,214.8168116762684,215.7194033219669,210.3941181213274,211.11618041992188,8906564,-0.0213388811764778,0,0.0144989274648417,normal,-0.0128717486905435,-0.0636509404867858,-0.0343172545112746,-0.0149612499619078,33.259154481439424,-1.4360568101122109,0.0238349637059752,0.1,870818841,-5783509.551515143,-0.9870416574769202,-0.692544470982074,-1.1054412869242107,-1.146769511995562,-0.26069040230065665,-0.39058762116435086,0.25589484732292306
2015-11-06,212.65058539320097,220.9544253167016,210.30384173609104,219.3297576904297,30821077,0.0389054844312291,0,0.0171377109048855,normal,0.0251002742967894,-0.0410418102980696,0.002942369810408,-0.0142015620410542,35.06493268882437,-0.9073489306248392,0.0238242180636824,0.1,901639918,-2816815.8848484727,-0.8442234436478019,-0.3945110672291859,-1.0846340702192634,-0.7170421979201307,0.5428960369884278,0.5362128521535776,0.32369630579650943
2015-11-09,213.0116119319884,224.1134910710701,212.6505808105769,222.12779235839844,22806485,0.0127572049385018,0,0.0173712535409291,normal,0.0388349784766697,-0.0204975090500937,0.0142170305774718,-0.0127748703890937,41.06383391987198,-0.3436703117198965,0.026165316166499,0.1,924446403,824658.9272727666,-0.44199645948822763,-0.07827124682723835,-0.8267129560961711,-0.6668833168832312,1.1562961697253218,0.8292704373177852,0.43269750816844393
2015-11-10,221.04464859761003,223.1657440908725,216.7122204987426,217.7050628662109,11767845,-0.019910743474421,0,0.0179370993521708,normal,0.0222503133201097,-0.0305468225046561,-0.0054106468052179,-0.0126136893105526,36.760407398820064,-0.2476506810032951,0.0276593158266333,0.1,912678558,3254640.666666712,-0.7002904978524344,-0.017475146337530462,-0.6535342597059259,-0.5620314688132519,0.8454041076031553,0.336280654446116,0.47334261719949466
2015-11-13,217.9758652003325,218.246645427122,214.54601446339333,216.84762573242188,9082062,-0.0039385263828979,0,0.0179446257928079,normal,0.0052301040659141,-0.0074364776711506,-0.0084469993311531,-0.0126458354666202,39.936752989999526,-0.2216910765935283,0.0268024325319767,0.1,903596496,4299683.490909113,-0.4941344624204938,-0.007189980514421116,-0.7193215324250576,-0.5405304429963976,0.5956932954296886,0.2427750813876735,0.49839921479962995
2015-11-16,216.17068611515967,225.0612187983976,215.8096549876236,224.11349487304688,14051479,0.0335067959175661,0,0.0194991912674977,normal,0.0615647480324463,0.0479005533770326,0.0223642999702002,-0.010774426156292,45.08671329855813,0.2779111229715351,0.0274293725559291,0.1,917647975,4928850.236363662,-0.16330931608360902,0.24575273428374075,-0.6330495170340497,-0.28221364895893225,0.9446781020589534,0.9819913315816318,0.6286701278953374
2015-11-17,225.64790288158085,227.1371735316173,222.66934780905297,223.70733642578125,11273394,-0.0018122891149223,0,0.0190251766457678,normal,0.0199588910389909,0.0455601389755189,0.0185218240581876,-0.009211740399682,46.6135568185683,0.557949059274657,0.0272774387551288,0.1,906374581,5047433.260606072,-0.057092927736581235,0.38027307524184234,-0.6280782670377991,-0.33688633206560203,0.6554077612755146,0.8708539920637743,0.7413063167618094
2015-11-18,223.4816921509443,224.47453467626823,216.1255621341109,217.5245819091797,10397889,-0.0276376922428415,0,0.0184472017836334,normal,-0.0207232530443176,0.0173069383464092,-0.0087188328718553,-0.0093918039679775,42.85713843392943,0.3157677729391551,0.0295791329578008,0.1,895976692,3859506.315151513,-0.28006995360812365,0.24328917971732145,-0.37165025793236856,-0.4053708036635738,0.41109944513973545,0.21625349615794295,0.7570380077936985
2015-11-19,219.3748800272778,221.13493080367337,217.88559569920915,220.1420745849609,7325199,0.0120330891010473,0,0.0186865559659313,normal,0.0111940975862727,0.0336934830850128,0.0029028028961139,-0.0088475470159921,51.82265008869159,0.3198566563446104,0.0279827756361019,0.1,903301891,2318116.9696969427,0.3112125418080417,0.24548470611880935,-0.5189086480317981,-0.34477816452058335,0.65652329605419,0.5353029896065173,0.823725706954646
2015-11-20,220.18722909638967,225.5576466309444,218.42717814270603,219.28463745117188,13718619,-0.0038949261989357,0,0.0186742072422658,normal,0.0112383601642802,0.0165272420233837,-0.000907951559159,-0.0085596052703604,56.4378249150188,0.2555976446757413,0.0287683952507464,0.1,889583272,201846.56363637192,0.6149527814835203,0.21229534926955188,-0.41618128500832463,-0.3232652123883703,0.3180828674848504,0.44887679515130546,0.8798911869632536
2015-11-23,220.14208236869283,221.360586519064,217.1184088183476,219.05897521972656,10552151,-0.0010290836333464,0,0.0182094367141002,normal,-0.0225533926735805,0.03762286142164,-0.001752033337158,-0.008334896286153,56.04280523027188,0.1916038996596706,0.0286214488088505,0.1,879031121,-3203255.9454545327,0.5815749373588414,0.17594546655966753,-0.41073298517589935,-0.3744760259602621,0.04714309931974511,0.4241463335514911,0.932745833898168
2015-11-24,218.87846111884727,220.23234850721127,217.1635426025681,217.88560485839844,6651669,-0.00535641308534,0,0.0178455208358178,normal,-0.0260238741401951,-0.0065843907695807,-0.0064273061925588,-0.0084074984665148,54.69729006500696,0.0702138536259118,0.0282133832735297,0.1,872379452,-5015981.084848414,0.4811330979421982,0.1059211095229745,-0.43181749408394915,-0.41039911250692024,-0.12553206350659157,0.29928985429143984,0.9651999418054367
2015-11-26,218.38202038475487,221.04466267370609,217.52456117610345,218.87844848632807,13629888,0.0045567196996556,0,0.0178448422221486,normal,0.0062239704830862,-0.0146282634764929,-0.0017192446325421,-0.0081866373000607,56.81580375067458,0.0572950694143826,0.0278497642704306,0.1,886009340,-4210153.139393986,0.5948512005668756,0.08487935898601795,-0.44471538580208625,-0.38356148839643883,0.2755378040995,0.39780830511615894,1.0059341147550385
2015-11-27,219.3297599738065,226.09919701003503,219.14924440733137,225.3771209716797,15149912,0.029690782853651,0,0.0190384866972374,normal,0.0237803082240799,0.0352406049012448,0.0251944036771933,-0.0063093986289852,60.24904906331317,0.4642797426989112,0.0280336310159176,0.1,901159252,-2896585.5636363523,0.7899048440783953,0.28093424066099343,-0.3972003873032677,-0.14110786263937644,0.7028230650877363,1.065217196210666,1.1398783492041398
2015-11-30,225.33200451020943,228.3556921083738,221.13495876107345,224.42941284179688,12865469,-0.0042049881806853,0,0.017956134886094,normal,0.0234616316511027,0.0349636620819198,0.0188570662442773,-0.0048966370971373,65.31673933300519,0.6368481569671457,0.0287552692865261,0.1,888293783,-2750613.6909091,1.0835914195428527,0.3501192118001194,-0.2851571623987398,-0.30942103145961347,0.3332357803906205,0.8687518893080333,1.2289404258557046
2015-12-01,226.41510771878023,227.3628178780949,225.0160879883069,225.8284149169922,9501537,0.0062335950421146,0,0.0171707484109766,normal,0.0309023617520147,0.0076520159792998,0.0227528023164607,-0.0032966927287012,58.86700327867762,0.8017527372241362,0.026136220127006,0.1,897795320,-964123.466666646,0.6387789454240367,0.416603424499946,-0.5734922813356023,-0.4333754234864547,0.5998187590916075,0.9404738631186405,1.3166267067899389
2015-12-02,226.1443277795408,226.23457867592617,220.0067021546832,220.7739105224609,10881754,-0.0223820567327152,0,0.0180747339576015,normal,0.0132560646488764,-0.0131127836493353,-0.0001253192551304,-0.0031755724202521,48.25986543022082,0.5395341412108917,0.025040867232661,0.1,886913566,-282104.81818184303,-0.07433511425159331,0.2392736633857584,-0.6901178834439226,-0.22134617009872873,0.27030696611311367,0.30821972631867023,1.2981244906102007
2015-12-03,220.36773097534515,220.68364354052,216.9830125161347,217.6148376464844,7155630,-0.0143090860170052,0,0.0184238871060913,normal,-0.0057731167622133,0.0004149220125493,-0.0130760510685459,-0.0038596804940997,49.880140741890976,0.1430812491573179,0.0245304166651407,0.1,879757936,-447694.7696970031,0.015792693053642826,-0.027897296083174587,-0.7370925634263086,-0.11808696154752794,0.04253547376112332,-0.07534218918843398,1.2222543700958246
2015-12-04,216.62198138946744,218.5625477970996,214.8619305451689,217.6148376464844,11115170,0.0,0,0.0183878288923482,normal,-0.0344413101548611,-0.0114800269019048,-0.0118454644809209,-0.0044409856138721,51.04295878362965,-0.1154458437296863,0.0245304121644635,0.1,879757936,71652.86060605587,0.07694799137401277,-0.23350445991627625,-0.7234990661196319,-0.09545523291926142,0.011164901837442209,-0.09044406874246022,1.149986178613809
2015-12-07,219.2846194100053,219.2846194100053,214.816793888249,215.40347290039065,7531729,-0.0101618288992136,0,0.0183402025532684,normal,-0.0402172773484406,-0.0176992086444972,-0.01984381687029,-0.0054931926499851,36.273072598184505,-0.4148323078752682,0.0231959401639216,0.1,872226207,-449014.4181818434,-0.9200699740647924,-0.48703313618077776,-0.9124430075787234,-0.07303339253320121,-0.24366730826332317,-0.38360607092045274,1.0489928194538856
2015-12-08,214.9070719613165,216.5768582082877,212.3798126504772,212.96649169921875,8254434,-0.0113135650431172,0,0.017854395952051,normal,-0.0569544059479897,-0.0278120698519508,-0.0280695819187557,-0.0070111568391993,34.09087416206734,-0.7375871295252716,0.0233705527496233,0.1,863971773,-1913011.618181811,-1.092982253898818,-0.7933489890875309,-0.894236514011915,-0.15279089426323972,-0.5492102807423777,-0.7483484278940534,0.9214634413855038
2015-12-09,212.47006600292303,214.99732534294228,210.8454120730478,211.5674743652344,7408777,-0.0065691899360403,0,0.0154515932024868,normal,-0.0417007432419868,-0.0289974663414323,-0.0312756350678942,-0.0086669048257994,39.719599343368905,-0.9901479044629852,0.0221080990552707,0.1,856562996,-4042030.97575762,-0.7784002218018246,-1.0977440088180963,-1.1404512710532961,-0.707578527578934,-0.8780458727256609,-1.0268151492740174,0.7882337113709388
2015-12-10,213.0116081921838,213.6885518622861,208.13761927642904,209.35610961914065,11713559,-0.0104522907064448,0,0.015178827079284,normal,-0.0379511255604733,-0.0435051460435685,-0.0376063492315237,-0.0106470645403382,31.12163605063016,-1.235058124335545,0.0230037127156828,0.1,844849437,-5709597.915151511,-1.4734128088569338,-1.4023369041959408,-0.9946621056406415,-0.7638678589562947,-1.3544401478184998,-1.3759868616384796,0.6357858899370682
2015-12-11,210.2135775587436,211.1161691562864,203.1733741158733,205.15907287597656,12872949,-0.0200473573510671,0,0.0151869384621883,normal,-0.0572376631355544,-0.0897076331818245,-0.0517612659896743,-0.0134184825092622,27.864197135288777,-1.5862405267577004,0.023757131760161,0.1,831976488,-6570423.660606031,-1.7605337466840623,-1.756030809735098,-0.8522705313518738,-0.7486399158425886,-1.8256661432648638,-1.983679272242908,0.43063878251381077
2015-12-14,202.9928430925614,205.5201022991836,202.18051617050108,203.9405670166016,12464883,-0.0059393223136253,0,0.0152010389040284,normal,-0.0532159752553751,-0.0912930509676025,-0.052212540633957,-0.0161086722929099,27.02330784593282,-1.7919244668951433,0.0235829505129388,0.1,819511605,-8130271.090909104,-1.8605051769236483,-1.9485216800664291,-0.9182880450162577,-0.7278148832855941,-2.295440056205221,-2.071622241224741,0.22421836321019203
2015-12-15,204.8882859135897,205.0236691397932,202.18051120988585,204.3467254638672,10404430,0.0019915529960869,0,0.012640244250882,normal,-0.0404747534063979,-0.0951239438182348,-0.0457513970205322,-0.0182979590806909,28.93255732451708,-1.7878640587607069,0.0234572028309778,0.1,829916035,-7655444.987878774,-1.7344562539925807,-1.918632134286341,-0.9669276200249629,-1.4887933039752794,-1.924090717185965,-1.817576233391403,0.04158774011241554
2015-12-16,205.56523634037987,207.235036304816,203.3087573465228,205.15907287597656,13030720,0.0039753385343725,0,0.0127713129124302,normal,-0.0302901072505826,-0.0707277305073406,-0.038114246188791,-0.019934470294379,28.53109543555395,-1.622555875214177,0.0235057372565285,0.1,842946755,-6372523.3939393535,-1.730251539836019,-1.7261242716534806,-0.9245006412929213,-1.4430255293623893,-1.4589818312680323,-1.4671387681136536,-0.11257928413584142
2015-12-17,207.59605933336337,209.7622735739472,206.24217198988487,208.40838623046875,14539096,0.0158380192937237,0,0.0122694805770958,normal,-0.0045268484898577,-0.0423061750548993,-0.0207460511683957,-0.0204429185839597,20.44019289339556,-1.2056268317731806,0.0222421354765026,0.1,857485851,-4240671.157575715,-2.2427709904898965,-1.3400695346332696,-1.2475245176559855,-1.566598144968528,-0.9776948879860878,-0.7400180841839955,-0.19379250744843438
2015-12-18,207.55091921994403,209.71714715177305,203.80516988572523,204.43698120117188,18871084,-0.0190558791857112,0,0.012358127696498,normal,-0.0035196672741897,-0.0605558728799549,-0.0357878992697154,-0.0218543597238638,18.492112350904137,-1.1109043283720723,0.0222169441020831,0.1,838614767,-2868186.109090878,-2.2676334202254798,-1.222361167912336,-1.2145857700422322,-1.5024377551593824,-1.6941056693577838,-1.3599797339811965,-0.35315565959514983
2015-12-21,204.7980249054368,208.4986559089057,204.43699378081016,208.00222778320312,9557098,0.0174393427308678,0,0.0132237223462287,normal,0.0199159040597887,-0.0343599154532207,-0.0171968259600773,-0.0220719716815651,23.70172976637953,-0.7395966777199416,0.0222235873328237,0.1,848171865,-977814.9939393916,-1.8192561960315305,-0.8892484301898357,-1.1736532788223184,-1.1962796641893352,-1.3255676957311147,-0.5487242461203921,-0.4227953101374723
2015-12-22,209.085352990026,209.6269134961998,205.33960310176727,206.1068115234375,9155574,-0.0091124805727618,0,0.0132979585974763,normal,0.0086132334911406,-0.0322101384168428,-0.0237209592653806,-0.0226815785643733,26.138045501463893,-0.5611964307454489,0.0217554372668137,0.1,839016291,154433.35757576473,-1.5888193306053449,-0.7170180601258038,-1.2676451158668895,-1.1589688736128556,-1.626403960057447,-0.7998453955100554,-0.5259212675819448
2015-12-23,207.82171182555183,208.49865551228004,206.6032076804593,207.2801513671875,7914311,0.0056928727152549,0,0.0134220563638373,normal,0.0103387018739999,-0.0202645657651779,-0.0164617812825149,-0.0228227552641359,32.02506799377487,-0.3159389173609113,0.0211501745325089,0.1,846930602,1526943.6242424685,-1.156341660187786,-0.490419869368148,-1.4091592538939683,-1.1178474404114838,-1.3309840684837466,-0.486433646277815,-0.5934344819626598
2015-12-24,208.36327205342224,208.49865528163627,205.4298494141784,206.0616607666016,7257958,-0.0058784721670113,0,0.0133396994186895,normal,-0.0112602256862736,-0.015736100840488,-0.0201677803129791,-0.0231859536002527,30.72285015512884,-0.1935543112564128,0.0210562313134522,0.1,839672644,1839417.6303030525,-1.201624789298824,-0.36378336478554785,-1.3927106960643447,-1.1278776687669403,-1.5595495437353222,-0.6313545714962021,-0.684400140000811
2015-12-28,206.7385921830628,207.55091904904617,205.79086832444625,206.6031951904297,8756879,0.0026280212525389,0,0.0110292796650591,normal,0.0105959987108505,0.007039037046761,-0.0159439735672739,-0.0232762878170081,34.44969497151925,-0.0418378315281464,0.0200648857565033,0.1,848429523,1834091.987878783,-0.9251986615658663,-0.21051283253793762,-1.627097889170602,-1.976860241693728,-1.2347961906415441,-0.4445822713557141,-0.7528880715559153
2015-12-29,206.55808254380173,207.5509249892578,205.33957843749863,205.9713897705078,7263286,-0.0030580621918239,0,0.0110326789882047,normal,-0.0097635397194496,0.0099579146200026,-0.0171792137457973,-0.0234389964694096,36.797201564644645,0.0455256189564314,0.0194378154635746,0.1,841166237,402164.1818181892,-0.7434398437870615,-0.11048682921974047,-1.7380200248085647,-1.904242087456507,-1.4652397168945226,-0.48736873571756145,-0.8308804228336669
2015-12-30,206.69346600145195,207.3252773351752,202.9477165588789,203.80517578125,11702877,-0.0105170625477227,0,0.0108309760501489,normal,-0.0111671988187822,-0.0026501510185097,-0.0249604777259897,-0.0240726730750092,35.76152378649246,-0.0100520313305998,0.0197235007833086,0.1,829463360,-1236954.0909090557,-0.7849114244780382,-0.13371932768548941,-1.603603783368052,-1.9176072069634507,-1.7976865245685314,-0.7932794306663586,-0.9576241025414215
2015-12-31,203.9405572420557,204.4821176791096,202.1805064803116,202.586669921875,11558305,-0.0059787777945485,0,0.0100427496952039,normal,-0.0226431783957847,-0.0125385775926987,-0.0279395688065697,-0.0248648275996857,37.113349956196416,-0.0918054926433438,0.0186964777141288,0.1,817905055,-2632323.7272726954,-0.6701354569857553,-0.18415854973821452,-1.8477070387218693,-2.152822574033761,-2.0895083895723943,-0.9033220877718754,-1.1081322475098443
2016-01-01,203.0831226876957,206.60322463863344,202.6318268595008,205.61038208007807,6449426,0.0149255237739438,0,0.0106117110489144,normal,-0.0021900177104496,-0.0134255833030466,-0.0121674733793027,-0.0246601789145101,50.899309121889615,0.0852578929110237,0.0170575599660335,0.1,824354481,-2403097.66666665,0.2631128204639015,-0.0034568679815209172,-2.2530882891986272,-1.857201318457347,-1.8115264713939636,-0.24718160587684548,-1.1548008435650259
2016-01-04,204.8431628877212,204.8431628877212,198.6152862952215,199.20196533203125,14092071,-0.0311677682965978,0,0.0123312722041002,normal,-0.0358234046263253,-0.0256069906647135,-0.0390246118162157,-0.0261084123486322,42.175853024985344,-0.1868700428957197,0.0189170786958492,0.1,810262410,-3799009.927272698,-0.3050154150132684,-0.23406641067286119,-1.665757942625244,-1.1443231750119756,-2.1457954210345433,-1.3295932384056448,-1.3926106353909697
2016-01-05,201.0973966444161,201.0973966444161,195.8623629897388,196.539306640625,15074848,-0.0133666286222031,0,0.0124313491240912,normal,-0.0457931712768069,-0.0551096075496158,-0.0471626314684408,-0.0279986782583442,38.0027639738008,-0.4868055575558854,0.0200426448425997,0.1,795187562,-5036381.824242375,-0.5664327500294114,-0.4911599783197789,-1.3043521462640737,-1.0696348949387187,-2.4367094328817984,-1.5988402763188865,-1.677108974694938
2016-01-06,196.6747152203548,198.4798985221385,195.32082774401687,195.7270050048828,11921123,-0.004133023819136,0,0.0123274150905355,normal,-0.039636730251825,-0.0503612978233586,-0.0464601037948489,-0.0297740092615084,35.5062337216532,-0.6692522157632896,0.0198458405686736,0.1,783266439,-6892134.418181771,-0.7121184688872036,-0.6379270634914883,-1.3331671411368735,-1.0741776279421762,-2.5802219370402333,-1.509199604209647,-1.9199028309933857
2016-01-07,193.1546067379404,193.2448714089495,188.6416486365866,189.13807678222656,14342279,-0.033663868828381,0,0.01398576113441,normal,-0.0663843931332437,-0.0875244178726165,-0.0716138538492707,-0.0330137064125598,23.14465323210689,-1.1356204319297794,0.0214745959090097,0.1,768924160,-8326816.624242431,-1.504853654796295,-1.0525440797372392,-0.8044856825552894,-0.4099601001863224,-2.734330815494884,-2.3532594205825523,-2.2902706181015406
2016-01-08,191.34940349051288,191.80069925346217,188.28059781143887,188.59649658203125,11745840,-0.00286341179634,0,0.0139470517810369,normal,-0.0827481828783358,-0.0847569806027744,-0.0676773811854668,-0.0358901413220394,25.5910825281844,-1.3669814558593876,0.020630369955301,0.1,757178320,-9940512.24848485,-1.2910203258448554,-1.2388937210474558,-1.0535104310945165,-0.4190225677926708,-2.7845660527415816,-2.082113679095569,-2.542982700932017
2016-01-11,186.65593875570977,187.28775009793483,182.91017549027848,184.3994598388672,19287860,-0.022254054657577,0,0.0140795019445575,normal,-0.0743090333897616,-0.1,-0.0806833504621019,-0.0394460877750744,14.32465207546177,-1.6690832668699604,0.0217292483966565,0.1,737890460,-11022549.830302987,-1.9495712646171857,-1.4860652228725122,-0.6668765283829443,-0.3637119163546378,-2.9570864544265256,-2.3963140074937335,-2.785463969546305
2016-01-12,184.89589613866187,185.0312793706828,179.25469859687274,179.9767608642578,20318816,-0.0239843380152742,0,0.0146925327536443,normal,-0.0842709077357846,-0.1,-0.0938668978429724,-0.0436639977912024,13.30793574610395,-2.0102844146499814,0.0228542735349046,0.1,717571644,-12357238.10303028,-1.9161328506584068,-1.753295881122133,-0.26226146661714517,-0.13005439462541832,-3.0,-2.6428109842905942,-2.9993034750077143
2016-01-13,181.7368352216507,182.6845454413236,175.1027810492062,181.3306579589844,23788247,0.0075226217441912,0,0.0149039260755148,normal,-0.0735531974524377,-0.1,-0.0794183054648872,-0.0468486836902011,13.745316339982864,-1.984875230479287,0.0247280122039043,0.1,741359891,-11676461.151515152,-1.8086264164493098,-1.6670322652455707,0.39026827008584575,-0.055470568797715246,-2.4083411336901235,-2.045241412925203,-3.0
2016-01-14,177.81053845662314,181.87220050258665,175.3735439835359,176.9530792236328,20256636,-0.0241414153823992,0,0.0152503498749537,normal,-0.0644238207657337,-0.1,-0.0928611346162632,-0.0507248749038751,12.63039575744125,-2.092259249638878,0.0267242371591171,0.1,721103255,-11803224.448484857,-1.8073695702370303,-1.7127506327603588,1.0580430549978872,0.06901369601477458,-2.606304811565962,-2.33891939873567,-3.0
2016-01-15,178.53262805684153,178.53262805684153,163.36908584289904,166.34764099121094,29090426,-0.0599336178774191,0,0.018315012396967,normal,-0.1,-0.1,-0.1351017902932444,-0.0569911415049142,8.93193273909776,-2.669924989923259,0.0341834021243956,0.1,692012829,-11913421.36969696,-1.982408153391801,-2.200082180671759,3.0,1.2358270932433728,-2.8922844382321267,-3.0,-3.0
2016-01-18,166.88919690821206,169.82261988201347,161.69929472379417,163.3690948486328,35653244,-0.017905550838172,0,0.0182903206610439,normal,-0.1,-0.1,-0.1382289732205778,-0.0632049566260353,8.52379517768017,-3.0192562749990426,0.0373914815178644,0.1,656359585,-13303670.854545416,-1.941875954464499,-2.4493920351214453,3.0,1.1878087924215237,-3.0,-3.0,-3.0
2016-01-19,164.40705907694007,169.50671002452225,163.82038002934326,165.12913513183594,24501774,0.0107733980214181,0,0.0177991871800212,normal,-0.0824974605672577,-0.1,-0.1181148202309205,-0.0679840991527883,12.046100396298767,-2.8978724126423945,0.0377542742959625,0.1,680861359,-12496961.018181814,-1.6724915563048721,-2.268414284237483,3.0,0.9682019174360782,-2.57812530829149,-2.4457824989631485,-3.0
2016-01-20,163.05315666756766,163.05315666756766,154.79444956146247,156.73501586914062,28655794,-0.0508336657610034,0,0.0198531010997907,normal,-0.1,-0.1,-0.1497496647086915,-0.0744680254052284,10.559042244884196,-3.1292264606282814,0.043437145495603,0.1,652205565,-12662263.8666667,-1.7166046722136168,-2.3884359311936403,3.0,1.6781547049655132,-2.780642400269174,-2.9941025977155498,-3.0
2016-01-21,159.75870937065145,161.24797996597232,155.29088381223428,158.49508666992188,28697205,0.0112295953206189,0,0.0201695305157613,normal,-0.1,-0.1,-0.1285658357018256,-0.0794535858878844,8.57144620530174,-2.9143930077653124,0.0438293194897076,0.1,680902770,-10629799.903030304,-1.8169186525424679,-2.1048938333890317,3.0,1.7184663981497037,-2.2297220152036115,-2.326479132515576,-3.0
2016-01-22,162.3762168348773,167.3404704362738,160.93207859612545,166.618408203125,21432409,0.0512528287398621,0,0.0247713301572731,normal,0.0016277189763596,-0.1,-0.07652314145293,-0.0811634313797936,22.187991503997708,-2.018429510838109,0.0424856730705569,0.1,702335179,-7144425.509090926,-0.9060115595013619,-1.2140341715277372,2.9714892670454867,3.0,-1.8388222668135865,-1.0346301771169018,-2.981809705267785
2016-01-25,169.5969609235997,170.40930165002828,164.7229716548493,165.12913513183594,17534650,-0.0089382264981998,0,0.0245886182661187,normal,0.0107733980214181,-0.1,-0.0773276966151668,-0.0828613647668865,22.641525984408133,-1.3513677067351215,0.0430640581122777,0.1,684800529,-5236578.557575744,-0.8499092436943368,-0.5391012334719761,2.8087630308045033,2.7600795436003,-1.9783983617693974,-1.0194944454337438,-2.809107109332195
2016-01-27,166.43788146972656,168.0625490645736,163.41420794698084,166.43788146972656,16569813,0.0079255931235013,0,0.0248926308927137,normal,0.0079255931235013,-0.0752257087499344,-0.0637721172196421,-0.0836919960522645,24.70770443823332,-0.6811024288025038,0.0433645697748184,0.1,701370342,-3135997.0424242504,-0.6832379106417851,0.13807895361454472,2.6340741523050677,2.632797732856219,-1.6793439952998725,-0.6718985347309278,-2.631293430394512
2016-01-28,166.25738462452574,167.79178772532404,164.72298152372744,167.20510864257812,20241030,0.0046096908112298,0,0.0251145875467961,normal,0.0668012359291754,-0.0778993992268056,-0.0541002255120044,-0.0839167837798675,28.94283093281831,-0.0769718067823639,0.0414497543762459,0.1,721611372,1850903.20606058,-0.3762980383538848,0.7271120991747922,2.2023669080356707,2.5040305089649535,-1.3590810380614824,-0.4307660041711826,-2.4584699776171677
2016-01-29,166.25738289831105,167.65640274162874,160.7515819734996,162.37623596191406,24259147,-0.0288799350681705,0,0.025463026646573,normal,0.0244875054081328,-0.0823768838930266,-0.0742393352973603,-0.085334807004256,26.74142454140555,0.0970827838439536,0.0441713426065689,0.1,697352225,4403510.842424246,-0.5102890251423436,0.874672527004422,2.420144451076336,2.422598978879189,-1.608100126030711,-0.8931722445745084,-2.3544177767760273
2016-02-01,164.22653894409183,164.22653894409183,155.3360199433106,155.92269897460938,22915269,-0.0397443440480932,0,0.0255026989197925,normal,-0.0641928424587783,-0.0626696113902353,-0.1015321660451502,-0.0883252206636305,25.71210749982889,-0.1114537311422427,0.0474674160832756,0.1,674436956,4054724.2545454665,-0.5634332607529116,0.6478983100111415,2.649224775601105,2.27979183526808,-1.8145942352666078,-1.4888599794574497,-2.3175632598889595
2016-02-02,156.23858621455685,160.11971844924628,152.17692467108435,152.89898681640625,35957332,-0.0193923795450431,0,0.0252057132492669,normal,-0.0740641456497993,-0.0640886701485827,-0.1088597747201948,-0.0916442349979909,26.34070145059394,-0.3297216769040059,0.0494180980966133,0.1,638479624,-419213.3999999899,-0.5034853149512875,0.4149395823051986,2.6709821972220613,2.0823553940973647,-2.137231692544079,-1.594656842066787,-2.2921218472175346
2016-02-03,151.45485555013877,151.45485555013877,147.34806149517016,149.8753204345703,24132003,-0.0197755815443473,0,0.0252535079890478,normal,-0.0995119674012963,-0.0923750656423366,-0.1158319368720296,-0.0952583629930018,23.29502366383595,-0.5418927048209099,0.0494472150200799,0.1,614347621,-4359263.727272718,-0.689817044777698,0.19288939684697942,2.4837990743758214,1.9847368912044714,-2.2795029044507333,-1.6785103552902496,-2.2749775306907782
2016-02-04,152.80875826325556,153.2600540562525,144.59516932172937,146.98704528808594,23811109,-0.0192711857970324,0,0.0251956159379624,normal,-0.1,-0.0621939553647242,-0.121757294162706,-0.0990947495325704,23.899386616566773,-0.7292445114407542,0.0514715277643877,0.1,590536512,-10702260.957575746,-0.6351551782009527,-0.004458081820890291,2.519414933406837,1.8745513412238286,-2.3863440803102685,-1.7325036182766065,-2.26191598117167
2016-02-05,147.75424055425324,152.8087589681158,146.40035316901736,151.81590270996094,22732245,0.0328522653980201,0,0.0267908937899247,normal,-0.0650361993514253,-0.042141268226635,-0.0848073169219906,-0.1006189535235412,35.92656738121063,-0.39706735205616,0.04571511134137,0.1,613268757,-13144666.87878788,0.19045356281782622,0.31743453090991464,1.802008104256788,2.119604976760732,-2.025808752310657,-0.8942891694668564,-2.1778331679590823
2016-02-08,152.94413953666933,159.66844401185764,152.13181262864288,155.38113403320312,22289005,0.0234839121567747,0,0.0278187581924824,normal,-0.0034732912203786,-0.0674431732430337,-0.0576325354266358,-0.1004841570893548,42.350887313378095,0.1635905539397715,0.0445416957136797,0.1,635557762,-12122675.406060638,0.6298966670124525,0.862049783118795,1.6085715192200851,2.210173591132258,-1.7151360162421068,-0.276787522861836,-2.0554143298405823
2016-02-09,151.63538281565346,155.60678018993886,149.9204643523153,150.77792358398438,19008384,-0.0296252854496164,0,0.0280477176316189,normal,-0.013872317119856,-0.0869090214539901,-0.0780386117106456,-0.1015614500079381,36.96721631776169,0.316401424716016,0.0456877463291061,0.1,616549378,-12497058.309090924,0.2600101799944867,0.9970654382427734,1.6562741485812345,2.1342031698835275,-1.8353128806234065,-0.7045325617641375,-1.9814469250515618
2016-02-10,148.9276195022295,150.01072670775466,142.6094780688016,143.51206970214844,32294785,-0.0481891095800162,0,0.0291979217902384,normal,-0.0424569616530016,-0.1,-0.1121111884776525,-0.1046107731929628,37.74060668066831,0.0349262504751308,0.0469226881487864,0.1,584254593,-12701034.060606042,0.31593439782194094,0.7145023577547883,1.7043546208712244,2.2290015324470085,-2.0646167739982646,-1.4082555623982538,-1.968948476280898
2016-02-11,143.96335234557017,151.18408475161758,137.3744312705611,139.22474670410156,72749830,-0.0298743026070558,0,0.0291569002309778,normal,-0.0528094062219614,-0.1,-0.1271111007054184,-0.1084353462437637,32.9336457320094,-0.3139923308918071,0.052396353499397,0.1,511504763,-14104195.52121211,-0.0004957693418402094,0.38474922319030924,2.119242350856813,2.106173976054404,-2.6154031160439257,-1.6772269893099543,-1.9768512916767242
2016-02-12,140.93968188101866,142.2935693679543,133.80921329213984,139.72119140625,41187889,0.0035657791728904,0,0.0292437149190864,normal,-0.0796669590459009,-0.1,-0.1135299025150324,-0.1113325085177882,22.458437729872895,-0.380887713744503,0.0520256181530507,0.1,552692652,-12331274.545454515,-0.6992291493975967,0.3384120268484438,1.9759453238514186,2.016585659166351,-2.099823206061497,-1.337340486693652,-1.9578490085747096
2016-02-15,143.51205912464644,153.44056635968488,142.60946755782476,151.5,35956266,0.0843022341507395,0,0.0340222274706627,high_volatility,-0.0249781548921748,-0.0283646897064652,-0.0352335896831337,-0.1095243932276853,38.47328397952444,0.4533725730908795,0.0517681206440962,0.1,588648918,-8371337.927272712,0.41800117000555,1.1665523539737408,1.8602725169597611,2.6579307102655365,-1.686141810945554,0.3990212174870399,-1.8191749663652983
2016-02-16,154.1175080464749,154.1175080464749,140.48837005432037,141.16531372070312,33816243,-0.0682157510184612,0,0.0368383545417894,high_volatility,-0.0637534304412075,-0.0767413397565044,-0.0923107851376466,-0.1111396706794969,31.456962465492023,0.3964615631709129,0.060102269778588,0.1,554832675,-7613224.115151495,-0.04727260342579642,1.1070387498671792,2.424534733871899,2.8595469966526497,-1.9137967179829065,-0.8373214834063033,-1.780705840946164
2016-02-17,139.9017000854473,144.27927491968362,136.51698153499294,143.46693420410156,32447698,0.0163044335944466,0,0.0369963605694773,high_volatility,-0.0003145066344631,-0.0427581152913457,-0.070650934045685,-0.1114277268978367,32.96631705957773,0.5894809792628699,0.0614748262521615,0.1,587280373,-5680133.65454545,0.08936590827969489,1.2854130071105065,2.371610594781871,2.658027145008773,-1.5534879853415093,-0.3314648221602126,-1.712272497043359
2016-02-18,146.17469716156677,147.7542323567079,141.1653113596285,144.234130859375,21024178,0.0053475503573665,0,0.0355463389377263,high_volatility,0.0359805585850339,-0.0187289595713376,-0.0597999108662078,-0.1110671531853022,36.17605838010645,0.8297666572725539,0.0609913931699262,0.1,608304551,-3859589.260606044,0.3555419888508695,1.4934078148374683,2.1937044895982205,2.290425582463776,-1.31430736181243,-0.06524922010308674,-1.6336240434385638
2016-02-19,142.51921899061136,149.1984056030209,141.79715667355595,148.65684509277344,24592575,0.0306634373365517,0,0.0362306963368438,high_volatility,0.0639534604349483,-0.0208084763242674,-0.0281034991182982,-0.1088454934130157,44.286736878782,1.3184771260819836,0.0584612443825081,0.1,632897126,602481.14545456,0.9904701972060431,1.8979842561792133,1.8996678987400362,2.2407276123171895,-1.0547343852208884,0.6738885166329305,-1.515509372556577
2016-02-22,149.7850837284786,150.5522921510525,147.75425248661853,148.8824920654297,15815058,0.0015179050282914,0,0.0339781300429072,high_volatility,-0.0172772800961736,-0.0418238804099907,-0.0241534822939106,-0.1064599370282241,46.69639295936673,1.6664243271089472,0.0559043685925718,0.1,648712184,7175205.121212131,1.2109464143634514,2.1246457807220267,1.636680207528601,1.8454869286196276,-0.8806966766229857,0.7807254672158432,-1.401548347307598
2016-02-23,148.92762145033396,148.92762145033396,142.60947993425918,143.06077575683594,20200068,-0.0391027596853716,0,0.0348181175636446,high_volatility,0.0134272505488353,-0.051182213176254,-0.0567138854663072,-0.1060787430580103,44.64160761130292,1.518177156703647,0.0585624034670474,0.1,628512116,11219434.066666678,1.1105318449433297,1.9260516783341053,1.748268994395955,1.8627454190636628,-1.0333992551225049,0.0562306686866367,-1.3439595859547555
2016-02-24,140.80427777165454,145.04645518079698,140.17246645922117,141.07505798339844,19440950,-0.0138802391007069,0,0.0346812965133824,high_volatility,-0.0166719685896427,-0.0169812317793749,-0.0635813504778043,-0.1061158127051822,45.28437053780726,1.3080405608923726,0.0574673134955973,0.1,609071166,11905259.006060636,1.2586992264251933,1.7033839161589204,1.6015477745393918,1.7621187717521536,-1.1754663360786775,-0.07839424187016429,-1.3003043942871721
2016-02-25,142.24843085324662,142.69972661893274,136.29132123720834,137.01339721679688,22713124,-0.0287907786440855,0,0.0348628084951466,high_volatility,-0.0500625864319047,-0.0158833076709022,-0.082631094121785,-0.1072754024989237,38.04665380434502,0.93466545875064,0.0591708892591067,0.1,586358042,6201390.660606054,0.7068257080692705,1.3685884826602324,1.6469725157039408,1.7060514172414363,-1.3440230630637298,-0.5263038106859428,-1.287241400107315
2016-02-26,140.35298865760038,143.24127891728523,137.69034628964803,140.71401977539062,30051402,0.0270092022660983,0,0.0354487270833134,high_volatility,-0.0534306059867332,0.0071057823022271,-0.0526338221842052,-0.1066264611099115,38.18182712357871,0.971789059184662,0.0567900586743123,0.1,616409444,3975236.490909108,0.7473642579699278,1.3841718726216243,1.428370422415127,1.699289609378995,-1.0311205579863354,0.2741328768469996,-1.2307820831981764
2016-02-29,142.78997936749494,147.93474840880262,138.09650609774857,143.28640747070312,66981910,0.0182809623335227,0,0.0349593182420089,high_volatility,-0.0375872576895558,-0.05421513220658,-0.0320595451415242,-0.1047802817538626,43.75939971954643,1.1900429961822994,0.0578402638625086,0.1,683391354,7027400.696969714,1.2818470013711871,1.5332967899311658,1.4421524873577805,1.575835964092884,-0.3753136148943593,0.8311857131004681,-1.1468626302406697
2016-03-01,144.86593405020608,147.03214811580733,143.1058834003484,146.26495361328125,23588231,0.0207873600514907,0,0.0351603254059882,high_volatility,0.0223973191777704,0.0361253041428279,-0.0108139026512313,-0.1017306532758698,52.46961456803339,1.533592421570381,0.0545907307560611,0.1,706979585,7963386.32121213,2.0730779852084176,1.7583828365483942,1.184569252998935,1.5360559065279666,-0.12391182020425172,1.3937970394059047,-1.0351379834495458
2016-03-02,155.69704408227668,165.35477101868645,155.69704408227668,163.50445556640625,53333757,0.1,0,0.0438246377948226,high_volatility,0.1,0.1,0.0947479742096968,-0.0924425504961232,67.67409628236345,2.8442707194306927,0.0511415131704419,0.1,760313342,12127460.860606069,3.0,2.6358234154483027,0.9257594113140175,2.3477240730860167,0.42365822615709126,3.0,-0.7642594269187636
2016-03-03,166.07683249080884,166.61839288834702,161.11257934570312,164.94859313964844,33507048,0.0088324050145267,0,0.0434458812794167,high_volatility,0.1,0.1,0.0935425002185119,-0.0835008054499044,68.11403373260171,3.677912813810495,0.0494039511012532,0.1,793820390,17423435.109090913,2.8868694527224164,2.9760731397317044,0.7840162061059502,2.171087588471436,0.7793993213410212,3.0,-0.5010423512016842
2016-03-04,165.53527553378686,171.35700172473673,161.1125826942973,170.04823303222656,38860711,0.0309165406961711,0,0.0433865685593996,high_volatility,0.1,0.1,0.113841632098679,-0.0735916283868095,64.7311561607234,4.39375987229222,0.0464627062066416,0.1,832681101,24229912.666666668,2.4622875239491706,3.0,0.5665126849034706,2.048055444204511,1.18197121781215,3.0,-0.20714487638284768
2016-03-08,168.73951035491783,168.73951035491783,163.73012381996548,165.4901885986328,27928279,-0.0268044210299435,0,0.0438092781090623,high_volatility,0.1,0.1,0.0753841381677531,-0.066335891865674,71.27075464875578,4.371904279555348,0.0445868411498981,0.1,804752822,28145742.81212121,2.7067201393797817,2.8416628291255113,0.4209080005714467,1.9822765907780355,0.9123052111747052,2.394827948284187,0.019690889583720256
2016-03-09,162.4664726786963,166.0768387382229,161.29310095485948,165.5352783203125,29453018,0.0002724616006635,0,0.0431042947175456,high_volatility,0.1,0.1,0.0679798382207863,-0.0597659796684135,70.09039539546632,4.1726134768263,0.0432894477364782,0.1,834205840,30430028.33939392,2.4423881651531656,2.52455727440718,0.3146151358010391,1.8243886081701672,1.2125711693080665,2.1334431903315267,0.23161049843544487
2016-03-10,166.75378436989402,166.75378436989402,161.92491419850964,162.9177703857422,20472928,-0.0158123873118176,0,0.0415605415226419,high_volatility,-0.0035881907843531,0.1,0.0460027251991213,-0.0547561405255396,66.4547066913468,3.693125882902029,0.0432132900333725,0.1,813732912,27808288.10909091,2.081786511032102,2.1218283816593293,0.2897959210124079,1.6092293866972107,1.0053216805534964,1.6753753586890054,0.40170154121043605
2016-03-11,162.466482770447,164.8583449244746,160.2551361761179,162.55674743652344,21869157,-0.0022159826295434,0,0.0407149634923188,high_volatility,-0.0145005523090459,0.1,0.0393605860238823,-0.0503220880971599,63.18495034280084,3.198738119834779,0.0420797841873912,0.1,791863755,19998728.066666704,1.789548991033844,1.7618386464254916,0.19345183264619975,1.4739235016602255,0.7931766205147724,1.5066088844050936,0.5564491633946933
2016-03-14,164.6778318625676,165.53529111348206,163.0982965894525,164.0460205078125,14369755,0.0091615580083539,0,0.0406981899540076,high_volatility,-0.0352971178670028,0.1,0.0440223026609114,-0.0457549484925766,64.0468414159173,2.8317188410766168,0.0417763623455806,0.1,806233510,12485421.303030312,1.7589665998812312,1.4987681355206444,0.15326404934474064,1.4193313467679838,0.9544367131986288,1.530749006724562,0.7156628398053039
2016-03-15,163.95576122621608,168.06255582571205,163.95576122621608,167.25022888183594,22369600,0.0195323749037292,0,0.0367625319352951,high_volatility,0.0106353149882001,0.1,0.0579244695310257,-0.0404921431582809,73.55013257051313,2.666760522391196,0.0400315903162741,0.1,828603110,8356837.436363657,2.1907280034825134,1.357316889252592,0.011967127456220302,1.0253544148806444,1.199702350913867,1.6979889951748366,0.8959312023056822
2016-03-16,166.97944232420693,167.7917692373429,163.91063646074386,167.1599578857422,19237834,-0.0005397361587918,0,0.0324770057646639,high_volatility,0.009814702835041,0.1,0.0516093319478048,-0.0358008288969148,76.36867213567889,2.4207734229971685,0.0396289544751177,0.1,809365276,2991323.406060623,2.2162213768901613,1.183089487046637,-0.03714291038853891,0.6075691891345923,1.009884228025896,1.5406367731382238,1.0563715119854302
2016-03-17,169.68722292013337,170.86059476928486,166.97944808630146,168.1979522705078,21560986,0.0062095874986707,0,0.0324353909036549,high_volatility,0.0324101040191238,0.0287056195982091,0.052312647571963,-0.0312315629543221,83.57636927662922,2.2033799323376315,0.0383111434809367,0.1,830926262,1116408.278787865,2.436671742315602,1.03318291160727,-0.15204230940347155,0.5793462004809272,1.2445859827020498,1.5058560340938225,1.2101249656273525
2016-03-18,168.6492237204357,173.2975643382353,167.88201545266546,172.62062072753906,21144216,0.0262944250945362,0,0.0326668778794083,high_volatility,0.0619099080765346,0.0465116279069768,0.0718181459488562,-0.0256194508766228,83.82782265618403,2.226284531201229,0.0369934488894016,0.1,852070478,1772703.042424251,2.294744953088333,1.013255921636005,-0.26946285002298903,0.5764774286648154,1.4606549454811337,1.738237955179408,1.3893104415405844
2016-03-21,174.20018445456614,178.08133121503977,174.20018445456614,177.63003540039062,20678069,0.0290197929525368,0,0.0326128823457268,high_volatility,0.0828061226388068,0.0445861873009123,0.0922160716610664,-0.0189410827509971,84.62246301235844,2.4309732402796485,0.0341898894064405,0.1,872748547,5441544.872727273,2.1953511933369128,1.086868498749311,-0.4984765122408096,0.547099422643469,1.6618860314372157,1.954339089231221,1.5905000476866276
2016-03-22,177.62999904602532,178.9387538861625,175.55403596902195,178.26181030273438,16728809,0.0035566896156931,0,0.0325900356497686,high_volatility,0.0658389617432346,0.0771744948280703,0.0861597205947179,-0.0128784257157812,83.85871397514444,2.4539591645962844,0.033851722593795,0.1,889477356,7675315.915151495,2.041158916164478,1.065978207169144,-0.5484864218094543,0.5206529319763107,1.8031163400925676,1.789778849176764,1.7582213136163465
2016-03-23,177.72027512078554,178.35210023951512,176.27613686822147,177.4495086669922,13362780,-0.004556790006579,0,0.0307397796695041,normal,0.0615551170949872,0.0719739651122917,0.0729120776999583,-0.0078616391203596,72.62092464551426,2.264101683101466,0.0271581144376618,0.1,876114576,10116778.53333336,1.4600316571586887,0.9409140546819023,-1.0767425951101555,0.3167777177797974,1.6486173991818531,1.548663240663808,1.8797503314169053
2016-03-28,176.72741334937348,178.93875970600374,169.37128457339765,169.95797729492188,19760603,-0.0422178197524861,0,0.0325586642529186,normal,0.0104640098209012,0.0432132534867775,0.0249204239324021,-0.0060137761530019,56.79316956365378,1.5193775376202163,0.0300622120220714,0.1,856353973,9607543.53333334,0.7159655061513606,0.5442034470691954,-0.8835430353826577,0.47061952164573706,1.4387522296901119,0.8644712990011482,1.8988938901159838
2016-03-29,170.13853076139665,172.62065786799528,168.46873065342973,171.04112243652344,16804848,0.0063730173707705,0,0.03128739687756,normal,-0.009150113609594,0.0521933117744808,0.0283718198415239,-0.0040225239233935,51.51105178678913,1.0096662413582869,0.0273275496257858,0.1,873158821,8040373.884848505,0.4621471114951756,0.2739731990800206,-1.1224165526200562,0.31618399567937944,1.5861114405910146,0.8940191712082189,1.9165469264421124
2016-03-30,173.5232380038152,178.98392002968765,171.94370267738256,178.30697631835938,20709407,0.0424801578610571,0,0.0318742194760031,normal,0.0038109597650131,0.086932653205493,0.0647502702910034,0.0001553899783681,68.02031240949199,1.0662411487079089,0.0268648149971768,0.1,893868228,7575397.181818141,1.1776329390186149,0.29308806692243344,-1.189277068991637,0.34963006642078087,1.7505571842058893,1.3522418378573355,1.98646239908076
2016-03-31,178.57775012327733,179.39007703862134,173.61349641906392,175.3284149169922,30132473,-0.0167046823566179,0,0.0324869788672569,normal,-0.0164555458107406,0.0482999998813966,0.0423019910413968,0.0027756093830269,62.71983631165316,0.818582697757158,0.0277256899815275,0.1,863735755,5895898.703030286,0.9242904137421983,0.15982174362384682,-1.1609317411006865,0.3879880632446126,1.4336930321921384,1.0269421731707875,2.0047335262412704
2016-04-01,174.83194483014435,178.0361469337593,173.29754226251856,176.5919952392578,21752206,0.0072069340435425,0,0.0324051585153586,normal,-0.0048324361908694,0.0564252197285348,0.0448568136241589,0.0054539191370315,68.4082326532222,0.6620771958735929,0.0274907916105666,0.1,885487961,3694511.678787881,1.1463517178674756,0.07235527592350782,-1.2145537810898308,0.35216253654148766,1.609665621751912,1.0329066667256266,2.0165426667196007
2016-04-04,178.08131692105022,178.2167001455961,173.7940070260114,175.7345733642578,15732565,-0.0048553835854128,0,0.0202234203740658,normal,0.0339883785467276,0.0448080430945383,0.0358588493541083,0.0074676591411817,67.50601221740956,0.4340424605256423,0.0275515493339891,0.1,869755396,1149684.5999999885,1.0741431215987416,-0.052746300743038266,-1.24035142190642,-1.0622764293052935,1.4265631488798596,0.8887680608353359,2.004118278382268
2016-04-05,175.0125157444782,175.59920858151912,165.44505250054218,166.3927764892578,36635637,-0.0531585600725054,0,0.0238399029090355,normal,-0.0271767741058336,-0.0360782171448169,-0.0174086234239955,0.00609365252121,52.5793899036886,-0.3693137169880769,0.0322368106182549,0.1,833119759,-2454491.721212069,0.4067024023948237,-0.4694718734043275,-0.8807073369100794,-0.6873892550535446,1.0617596968558332,0.17731965341018077,1.9056418840245304
2016-04-06,166.97945744611454,167.43075327704997,164.4521980383849,165.9414825439453,16350631,-0.0027122207756514,0,0.0227585360113829,normal,-0.0693494670244198,-0.0658027952879618,-0.0181966419270883,0.0047258735476847,48.46885876154828,-0.922944102512135,0.0318388375056069,0.1,816769128,-5342277.024242413,0.2093118892262957,-0.7577984853776646,-0.9508849441515093,-0.8542817064338791,0.8945076704645551,0.15546290935310456,1.8120959852411205
2016-04-07,165.89631646748364,167.56610243888147,163.3690575737309,164.2265167236328,19430601,-0.010334762556182,0,0.022061998956221,normal,-0.0633205872454586,-0.0787341582320185,-0.0257133900347824,0.0029479243660799,46.69376829858894,-1.369569990562174,0.0323087230563838,0.1,797338527,-7496120.945454501,0.11609538239501857,-0.9883058123960315,-0.9508062401237957,-0.9798694014685413,0.7025491342498277,0.046552999740339454,1.7137186803673798
2016-04-08,163.955757537949,166.03172095859983,162.64700248116526,165.2645263671875,15805231,0.0063205970890893,0,0.0221094956009264,normal,-0.0641448603416205,-0.0686673205879169,-0.0177259187367324,0.0017346876418244,46.69378663371087,-1.5469046758558689,0.0318912352557086,0.1,813143758,-8561879.066666627,0.0935704277345547,-1.0821834410103475,-1.0286295285194729,-1.0167242423291647,0.8344643209138053,0.13934551979601703,1.6331191179699782
2016-04-11,165.9414597968107,170.4995360464763,164.2716599422622,169.91285705566406,18990364,0.0281266088413241,0,0.0226168562059512,normal,-0.0331278939433656,-0.000265478796441,0.0089506200993285,0.0022213484018032,46.9635723129593,-1.3122287116830864,0.0313602711112903,0.1,832134122,-9145890.0424242,0.08186712070658697,-0.9737503193753504,-1.114377451575575,-0.9940381617572203,0.9858022084501866,0.4747907935684591,1.593891257263529
2016-04-12,170.1385099492097,171.71804518746495,168.15281126132248,169.50669860839844,14563344,-0.0023903926654152,0,0.0226187426530701,normal,0.0187142866706215,-0.0089710813766114,0.0059124041130751,0.0025005111024285,39.84195014652125,-1.151189409987282,0.0306366776194653,0.1,817570778,-9110368.084848482,-0.26917032764170246,-0.904584855815336,-1.2103375750379324,-1.038139272266886,0.8341375216220623,0.41616499172908633,1.5499194611000828
2016-04-13,172.89140714199303,174.92223804709292,172.21446350695976,173.20730590820312,17573045,0.0218316286623809,0,0.0229941546652895,normal,0.0437854552874303,-0.0286005097245943,0.0251517608543418,0.0039631437950162,44.129980670253815,-0.7800380987011635,0.0308196050491398,0.1,835143823,-6061894.806060577,-0.09559947673935192,-0.7303846484408066,-1.2106390287258701,-1.0330832218323398,0.9706116203443199,0.6507916796202488,1.5321333083130577
2016-04-18,172.8011528322114,172.84628516507436,167.5210004261504,168.55897521972656,13985439,-0.0268368049725344,0,0.0235672586172682,normal,0.0263809924397568,-0.0386100547391052,-0.0021357516317142,0.0036747577724693,40.51971456799252,-0.8276808685441619,0.0331994326126005,0.1,821158384,-5073284.218181788,-0.30063008413706394,-0.7885900363199414,-0.9740763982824229,-0.9817385690638124,0.8191357012476935,0.2575382581814043,1.4737468875693367
2016-04-20,170.0031285708284,170.27389502522246,166.16711437909575,169.05540466308594,20163005,0.0029451380011789,0,0.0235708380648964,normal,0.0229382456067783,-0.0426779852957708,0.0007265553547368,0.0035751781229427,48.868800260085486,-0.8051051176901054,0.0307947133855577,0.1,841321389,-1018636.9454545456,0.07734346378236995,-0.8198715684911322,-1.187461376037436,-1.0112853639258141,0.9704377503401544,0.2710590559037064,1.4207673548243513
2016-04-21,171.94371764230007,178.1715948195741,171.49242179546988,175.418701171875,31008152,0.0376403021333189,0,0.0249555146846476,normal,0.0324039287645383,-0.0017974390942873,0.0346110558005068,0.0055843797488925,54.84517313418216,-0.3634564691226059,0.0316990315506228,0.1,872329541,4213878.793939416,0.3523467983958129,-0.6161066672067781,-1.0813358739503267,-0.8490342802724526,1.2093451090488518,0.7212992685476758,1.4137072951352114
2016-04-22,174.74175262704185,181.8722213031456,172.89143695110428,180.6537170410156,34049763,0.0298429747465256,0,0.0251462149091558,normal,0.0657615216633382,0.0857064883022638,0.0588828337662985,0.0090293123258844,52.71967326290054,0.2465311572525288,0.0311908603191684,0.1,906379304,8830076.775757581,0.21267079858780136,-0.3097052217612827,-1.0990065657084391,-0.847691502473048,1.4566039593986375,1.0413538051691063,1.434285980168273
2016-04-25,181.37576863903968,182.81992062341143,176.72742768035928,177.8556671142578,23835613,-0.0154884713837496,0,0.0246475825203197,normal,0.0268369811635904,0.0717975058898086,0.0382815337641937,0.0110541786306097,52.94117647058823,0.4168404475549168,0.0318084327146823,0.1,882543691,10168113.860606058,0.19271038980366606,-0.2512649466894197,-1.0121360622100848,-0.9474108105262512,1.2038762851714877,0.7150794945829904,1.4228404816007554
2016-04-26,176.86282022479773,181.7819416613613,175.59919750121517,181.3757781982422,21809451,0.0197919534479775,0,0.025023126149809,normal,0.0760374994081933,0.1,0.0529316124638099,0.0139144885030018,55.28947611730082,0.7049001920025932,0.0317598242620289,0.1,904353142,10603116.533333328,0.29890999461838774,-0.10135153290795781,-0.9913424276488836,-0.8914182014227129,1.345420760875776,0.902536522258916,1.427903256930271
2016-04-27,181.33062938735296,181.33062938735296,176.4566407278913,177.04331970214844,22801603,-0.0238866431842867,0,0.0256218968921761,normal,0.0472502790134499,0.0712723631252276,0.0250685127077376,0.0149221891480488,51.34382404976583,0.5489238164126018,0.032737316276518,0.1,881551539,9550930.624242406,0.047854546677294524,-0.22676109244374296,-0.8778653442174934,-0.8047447176464203,1.1113864678695813,0.4649246488718077,1.3952756352297089
2016-04-28,177.58488999330933,178.89364500496995,172.57550406492845,173.34271240234375,24555479,-0.020902270167722,0,0.0241666619897181,normal,-0.0118344780554338,0.0201859671252309,0.0032942297018323,0.0145334863203681,58.07124769409886,0.1618829013534348,0.031799739837873,0.1,856996060,7596193.993939424,0.41465179056019064,-0.4945514395804596,-0.939990526284268,-1.023176048620465,0.8747309150591656,0.1216203052172179,1.3371535649377784
2016-04-29,173.2073233762125,175.1027712544436,168.2882018866998,170.58981323242188,21021661,-0.0158812512609826,0,0.0244299629859747,normal,-0.0557082576181303,0.0063898042550265,-0.0114493737112352,0.01324428017259,55.12435561395949,-0.2895839113064329,0.0339191072243108,0.1,835974399,3222574.884848491,0.21721501313729658,-0.7904047336555349,-0.7294463581512722,-0.979707846746254,0.6773523009583915,-0.11270474437992285,1.2649510086787636
2016-05-02,169.3261709523197,170.09336546404407,167.43072329285323,167.88201904296875,14469844,-0.0158731294568208,0,0.0225183962413987,normal,-0.0560772014359363,-0.0307451630709889,-0.0246195684592375,0.0111905238838114,53.94352995865967,-0.7542264773214553,0.0340245760768586,0.1,821504555,-991846.3030302962,0.12121832057528029,-1.0804384042094248,-0.7014997132839875,-1.2531522943230715,0.5368699361665338,-0.3283912598924775,1.1818709992116343
2016-05-03,168.78460559409334,170.90570106642272,165.76091864799872,166.12196350097656,16247931,-0.0104838835750582,0,0.0223581236705829,normal,-0.0841006161285402,-0.0144579172694495,-0.0316317123479915,0.0087859990848901,50.91080783807256,-1.1405685180899834,0.035141851557501,0.1,805256624,-6859556.412121248,-0.09267938555694627,-1.308340585010161,-0.5801621312169684,-1.2589825441485332,0.3817848891026477,-0.4621121288094803,1.0959574401156018
2016-05-04,165.6255435864201,166.43787044380255,161.6992649733464,162.4213409423828,17826594,-0.0222765399625919,0,0.0226575325806509,normal,-0.0825898361167489,-0.0392419499034905,-0.0483817478063657,0.0054442513232033,41.87866396707556,-1.5788234855053291,0.0352875852070772,0.1,787430030,-12162677.254545432,-0.689079375083523,-1.5546150911403456,-0.5463697999108236,-1.1999179316238457,0.2109124021164256,-0.754124098784564,0.9954467377019159
2016-05-05,162.69211449328554,164.9034608678299,161.11257940111773,162.78237915039062,17742028,0.0022228495708325,0,0.0226975475765013,normal,-0.0609217030563226,-0.0720352045538367,-0.0420453813621026,0.0026289169019961,42.70322145441816,-1.7638382606174938,0.0353083338591046,0.1,805172058,-13777612.387878798,-0.6752801172148669,-1.6325759248253982,-0.52418732066171,-1.1800484672531042,0.3403582177828135,-0.6902024424659355,0.9083340223777523
2016-05-06,163.3239566102003,166.93432321676988,162.55676196977765,166.3927764892578,18336962,0.0221792884322671,0,0.0201434078349004,normal,-0.0246030912610576,-0.0789407535330146,-0.0188551564125392,0.0013585405283647,42.59082603388201,-1.5690415562182156,0.0340966321358326,0.1,823509020,-11308335.296969663,-0.7231425045417159,-1.4848015973766278,-0.6118376249205925,-1.522486980944971,0.4747897936400565,-0.35117342986586475,0.8534871261110981
2016-05-09,168.3333470934675,170.95085743741302,167.02459192149473,170.3190460205078,13863696,0.0235963941109154,0,0.0207923542882064,normal,0.0145163072938461,-0.042374928030313,0.0038855604134917,0.0015459386566132,51.94418319293172,-1.122663551289263,0.0328374656503985,0.1,837372716,-8667409.181818139,-0.10981701170275693,-1.1906435109409372,-0.7065164401542517,-1.3932871808877665,0.5725152139586073,0.008563743263115545,0.8284224473137912
2016-05-10,169.32620376276495,171.76319853111605,168.51386299167729,171.04112243652344,13845979,0.0042395517875826,0,0.0206100788844652,normal,0.0296117312357553,-0.0569792497343446,0.0073604889229461,0.001941391450426,52.182553924860414,-0.7439244754611074,0.0323407591429412,0.1,851218695,-3269757.4787879,-0.10524082931225105,-0.9413848647397778,-0.731017139618278,-1.3807370027995138,0.6710074214662027,0.05026216658604653,0.8080584492664522
2016-05-11,167.34046225125925,170.13850147144214,166.16710429355703,166.97943115234375,18128414,-0.0237468699124507,0,0.0213787256946102,normal,0.0280633701428303,-0.0568442151148985,-0.0150075860972717,0.0009361985479081,40.22985825525359,-0.7310276227139132,0.0313127636230087,0.1,833090281,263018.67878785724,-0.9349924055010886,-0.9167153925136269,-0.8006132671884685,-1.2407710341312401,0.4817751434849306,-0.36332738034569767,0.760186780157545
2016-05-12,168.8748965361341,171.0411109013646,167.34047977393618,170.13851928710938,17398341,0.018919025612702,0,0.0208503720378945,normal,0.0451900271707086,-0.018484729302015,0.0032808999326248,0.0011026995224165,37.211883051909325,-0.4856302289007003,0.0286661883711707,0.1,850488622,3695172.5090909465,-1.1420412947413565,-0.7593298112908189,-1.009328615555065,-1.2770128349771595,0.6170928624603329,-0.07661761065270803,0.7367081659782629
2016-05-13,169.64206523028446,169.64206523028446,166.34761185049507,166.8440399169922,15546644,-0.0193635126479367,0,0.0213049139225244,normal,0.0027120373687827,-0.0219577783951625,-0.0146309129714674,0.0001540041260035,36.76792109503521,-0.5181148890415419,0.0282468818225421,0.1,834941978,4956761.545454557,-1.1840587593619858,-0.7758375923809995,-1.0134743707065386,-1.182129219923755,0.444727818263584,-0.46505247214565104,0.6908072266362257
2016-05-16,166.9794338626873,166.9794338626873,158.08890173993566,159.57818603515625,30937008,-0.0435487769623106,0,0.022658620420074,normal,-0.0630631760587613,-0.0494623132075101,-0.0523491765754213,-0.0030831427246196,25.970198562982787,-0.9753306924148208,0.0307450374398309,0.1,804004970,3578735.345454547,-1.9545061631869693,-1.0417543193264167,-0.7583187785932017,-0.9751238841572464,0.09662953534575425,-1.2639175261489326,0.5967438769309549
2016-05-17,161.11260748666828,161.20287215950853,158.17918466128077,159.6233367919922,22183140,0.000282938150619,0,0.0220125803906908,normal,-0.0667546229928922,-0.0391196117119466,-0.0473558397041617,-0.0058836363769231,28.791306047259567,-1.205997527893151,0.0298881611949076,0.1,826188110,2539619.381818207,-1.7179878144771477,-1.1512419182896714,-0.8085955458883997,-1.0285391262256796,0.30193792777929673,-1.1542129387578965,0.5105942433492524
2016-05-18,159.66843405743663,162.87263670147388,156.64476073499864,162.4213409423828,25345278,0.0175287912571127,0,0.0224394907076635,normal,-0.0272973154747566,0.0,-0.0278186343776468,-0.0073707972592278,36.404510004820914,-1.104146537879664,0.0293335869212306,0.1,851533388,1440818.5454545498,-1.2085597130570802,-1.0653002802239193,-0.8363818223550921,-0.9394668844462475,0.5619844041047138,-0.8091964526437035,0.4516421417710687
2016-05-19,163.36909235472805,163.36909235472805,155.1555026444859,155.87757873535156,25480517,-0.0402888079181206,0,0.0219993604168204,normal,-0.0838195877777238,-0.042417370056128,-0.0609961163542254,-0.0108382340125099,33.2649244858662,-1.3928721455414173,0.0312060951056921,0.1,826052871,-642037.2060606134,-1.4277337302880013,-1.2012784220567838,-0.6357894123715361,-0.9657289428084522,0.2283503520156078,-1.5085708387781211,0.345222573389154
2016-05-20,156.59963926567602,157.6827464081235,153.93699685686005,154.65907287597656,16720624,-0.0078170694545094,0,0.0203508472094059,normal,-0.0730320786231133,-0.0705181069806764,-0.0622331763345852,-0.0142438927785338,34.43150252037553,-1.568248067743411,0.0317229032452106,0.1,809332247,-2667563.624242412,-1.3410927220007287,-1.2627169693310771,-0.561355138662866,-1.1469446159164798,-0.023462322401764702,-1.5315273910578446,0.23540561615750308
2016-05-23,155.51652955496007,155.87756067232883,151.81589862588592,151.9964141845703,16193112,-0.0172163109599232,0,0.0203899960014929,normal,-0.0475113299565619,-0.1,-0.0714468044798913,-0.0180785667454059,33.714918005678555,-1.751973212776306,0.031769624894697,0.1,793139135,-4480264.624242391,-1.361441825296091,-1.3205755727805764,-0.5320508183901725,-1.1038358993657158,-0.28642460358300237,-1.6761886346052037,0.10914154415749994
2016-05-24,152.3574617187009,153.80159998569462,150.1912336595285,152.98927307128906,14816798,0.0065321204585333,0,0.0196538441143135,normal,-0.0415607382606472,-0.1,-0.0595252364054736,-0.0210340756048849,38.401817162473634,-1.694020620014271,0.0310366894250408,0.1,807955933,-4025546.75757575,-1.0237224375768272,-1.243156924011728,-0.5870669669144487,-1.1613670600914392,-0.1233367733114348,-1.402444619278629,-0.0018616454939844903
2016-05-25,154.79445749560318,158.6756040823454,154.74932516166746,158.04379272460938,18900887,0.0330383925085062,0,0.0213268615760905,normal,-0.0269518044388411,-0.0535134080052167,-0.0258135594607561,-0.0218115298478592,44.77615103724054,-1.2245603569503594,0.0309007378439315,0.1,826856820,-3224035.2363635963,-0.5906559328641031,-0.9487434678326434,-0.5811627107332378,-0.9096357427688143,0.11093238745931024,-0.741195828552537,-0.06218802900628195
2016-05-26,158.04379168905095,167.43073864307723,156.59963964729866,166.2122344970703,30700988,0.0516846731633073,0,0.0244981175550685,normal,0.066299822242331,-0.0230769893054814,0.0221483387033312,-0.0196098550076539,49.819144623771294,-0.3202706853954482,0.032155495683407,0.1,857557808,487522.1333333325,-0.2535183329600355,-0.4279769767015978,-0.40595199025415435,-0.47065847096516833,0.5800139605419344,0.21177456752570667,-0.04339844461902316
2016-05-27,166.07685351452997,182.68453335700104,163.8203745265608,176.81768798828125,85585820,0.0638066958386138,0,0.0282783295232624,normal,0.1,0.0597782700314084,0.0783951521993624,-0.0140059679084755,55.74160608857357,0.9654116327683666,0.0360060102991473,0.1,943143628,7745266.921212085,0.1310865997045657,0.29094626449203653,0.13619498131776356,0.045442556322682126,2.213751371798696,1.3505016443808617,0.07905967694759689
2016-05-30,180.6988370864708,184.03842328008943,175.64433234739934,179.4803466796875,46075949,0.0150587801576882,0,0.0280847331998487,normal,0.1,0.1,0.0848568627897448,-0.0082038049572104,57.20892996842827,1.913654904715396,0.0375193281461884,0.1,989219577,14142242.939393925,0.21224159906471804,0.8085989640620905,0.4186848290113349,0.03629554945997376,3.0,1.4383728572361447,0.22310320633824898
2016-05-31,179.43521220789722,185.6630887171673,177.0884685471102,184.98614501953125,39457647,0.0306763299809631,0,0.0284944066011763,normal,0.1,0.1,0.105696020785553,-0.0013124942628205,65.01129070173315,2.7777703642114564,0.0378315399693783,0.1,1028677224,21925304.709090896,0.7294154973697194,1.2591090429963883,0.5737330819068864,0.10684063943157043,3.0,1.796198017890365,0.42828422850116943
2016-06-01,185.8887183373197,188.00981389032032,177.44949600011967,178.9387664794922,41868032,-0.0326909809348184,0,0.0291222658367747,normal,0.1,0.1,0.0625118839073877,0.0026231955685944,56.99926334146853,2.8002299217283344,0.0417042059949518,0.1,986809192,26659927.33939393,0.16781277097430863,1.2464260798427034,1.365478299960014,0.2075185864361086,2.8262178847479964,0.8708614574946947,0.5573097437325496
2016-06-02,178.57776058773172,182.59429061110487,176.5017970716479,181.01475524902344,23499884,0.0116016714006417,0,0.0291463776414284,normal,0.0890579492944247,0.1,0.0672320960366901,0.0067035578468381,61.493428380485625,2.8060105319610926,0.0421341242298001,0.1,1010309076,29337953.97575759,0.48950617863018775,1.2504728379384555,1.5716807022051926,0.25527738149944373,3.0,0.9902134384757867,0.7170671258087069
2016-06-03,183.80380317932304,184.85541139726752,178.6828956188574,179.78024291992188,24568749,-0.0068199541380106,0,0.0290056432509678,normal,0.0167548561761363,0.1,0.0539357870508285,0.0097961734482743,68.16219137792434,2.5833701602401677,0.0413435538843059,0.1,985740327,27327750.21818185,0.9548082799935586,1.1560880939810665,1.5373851409895705,0.28259805946996225,2.39964649573319,0.7371543011005761,0.8583202348889007
2016-06-06,180.55750836957336,185.2669175138055,180.2374603784227,181.88345336914065,23623536,0.0116987852227765,0,0.028708980900764,normal,0.013389246978344,0.1,0.059578549638557,0.0131212604252985,69.29830804345417,2.436348765488028,0.0418327322757664,0.1,1009363863,23388282.412121236,1.0239683867009586,1.1269694091894962,1.713168605692619,0.2898649191757004,2.6109627531768407,0.902590662259302,1.0285356537474601
2016-06-07,183.30085879544524,193.08543679285904,183.02652196398765,192.1709899902344,66063192,0.056561146330418,0,0.0310511119474594,normal,0.0388399086317765,0.1,0.1069108233224513,0.0192882540715642,72.827002480482,2.8611826295227107,0.0414421302632145,0.1,1075427055,21419142.1818182,1.2644578664241493,1.4211230987555055,1.679178724891346,0.7379760204700242,3.0,1.894452714439998,1.3687642812186251
2016-06-08,192.1710016327281,193.77128363427283,189.79344817387272,192.6739501953125,35163093,0.002617253546457,0,0.0302581226705226,normal,0.0767591281981618,0.1,0.0983217568177026,0.0246752398338034,81.11876398674357,2.9912237756442845,0.0397636593697857,0.1,1110590148,19385973.76969693,1.7929991641467486,1.5424825755486928,1.3572390142295399,0.6847293747982514,3.0,1.6732160437328307,1.6882174284771014
2016-06-09,192.03383853649933,194.59429250765632,190.47928168187417,191.9881134033203,27858182,-0.003559571967549,0,0.0302335333358509,normal,0.0606213462499272,0.1,0.0846593371118877,0.0289892635312445,81.85625492546114,2.8469937343459017,0.0400430890956777,0.1,1082731966,14440808.836363692,1.7846456024918789,1.4866675645115317,1.4626062150455812,0.76073184329034,2.762515371010384,1.3516069921704181,1.9551168189596189
2016-06-10,191.43944986653312,193.4055049740541,187.7359374061469,188.330322265625,25598224,-0.0190521750167479,0,0.0302195984726953,normal,0.047558503686701,0.0651101957520605,0.0575487883239116,0.0314245964422612,80.48916774798404,2.342264545458546,0.0414306492488529,0.1,1057133742,11075714.739393972,1.6394614320186462,1.2043571411338843,1.788921958363861,0.8444223158162528,2.283519795933243,0.7746360926463981,2.1079847666833644
2016-06-13,184.2610330381512,185.2669301149852,183.07224938917028,184.53536987304688,21192525,-0.0201505118608869,0,0.0285887671079018,normal,0.0145803065357683,0.0281647728393399,0.0326745702665505,0.0321993549605474,75.28257248146491,1.6239484074549733,0.0429204485578024,0.1,1035941217,8244696.315151505,1.2736599721810846,0.7863759223296292,2.1063898344870884,0.5986501816772358,1.9188614970546451,0.2600977139040549,2.149015859035911
2016-06-14,186.86719951864177,190.7535982180963,186.3642510139247,189.9305877685547,23918910,0.0292367685350483,0,0.0289258654565279,normal,-0.0116583789353095,0.026728719323825,0.0565408120879968,0.0344408476671556,75.41682224803421,1.3922093174880033,0.0419012735649658,0.1,1059860127,8782532.600000015,1.2771269830154854,0.6644680517589514,1.8466400544192931,0.7366946786016791,2.0874605802649135,0.7594702175479854,2.2640684652915968
2016-06-15,191.805220642228,198.9379086343732,190.70788724805595,197.5662384033203,48362742,0.0402023219349494,0,0.0297064606786885,normal,0.0253915394533019,0.1,0.0887491761758896,0.0386211075634659,75.20623119483574,1.617401497403801,0.0396224765591714,0.1,1108222869,8789159.91515149,1.2669354577437244,0.8230742767104414,1.3366598458733157,0.9416005104447241,2.473050404587394,1.400672095020176,2.47308112807437
2016-06-16,197.52052307128903,199.806640236466,194.82290760705064,197.52052307128903,48122379,-0.0002313924302084,0,0.0273784222143499,normal,0.0288164176932479,0.09118465397784,0.0793997330284304,0.0420406512600979,70.0472079350702,1.623291182759962,0.0346121229802173,0.1,1060100490,6265908.193939376,0.9694913979266023,0.8383768067021934,0.23105912655171412,0.4218185544592586,1.8414682655093377,1.188231578402891,2.5905183152943483
2016-06-17,198.2063367903957,198.892171865795,193.4969415206607,195.18865966796875,26486677,-0.0118056765295152,0,0.0275463680773274,normal,0.0364165330353474,0.085706952542667,0.0599279945887274,0.0440904705226203,65.30892969842542,1.341821128068425,0.0339282021775393,0.1,1033613813,56479.74545459162,0.6971802104492116,0.6730470687070833,0.0885764699565449,0.49404717655215513,1.4924598714366624,0.797252758837292,2.5834973577850513
2016-06-20,190.2049376283728,198.16062213273548,190.11348736548027,197.42906188964844,32633757,0.0114781372313883,0,0.0266747924463791,normal,0.069871114819191,0.0854701636270192,0.0647830921001912,0.046361374467418,62.95084466622304,1.1837277095403511,0.0333523480088594,0.1,1066247570,-3378307.872727263,0.5812063316971973,0.5919751391091469,-0.03898068589137957,0.3119619006280557,1.7594400088843198,0.9166621096335295,2.562052177188047
2016-06-21,196.6060513647917,198.8921682411265,194.914319294964,195.6916046142578,18960306,-0.0088004129623112,0,0.0271023105990335,normal,0.0303322224892146,0.0183202190101758,0.0498719806645289,0.047596787882568,69.15525345187956,0.8546962396016289,0.0312458290590107,0.1,1047287264,-4132580.678787903,1.05952280353332,0.3996006091826491,-0.5062862652308094,0.45518927615958266,1.504170718294008,0.6277222365959204,2.468425471305257
2016-06-22,195.69162710299304,196.83468567251987,193.359784830488,194.68572998046875,16395548,-0.0051401011084344,0,0.0269404895547057,normal,-0.0145799628829859,0.010441368867545,0.0400700402556684,0.0481625692473284,66.02355976090416,0.480512353471231,0.0304468926392106,0.1,1030891716,-3095861.527272708,0.8503456729686518,0.17188043048809531,-0.709316207916461,0.43635068734583865,1.2918726899683528,0.43714189117467706,2.3440366282023124
2016-06-23,194.77717609231505,199.3494102728858,194.54856438328648,198.9379119873047,20666649,0.0218412618493535,0,0.025336618613483,normal,0.0071759070600683,0.0361991086884869,0.0564691507576333,0.049738393230994,70.97096508561148,0.4321048514144907,0.0293036105598834,0.1,1051558365,-1823041.1454545397,1.176927485268023,0.1522925831134963,-0.9664628985448066,0.04695069032838171,1.4435340519681952,0.7700147591396449,2.2852248602930048
2016-06-24,188.2845840890556,194.1827769096963,185.1754706568972,193.1768798828125,47224652,-0.0289589452655953,0,0.023242809766461,normal,-0.0103068476856106,0.0257343456905034,0.023353091989221,0.0491612872383395,61.44577605233725,-0.0495795094480193,0.0332375452892362,0.1,1004333713,-4454797.309090891,0.4838510802798626,-0.16533267950227196,-0.08945972497950853,-0.4976348567275252,0.9470206292808618,0.0727650636735463,2.1254131624689623
2016-06-27,192.76538434613488,200.1266837284629,192.5367726507418,198.5721130371093,29021651,0.0279289796872674,0,0.0237183477127387,normal,0.0057896802857715,0.076065326520976,0.0467569104597627,0.0500823446715419,57.20163210259548,-0.0655029338232653,0.0310351742352431,0.1,1033355364,-6276388.975757518,0.1954839096766807,-0.16378870400975468,-0.6306106970383102,-0.33780373752725695,1.1951612220770311,0.5760538693863928,2.0559628084209103
2016-06-28,198.2063472641817,199.9437906323313,196.971838481888,197.42906188964844,21784062,-0.0057563528431973,0,0.0230592647082203,normal,0.008878547849896,0.0394800764278748,0.0367098225217772,0.0503312121676504,55.27381688543385,-0.2057704293569466,0.0308509358258384,0.1,1011571302,-7660264.533333327,0.06606200427574678,-0.24874288576472617,-0.6959977003046198,-0.501990014171181,0.9534301958740526,0.36516962789047736,1.9620393443806883
2016-06-29,199.2579536019604,200.0809641000148,197.61196051255325,198.6178436279297,18019568,0.0060213107781756,0,0.0214276342764811,normal,0.020197236067869,0.0053227982326746,0.0387031688533781,0.0506950854713823,57.27180037168552,-0.267340206237999,0.0301401095235093,0.1,1029590870,-4251752.672727302,0.22535341721382507,-0.2805506773432711,-0.889219693488649,-0.9729581199624326,1.0936591262168496,0.41010783922409694,1.8835140444821488
2016-06-30,201.1783118493352,202.91575532487508,199.2579678367053,200.0809783935547,30600995,0.0073665826740414,0,0.0213844792379312,normal,0.0057458449967191,0.0129629837064655,0.0417557716550536,0.0512358852343117,63.54057102104594,-0.2582382965786536,0.029430024723951,0.1,1060191865,-1429139.0909090943,0.6886347932015952,-0.2662754118919321,-1.0809153997946641,-0.9995988107052405,1.337390506813322,0.4724973943485954,1.8207824006175781
2016-07-01,201.909848586575,202.0927351489809,200.1723913603428,200.81251525878903,15346865,0.0036562039585563,0,0.0212012039087343,normal,0.0395266523644473,0.0288124094933943,0.0410470302293868,0.0517090361048713,70.18138174316726,-0.251418171621129,0.0281681070061516,0.1,1075538730,463690.1757576134,1.1390857603416245,-0.2630440280632883,-1.3548882601207266,-1.034074740422693,1.4266024261567503,0.4383567724895998,1.7598384576021935
2016-07-04,203.3272460368649,205.15613958717327,203.00718408422085,203.921630859375,16534518,0.0154826784405306,0,0.0212737704363224,normal,0.0269399249494111,0.0328855787875623,0.0514408594940476,0.0528177322977498,68.38941107243043,-0.0940811940266854,0.0270820123780187,0.1,1092073248,4925805.230303037,0.9791568780392913,-0.16495396638377963,-1.5679108822912382,-0.9977962434781835,1.519899505048958,0.6367021166984569,1.7302292863612583
2016-07-05,204.15023353115825,205.88767674582817,202.5956768727668,204.3788452148437,15357018,0.0022421081743113,0,0.0176266631610111,normal,0.0352014199868901,0.0443925053285241,0.0484265351558792,0.0536890892989205,61.03699623901975,-0.0196747456145782,0.0250239740416125,0.1,1107430266,8648516.89090913,0.43547063242846895,-0.13028294139358304,-1.9620478706705764,-2.0349165746865414,1.5977435684772898,0.54933547545103,1.6920742715809962
2016-07-07,204.74461044463925,205.38473429699349,200.58388912443257,201.2239990234375,12917872,-0.0154362658624956,0,0.0181152403323007,normal,0.0131214565011084,0.0335837097234845,0.0290827015139245,0.0533036851486072,55.45082108956692,-0.2316164781837519,0.0253513872713637,0.1,1094512394,9844574.733333357,0.02410859082489968,-0.29695811512215703,-1.810534759798677,-1.822203753885717,1.426272194167043,0.1173652718239,1.605372392701459
2016-07-08,201.31545168010635,201.9555755844765,197.97772653692107,199.6237335205078,16017389,-0.0079526572908597,0,0.0182167394647597,normal,-0.0022852990659986,0.0034474149565162,0.0188708416890046,0.0522921021125246,56.67126478992856,-0.5121877587078645,0.0250474526154796,0.1,1078495005,10773573.678787911,0.1006175253673564,-0.5083163049394853,-1.8055194835470671,-1.72886510580723,1.2371653306953703,-0.1073149890389786,1.5003711312539867
2016-07-11,204.47031316580075,206.1620313994755,203.007192682246,205.4761962890625,15831791,0.0293174697484226,0,0.018468616441217,normal,0.0232240556534204,0.063668677192173,0.0438957374016579,0.0528999580452544,60.91812292843709,-0.3442836133066844,0.0238095313772914,0.1,1094326796,9091309.999999996,0.3855566272382789,-0.40108915251522365,-1.9854447785271296,-1.603905274840804,1.3318856701141866,0.42091812535740336,1.4674030579734414
2016-07-12,205.7505123338739,207.7622923304685,204.9732270392728,207.30506896972656,19374179,0.0089006547410057,0,0.0175449084596702,normal,0.0165918549007917,0.0439787631760018,0.0478791268017586,0.053733269299238,65.71782832521606,-0.1600769996716726,0.0231898759085387,0.1,1113700975,9309771.206060616,0.7104338726094748,-0.2775890264436558,-2.019063244014518,-1.7866819292825888,1.4495164817227448,0.4979099227220753,1.4451257063372236
2016-07-13,207.57943345730456,208.95110372244093,204.7903677941903,208.21954345703125,18377333,0.0044112500087405,0,0.0166692320271571,normal,0.018792053737999,0.0546549807009368,0.0472651001597979,0.0544923436634974,68.3622853442402,-0.0332986384895086,0.0233233008027673,0.1,1132078308,8104475.400000039,0.8735738806451326,-0.19687385194924764,-1.8966362415961586,-1.9285005177337777,1.5514808438138261,0.46734062065830195,1.4208948889170507
2016-07-14,207.57942311517124,212.92894246401707,206.66497631730704,212.1516571044922,21208021,0.0188844600375968,0,0.0148662449217831,normal,0.0543059383278725,0.068139967836502,0.0602723339867932,0.056040794278741,68.08509838482662,0.2434934512194697,0.0233836289688439,0.1,1153286329,7796594.290909126,0.8270523048462259,-0.009626373817101627,-1.809835676016533,-2.2577410429911553,1.6657710543484758,0.7257527542621156,1.4277975622007288
2016-07-15,212.9746320372504,214.34630209490552,211.0543023285428,211.6944122314453,15068302,-0.0021552736343778,0,0.014899023088578,normal,0.0604671523674185,0.058043667774591,0.0521764218046685,0.0570115462838838,79.64859441185106,0.3191277637344605,0.0199012666763482,0.1,1138218027,7207533.236363615,1.6056424105186908,0.03707856298489703,-2.3252992764699036,-2.1214966183022637,1.4761347506956333,0.5434140602871254,1.4118261500292881
2016-07-18,212.51742795370927,213.8433869590138,208.67675423470985,209.17970275878903,11816985,-0.0118789600828337,0,0.0149030136131569,normal,0.0180240170716246,0.0416666635006146,0.0357636905995593,0.0569045500573521,68.70970711103405,0.1326854620750994,0.0193130384424101,0.1,1126401042,6051262.03636363,0.8008978972849075,-0.09709562444764891,-2.287408374293723,-2.0079370159061942,1.3263774418437435,0.19896406155906918,1.356812545759578
2016-07-19,210.3227738882783,212.2888290193716,207.5794333593008,209.95700073242188,19767339,0.0037159340193209,0,0.0147869199235547,normal,0.0127924115694564,0.0295965163068399,0.0357051969936059,0.0567984677404869,72.3856534373632,0.0015380369382205,0.0198326263666232,0.1,1146168381,6458997.654545462,1.0307343286201964,-0.18737516748779226,-2.0798633921737735,-1.9324980005911574,1.4362549768369999,0.19867018148905052,1.3054859055500025
2016-07-20,210.91715098499563,212.83749486587777,209.5912059021727,211.37437438964844,18051608,0.0067507806469044,0,0.0145301779791703,normal,0.0151514640760328,0.0342282449411581,0.038474182416232,0.0568716184559126,72.60941338609513,-0.04723203680149,0.0199004962517159,0.1,1164219989,8219469.054545444,1.01723267983333,-0.2138230075019754,-1.9663614824875757,-1.8920505628859716,1.5232162943535843,0.2643407580198304,1.2642974418566209
2016-07-21,211.83160599499885,212.2431182377981,205.20186637087423,206.3449249267578,13306837,-0.0237940359488388,0,0.0156970467881973,normal,-0.0273706661403749,0.0254488824800855,0.0124374629388845,0.0553014599245964,59.856108129703415,-0.45312651395143,0.021335188234442,0.1,1150913152,7704561.236363669,0.11550654081689149,-0.49602172416815826,-1.6618174548802371,-1.570485798488332,1.362964065422112,-0.2951290819449811,1.1663849191093356
2016-07-22,206.11628842951367,206.5735117968847,203.09862536754483,204.3788452148437,12341622,-0.0095281224513371,0,0.0152801023515389,normal,-0.0345572041297127,0.0238203725102024,0.0025243700636294,0.0531763065117896,55.40164450831379,-0.8650521214080626,0.0220517787553741,0.1,1138571530,4765002.551515158,-0.19343348673782762,-0.7785799815999757,-1.4930153430322406,-1.5928962121949204,1.2203867920858382,-0.5094495791612251,1.0534831464951762
2016-07-25,203.9216456182982,211.2372203489995,203.64730877522663,210.2313232421875,18427070,0.0286354393537728,0,0.0146599761798529,normal,0.0050273543251522,0.0231419845169584,0.0281738079647464,0.0527556366872101,58.82353945319967,-0.7582303853711831,0.0225408595839088,0.1,1156998600,3157809.206060584,0.041955358517308375,-0.6936847886575945,-1.3665092800946153,-1.6501411024306665,1.3222489254386502,0.031798911816660634,1.0060802372490723
2016-07-26,210.3227459412933,212.33452593788792,206.5735088018696,207.30506896972656,14162638,-0.0139192115966938,0,0.0140914856871025,normal,-0.0126308327583467,0.0,0.012525670077025,0.0513686932649088,53.82773868552363,-0.890377662387964,0.0237097584622244,0.1,1142835962,1310062.036363648,-0.3079661767642543,-0.7862389620797061,-1.1495792099498687,-1.6942939648352682,1.1709108927104348,-0.32566902745521153,0.9254725313855271
2016-07-27,208.26524699137283,211.2371989242904,207.3965253708824,209.6369171142578,17626617,0.0112483894200956,0,0.0140961023001239,normal,-0.0082198103739282,0.0068071115405123,0.0215881690012915,0.0506109734041788,61.246938628138174,-0.8277895453995052,0.0231500352756195,0.1,1160462579,1295770.8787879215,0.20020960716178246,-0.7474185036975972,-1.1927070672662683,-1.6274336063339165,1.2739922804852875,-0.1479877380672962,0.8693832578465455
2016-07-28,210.4599125621925,215.0321462824517,209.6826412017584,211.23719787597656,26838284,0.0076335827856433,0,0.0141182902777376,normal,0.0237091992979971,-0.004310403420819,0.0265136239370056,0.0501954569007543,65.52563167351248,-0.6912262500922512,0.0234539347864503,0.1,1187300863,3815202.418181877,0.477560597984485,-0.6666470388791415,-1.109392950731601,-1.5614837360292402,1.4502073609732107,-0.06765040922508278,0.8263598699725161
2016-07-29,210.32276729787324,212.7917709059172,208.8596468135911,209.7740936279297,15577230,-0.0069263570183595,0,0.0142562372536745,normal,0.0263982723232167,-0.0090711822918412,0.0175232775045515,0.049232355703269,56.50968107839015,-0.7093782500049617,0.0227301098554069,0.1,1171723633,4068116.018181829,-0.17989636922364216,-0.7025765912838916,-1.1761115961325521,-1.4796260827549559,1.2860273648896736,-0.30311125188514504,0.7643466830904398
2016-08-01,211.0543235553845,212.74604175796125,206.0248661714767,207.853759765625,16071228,-0.0091542946466531,0,0.0144858079790724,normal,-0.0113092732324361,-0.0063387746309833,0.0074209995739662,0.0476760292130169,50.8287618792122,-0.8511137510839735,0.0242913730296079,0.1,1155652405,2250489.6242424706,-0.602324666979779,-0.8242981888327532,-0.916706600147273,-1.3966186185988019,1.1201168880732877,-0.5550189612813248,0.6819971390132658
2016-08-02,209.68265506324613,211.14576157844067,207.8537614542398,208.5395965576172,16145066,0.0032996121540718,0,0.0141330661937685,normal,0.0059551249471421,-0.0067509259984671,0.0097118169508312,0.0463299727975217,50.48678158812174,-0.8946194042416451,0.023913927424707,0.1,1171797471,2276763.818181851,-0.6246622942598732,-0.8619849969222749,-0.9439217857641683,-1.4167077589041108,1.2181738249706011,-0.5038307623534098,0.6083963056667154
2016-08-03,208.95108573372863,210.77997926312668,206.4820822597113,207.2593536376953,14838944,-0.0061390879288871,0,0.0142249566993236,normal,-0.0113413396327836,-0.019467926345544,0.0031774625531908,0.0446315191748865,41.906199133220014,-0.9977074490308784,0.0233840701611632,0.1,1156958527,2386425.963636359,-1.2190211614180493,-0.9334992929997998,-0.9916558576709315,-1.3592957747294399,1.06023412999209,-0.6561915768718443,0.5226901956691968
2016-08-04,208.90537888260727,209.133990593784,204.1045329478964,206.3449249267578,17810908,-0.0044120021359131,0,0.0137691607351885,normal,-0.0231600920595961,0.0,-0.001129782558616,0.0427355820721691,41.2817202204687,-1.107117151638791,0.0240891381410874,0.1,1139147619,725479.2909091524,-1.2670133392927445,-1.0063716070258535,-0.8666477115692041,-1.394115175013725,0.88156097242321,-0.7674764683281148,0.42978967022726056
2016-08-05,207.8994867300653,213.88910214105576,207.4879745050713,212.8374938964844,21264296,0.0314646409260179,0,0.0151225137785279,normal,0.014603329780026,0.0413871047796015,0.0273347829997971,0.0427051773514162,55.27704386746209,-0.7395330776767213,0.0241522107481741,0.1,1160411915,-455758.9696969448,-0.292549094344766,-0.7282975637294252,-0.841873008371087,-1.127651214243013,1.0354062022048054,-0.10076573252536342,0.40651465457765745
2016-08-08,213.93483350231207,215.7180020335965,211.87732813082584,213.2947235107422,16972827,0.0021482568972559,0,0.0138290153774282,normal,0.0261768839363425,0.0145715691710965,0.0266532718761827,0.0426332439755392,54.86017020516426,-0.4757236225632564,0.0238095175071337,0.1,1177384742,252532.72727274735,-0.35302059638339867,-0.533131373129892,-0.8749860635296857,-1.3106499239804557,1.1550187473603797,-0.13484005049459896,0.38122669613741855
2016-08-09,214.20915376499192,217.6383291187538,212.7460333660468,215.0321502685547,19854185,0.0081456621580466,0,0.0138100874731171,normal,0.0311334337368571,0.0372739621719357,0.0315758802063186,0.0428736049432347,55.27702417715176,-0.2080039543646465,0.0241639046097017,0.1,1197238927,852499.3515151201,-0.3791651576062871,-0.34591145361930425,-0.8045569543439307,-1.2710410725297212,1.3102667192456836,-0.051773832431308064,0.36663107575763954
2016-08-10,216.49525743323835,216.6324188576641,211.28291400481865,211.6944122314453,16279843,-0.0155220418571867,0,0.0143304324997707,normal,0.021398593192097,0.0098145648462579,0.0140606160574616,0.0420042276550722,58.1136800203661,-0.275278825365107,0.0239740730101347,0.1,1180959084,1080152.4606060763,-0.20443010800313624,-0.41141359580660086,-0.81279559949619,-1.1485754457847073,1.1378951572188076,-0.5336204120573914,0.30753823523846985
2016-08-11,211.69444793007787,211.7858981973495,206.7564404711489,207.7165985107422,16673286,-0.0187903576611846,0,0.0143215668083453,normal,0.0066474791394615,-0.0166665691489688,-0.0045204817447199,0.0400077410649375,54.771274676731785,-0.5892158423758143,0.0249677596242971,0.1,1164285798,1939130.0545454144,-0.5271724329139891,-0.6582001473518209,-0.6603685016422115,-1.1157367741068012,0.9561906681362929,-1.0389445764694245,0.20118103285830516
2016-08-12,207.5794234385408,226.73708109296945,205.20185617904977,222.4849090576172,86616475,0.071098365045253,0,0.0215449927558739,normal,0.0453276111483669,0.0605928749821333,0.0595704451335239,0.0421192617627657,63.95834108264656,0.15637798180548,0.0277875561888213,0.1,1250902273,6763131.133333349,0.2351590352412893,-0.11416972821901515,-0.2573371457308898,0.07690148948239317,1.768117022907769,0.6239474065038287,0.25923684402725505
2016-08-16,224.2680850043485,226.69136352193368,221.89051766557148,225.63975524902344,27709873,0.0141800457602687,0,0.0214041815632577,normal,0.0578778112045492,0.0855697558872827,0.0670148039219431,0.044612853930213,70.77725672469722,0.785479369375266,0.0270950845608897,0.1,1278612146,11067423.539393969,0.840905208866878,0.345115448043187,-0.3434266668377087,0.05078306142155005,2.019105704675692,0.8216823553732916,0.3358730681033168
2016-08-17,225.36539693383529,228.4287991030312,223.3993420184916,225.18251037597656,18294050,-0.0020264375510523,0,0.0214467601892,normal,0.0472039185523887,0.0798069723596166,0.0583159456543107,0.0464539281030045,68.39828137562185,1.0762815406343282,0.0274981780233112,0.1,1260318096,13959775.303030344,0.5952095324834801,0.5470874026341408,-0.27706553937961315,0.05490676450377813,1.8434249352919276,0.5528591706117939,0.3889357452461701
2016-08-18,225.7769046575409,228.9774683911824,225.4568566561871,227.1485748291016,14314950,0.008730982036937,0,0.0214660522685699,normal,0.0730022225658004,0.0959629606207019,0.0607314297666243,0.0483704557627007,68.66954464822192,1.2919968632729375,0.026756952713752,0.1,1274633046,15570702.315151537,0.6019855001167407,0.6935829816785557,-0.3705934746586075,0.05313180200838945,2.010122395378975,0.6259586895121434,0.45322058217737926
2016-08-19,233.1839122071257,237.75614577981443,231.81224213531908,236.3844757080078,39822529,0.0406601753317403,0,0.0219354996068119,normal,0.1,0.1,0.0930490396933412,0.0522513343121064,76.4065308822033,1.910340305039241,0.0277286454146714,0.1,1314455575,16740015.599999944,1.4002028750175481,1.1600872341054882,-0.2272058812010944,0.12893008465640207,2.4460155299345874,1.7715849906370844,0.6331632148421361
2016-08-22,237.57325745135049,238.1219310895359,232.26947739785908,233.00103759765625,19769886,-0.0143132838999585,0,0.0221507810419091,normal,0.0472667048950978,0.0947368028632145,0.069519631768659,0.0544795534769819,74.25045218014692,1.9389378814955416,0.0278649821110961,0.1,1294685689,16123646.27878788,1.1300099394547591,1.1439806938736585,-0.19831889979045528,0.1713250575570055,2.2031231865217316,0.8679387894588689,0.7531139693465855
2016-08-23,233.0924684364912,233.91547887447229,229.52613173195613,232.955307006836,17583721,-0.0001962677561085,0,0.0215860630175943,normal,0.0324213778274085,0.0921756674168436,0.0622975722351124,0.0561566096612895,73.83928401159473,1.80498050740286,0.0282069193366649,0.1,1277101968,14052125.806060636,1.0489386225242279,1.015720543993556,-0.13322189043513702,0.09753179641831483,1.9313564782846364,0.615251116482932,0.8611156937065101
2016-08-24,233.13820242301352,234.2812748447582,231.8122573903464,232.63525390625,11560293,-0.0013738819892031,0,0.0211746858640836,normal,0.0330964581477928,0.0818626592149625,0.0547269024915344,0.0572835915311118,75.25025773548066,1.5545385690305693,0.0276841845427476,0.1,1265541675,11464962.581818204,1.163402448376989,0.8225517760228057,-0.1860553726342766,0.04851818879395278,1.726787159929781,0.35643617830982616,0.9501079037543313
2016-08-25,233.092477779778,233.686876556593,227.33147424973555,228.7488555908203,21230706,-0.0167059731926781,0,0.0217246397707358,normal,0.0070450838748281,0.0805616132216535,0.0334544681981872,0.0570192480497417,71.04811065531,1.013076014865714,0.0285685697370468,0.1,1244310969,5806525.884848477,0.690493139240743,0.41926312003374605,-0.03823669159286663,0.16319615652563596,1.4185361589115149,-0.4288799090268289,0.9436692497400451
2016-08-26,228.8860444764929,229.25181762737105,224.81675887123063,225.50259399414065,16531983,-0.0141913785242557,0,0.0221084679483996,normal,-0.0460346716140062,0.0856262600625952,0.0169685973981921,0.0557277716088544,62.67157355167406,0.3561347632945253,0.0279950116383656,0.1,1227778986,-2633109.375757511,-0.2324609002658813,-0.09689283638440034,-0.09096766893729216,0.2537130216295869,1.1870583649035924,-1.0522736467648957,0.8530136330107808
2016-08-29,224.81676901668752,228.47455650394147,223.3536484404452,227.7429962158203,11786129,0.0099351505541345,0,0.0220112761759175,normal,-0.0225666007158108,0.0236334553227672,0.0244310251048276,0.0549618297945631,63.95762602933738,0.0105860112109139,0.0281211415804558,0.1,1239565115,-5425047.606060576,-0.09634411396128088,-0.3665700201651804,-0.03863512656495675,0.2624006671773,1.288349565473784,-0.7294027007422699,0.7954377527114507
2016-08-30,228.7488608554696,231.2635895490584,228.42881284829605,230.6692047119141,15323228,0.0128487310025584,0,0.0218504989726084,normal,-0.0098134802091236,0.0222897310686229,0.0338919697681907,0.0548248697618969,64.76686909348295,-0.0779312916888939,0.0273396455507387,0.1,1254888343,-5396428.4363636365,-0.0015131755210215543,-0.41887581532784274,-0.12805038691171455,0.2600053393465602,1.43500074392923,-0.338819888045936,0.7956583654969475
2016-08-31,231.58363167035697,233.9154735953188,229.70901310506028,230.8977966308593,15601566,0.0009909945249548,0,0.021868503125337,normal,-0.007468589761081,0.0253806845182611,0.0314864606059357,0.0545421843558406,69.26608973603354,-0.1726840051328597,0.026958976487537,0.1,1270489909,-5448856.842424232,0.49191428693885364,-0.48010928953400495,-0.1559783287973473,0.2895285043731939,1.5733646041730696,-0.41725347780958494,0.7833003067031487
2016-09-01,230.39487240272888,233.0467765400138,229.6633121595692,230.4405975341797,12175873,-0.0019800929387409,0,0.0217733032194448,normal,0.0073956301944764,0.0144928169043319,0.0265653347073158,0.0539616436661747,74.5311338706363,-0.3097498580019717,0.0265022629800346,0.1,1258314036,-5334388.478787757,1.0628711890363967,-0.5879365455735142,-0.1998391724434182,0.3111185329989889,1.3717726605439804,-0.594731602048382,0.7192622771826083
2016-09-02,230.4405937478761,233.36682071908376,230.1205317863304,232.8181610107422,11380257,0.0103174679375228,0,0.0216680118905179,normal,0.0324411656958216,-0.0150869243277671,0.0334995915140641,0.0538428179365437,65.22914785136794,-0.2845376409386579,0.0206205767033025,0.1,1269694293,-1746537.3757576158,0.07706969093379995,-0.5423548222982405,-1.2099341589240515,0.32892916524010635,1.4529187492029192,-0.26851509816401414,0.7004666668622602
2016-09-06,235.1957204218025,239.127830370375,234.0983731350516,237.8476104736328,16620963,0.0216024791238624,0,0.021171013438293,normal,0.0443684961808303,0.0208006493273458,0.0502418843422616,0.0547851467925823,67.04983586378452,0.0109513476279916,0.0206376588969956,0.1,1286315256,1972480.3030303176,0.31988063204369493,-0.19207663646656847,-1.189750608398342,0.26991539245509844,1.5840243168185102,0.5254241888778375,0.8364462593602293
2016-09-07,240.40805880343189,247.17495956080327,238.1219417971104,243.97439575195312,30862337,0.0257592887568636,0,0.0216116812122124,normal,0.0576808293792665,0.0473012994925836,0.0694228508644456,0.0569000468835787,72.65717877930574,0.5303590072163926,0.0213776946726213,0.1,1317177593,6304109.909090903,1.0091835061015333,0.4574163836061551,-1.0474102651511894,0.40559481808422804,1.8580745123417721,1.391393063078921,1.1774801835698236
2016-09-08,245.07175321008864,248.3637674166393,244.0658561043783,245.39181518554688,14339143,0.0058097056833572,0,0.0216112397463912,normal,0.0627724420335611,0.0548350306546301,0.0679430433600676,0.058831375254601,72.29058570190085,0.8611368222483655,0.0214272356808918,0.1,1331516736,10161423.23636364,0.9783219582209036,0.8883167307347518,-1.0563949394861774,0.4436075979835419,1.9339812358563637,1.2790298029569027,1.5226775269016353
2016-09-09,245.4374961187353,245.4374961187353,240.81955130680487,241.50538635253903,11455826,-0.0158376465411823,0,0.0216285371954759,normal,0.0480157964211067,0.0557665336894066,0.0459461066881545,0.0592888233731767,57.19796571956064,0.7159032748055285,0.0200005386737301,0.1,1320060910,11178795.21818182,-0.8000493481961858,0.7358404744147633,-1.410291340500313,0.4914601938898978,1.728897612391841,0.29206106239814184,1.6146133018822526
2016-09-12,235.4700411863544,236.6130996387153,230.2576974342585,231.1264190673828,18989750,-0.0429761316793384,0,0.0237119568789964,normal,-0.0072663658883609,0.0249390704276699,0.0009005047509449,0.0568882214083144,47.7980615126854,-0.13604191485806,0.0225660562105405,0.1,1301071160,9140049.35151516,-1.8556091687093836,-0.2983134773217669,-0.8065761085487865,1.030598907194963,1.4588971927894068,-1.7225184286860444,1.1421832824108886
2016-09-14,233.18393415027944,235.92727455204744,231.3550405491008,235.5157623291016,12754966,0.0189910927510157,0,0.0184078640418693,normal,-0.0098039586771031,0.0341295506006051,0.0179785439766391,0.055665974898776,52.7290522527586,-0.4434907512933526,0.0222702937822774,0.1,1313826126,7694380.848484844,-1.2237795033984298,-0.6689421393374692,-0.8665182893842296,-0.20100608714130835,1.5393537616342925,-0.9063090092928678,0.875196343600957
2016-09-15,236.24734430547687,236.24734430547687,232.4523815858556,234.098388671875,7783662,-0.006018168988817,0,0.0183167018503953,normal,-0.0404796866066182,0.0148662408761657,0.010711307606624,0.0540394622450592,51.52383228691171,-0.7631031492178408,0.0228097067382934,0.1,1306042464,5945564.030303065,-1.3197914096430372,-1.062019706109368,-0.6991495748938382,-0.1926165858529498,1.4089383620164364,-1.2099064797303547,0.5226479157859094
2016-09-16,235.88154694507983,239.58504506683,231.72079754818185,232.54380798339844,18013477,-0.0066407150313859,0,0.0183989806844699,normal,-0.0523571138362285,0.0071287443040033,0.0036171829177293,0.052037554775963,54.154156060211285,-1.0806017875595222,0.0234256517029533,0.1,1288028987,3634248.369697016,-0.9874523016851761,-1.442571062354754,-0.49898084900464157,-0.1411525364790742,1.172769727656759,-1.4928325858883298,0.09438258008304602
2016-09-19,234.09839755553776,236.20161418339435,233.3668372725064,233.77833557128903,11433295,0.005308795786034,0,0.0183466816705799,normal,-0.0319953558715679,0.0144841580555885,0.0080863705756335,0.0504026176758967,59.47643624116275,-1.199674474692193,0.0230644648854927,0.1,1299462282,922247.2303029988,-0.3545035511924424,-1.5429429461953834,-0.5814160640796339,-0.12142833927514618,1.25787087334616,-1.2372077811677897,-0.25449851368915616
2016-09-20,234.4641529589492,234.4641529589492,231.94942426945696,232.6809844970703,9914599,-0.0046939810377941,0,0.0159050421589513,normal,0.0067260395239987,-0.0005892002285231,0.0030339932588756,0.0485208302199262,55.80642105308488,-1.3342163804637543,0.0223731928651297,0.1,1289547683,-2070633.0363636715,-0.758132963222616,-1.6494542959666951,-0.7669261887901428,-0.771046564189402,1.1176318773196237,-1.4204253450600237,-0.6472508251659191
2016-09-21,232.7267172684537,234.3269992143075,229.20609140623483,229.663314819336,12817180,-0.0129691288880218,0,0.0158470836266216,normal,-0.0248494939442209,-0.034409829209548,-0.009033114047497,0.0459635376545721,48.81974517868361,-1.5909104818158175,0.0231648869265872,0.1,1276730503,-4895215.1636364,-1.5065594566107778,-1.8882531190510363,-0.49507838616391864,-0.7634022126489215,0.9451714872102565,-1.883594337834406,-1.1540078220684318
2016-09-22,235.8358154296875,236.33877789513505,233.2753756469204,235.8358154296875,20797370,0.0268763020128273,0,0.0169979291721346,normal,0.007421780080032,-0.0333583378582892,0.0158975337026141,0.0450785866016552,55.0847484257955,-1.3205896792483536,0.023306392358172,0.1,1297527873,-4411727.333333286,-0.7737901008961382,-1.4876286497878752,-0.42466047045121513,-0.40131647861779485,1.1578363653469028,-0.7527231905206501,-1.3053452948111688
2016-09-23,236.6588152779024,236.6588152779024,232.0865953355693,232.77243041992188,12730223,-0.0129894817043976,0,0.0172706629242095,normal,0.0009831370635324,-0.0514254509918481,0.0024436319538925,0.0433874651869119,52.278811979931056,-1.3205195605902509,0.0239778961280266,0.1,1284797650,-3428494.012121212,-1.0755463639076643,-1.4352977372152858,-0.16444996464751185,-0.2942702610116567,0.9846841452807948,-1.3082933183303356,-1.5915477296646656
2016-09-26,232.223759582956,232.6809829780606,229.2060823845955,230.1205291748047,8800173,-0.0113926775620856,0,0.0170366567961041,normal,-0.0156464729186547,-0.0471412143210554,-0.0081288934070419,0.0411064268104939,47.37776696667477,-1.4605713469656472,0.0243535617732287,0.1,1275997477,-3122699.9090909604,-1.5862500554840397,-1.5485784838163887,0.006879815690075005,-0.34110606850468944,0.8612233822446372,-1.7008604764581474,-1.9482972382567076
2016-09-27,231.49219895764085,232.1780340491053,227.0571404048476,227.6972503662109,11345387,-0.0105304764302579,0,0.0168902461876286,normal,-0.0214187426687725,-0.0148367664545183,-0.0168346176290069,0.0383783263392323,39.60675228156042,-1.6631879953990367,0.0242398270623452,0.1,1264652090,-4167626.212121243,-2.3072520647863732,-1.7188465015443235,0.0012313666317527222,-0.36597660538607063,0.698861959835737,-1.9699577627105247,-2.3182382247857785
2016-09-28,228.6117027545797,233.9154970491562,226.8285342637642,232.04087829589844,17277539,0.0190763301827385,0,0.017274872877825,normal,0.0103523868338866,-0.0147543586842713,0.0017373406375926,0.0369265546204555,37.31781649959247,-1.4587586665896266,0.0230964234311771,0.1,1281929629,-2978366.957575725,-2.379325234729162,-1.430173359805229,-0.4131018595501482,-0.22618801572999647,0.8971159026738759,-1.153987791066695,-2.4100259751421778
2016-09-29,233.18394798841948,234.78422998441843,222.6678091575692,226.09698486328125,27870695,-0.0256157168351929,0,0.0180204620822805,normal,-0.0412949600070808,-0.0341796620386352,-0.0216939367576909,0.0340725526304424,31.294334214593547,-1.66311810199397,0.0261447381310742,0.1,1254058934,-3441614.0242424,-2.7450777379820086,-1.6015905748296317,0.8313973779509382,0.02623295692676048,0.5029351349991935,-2.0115046387186926,-2.6738469373328564
2016-09-30,225.7312153558325,230.89783458804607,224.77104335202367,229.75477600097656,14826293,0.0161779739783223,0,0.0184175265935606,normal,-0.0129639683423911,-0.0119935766366265,-0.0053111394229687,0.0323609549199883,38.55746645491979,-1.496437895401161,0.0261975890591643,0.1,1268885227,-3666949.272727233,-1.9531194391448725,-1.3656722466673714,0.8643095853884499,0.16952969806020615,0.6788732045605983,-1.3076118068697418,-2.710627954203832
2016-10-03,231.35502169252305,234.6927466612927,231.03495975706304,233.458251953125,9314647,0.0161192555672169,0,0.0187610353264055,normal,0.0145042373676487,-0.0013691757081846,0.0096914168361106,0.031658118960709,52.6100250073526,-1.099608698500222,0.0238514894983828,0.1,1278199874,-2389947.6242424264,-0.6455247028984201,-0.9007923510486697,-0.08656989443851296,0.2737901074860104,0.7812978449894683,-0.6871154753376053,-2.6020866342560303
2016-10-04,233.91549528739927,239.5850626823418,232.0866016791372,237.52755737304688,21532806,0.0174305486564636,0,0.0190162661785187,normal,0.0431727084583835,0.0208292606568267,0.0246277488296806,0.0319190581898749,52.26805524734521,-0.5534764027909453,0.0242540832607056,0.1,1299732680,-341676.3939393563,-0.6702551809063947,-0.2941607889680776,0.0858374425073267,0.3506596848001626,1.0572839397699436,-0.08957372911691391,-2.3916224846179173
2016-10-05,239.58508612953,242.2369765396992,237.344680077469,238.53347778320312,20868556,0.004234962971376,0,0.0184215658722615,normal,0.0279804124815685,0.038622463369236,0.0261361431853341,0.0322637247826738,55.04684678427561,-0.1366295646307636,0.0244803965846677,0.1,1320601236,1866946.533333392,-0.4134130395909992,0.15704127155427494,0.18274174689164607,0.15854082726920005,1.3325282701255108,-0.0343780217310432,-2.2035672004983144
2016-10-06,238.9906751938407,239.5850600286019,233.77831730534703,234.8299255371093,11081154,-0.0155263415454827,0,0.017718999919579,normal,0.0386247551205019,-0.0042652126045634,0.0092232299236494,0.031535650500192,52.48015600401919,-0.1229042829698734,0.0242406477521575,0.1,1309520082,4325867.751515165,-0.6328787383951736,0.16803834826077,0.08135316281251916,-0.06307304089583013,1.14382178404282,-0.6851056952190414,-2.16405280518901
2016-10-07,235.24140870349007,237.66468682696788,233.412515341364,236.5673675537109,11934100,0.0073987248968703,0,0.0177582394086765,normal,0.0296515775267514,0.0163032070720015,0.0150766875503403,0.0312038128531548,52.993095552031605,-0.0150556186925796,0.0242420762811511,0.1,1321454182,6441698.236363597,-0.5669102599772762,0.28374271147608426,0.07481458695314604,-0.05161654459330844,1.2908584540510673,-0.4321821090761782,-2.0833283704792604
2016-10-10,237.161777591132,238.0304852867077,234.14408647798737,234.6470489501953,9399844,-0.0081174281278655,0,0.0175165328661018,normal,0.0050921181287222,0.0196702127864141,0.0061817193862439,0.0303296045879482,52.073292552315046,-0.0872612696368446,0.0248580181726212,0.1,1312054338,7013810.157575788,-0.6275580503948979,0.20547409357180058,0.3174389747740702,-0.13396161002724796,1.114057530890318,-0.7618126205247292,-2.069872033059581
2016-10-13,233.13821213388664,233.50399923101912,224.81675450937453,228.2916412353516,18050638,-0.0270849675854762,0,0.015802829990049,normal,-0.0388835562485488,0.0026104437720908,-0.0191022816009971,0.0279145400470661,48.64864539832292,-0.551374477417031,0.0270235271561163,0.1,1294003700,5407929.830302985,-0.9095130524574091,-0.2904369728672352,1.1693193189740567,-0.6931278175512965,0.8054772965701116,-1.7076493189675166,-2.216074440918497
2016-10-14,229.5261312052458,231.85797317748305,227.7886879846337,230.5320281982422,12133951,0.009813705621315,0,0.0153333999308981,normal,-0.0335443463086269,-0.0065025184731983,-0.0085813045898007,0.0262554502032037,44.335943292459376,-0.6869779390934383,0.0259533994045504,0.1,1306137651,5259960.218181838,-1.2724175934562232,-0.42223535890936575,0.708833244466914,-0.848949470437786,0.9670407743555464,-1.246124475139778,-2.2626334113808158
2016-10-17,232.04088189413883,234.509899484856,230.44059995004133,231.5379333496093,16865537,0.0043634073721943,0,0.0153287740109758,normal,-0.0140186229671132,0.0240646662741572,-0.0038516313319066,0.0249597464536681,48.62104981837609,-0.6867852822204554,0.0256854971065966,0.1,1323003188,3880452.0848484887,-0.8453321948154077,-0.40718739611073707,0.5729846838252228,-0.8545837088804628,1.2069306443515537,-1.0253824187077913,-2.2629901400298467
2016-10-18,233.0924779057273,235.65294562567493,232.0865948229092,234.9213714599609,20218355,0.0146128889612346,0,0.0156102642864037,normal,-0.0069578323957816,0.022487434424268,0.0096755883500974,0.0245610113381349,55.27637634756986,-0.4481944267678954,0.0254823866505861,0.1,1343221543,3756494.921212111,-0.20245480487307224,-0.1356205260435396,0.45953502269919033,-0.7708593135784586,1.489835755430713,-0.4759843835435192,-2.1769862380750076
2016-10-19,235.92726504302155,235.92726504302155,233.04676331860384,233.54969787597656,9546481,-0.0058388624902869,0,0.0156332112569523,normal,-0.0046766029196969,0.0003917013945171,0.0034189784813658,0.0237882881441524,56.58434504353561,-0.375126119647357,0.0249468497657762,0.1,1333675062,2831750.8242424987,-0.05444152826907441,-0.04887564353510925,0.19115781104617804,-0.7738441941125299,1.2921538201821967,-0.699071644318074,-2.1344898126821326
2016-10-20,233.8240470477461,238.57916767967964,233.4582739042709,237.93907165527344,14179531,0.0187941745128172,0,0.016131029609116,normal,0.0422592363334759,0.0017324906919338,0.0201130787133023,0.0240891192967724,56.62898834459818,-0.041122928341186,0.0238964356945926,0.1,1347854593,3443529.56969699,-0.044986349777064207,0.3127018211209201,-0.317812077982779,-0.6141213939490632,1.4803945883082155,-0.04692249316259851,-1.9980723404683596
2016-10-21,237.52753410118,237.52753410118,234.18980917445705,236.3844757080078,8833390,-0.0065335883528953,0,0.0158950991618327,normal,0.0253867003014995,-0.0090092262736741,0.0121517466938101,0.0238805337237066,62.82774731620408,0.0596836597412977,0.0215252780125576,0.1,1339021203,4381428.193939396,0.5392637087645197,0.4077521365125963,-1.4176384640910085,-0.6968081705588461,1.3051163761847253,-0.36830426703637015,-1.9182788361304046
2016-10-24,237.11604325296145,242.23695089649843,237.11604325296145,240.45379638671875,14483254,0.0172148389462662,0,0.015217696448061,normal,0.0385071375049677,0.0239486974956295,0.0266838738805081,0.0245882901265819,63.20536854709702,0.3678118762117051,0.0210795072909582,0.1,1353504457,5147306.563636362,0.5670902877213212,0.7263115430909807,-1.590808533360689,-0.9257044284346068,1.505097957847941,0.20746732056047576,-1.7680675227876335
2016-10-25,241.4139509388955,241.91688550733767,238.44199889135228,239.0821228027344,9079178,-0.0057045203885169,0,0.014947994038992,normal,0.0177112508620045,0.0106301865512052,0.018806295167135,0.0247748974356578,57.36526869524003,0.4416628222459859,0.0207633322504913,0.1,1344425279,5680419.769696939,0.0013192742312667528,0.7821789042483722,-1.6737625896513786,-1.0251572940211202,1.324148437439532,-0.10840789540703662,-1.6752791191601062
2016-10-26,238.12194506687064,242.19124455668103,234.8299309512232,236.6131134033203,15020687,-0.0103270347881729,0,0.0149016545812149,normal,0.0131167608230884,0.0083788160214293,0.0074900849410903,0.0242473492540853,48.750008864593646,0.2937658781766101,0.0209385914286364,0.1,1329404592,4489128.969697025,-0.802239036867028,0.5986051266335549,-1.550359044510616,-1.050614487054822,1.0367920813688354,-0.5457900750038646,-1.6491547177091708
2016-10-27,235.92726504302155,236.01871530073493,232.54381480788084,233.54969787597656,10938008,-0.0129469389218592,0,0.0150136892151001,normal,-0.0184474695507604,0.0230321908072153,-0.0050275509385834,0.0229610786839595,43.550260523527285,-0.0239685075454794,0.0209615332017934,0.1,1318466584,1287537.575757628,-1.253939212528447,0.23628387140675952,-1.4948467079636472,-1.0242663483490004,0.8149782699399305,-1.0107722932637058,-1.6854607831451263
2016-10-28,234.0069327319885,236.6588228955042,232.26948937704395,235.92727661132807,11430184,0.010180183305628,0,0.0145874501681085,normal,-0.0019341333448839,0.0234034656930459,0.0046133570919633,0.0223283272764367,51.47060387269658,-0.0842113780991697,0.0203211612515927,0.1,1329896768,-778178.9757575945,-0.494061517539035,0.15856498476267986,-1.7174495740768874,-1.17192986139157,0.9937064552169977,-0.6227978210093292,-1.6649312125970925
2016-11-01,235.0128077184072,238.57914435536225,234.55558435708733,236.7959899902344,10000632,0.0036821235398629,0,0.0131847772190485,normal,-0.0152120966749118,0.0227092665316561,0.0075148547664574,0.0219023117814343,50.31369010357246,-0.0760058518627491,0.0201776509809685,0.1,1339897400,-1462026.6727272957,-0.6024105453903058,0.15395020266464338,-1.7048521379667314,-1.619656298182384,1.1575481569952737,-0.5096151915630943,-1.6292039279714092
2016-11-02,232.3609498344601,234.09839326563792,229.1146607309265,229.57188415527344,13716294,-0.0305077203176409,0,0.0146660561016856,normal,-0.0397781253402531,-0.0227713948349702,-0.0210570659923868,0.0197153577537367,43.92117185118361,-0.541619927045272,0.0219933434751841,0.1,1326181106,-1750923.854545435,-1.1854676376512872,-0.3714319894840118,-0.9347258065603623,-1.1334770634045916,0.8746860469179576,-1.572785808783326,-1.7288013729530798
2016-11-03,229.66330748106552,231.1721530680988,223.9023038227501,224.63385009765625,12902390,-0.0215097509687959,0,0.014909453422578,normal,-0.0506280617052898,-0.0381753770585263,-0.0382564794058164,0.016551447610301,45.46486131632663,-1.1326804682525085,0.0216626494885917,0.1,1313278716,-3173469.078787852,-1.0536350955722447,-1.0257637047940968,-1.0496603568751517,-1.0607531549530271,0.601311384168308,-2.1244875940321304,-1.8860755548463362
2016-11-04,225.1825390322768,226.23414733880253,219.74158301181188,222.07342529296875,12657669,-0.0113982144880407,0,0.0143329392526453,normal,-0.0491384604106922,-0.0666794497092552,-0.0447408713292477,0.0131166087459801,39.59511370534251,-1.6170689779127478,0.0226918449067679,0.1,1300621047,-4093902.109090937,-1.59812321999118,-1.5365877481904942,-0.6196935740139081,-1.2629684453711483,0.310213654350793,-2.2441113852793566,-2.0384759435760453
2016-11-07,226.7827915879448,232.1780217742213,224.49667473725987,231.0806884765625,11224419,0.0405598426363307,0,0.0173224229483878,normal,-0.0205427206399281,-0.0224371216238277,-0.0054277906384655,0.0122585465401199,49.53005360958232,-1.2672966282056763,0.0236728927880483,0.1,1311845466,-4418458.939393956,-0.6534468439581026,-1.1328712958670488,-0.21879394644594302,-0.26932745190148655,0.5415980646371481,-0.8285542058566293,-1.9934111747210008
2016-11-08,231.99512973099527,232.36091679046527,227.3771710111397,231.0349578857422,9367228,-0.0001978987994271,0,0.0170027023161169,normal,-0.0243290948665549,-0.0391710949983437,-0.0050916651296771,0.0114559026788005,45.71139344858525,-0.9878765446471038,0.0239461629850842,0.1,1302478238,-3959002.33939389,-0.9884223655190519,-0.814742909785744,-0.10903162391977632,-0.4028805502301078,0.28520237293486145,-0.7943475113440202,-1.947699349239961
2016-11-09,214.8949810908391,238.71630719376083,214.8949810908391,237.7561492919922,31761606,0.0290916641696012,0,0.0181951236237782,normal,0.0356501196426268,-0.0055461006251658,0.0215313561970913,0.0123409790738415,54.15161432759792,-0.3330988374989229,0.0295604296570507,0.1,1334239844,-1753873.41212123,-0.20303799685117566,-0.10225716053724712,2.0505056067598533,-0.01606931843292777,1.0844338724293525,0.1452302028474224,-1.7986664931305085
2016-11-10,244.1572790122589,259.88577406636523,242.5569972209801,257.2338562011719,50227559,0.0819230416003196,0,0.0256052725300474,normal,0.1,0.0871496194832717,0.0942530303921549,0.0177416519124831,64.67311578261885,1.3374714443324935,0.0320450947067383,0.1,1384467403,2313021.236363704,0.7597377039540528,1.6410134336154942,2.765407595580746,2.4391528719784517,2.4104786178541726,2.5055037541101823,-1.3803704922291362
2016-11-11,254.90209789066523,264.09227895686547,247.3579102400895,249.6440277099609,57937113,-0.0295055581069206,0,0.025769653790448,normal,0.1,0.0689117989890573,0.055735984305856,0.0205139956568949,59.23572985156985,1.826711535623736,0.0367346695859409,0.1,1326530290,1823081.175757556,0.2505097029185482,2.0418762778163204,3.0,2.3513044692826948,0.8375905206896115,1.1858436605461125,-1.159145608522817
2016-11-15,251.610014333518,259.199939001555,247.54074309417925,254.3990936279297,48658808,0.0190473850369585,0,0.025946534132304,normal,0.1,0.0782945375452814,0.0681295389935354,0.0239537313661464,59.6214619306911,2.333528851811029,0.0376784229101168,0.1,1375189098,4651528.290909058,0.2937820820136187,2.3968204501032764,3.0,2.293051258117697,2.2367092633303836,1.5785042331301202,-0.9052037747238147
2016-11-16,259.70287638069465,260.4344226162701,252.5244638289728,253.48464965820312,27532708,-0.0035945252661315,0,0.0260217548200969,normal,0.097170107839539,0.0704769522011625,0.057813268722527,0.0266086433197836,60.00001695126422,2.457661570543818,0.0390640913380552,0.1,1347656390,6095902.193939384,0.35049498184965033,2.3818466610603397,3.0,2.2080837493180696,1.347044903830322,1.254975146433344,-0.7087839310991236
2016-11-17,254.2162372427289,258.0569253709484,252.0215702723341,253.7133026123047,19500760,0.0009020386615516,0,0.0259315218892962,normal,0.0671156282091163,0.1,0.0528746224922604,0.0288467149930435,62.25430762622828,2.4027760225320187,0.0386555851985111,0.1,1367157150,7595485.951515182,0.5768565584426008,2.232276399459641,3.0,2.087237817213058,1.8508596375934585,1.0991903134950585,-0.5427715079726566
2016-11-18,254.35337760714685,256.04510980685404,251.33571426138985,252.2044219970703,13389671,-0.0059471876314662,0,0.0259337329015755,normal,-0.0195519916327353,0.1,0.0419872528438445,0.0303108777844363,63.67295127619549,2.122200738418936,0.0390681389240514,0.1,1353767479,7007885.363636375,0.7247824887348968,1.9295106857418116,2.8969586390791524,2.0035269934661804,1.4003987952186403,0.7579168555599659,-0.42811500676371156
2016-11-21,253.43893735843832,253.8504496011228,233.96123073429908,235.33290100097656,26002028,-0.066896214041361,0,0.0301282237438524,normal,-0.0573261328951605,0.0597076200833817,-0.025144339455564,0.0275204417538592,49.64069376275811,0.7296309761389432,0.0465735645843094,0.1,1327765451,3667374.8545454657,-0.5907700018228063,0.7381901444559722,3.0,2.936845340514493,0.6292469759603578,-1.4737483840436731,-0.5884488598825709
2016-11-22,238.487725870313,240.1794581138892,229.66331940269504,235.33290100097656,25631435,0.0,0,0.0300904581829728,normal,-0.0749459927512096,0.0184014187963843,-0.0228042497738286,0.0249921451244661,49.10615955208137,-0.2118764956543768,0.0485442011607456,0.1,1327765451,746135.8666666324,-0.618324249206832,-0.07852502458259167,3.0,2.717288731170245,0.6117429122454862,-1.356641821877391,-0.7293284740976448
2016-11-23,237.57326042914087,238.07622289824027,232.95531538882392,236.5216522216797,16190033,0.0050513600760744,0,0.0298504967564754,normal,-0.0669192294657535,0.0237483296300593,-0.0161939176104327,0.0229800129222244,54.58382647762132,-0.7449652497031685,0.047526982466485,0.1,1343955484,-2109461.793939394,-0.032919419870142824,-0.5468495744647991,3.0,2.487049768091571,1.0485505982418413,-1.0927254085907887,-0.8352088058103075
2016-11-24,235.74436935904828,240.49950379059217,232.77243126935923,239.3564453125,28927720,0.0119853428394089,0,0.0299471257039591,normal,-0.0565869315955543,0.0067308291510999,-0.0039850339818643,0.0218107170232388,59.98761562989489,-0.8873751972884505,0.0471005458356688,0.1,1372883204,-1772497.9151515386,0.5789846772528003,-0.6564971781987472,2.7995986054362962,2.35765201016505,1.8094653603312914,-0.6324720905558007,-0.8852256290753686
2016-11-25,240.9567366717305,241.87118349021904,236.24734113785496,238.6249084472656,19303589,-0.0030562655803119,0,0.0298530191112252,normal,-0.0538432809475579,-0.0723425292017275,-0.0063639404935953,0.0205412340848252,61.51401657260574,-1.003022211541123,0.0469849008087338,0.1,1353579615,391642.4969697592,0.7791371898475546,-0.7415990890010509,2.5809041614602575,2.211547442345273,1.2263512986111533,-0.694628415892195,-0.9423233118180843
2016-11-28,231.766551442604,235.69867568998404,226.78281889860733,231.8580017089844,22315183,-0.0283579228267221,0,0.0304211776833228,normal,-0.0147658881406376,-0.0712455497699328,-0.0313548853105095,0.0177711054131639,50.55813392935404,-1.4787094451430685,0.0488914517420364,0.1,1331264432,-2149485.6606060355,-0.41540384405244496,-1.1660201028974766,2.613622814471042,2.2106548454080657,0.5530637808750812,-1.5363638910901198,-1.100296326793991
2016-11-29,232.4980837146572,234.55558888027355,230.44057854904068,231.0806884765625,12656706,-0.0033525400317973,0,0.0303349062626881,normal,-0.0180689249413383,-0.0916607241748723,-0.0314103605578904,0.0151115841313522,50.03249453274336,-1.7695144595746577,0.0487873817750748,0.1,1318607726,-2194442.606060631,-0.4518957383321393,-1.3957614048406253,2.4260957565623875,2.0853383838542268,0.1297735817169535,-1.4791779691801126,-1.2473839454848972
2016-11-30,232.2694806625344,237.8933227429052,231.0806970653238,236.2473297119141,16501691,0.0223586023973423,0,0.0307583072208917,normal,-0.0011598198608409,-0.0680014350751878,-0.008833298543568,0.0139614173767004,48.903666036464806,-1.5458320320438186,0.0425779001272253,0.1,1335109417,-2488986.36969694,-0.5546042402193718,-1.1466476819102587,1.6430518184361473,2.062947964918355,0.6357769050346987,-0.6703993019434621,-1.2887001011922552
2016-12-01,237.4361230330944,238.6706318827944,232.86388870583767,233.77833557128903,12986151,-0.010450886973562,0,0.0300180240304255,normal,-0.0233046147302541,-0.0785728096862069,-0.0173958687156358,0.0123263829325763,27.360991203785147,-1.4951697932055137,0.038040287496976,0.1,1322123266,-2039730.4545454069,-2.7934392716483956,-1.0677126217904214,1.101083962874384,1.8402884696429738,0.18078306716435363,-0.9374352791605455,-1.3625298402232235
2016-12-02,232.2237560080543,239.0363816995677,231.35503436139896,232.3609313964844,21139754,-0.0060630262053191,0,0.0295951145577142,normal,-0.0262503067745146,-0.0786801850794528,-0.021176386914476,0.0105232229254501,31.062071576111776,-1.4850912456436798,0.0354894028955287,0.1,1300983512,-3090331.5030303206,-2.314334135540326,-1.0304868442827773,0.7967371934210086,1.694688756792041,-0.5751429190377501,-1.0345258500150707,-1.4454974625601487
2016-12-05,232.635254517169,235.74436797802585,231.5379211752989,234.9213714599609,8406973,0.0110192365303767,0,0.0294810797235468,normal,0.0132122666821803,-0.0017487123103706,-0.009410238863962,0.0095223124806451,27.578970294803653,-1.2437365539848142,0.0328365675792262,0.1,1309390485,-4776033.260606029,-2.5195936927508202,-0.7884045451594859,0.4829269801445888,1.6135746185412487,-0.31242468408232454,-0.6057609004310289,-1.4716570040097603
2016-12-06,236.384492854046,237.89332446113588,234.4184378565228,236.93316650390625,10048459,0.0085636952970378,0,0.0281882986632311,normal,0.0253265561303592,0.0068000075472789,-0.0008389059651939,0.009093391892361,31.416871905147616,-0.9022531837490166,0.0312207055209209,0.1,1319438944,-5690910.393939413,-2.028183681827603,-0.4601354022552496,0.2855956664390372,1.3411904346588555,0.026877440376780755,-0.2847004844682399,-1.4613506274620516
2016-12-07,238.0762272306482,240.2708939441354,230.12052899921795,233.73260498046875,22193202,-0.0135082883104283,0,0.0283900331431249,normal,-0.0106444577998483,-0.0117919320071251,-0.012988275047018,0.0079280260176566,28.97013898011868,-0.8464962217405334,0.0329057638104723,0.1,1297245742,-6636062.927272681,-2.2054782487331273,-0.3897844181376184,0.45414080789040273,1.336133074235932,-0.7585690060715727,-0.6909135158777177,-1.5104640871050143
2016-12-08,236.3387723333292,238.21337699730745,235.97297131008463,237.66470336914065,9047721,0.0168230632136259,0,0.0278781353505496,normal,0.016624157188708,-0.0070678771200443,0.0032707509693064,0.0078177741923599,35.43953466410731,-0.5156308805363863,0.0322926355216009,0.1,1306293463,-4593010.048484829,-1.51506099625754,-0.06383973191622447,0.3668564514539629,1.214168492882611,-0.4186197982168397,-0.05827746019153816,-1.4937441923620238
2016-12-09,238.4877151168974,244.34019698286195,236.6588215104589,243.8372344970703,16004173,0.0259715937639359,0,0.0212900603886943,normal,0.0493899857932809,0.0218431767401037,0.0264603103411702,0.0091536087300692,60.83913336719874,0.1144769655358164,0.0278990648921733,0.1,1322297636,-2156759.8363635805,1.1508250566677831,0.5387529217873398,-0.1443268127644732,0.09080004494086602,0.15517340584992712,0.8578502501255146,-1.377679058415655
2016-12-12,245.89474847405964,246.30626071269808,239.85939377867803,241.09390258789065,14296268,-0.0112506685651925,0,0.0204435959359932,normal,0.0262748812062922,0.0398342986260127,0.0134726266732296,0.0096285552868502,56.86273084167261,0.3298624557663644,0.0270109218385965,0.1,1308001368,-1608809.4242424057,0.715234486187897,0.7315430841011803,-0.2548135397488923,-0.044476347645382844,-0.3634195555613757,0.3428756003469052,-1.3245607864571038
2016-12-13,242.2369464079668,243.92867853207864,239.17354411404,243.3800048828125,9084137,0.0094822070171951,0,0.0200446718463695,normal,0.027209522727583,0.0532252023625827,0.0208384326117727,0.0105429416613709,57.96178434210224,0.5942320625263995,0.0266498552841373,0.1,1317085505,-1127164.4969696978,0.816719011003458,0.955812757247176,-0.3058016456026052,-0.1175231748280984,-0.03829850163368028,0.6273580856613484,-1.2371602949425893
2016-12-14,243.24285654752973,243.47146825481124,239.8593921170823,240.40806579589844,8672531,-0.0122111062013703,0,0.0201725769587129,normal,0.0285602465089862,0.0176117803704196,0.0075694143072684,0.010595609990829,51.21693936368615,0.5385349805940205,0.0257566798999545,0.1,1308412974,-2.818181864819512,0.11657454420480982,0.878573478147619,-0.41527566258243637,-0.10105527683954067,-0.35224583968184336,0.11295032498373603,-1.22045427579367
2016-12-15,237.6647407220248,244.6145426554456,236.84174410377724,242.69419860839844,12274497,0.0095093848242215,0,0.0203389133238175,normal,0.0211621463682218,0.0381381064046055,0.0154920671636431,0.0111389048687478,54.54545454545458,0.6194764666320438,0.0261465272092888,0.1,1320687471,1254526.727272723,0.461562046164678,0.9234944581642673,-0.3766860513439527,-0.07818010132580096,0.07115914023596444,0.4131347716867652,-1.1600417104918967
2016-12-16,243.56291295498664,243.56291295498664,240.54522174378687,242.09979248046875,11017555,-0.0024491979261885,0,0.0203183628401049,normal,-0.0071254171668455,0.0419126443737938,0.0117518063394796,0.0114278827679661,63.27011238371948,0.5965760956087194,0.0236071920670927,0.1,1309669916,516185.36969700793,1.3506507943555872,0.8732997206012276,-0.6713186431519969,-0.08748029890490816,-0.3372254322684102,0.2652076244213901,-1.1213420622825483
2016-12-19,240.81957048079,241.87117871997123,238.53345347965603,238.9906768798828,8371299,-0.0128422894077315,0,0.0137394946017253,normal,-0.0087236785560809,0.0173219890324685,-0.0011233071006762,0.0109050391718183,59.6648334663892,0.3479475342986414,0.0237503218337961,0.1,1301298617,-223597.17575757363,0.9674111865830554,0.6210070975582785,-0.6587452844871152,-1.2049360055942677,-0.6542427706284232,-0.23236949754596883,-1.1589092059963013
2016-12-20,239.44789469829,240.40805265370315,231.58364681637403,232.77243041992188,12765309,-0.0260187825782268,0,0.014999366711095,normal,-0.0435844122363222,-0.0175608005640518,-0.0245941917715363,0.0089476896385685,45.860563795533466,-0.2283400743403028,0.0250021166597402,0.1,1288533308,-891688.7878787272,-0.44213937567616884,0.06847848725714573,-0.5185761785051778,-0.9850240140142528,-1.1420020264049326,-1.1244642330175263,-1.3372211284244837
2016-12-21,234.1898329081428,235.92727626050385,232.36093929372032,233.5039978027344,8778450,0.0031428437701697,0,0.014968632668567,normal,-0.0287181212922591,-0.0009780714066548,-0.0195183160053979,0.0073836203187824,49.65908638412377,-0.5357467606880567,0.0242384477301292,0.1,1297311758,-2185888.884848532,-0.044123095152297113,-0.23284398172333662,-0.6097003941894411,-0.9798293362349707,-0.8158906588459948,-0.9013212142446503,-1.4814118772530973
2016-12-22,232.49810329528145,232.49810329528145,227.1028726546272,228.42881774902344,12981595,-0.0217348743553355,0,0.0153776075649901,normal,-0.0587792412887175,-0.0388609898280606,-0.0370846924329533,0.0047961882311429,45.52084213278098,-1.0278613081090502,0.0243766529032624,0.1,1284330163,-3585794.7757575754,-0.4564930114380158,-0.7036615685136609,-0.5947097479610464,-0.9014184838596891,-1.296980035784367,-1.5180211898384974,-1.7296529128980953
2016-12-23,228.38310057070265,230.2577194020934,226.59993200556565,227.8344268798828,10557157,-0.0026020835505689,0,0.0153766448897287,normal,-0.0589234937148357,-0.065629056408035,-0.0359553455275729,0.0023827909729365,41.54855201739315,-1.321653505053437,0.0242682377790952,0.1,1273773006,-4228378.909090892,-0.8487104205485382,-0.9859323781908729,-0.6070801302918581,-0.8936860332589471,-1.6834583250243558,-1.4344178843112068,-1.944782632866399
2016-12-26,226.7827922597073,227.0571290732721,222.7592321719235,223.30789184570312,8592983,-0.0198676516809557,0,0.0147195951024322,normal,-0.0656209072208364,-0.0737721300757643,-0.0501232753136938,-0.0008070002890236,34.6707707309034,-1.7236679611550727,0.0252720480266405,0.1,1265180023,-5704578.406060574,-1.5242925694500966,-1.3641970465308748,-0.49300809264391715,-0.9932134196542386,-2.003233587677107,-1.885499239609622,-2.2094625303517907
2016-12-27,223.6736945216473,228.5659765659518,222.30202431146563,227.46864318847656,8756536,0.0186323524367348,0,0.0154006586777924,normal,-0.0227852895717816,-0.0653766183544833,-0.0294276325309563,-0.0025937823703096,43.10171746675418,-1.614108861158877,0.0235893914245887,0.1,1273936559,-5578492.92727274,-0.6910753586712832,-1.2543500302514974,-0.690157558461637,-0.8705425953126749,-1.6612198681057182,-1.110913853886792,-2.299429847106786
2016-12-28,227.92586944610875,230.897821605386,226.0055255464661,226.55419921875,11747088,-0.0040200880301943,0,0.0144227294168952,normal,-0.0297630817861013,-0.0576264632855958,-0.0302512128361061,-0.0043605448018708,36.89325281651652,-1.509856863753789,0.0238143519477124,0.1,1262189471,-6148308.90909088,-1.3535303377696217,-1.1618858541921169,-0.6578639493095858,-1.0162518372568103,-2.1223503412406144,-1.1294032532311138,-2.3591829655788272
2016-12-29,226.46275329589844,227.5601006614977,224.4966981803439,226.46275329589844,10658616,-0.0004036381720882,0,0.01428699233039,normal,-0.0086069020209399,-0.0668802361390203,-0.0278054396664845,-0.005906809116044,26.07057353925198,-1.3584332355261548,0.0223674142791522,0.1,1251530855,-5920919.260606051,-2.3588604714463055,-1.0231937798547737,-0.814783357073494,-1.0192003574117612,-2.4499589689675054,-1.0208505299074928,-2.379242013432686
2016-12-30,226.5541792067345,230.71491465286616,226.0969558380024,228.7945709228516,10538497,0.0102966937962922,0,0.0144785160239623,normal,0.0042142184397575,-0.0549575917488263,-0.016127615850368,-0.0066723768525261,32.86622909477548,-1.0276380570830992,0.0215684747572324,0.1,1262069352,-5014944.157575707,-1.6136339600863214,-0.7110755091840978,-0.899630064382318,-0.9687338141390496,-2.0221119441397764,-0.5947108035236323,-2.321215511591153
2017-01-02,230.89781779277487,231.9494260350452,221.8448000230321,222.75924682617188,25988990,-0.0263787906869293,0,0.0152816390363951,normal,-0.0024568993733116,-0.067916582628321,-0.0382264678848094,-0.0087691319941125,23.99081269255707,-1.1333863384681568,0.0238681740296826,0.1,1236080362,-5507660.393939364,-2.317607471040028,-0.798369453668721,-0.6336873719387884,-0.8230724735272046,-2.7296087301776977,-1.3192707145858698,-2.3848334509011204
2017-01-03,223.1250319786594,225.31969884301049,220.47314168812247,223.94802856445312,15963085,0.005336621286069,0,0.0151748555471336,normal,-0.0154773623945446,-0.0379099957823592,-0.0300367214358078,-0.0102797426535229,28.260900232198185,-1.0435993292857235,0.0241352144072296,0.1,1252043447,-5190159.199999905,-1.830076364628253,-0.6964334973327947,-0.6020416377381375,-0.8273997554922116,-2.0756518259295684,-1.0013091253365893,-2.3878581176489657
2017-01-04,224.7710140557901,225.31967373406107,221.47900017276405,222.11911010742188,11225978,-0.0081667093421404,0,0.0150209280046225,normal,-0.0195762829672638,-0.0487567142423426,-0.0344676723443547,-0.0120037850718091,22.493877256276534,-1.026165374108027,0.0230694585993095,0.1,1240817469,-4457452.733333305,-2.20894161618453,-0.6634905666763837,-0.7213773756796998,-0.841082688650492,-2.290223529417209,-1.1185168670364178,-2.401614922992098
2017-01-05,224.03945039006152,224.8624468713789,222.8506668422198,224.3595123291016,11970913,0.0100864901745563,0,0.0146369188828756,normal,-0.0092873593391701,-0.0178143259682446,-0.0224265297279866,-0.0129202490703045,27.283381379839497,-0.7929614507078284,0.0227517470309856,0.1,1252788382,-3252447.7818181454,-1.7151913878465512,-0.4322288908396852,-0.7535690637110573,-0.8895469044363542,-1.8323582294168987,-0.6834262740654589,-2.345877992804486
2017-01-06,224.9539075345904,227.6972478703781,224.49668414529245,224.86245727539065,12354302,0.0022416920997372,0,0.0130610365342149,normal,-0.0171862191991732,-0.0130444272412747,-0.0183433079427283,-0.0135500246082644,30.614806834155488,-0.5458151711532135,0.0226282417777598,0.1,1265142684,-1695057.6606060422,-1.3821949595814447,-0.19352130808777018,-0.7613706333382716,-1.1190599682804043,-1.415416498434884,-0.528696138215179,-2.271394529555487
2017-01-09,225.31969420376407,227.10287669185487,224.9539210516872,225.91409301757807,8329253,0.0046767955617397,0,0.0130787232595651,normal,0.0141625824128774,0.0116708869997113,-0.0124588753214424,-0.0137933160679566,39.03513008994021,-0.2666257212988556,0.0204412095055173,0.1,1273471937,-151600.21818183997,-0.666589812237962,0.06368018583304119,-0.9910622951632571,-1.1018684461029493,-1.1510937296309252,-0.331836121263279,-2.169996633097228
2017-01-10,226.50847050144088,227.69725413700303,225.3196868658787,227.05714416503903,9352013,0.0050596717194266,0,0.0128896671043425,normal,0.013883201475431,-0.0018090362595453,-0.0067563534324978,-0.0136760325914397,39.82684733179898,0.0244538061731613,0.019964336295923,0.1,1282823950,2385228.0424242974,-0.5932717857973472,0.3254293884392651,-1.0256160781945836,-1.118400362849583,-0.8627500837240427,-0.13757679118220892,-2.050611814911211
2017-01-11,228.291626644376,231.5379154130204,227.69724183538275,230.57774353027344,13415303,0.0155053450451019,0,0.0133718023256724,normal,0.0380815204002968,0.0177597428138531,0.007814538430461,-0.012664627556006,53.56596653209552,0.4594007718319672,0.0190646199475982,0.1,1296239253,4762934.951515169,0.5333314786709934,0.7128249351760427,-1.104093368401235,-1.0331697129828876,-0.4618936716712267,0.3545603728871563,-1.8777667424943791
2017-01-12,231.2636077545676,232.68100319320425,229.11466598288803,229.75477600097656,11282323,-0.0035691542327407,0,0.0130962945709382,normal,0.0240474032764028,0.0145367070618307,0.0038142948413533,-0.0119386735205363,53.162669979815526,0.6834770627842675,0.0191044772562326,0.1,1284956930,5401943.393939459,0.5038809639275595,0.8983727796684383,-1.0782414777822789,-1.063361662377267,-0.7608496024457314,0.2212480325874482,-1.7424431192348997
2017-01-13,230.44060475161987,230.989278439512,227.7887144846284,229.4347076416016,9333736,-0.0013930868595898,0,0.0130992915312397,normal,0.0203335426536377,0.0027978667333232,0.002185306356123,-0.0113410098957433,61.71334087526471,0.7941733183151349,0.0185475107045295,0.1,1275623194,5829240.884848434,1.1940909600796108,0.9749742844793136,-1.117614484960046,-1.0503514868484092,-0.9976663272775854,0.16616692291106727,-1.6274856692102608
2017-01-16,229.5718541402927,234.46413576916103,229.2517922037552,233.8697509765625,13234727,0.0193303069990999,0,0.0137354274701474,normal,0.0352154124283226,0.0498767360219196,0.0194647631827642,-0.0096984453844247,62.11072035031055,1.1296523214357226,0.0178745980279821,0.1,1288857921,5081544.24848488,1.2100075602139557,1.2490767950391721,-1.169187429438454,-0.9418368898796252,-0.592926006818506,0.7588159261862425,-1.447147304368875
2017-01-17,235.42434773914283,236.5216671920207,232.6352681613353,234.098388671875,9480201,0.0009776283352498,0,0.0124090225898357,normal,0.0310108916974571,0.0453246236302569,0.0184767083908183,-0.0081795446696498,64.65367005650253,1.3174167451461545,0.0175502190561335,0.1,1298338122,5275427.16363638,1.4096225059721545,1.378351806791098,-1.1886632191188158,-1.1271852971259135,-0.30035434239220354,0.7197148344427129,-1.2865805523190927
2017-01-18,235.10427124408665,237.1160374034424,234.64704785695565,236.2473297119141,8048897,0.0091796490024165,0,0.0125529254157393,normal,0.0245886098755072,0.0636065019243932,0.0251093329421152,-0.0063078478468787,67.59870768298497,1.5223002248658588,0.0173767461495325,0.1,1306387019,4598794.715151528,1.628072174233388,1.5170057023842558,-1.192629625914476,-1.0918534877158625,-0.043647668236083174,0.948268102004645,-1.108423052446704
2017-01-19,235.1957104516226,239.5850435991564,234.55558657703665,236.29302978515625,13029151,0.0001934416498925,0,0.0113985586705558,normal,0.0284575315385473,0.0531892645521085,0.0228423254072502,-0.004648195775733,64.695359687468,1.5894797115914343,0.0174977764251355,0.1,1319416170,4636121.672727256,1.3700483654545714,1.531612600580983,-1.1669521813462587,-1.2460432525490834,0.3571683932720725,0.8667500755107916,-0.9514166464628715
2017-01-20,236.38451038737267,238.21340408476047,228.88604901875303,229.57188415527344,15341756,-0.0284441129558237,0,0.0132352547455759,normal,0.0005978891122528,0.0209435889696567,-0.0056595042093415,-0.0048165640310176,63.00179327849636,1.13136031360551,0.0177682178622252,0.1,1304074414,3852636.157575824,1.2014201482292413,1.1140228894677295,-1.1263595430057993,-0.9635632961059788,-0.08833833596247079,-0.09956251644945686,-0.932919214232062
2017-01-23,229.52614491353071,233.36681865129407,228.70314838163523,232.4066467285156,9339939,0.0123480389755603,0,0.0125745152945754,normal,-0.0062560645057236,0.0287390380308516,0.0059845309391575,-0.0042583767256236,65.18885512029013,0.9752662654359012,0.0174952823467101,0.1,1313414353,3661985.636363659,1.3254956297738618,0.958864658138244,-1.1422631084206598,-1.0503739256814906,0.19402923778415113,0.2921250647251011,-0.8607338723235153
2017-01-24,233.27536877225512,235.0128119955516,232.26947177770464,233.09246826171875,13540202,0.0029509549010631,0,0.0119616917248508,normal,-0.0042969984366966,0.026580639507616,0.0080935641323809,-0.0035912848436252,70.54803522895857,0.8772953373138157,0.0171075409703352,0.1,1326954555,4349208.624242403,1.6746050076707713,0.8567783125813792,-1.1706419468379585,-1.127783941754329,0.6018598734813727,0.3619897451782219,-0.7817044902802067
2017-01-25,233.68688840956835,238.6706208042748,232.4523796171713,237.02462768554688,16343545,0.0168695258716513,0,0.0123783531653078,normal,0.0032901873412944,0.0279596983497543,0.0226550286594557,-0.0020476386925314,72.30285979917187,1.026064819357127,0.0178709126170621,0.1,1343298100,6287334.812121201,1.7331099986218708,0.9589619937508048,-1.0825380685920216,-1.0622279299378232,1.0884694305176708,0.8462396875346143,-0.6371345495589865
2017-01-27,238.03050274323184,245.25465514872,237.29895642944467,243.6543731689453,18039379,0.0279707030789808,0,0.0136124756395251,normal,0.0311534512485711,0.0604975331085595,0.0461522520588413,0.0008967293909838,77.21866171953496,1.4915026992514036,0.0188188530040187,0.1,1361337479,7886861.993939389,1.9850798055792085,1.3015956868540206,-0.973872293919527,-0.8762351545305829,1.5805472140720191,1.577200314554106,-0.3863512047574999
2017-01-30,243.10568366871428,244.9802884175596,240.865277880064,241.3682403564453,11884795,-0.0093826873811735,0,0.0138242271194831,normal,0.0513841503047178,0.0520127614409804,0.0327625316369408,0.0028948185497603,71.61130493230492,1.5586332131901752,0.0195518482103175,0.1,1349452684,7290053.727272802,1.524915196963845,1.3087263889899314,-0.8916431014944332,-0.8407589157282702,1.1988741341869504,1.094350022190878,-0.2125482097717375
2017-01-31,238.80777919653653,241.27679674979848,237.436108979547,238.07623291015625,8899165,-0.0136389420639083,0,0.0126544600576088,normal,0.024395112022177,0.0179864301220182,0.0168680020976579,0.0038273954248588,64.53562495898854,1.3048482845816565,0.0202886085371362,0.1,1340553519,6195248.684848487,0.9984031560996937,1.066380234582894,-0.8090056767718862,-1.0043361899186491,0.9150376613582668,0.537459747650674,-0.12690807879641786
2017-02-01,239.58504325333823,248.63806029874664,239.2192701426884,247.54074096679688,27253142,0.0397541070813745,0,0.0150451239846711,normal,0.0619851547020191,0.0574218061524696,0.0515549290006944,0.0068827041100718,69.3431129395577,1.6743406037336432,0.0212675966947882,0.1,1367806661,6592378.75151511,1.2902304301003227,1.3218350236214977,-0.7022605086999842,-0.6480539708055402,1.6346715283415887,1.6465449298536574,0.12287558060563215
2017-02-02,248.59237329997217,251.47287519817445,245.71187140176988,249.9183044433593,20139955,0.0096047360417383,0,0.0147403463394725,normal,0.0543980466659272,0.0578672137717533,0.0554573081655809,0.0100634044828014,72.20543502042187,1.959033221342,0.0216925229046032,0.1,1387946616,7782602.0545454305,1.43118975904271,1.494087750960078,-0.6533250481518382,-0.6849280669179163,2.0800814999174313,1.6996093337295826,0.37796379889150056
2017-02-03,249.64396589771823,254.7191342615301,248.7295191361881,253.8046875,15366890,0.0155506138907945,0,0.0148698298057958,normal,0.0416586585294598,0.0741099207656095,0.0645834647343008,0.0136912487443734,74.8832965692728,2.267475279158568,0.02214528241983,0.1,1403313506,9691028.248484872,1.5551996215246118,1.6679643830606694,-0.5925153944043927,-0.6558357371799133,2.3525747209680867,1.9148367963349855,0.6641608009000574
2017-02-06,256.0450560860348,258.33117265823154,252.38726957052,253.3474273681641,14725291,-0.0018016220911439,0,0.014954997561204,normal,0.0496303365928685,0.1,0.0563609756776608,0.0166626192117966,71.64630330861472,2.2922647880771194,0.0223915071674035,0.1,1388588215,8756535.612121198,1.3230159275945708,1.647779977686162,-0.5502642148255119,-0.6201045550371864,1.9633406655097332,1.7582304031683094,0.9030490563876453
2017-02-07,254.07905993886976,256.0451150624732,252.66165059360927,254.1247711181641,10981984,0.0030682914686572,0,0.0149673011262324,normal,0.0674092411990747,0.0934488092116332,0.0536214225000886,0.0193452685860902,71.98793757696082,2.2115318679386062,0.0221816504297546,0.1,1399570199,8019313.175757497,1.3144505886055209,1.5690083991802672,-0.5494817265779599,-0.5950162965290214,2.129057356295518,1.6722954735545017,1.120216487606522
2017-02-08,254.3076461499005,255.3592543285528,249.27818903689413,253.48464965820312,13622088,-0.0025189258691483,0,0.0150879861332701,normal,0.0240118401043467,0.087485372429914,0.0458906324560568,0.0214372464978533,69.57422616425808,1.973391839938372,0.0231008951230707,0.1,1385948111,6397434.6060606325,1.1379176346260076,1.4006799395180964,-0.433532174122082,-0.5544120786530945,1.7740592715682622,1.4617558950076142,1.296546002222068
2017-02-09,254.9477692961788,256.3194395640708,247.677933620373,252.2501678466797,16080181,-0.0048700456346686,0,0.0150738145249493,normal,0.0093305026557144,0.0642361104405238,0.0367687966306851,0.022874506577766,67.64411417441735,1.6066473317064371,0.0242367561284513,0.1,1369867930,4272951.515151603,1.0001550247039035,1.1465141804822574,-0.2939939246054235,-0.53350691102648,1.3559466561830462,1.186712422099579,1.428077545802826
2017-02-10,254.9020027967728,258.6055005536525,251.47282787125567,252.70733642578125,37580487,0.0018123618430234,0,0.0149678059020327,normal,-0.0043236044417767,0.0371549385266267,0.0348388215486867,0.0241330752876043,79.69474947953083,1.2828166815518074,0.0235725755267484,0.1,1407448417,5078879.890909122,1.7085635889695956,0.9250774554111153,-0.34127469907103886,-0.5261510633632177,2.1905112398105464,1.1480309718857165,1.5534598594221536
2017-02-13,254.03328067917928,254.44479285456143,247.0835081233353,248.4094390869141,19853043,-0.0170074102305669,0,0.0157013657044032,normal,-0.0194909746372681,0.0291720183238297,0.0155715285114368,0.0241361982928614,69.7963247011088,0.6964783471581422,0.024756102440871,0.1,1387595374,3450674.8848484834,1.0813228489674798,0.48305940688407234,-0.19331201319216962,-0.3951494597685671,1.6780566961033454,0.4959490305715685,1.5868723288572109
2017-02-14,248.72953498305947,249.6439818028501,245.16319796721635,247.0835418701172,13306738,-0.0053375476458162,0,0.0154079149548054,normal,-0.0277077642492901,0.0378337175864171,0.0091752476797972,0.0237399338283057,67.0379040448993,0.1644207958895727,0.0253912202706282,0.1,1374288636,41034.50303038019,0.8872458205781381,0.05471985372305397,-0.09072957178903521,-0.41315264622971776,1.3309939073034895,0.24999559399740318,1.573620552496822
2017-02-15,247.76938441709743,249.18676586760807,244.20301938757467,245.94049072265625,12201568,-0.0046261727463086,0,0.0154947299807962,normal,-0.029761797985477,-0.0064645934155754,0.0040756766323677,0.0230418016285316,61.64876552710211,-0.2944292153582495,0.0251506957042075,0.1,1362087068,-2626180.3272727057,0.5427284599098188,-0.3210484150110699,-0.0783371818467415,-0.3729729261088148,1.0296241349117192,0.05163948948212104,1.5246344730615902
2017-02-16,253.30176869954727,253.30176869954727,246.580579002894,247.3578643798828,21794688,0.0057630756654256,0,0.0154369090359825,normal,-0.0193946490048342,-0.0102451081731661,0.0089146065661764,0.0226739792598256,55.601642513326034,-0.519269089828879,0.0247557154656311,0.1,1383881756,-2692601.92727273,0.17158277671155017,-0.509773993953571,-0.08519572375019407,-0.35493244768842247,1.4851807516052382,0.21184451172739122,1.4951041098780298
2017-02-17,247.952267646773,250.2383848625956,244.79744263296047,246.3062744140625,17830528,-0.0042512898001306,0,0.0155023985753152,normal,-0.0253299413552985,-0.0295440291501215,0.004183059467276,0.0220261351238881,57.75867897305671,-0.7420294375278083,0.0252459273729364,0.1,1366051228,-2657867.418181839,0.3061102267445227,-0.6961441080999322,0.024208481484770637,-0.31580508419601266,1.092728098760472,0.0356563232577304,1.439633410044851
2017-02-20,246.8091933721097,248.3180250574353,245.07174997971345,246.58058166503903,9229363,0.001113683569893,0,0.013736522448109,normal,-0.0073622702446309,-0.0267097470592881,0.0047940857355071,0.021442826328401,64.76195874371805,-0.8655020145894046,0.0250191663027259,0.1,1375280591,-2649735.200000023,0.7301407941447016,-0.8011133885713524,0.04671760135333296,-0.5921239105976401,1.2803547413568181,0.0511034453166408,1.3868790677415466
2017-02-21,246.90061709313483,248.27228718809675,245.6661084263293,247.54074096679688,7754157,0.0038938966534767,0,0.0135846138507887,normal,0.0018503826407021,-0.0259086515745674,0.0078709186921366,0.0210750857472612,50.0,-0.8745281742512203,0.0226264975277347,0.1,1383034748,-1325212.1636362746,-0.17142178190529173,-0.8243123908134447,-0.27115311801941666,-0.596843376648903,1.4097810201287149,0.1408701354744606,1.3437075923456867
2017-02-22,248.63807208685225,251.19853979619435,246.44340541220248,249.0038452148437,12617613,0.0059105593783572,0,0.0135973460941967,normal,0.0124556736598608,-0.017676827568854,0.0124945924768247,0.0210106176776443,47.6414611685256,-0.7772583723688706,0.0222050070895729,0.1,1395652361,-20165.18181817033,-0.3129240059645992,-0.7697093784414847,-0.31609216288709907,-0.5731447287940732,1.6194879527785893,0.2879629856476218,1.3181904348147448
2017-02-23,248.45520755166544,249.6439772329512,246.53486368391776,247.3121490478516,13146194,-0.0067938555950108,0,0.0133910144831276,normal,-0.000184814548532,-0.0195758791400665,0.0050782914390989,0.0204864093840198,31.11695730473899,-0.8180238280759857,0.0215249515894306,0.1,1382506167,-621822.6666666043,-1.2858874365122637,-0.8241904509045982,-0.43360430627931085,-0.5962960732888795,1.3036827686424117,0.0028523915669419085,1.2543657387635787
2017-02-27,247.6321975841514,248.22661036625504,244.70598438729505,245.3003692626953,9645350,-0.0081345772656199,0,0.0121077005730201,normal,-0.0040839607263766,-0.0293104555959787,-0.0028034135101993,0.0194926870775948,28.536567101004607,-0.9617326634670968,0.0209958543036837,0.1,1372860817,602584.8969697386,-1.4450307726766283,-0.9638240538864096,-0.5385106096105452,-0.8610795436839105,1.0720597837694936,-0.302304028001472,1.1530615508518367
2017-02-28,245.89476234903915,248.0437181149705,245.0717657320262,246.1691131591797,7941592,0.0035415515235284,0,0.0119009254886123,normal,-0.0016686979286077,-0.0090186827681316,0.0006588105959288,0.0187549765633856,28.88331229961928,-0.9764106850683404,0.0208023542333892,0.1,1380802409,1355877.64242422,-1.417640435459496,-0.9927793092763898,-0.5714722617320648,-0.912327055828838,1.1967026392375906,-0.18747347594300176,1.0727906678753028
2017-03-01,246.90058816104388,249.91825085366705,246.71768767380163,248.50086975097656,7656892,0.0094721736690381,0,0.0115151964703471,normal,0.0038786697512085,0.0057362294150875,0.0091629283194401,0.0185768635989731,37.86161474488041,-0.8138537563724606,0.0199368752362134,0.1,1388459301,1722042.1454546095,-0.899222651781207,-0.8628848579516112,-0.7905423072795782,-1.0309421678912543,1.3085105372442885,0.12319417681883563,1.0374738853458685
2017-03-02,249.6439834357931,251.19855420228672,243.70007906827425,244.4316253662109,14220808,-0.0163751715993728,0,0.0082634341295026,normal,-0.0183620451511012,-0.00613508313337,-0.0066657913912444,0.0174206760041959,33.267806014754626,-0.9553728883390996,0.0199347599607078,0.1,1374238493,327322.7090909159,-1.1837323766882089,-0.9857031253696834,-0.7736991345538629,-1.9680401105130538,0.9924871931354715,-0.4735255363546396,0.9276040407736621
2017-03-03,243.4714776489961,245.8947562583403,241.6425839201774,242.37413024902344,10120034,-0.0084174669055401,0,0.008072580318706,normal,-0.0199667457415232,-0.0201478701449554,-0.0136154780375686,0.0158796619158247,29.303864742271983,-1.1494997109414733,0.0192550902569427,0.1,1364118459,-313709.38181813515,-1.4268146738217433,-1.1464454430368578,-0.9847650511997202,-2.1493090203344125,0.76429450095689,-0.7364499442042879,0.7906132013483556
2017-03-06,243.79150634837896,247.2206816217337,243.56289466348863,246.76345825195312,9515073,0.0181097215219294,0,0.0083718098890583,normal,0.0059644793591442,0.0018561599333115,0.0038415768046191,0.0154864091382498,46.71533380145045,-0.95238243310113,0.0181846695388289,0.1,1373633532,-1384884.2424241963,-0.3777978750852894,-0.962959563113137,-1.3613769513608425,-2.2511471378155385,0.927344571198466,-0.07502506773316978,0.7459946291032569
2017-03-07,247.6321646678074,247.7236149226445,243.6086046152694,244.88882446289065,11599142,-0.0075968857072363,0,0.0084869469619428,normal,-0.0052008502604514,-0.0068608695410026,-0.0034252995986852,0.0146571067533189,45.71415630860771,-0.917954881782164,0.018217185989459,0.1,1362034390,-2565355.424242371,-0.42417456181324753,-0.9114709358969588,-1.322116218930343,-2.1707452607117204,0.6796813248114008,-0.33307911059897294,0.6712974877278796
2017-03-08,244.88884495728087,247.17496198603345,243.24285185926,246.80918884277344,9122987,0.0078417803837911,0,0.0086916351372746,normal,-0.00680754522066,-0.0029552796891787,0.0039699016046921,0.0143211067875104,51.64641055257462,-0.7430227261588347,0.017771090291127,0.1,1371157377,-2570705.321212108,-0.05319449785817633,-0.741639370813299,-1.4427421504127618,-2.0487953891506856,0.8363560263763017,-0.0455071102331328,0.6370164279019124
2017-03-09,245.9862202385207,250.4670045425653,245.4375465079488,249.87261962890625,15594429,0.012412142353761,0,0.0092179028350563,normal,0.0222597802331983,0.0034889999924014,0.0148432034801289,0.0146753661353531,54.486206860882895,-0.4145539125172439,0.0168866433567869,0.1,1386751806,-740307.6666665998,0.12562271150296062,-0.44476144273463847,-1.7071922339914785,-1.8129146909068818,1.1108033701939806,0.37334915741923247,0.6575217122058534
2017-03-10,251.01562843890665,251.9757863467581,246.44339476970976,248.7752227783203,9557026,-0.0043918251316039,0,0.009207067523159,normal,0.0264099659593215,0.0059158991424461,0.0093877426925506,0.014675748804326,54.397302781085806,-0.2716596212103201,0.0169873907109671,0.1,1377194780,-199729.7575757228,0.1168554000209321,-0.31049742524084056,-1.6129370844187065,-1.7992928380225648,0.8960819715120237,0.16388540803149831,0.6505148543317364
2017-03-14,254.58200785883864,254.58200785883864,250.3755465956557,251.15283203125,15734886,0.0095572590645345,0,0.0094751890342284,normal,0.0177877786702729,0.023858352868141,0.0171907282181069,0.0151620400637284,57.57578515652068,-0.0301846616924437,0.0175547910191311,0.1,1392929666,620471.7757575706,0.3097027498368694,-0.0937915068737332,-1.3684591467998959,-1.690863061881357,1.1659780995786544,0.46044913450620584,0.6811955308215042
2017-03-15,249.3239300390596,256.5023434495591,249.3239300390596,253.6218414306641,20055974,0.0098307049912416,0,0.0088598728130769,normal,0.035661149449867,0.0302748308910114,0.0245373244162301,0.0160868411791803,59.59600240206467,0.2663219752097017,0.018671592488462,0.1,1412985640,2820816.2181818555,0.4390105473348507,0.16649328861451107,-0.9298464535271164,-1.9669467429635847,1.4924610867795811,0.7296594250484961,0.7442753063669826
2017-03-16,254.2162290149301,256.228023284924,252.4330464616763,255.40499877929688,18005184,0.0070307720288367,0,0.0088202051432187,normal,0.0348277549017808,0.0277831181646928,0.0286311477360967,0.017230114061395,60.00003814024371,0.5374015562368375,0.0182727080862236,0.1,1430990824,6123621.303030301,0.46356439060261945,0.3971732925597079,-1.0397255287874276,-1.8879608582740508,1.7503656375572472,0.8612719281471833,0.8204880218201303
2017-03-17,255.54218754471367,255.58789872527467,250.1012175361811,250.6956024169922,14265642,-0.0184389357483727,0,0.0098247516953525,normal,0.0032936093170519,0.0256267045698219,0.0087358355522357,0.0170870354843435,54.8302828836443,0.3627690547757143,0.0192933868796609,0.1,1416725182,7184712.981818182,0.13501503443609955,0.2382573211635494,-0.6429716477958104,-1.3941111295145017,1.4309673202162023,0.08974022323309032,0.7949274379629859
2017-03-20,251.24428066980457,251.24428066980457,248.5466512069376,250.4669952392578,9678185,-0.0009118914553359,0,0.0097677812426415,normal,0.0068004057721013,0.0333899702163738,0.0070663390760945,0.0168457678596634,57.77165919644809,0.203054052944267,0.0190762929720992,0.1,1407046997,6528244.557575739,0.30849572604088404,0.0902494926191103,-0.6967658098393883,-1.3670554899108596,1.2109536042073537,0.00909359048807227,0.7606116639406735
2017-03-21,250.9241958380324,253.3474742718573,247.03779694578628,249.04959106445312,11898233,-0.0056590457095982,0,0.0098100926155558,normal,-0.0083743470053133,0.0092644706339208,0.0012369240704104,0.0162514175306331,54.26247016666027,-0.0152674731735378,0.0201421358858457,0.1,1395148764,5336773.890909066,0.08259279370908783,-0.11381369144176492,-0.2784110683389504,-1.3020119599934659,0.9624716641167814,-0.24620237043709975,0.6980506319284017
2017-03-22,247.17495707051705,247.81508098851853,243.97439329391256,244.6145172119141,9887203,-0.0178079949201412,0,0.0106355884679368,normal,-0.0355147812504643,-0.0011201297224493,-0.0150365651503063,0.0146697663343811,44.586069037525306,-0.4514234895053965,0.0208945460009947,0.1,1385261561,2571934.418181856,-0.5210222400227434,-0.512037135796547,0.02637228535657397,-0.9185339237239616,0.7556030275313552,-0.919889894544669,0.5617193425347705
2017-03-23,245.9861845730403,246.35195770481985,243.8829681352821,245.52896118164065,7998170,0.0037383062139944,0,0.0106323800673508,normal,-0.0386681452785127,-0.0051871150629985,-0.0102842132280691,0.0134473846203011,51.67596919097179,-0.6588273096441941,0.01935356338672,0.1,1393259731,570016.4303030743,-0.0996366838892325,-0.7239466893000822,-0.5365593109844998,-0.8899446174484269,0.8731219840363418,-0.7891682153913477,0.4518980889851792
2017-03-24,246.4434157745748,255.08494930857185,245.66613040322176,252.84454345703125,20133467,0.0297951909224207,0,0.0125427988112748,normal,0.0085719135849244,0.0118937554364246,0.0173438301517485,0.0139923311866454,63.77851376809241,-0.3019739407584316,0.0202919320633405,0.1,1413393198,438008.8303031299,0.6383978327015702,-0.4319904097671216,-0.1500489690447265,-0.05356116113129955,1.2066728059488487,0.3472376176396295,0.47371876599465906
2017-03-27,252.38733766822344,256.7766715084675,251.65579133041743,255.5421905517578,15966114,0.010669192452575,0,0.0125911418301551,normal,0.0202629304817265,0.0272011324032355,0.0254442058665884,0.0150203560213904,62.09066649630154,0.0958204842630361,0.0201543987783904,0.1,1429359312,216819.14545458285,0.5098176206146257,-0.09400377582200299,-0.1826628453601259,-0.019555755596978502,1.457438833311131,0.6696636678475117,0.5299247588079294
2017-03-28,256.6394950468067,258.697000396578,254.67343996058784,257.9654541015625,18673371,0.0094828315612871,0,0.0124817092264238,normal,0.035799548993445,0.0271254041422268,0.0317127391821974,0.0163985148193228,67.74190342826432,0.4806940179335179,0.0199397516125864,0.1,1448032683,1430872.0121211205,0.8411679566769346,0.24164234685095398,-0.2533053484994794,-0.054275465830022636,1.7510627750686771,0.9169986659104125,0.6108958294177901
2017-03-29,258.92560157508177,265.09811737344256,258.92560157508177,263.7721862792969,31008407,0.022509727893442,0,0.0132542196787172,normal,0.0783177927693725,0.0400215722406847,0.0494455817177852,0.0188302277309297,70.81923924707525,1.0521227451496444,0.0203674924719349,0.1,1479041090,5005442.109090974,1.0078075516518847,0.7585060446278745,-0.07356379733109991,0.2932989932762652,2.223591520941015,1.642338951418646,0.770340100334386
2017-03-30,264.2751145366015,268.618736661338,264.13795310347626,266.14971923828125,19683170,0.0090135847623711,0,0.0132438142400548,normal,0.0839850336082572,0.0420693428489598,0.0529975473823425,0.0213877889370206,70.31952406640399,1.4892839319188953,0.0201364600397134,0.1,1498724260,10053313.139393888,0.9525989494824086,1.1409779080403477,-0.14366411210112393,0.3071119923102851,2.478825572238928,1.7624105368435223,0.9375806349468404
2017-03-31,267.0184556461733,269.761795943908,263.8178919654829,268.2986755371094,20185269,0.0080742384586329,0,0.012413125091412,normal,0.0611210820244749,0.0702169202427303,0.055318579082769,0.0239888891248987,73.7486074602637,1.8013905059591058,0.0200847317572119,0.1,1518909529,14430144.696969772,1.154142709822732,1.3929582309034463,-0.13989719342295814,-0.041546075964158685,2.683138619900043,1.812713569679001,1.1072143897687088
2017-04-03,269.57889996719456,270.4019243957335,267.2013606611522,268.070068359375,10509610,-0.0008520622670862,0,0.0121023854711044,normal,0.0490246944372176,0.0702810088942134,0.0489827161247189,0.0260884350921417,71.71358826658397,1.8629178491089415,0.0194074194603352,0.1,1508399919,16349914.32121215,0.999345739641592,1.4031838068231672,-0.40018599606529975,-0.16096824268608703,2.400490388051289,1.5014814095826945,1.238945469543584
2017-04-05,268.2072402488918,273.1909865639527,264.869514948363,271.9107666015625,21936647,0.0143272177520343,0,0.0119168482035596,normal,0.0540588372523309,0.0917936682385196,0.0575644324648663,0.0286419280734748,72.67572422023424,2.0196092185184984,0.0194335639669741,0.1,1530336566,17444492.527272746,1.0478092140426298,1.496216344866412,-0.3687539447394465,-0.22642634059111288,2.636807622082967,1.8360825623837984,1.4072986235577127
2017-04-06,270.1733130655663,272.09362898354965,266.51552593538673,267.7957458496094,18413111,-0.0151337175919296,0,0.0124414886946137,normal,0.0152539190240934,0.0947663650625156,0.0374532565766914,0.02983015253915,64.52302788069386,1.7154150373195094,0.0202077946302478,0.1,1511923455,15236932.333333312,0.42007007889795855,1.1660037233033278,-0.024011406703134005,0.01837835662496964,2.223681707264897,0.8769715654312845,1.4701086757715114
2017-04-07,266.7440893610565,269.5788515486066,263.04056381791844,264.68658447265625,10765502,-0.0116101970443518,0,0.0129220120542966,normal,-0.0054974123955963,0.0780259208478584,0.0229328956627523,0.0300602231931492,67.03776722752318,1.198574901050307,0.0207289545818322,0.1,1501157953,11440078.587878872,0.5868276638144798,0.653341009984603,0.19644288957039266,0.2397000917226363,1.966626621004221,0.16698529050872907,1.46042756475979
2017-04-10,265.00666863774177,265.5096311163735,262.0347165695866,264.5951843261719,10307875,-0.0003453146167814,0,0.0127772382386382,normal,-0.0138036134674293,0.0464737767660687,0.02038538036476,0.030121401513568,67.26254021037107,0.7654006908025845,0.0209459464094371,0.1,1490850078,7115351.012121287,0.5788949205459353,0.23099330146722005,0.28194479190111515,0.17427052149027222,1.7335109728461653,0.023013445587591337,1.441635730002693
2017-04-11,264.54943121018454,269.8989502304504,264.0922078393362,269.3045654296875,11682024,0.0177984384542322,0,0.0130668775522924,normal,0.0046051283452412,0.0538555877924284,0.0347479739345377,0.0310795842893623,72.90587028605982,0.7120045108701376,0.0204462654332656,0.1,1502532102,3553361.072727285,0.9938406166812005,0.1762259892295249,0.05904568336860882,0.3095778443105771,1.8531358841960626,0.7007321974332431,1.5005010677334008
2017-04-12,268.847377712754,270.17333682673984,264.3665936655488,265.3267517089844,13251421,-0.0147706880288358,0,0.01364702513927,normal,-0.0242138808068084,0.0285359822037398,0.0175777327071215,0.0309230627534053,73.66774898530447,0.3434256776867581,0.0209497377612781,0.1,1489280681,-373485.1575757256,1.020393541945408,-0.16844670935198797,0.2616619420434576,0.5703176441289531,1.5849727916526493,-0.1476187440522196,1.4663080829921653
2017-04-13,265.4181943861471,268.0243734524162,265.1895826769428,266.6069641113281,9944020,0.0048250408000618,0,0.0135576204055546,normal,-0.0044391360083398,0.0107470687945454,0.0203024306460242,0.0309435034663612,73.88604154130266,0.1313901819092322,0.0209471442185951,0.1,1499224701,-2190678.896969621,1.0125950988589492,-0.3591387313326423,0.24453618347825898,0.525112361981403,1.7044147327201677,-0.029165538354121962,1.452098999442707
2017-04-17,266.1954613043757,267.70429289906787,263.817894112318,265.0981140136719,8146800,-0.0056594549309154,0,0.0136354229716318,normal,0.0015547805032716,-0.0039511791619358,0.0131262869566823,0.0305141645720561,65.99045013400875,-0.1497026494635127,0.0195387427746802,0.1,1491077901,-3384682.0424241857,0.3952769065998835,-0.6056083407005856,-0.37687865618225463,0.5616847991305312,1.5249589099579923,-0.377455537639884,1.3960821442000744
2017-04-18,266.1497634088051,271.4992834421069,263.7264846657536,265.46392822265625,13457050,0.0013799200735373,0,0.0127680918949816,normal,0.0032832944359768,-0.0105656403587465,0.0131228991668648,0.0301023566437497,63.78653140028607,-0.3393660311079713,0.0202253716832079,0.1,1504534951,-2406296.5393939344,0.22590138993076284,-0.7596782315756114,-0.09940997919459145,0.16235269794129872,1.6981168592357698,-0.3728208691189284,1.341201883846199
2017-04-19,266.6069783514329,266.78987889124653,258.69701837181645,259.7486267089844,18149995,-0.021529484446106,0,0.0138796597537222,normal,-0.0354837605721841,-0.0310420394985496,-0.0078680909337452,0.028396878986501,52.27008366103877,-0.8490898520690511,0.0217894160988308,0.1,1486384956,-2944314.1212120936,-0.6450286366613283,-1.2015445564690062,0.5639333353890567,0.6579129801411888,1.349894856419871,-1.3572451503787875,1.1529487339897118
2017-04-20,259.61145166950985,262.35479218290385,258.056908789275,260.4344482421875,14514929,0.002640327850401,0,0.0137649729683781,normal,-0.0184387870249994,-0.0422061932405624,-0.0047510515800186,0.0269565774473432,45.11377556901187,-1.1222608246321857,0.0209545498618872,0.1,1500899885,-961317.1333333252,-1.1603928422381318,-1.4076458142669857,0.16856951375667087,0.5871002440517059,1.5460903331411529,-1.1700862049341019,0.9846536364587173
2017-04-21,262.4462490524087,262.4462490524087,255.35928588113285,258.0569152832031,12042308,-0.009129103215921,0,0.0132229243298807,normal,-0.0320698630533698,-0.0363666365778471,-0.0125355123552511,0.0250908487005243,38.15267826268767,-1.425783248541717,0.0217677410823292,0.1,1488857577,-505905.7878788163,-1.6235256134362173,-1.6219037052361582,0.5128334095169351,0.34060475332918055,1.3058253938017166,-1.525617909142408,0.7632576846088082
2017-04-24,259.0170745883568,263.2235357499497,256.8681188736263,261.5775146484375,10077853,0.0136427243632308,0,0.0134450476006896,normal,-0.0132803636809457,-0.0117462312282016,0.0008469566697397,0.0241360005384754,40.540561435518406,-1.3527635528926436,0.0215871379556452,0.1,1498935430,61092.89696970028,-1.3923908346757248,-1.4938316832383698,0.405581510062719,0.4343599272518922,1.4403470437355934,-0.8829314490129777,0.6347742012042012
2017-04-25,262.9034737657637,264.0922435279361,260.6173566025832,261.5775146484375,11531902,0.0,0,0.0119131220731956,normal,-0.0146400816119884,-0.0114048548745105,0.0007662323235191,0.0232153212709809,40.80312493515655,-1.2691555695968226,0.0216620469693381,0.1,1498935430,-32160.41212121724,-1.323859916313656,-1.366394058040898,0.41476734433098356,-0.26108460602678063,1.3968811171747926,-0.8773127680208148,0.4995563930380495
2017-04-26,262.53768318149224,264.7323499311876,259.10850766424886,261.9432983398437,13836891,0.0013983758959472,0,0.0117274088331845,normal,0.0084492136057303,-0.0273343568390628,0.0019590204325581,0.0224067134172694,34.33905593392946,-1.157057798458212,0.0208961887267595,0.1,1512772321,1310123.1212121511,-1.7178871410571042,-1.2225929991723783,0.025527464175884952,-0.34017211684434917,1.5818732925792576,-0.8004947415586822,0.3644429577729126
2017-04-27,261.9433274827758,263.3149978422806,257.0052918631948,257.91973876953125,22622372,-0.0153604218768456,0,0.0121243922032727,normal,-0.0096558250631949,-0.0279165703863034,-0.012167868044381,0.0207516349044878,34.43803383251466,-1.3104599945197726,0.0214247811214083,0.1,1490149949,410907.1575758755,-1.6466556165278712,-1.31184956886737,0.26316029355802456,-0.1491054264370332,1.1453933801864715,-1.4129040374373527,0.0866494311943609
2017-04-28,258.7884221311476,265.8753842213115,258.3311987704918,264.9609375,14152004,0.0272999606934332,0,0.0126280504910021,normal,0.0267538740793678,-0.0061739820518745,0.0133715476596179,0.0207549915315539,50.38464368901964,-0.9131170009614022,0.0212375221809777,0.1,1504301953,936016.7696970043,-0.492000368098367,-0.9298744171308244,0.1583178997154946,0.08926244855666099,1.3474995814863329,-0.2044055399396062,0.04447328478808612
2017-05-02,265.41813079773146,267.4756356876363,262.5376295332038,263.63494873046875,9754789,-0.0050044688928202,0,0.0125074382507606,normal,0.0078654852455359,-0.0055193349399975,0.0075037380811806,0.0203923431302239,48.6987922111972,-0.7233001491817128,0.0217407455204733,0.1,1494547164,324384.5333334119,-0.5932376384440962,-0.7348613207192414,0.39335877872485425,0.03536057747334932,1.141805772407973,-0.4715695091130438,-0.06364047801351745
2017-05-03,264.64091019456305,268.1158249342601,261.3488959857406,265.0066833496094,13950914,0.005203159238736,0,0.0124212302397879,normal,0.0131095698564944,-0.0017224369280912,0.0115180596101254,0.0202946823860332,43.59675948280484,-0.4996962240073364,0.0218870143629571,0.1,1508498078,1328796.2363637092,-0.9264327130094693,-0.5107724543120981,0.45935156493063445,0.016181331979961227,1.340085396491186,-0.257819713678671,-0.1260667944063466
2017-05-04,268.8473863869452,274.3340677417808,268.02438976506073,273.46533203125,24534923,0.0319186239936506,0,0.0143847188409122,normal,0.0439867473778912,0.0528076144080387,0.0394678303268072,0.0219467076256749,60.69710371760307,0.1867723048788665,0.0221296038274512,0.1,1533033001,2413438.896969757,0.31120861178823195,0.14093902744119485,0.5736875795900861,0.9285193126270571,1.694778613549216,1.1144305325869246,0.1459959915678418
2017-05-05,275.24850381387245,278.8148409729773,267.15564355229003,270.67626953125,34756331,-0.0101989618913789,0,0.0142419796011133,normal,0.0494593039779618,0.0393259085278083,0.0260455587353412,0.0226929223157879,55.144520980793565,0.4091412428033165,0.0246862949247014,0.1,1498276670,2004512.7696969209,-0.06650008009513432,0.3905169745881031,1.760079464928128,0.8715969331024452,1.0604585313936976,0.5143693768854858,0.26393431434066594
2017-05-08,270.7677065567715,275.0198786503239,268.7559124081199,273.7853698730469,11560550,0.0114864164013384,0,0.0140081508235774,normal,0.0333046540984816,0.0609495566998568,0.0341052988141361,0.0239129286480492,60.55555885162358,0.7044390587693905,0.0250262476361016,0.1,1509837220,1455138.109090963,0.34691575696566634,0.7287342737524094,1.851437214502868,0.7758250486238101,1.2151094204882629,0.9745798580718059,0.4791388065289878
2017-05-09,275.1570443394476,275.1570443394476,269.9904253543127,271.13348388671875,7843574,-0.0096860032643738,0,0.0139218858371904,normal,0.0284428722077976,0.0365320744450246,0.0217448788620491,0.0243106466551774,56.52629981493948,0.6607090353006431,0.0245844396297315,0.1,1501993646,895490.3030303258,0.06865699352942631,0.7401640296335534,1.5952185814208417,0.7496966108613394,1.0467102433915478,0.3631889629461629,0.5398398871961293
2017-05-10,271.5907088721628,272.6423171467246,267.9329215472852,269.2588806152344,8699405,-0.0069139497070291,0,0.0140396132117417,normal,0.0160456227438434,0.0293655438125892,0.0132638901715524,0.0241624396699096,62.009254963135874,0.4548738076734717,0.0238580383526066,0.1,1493294241,-175739.78787877937,0.4925517194893431,0.5725490374268137,1.250566462109393,0.8209616474703433,0.8700584340350312,-0.0719202577325736,0.5011214262204681
2017-05-11,270.58479407501204,273.7853577749013,269.2588630005069,272.5965881347656,11934889,0.0123959050557771,0,0.0137476648150651,normal,-0.0031767971831438,0.0406702132195817,0.0233074408200617,0.0246476653105713,64.39394869698197,0.4898251496933707,0.023625820590442,0.1,1505229130,394861.5151515554,0.6788969597073167,0.6470609458198988,1.1570369346728195,0.6997706203205472,1.0374428028890397,0.5085212949629878,0.5880518625149658
2017-05-12,274.33404015146306,276.7116074141161,270.67625294944355,272.4136962890625,13376269,-0.0006709249259301,0,0.0132658090089182,normal,0.0064188366450494,0.0561956118158237,0.0204225113515037,0.0249328393287211,67.92233450595037,0.448071804329206,0.0233659440179903,0.1,1491852861,-1180877.3696970243,0.9819628921769464,0.626770960293215,1.042038281818735,0.48704581292699956,0.7849795006327098,0.3626422907230637,0.6396961573743636
2017-05-15,272.87091743366284,276.1629314696077,272.047920901352,275.6142578125,10383539,0.0117489009071016,0,0.0134489245278859,normal,0.0066800060949245,0.0402071354857731,0.0292343183045917,0.0257573759343368,67.66395639811304,0.5753330696644552,0.022513980969158,0.1,1502236400,-1267415.8242424645,0.9675523144666952,0.7745069320737713,0.6844115128627133,0.6078353970783695,0.9292975114633876,0.8485100916685021,0.7910729030798277
2017-05-16,276.1629255589431,282.0153793271964,273.7396471908422,281.1923828125,17533439,0.0202388840268008,0,0.0139361326318386,normal,0.0370994344984108,0.0665975211806282,0.0450818352961406,0.0275409968885833,71.64477964581152,0.9522774190194944,0.023286874291531,0.1,1519769839,-1022867.1393939308,1.2622184757400907,1.1735975288588594,1.0891096185921654,0.8767259328973864,1.1867835533777966,1.6748357754165129,1.1117946007608008
2017-05-17,281.649621295348,282.38116759057704,279.36350423937927,281.3295593261719,14120513,0.0004878386544464,0,0.0139431614542168,normal,0.0448292687073383,0.0615942049847422,0.0410712690677774,0.0290008558026197,71.50099339653623,1.1165591883952506,0.0226138200645888,0.1,1533890352,616222.88484846,1.224904163468826,1.31201253008168,0.8108296413993537,0.909044630213161,1.3816569185485068,1.3982487978273213,1.3503125320240752
2017-05-18,278.76912063507336,281.55817229316943,276.1629415982527,277.0316772460937,15471393,-0.0152770369753263,0,0.0134247282192603,normal,0.0162697895145167,0.0130413065098728,0.0227155027994436,0.0292513860255279,71.0685459453494,0.8533563081907403,0.0227288678063474,0.1,1518418959,2739295.139393921,1.1586267617265003,0.9897152881527345,0.9054458144658997,0.6729251679138347,1.0821008697523202,0.3808535324489132,1.355118649289819
2017-05-19,278.4033525550992,288.3250784777504,276.1629466267375,281.6496276855469,55250969,0.016669394941976,0,0.0137504048935599,normal,0.0339040640110988,0.0405405253046387,0.0358408171806887,0.0303136589784458,69.43559284324641,0.9030544920291276,0.0234230016163682,0.1,1573669928,5736107.781818189,1.0120362071270126,1.0102581513700297,1.3064518644035608,0.8780830176670993,1.9391299529452486,1.0635413008601369,1.496225157988946
2017-05-22,282.5183411065541,282.9298254095469,268.1158044610904,269.1216735839844,35771221,-0.0444806343417204,0,0.0173338616561812,normal,-0.0235567792466401,-0.0170341325806598,-0.0092684026592064,0.0285120680421289,55.06760508595442,0.0499979242846615,0.027134601295476,0.1,1537898707,6638608.575757594,-0.049663241613842356,0.06154808040768228,3.0,2.621182905159295,1.294926999844579,-1.359391607614271,1.1356138007108836
2017-05-23,269.76181234156826,270.58480889957497,262.67484947496774,264.1379699707031,19846852,-0.0185184030216205,0,0.0177085753604811,normal,-0.0606503372218614,-0.0258009959365195,-0.0250510381415454,0.025802658447908,49.24783143137684,-0.8428267115613206,0.0279556716041163,0.1,1518051855,5595509.636363676,-0.485014544631927,-0.9227128950885606,3.0,2.6190014923784006,0.92934574108548,-2.096695455233416,0.6338463727367007
2017-05-24,265.2352752956951,265.60107633018646,257.55392798529124,258.92559814453125,16435958,-0.0197335196706099,0,0.0182862535317832,normal,-0.0796360014045506,-0.0383767564029547,-0.0402418419036918,0.0222626605778188,36.66103361464999,-1.7264459578981637,0.0281652681966958,0.1,1501615897,2881298.6060606297,-1.3954047434249763,-1.83498997122767,2.9487431975702063,2.6847887211283594,0.6250724651013275,-2.6587875844449598,-0.002426580775551466
2017-05-25,259.84006646475825,266.4240949377753,259.29139277422297,265.2810363769531,15018467,0.0245454226154737,0,0.0191163790332626,normal,-0.0424162355220562,-0.0268365492314813,-0.015119227494289,0.0204299471512818,45.35433170183593,-1.8158091304360136,0.0263702076420949,0.1,1516634364,1681067.393939314,-0.788532342070872,-1.8667722448931825,2.081082678370477,2.808734708836494,0.8536739591457194,-1.403204422897421,-0.32985745115583726
2017-05-26,268.0491503851594,268.51050864744025,263.2510131938094,266.1575927734375,12304394,0.0033042557751425,0,0.0187373764409278,normal,-0.05500463479897,-0.0229654514470026,-0.0107470803555281,0.0189443080046918,43.16933529005054,-1.7481742608376225,0.0260137914051343,0.1,1528938758,121988.41818183666,-1.0013218378780584,-1.7486419217711728,1.8469969160582131,2.4638142588059515,1.0365636399815092,-1.180673321385923,-0.593245595791784
2017-05-29,266.5728193674971,268.37212799612803,261.40560079003933,262.051513671875,10619968,-0.0154272476647236,0,0.018094607829985,normal,-0.0262712393912897,-0.0492091528510535,-0.0235899596763673,0.0167216859282335,42.07354816577051,-1.8996773059920489,0.0269120100601924,0.1,1518318790,-1773651.6303030693,-1.1361970500205965,-1.8470314832044734,2.077294661989829,2.0859336965744943,0.8224529417758175,-1.730291200467191,-0.9792861778814237
2017-05-30,261.4978860087561,267.3571422119111,259.3294963072325,266.5267028808594,9643418,0.0170775171121047,0,0.0184684225979067,normal,0.0090435044625398,-0.052155324354642,-0.0062608238351586,0.0156660899926774,47.71898767976145,-1.6286234657154228,0.0273494204234771,0.1,1527962208,-2169329.1878787307,-0.7067999511017565,-1.5357579549111686,2.1146105144151486,2.1028727034068955,0.9642813546508383,-0.9091627469537165,-1.1491835157458083
2017-05-31,266.66504728372377,268.97183835019194,265.00416897949486,266.0191345214844,10697171,-0.0019043808890019,0,0.0184457513330276,normal,0.027396041286708,-0.05442167130023,-0.0073825112512057,0.0145835877278968,44.23631509249495,-1.4212042312078794,0.0272515537799489,0.1,1517265037,-2306422.709090875,-1.0279838188150954,-1.3111818713628332,1.9711911233432922,2.0079156128037585,0.745883376929625,-0.9597336252091515,-1.3196187808502706
2017-06-01,265.6962215209745,268.87957647963026,262.6051156830058,265.23486328125,12186700,-0.0029481760462273,0,0.0168872435077566,normal,-0.0001740535106984,-0.0425829063380513,-0.0093362866116638,0.0134235580913451,43.77494800019054,-1.2789625133112723,0.0273965257987721,0.1,1505078337,-3938152.551515113,-1.1257665962428005,-1.1664229710922618,1.9221853987953907,1.4025255446213796,0.4947506428565473,-1.0569542204729048,-1.5009733071400282
2017-06-02,267.49553158283413,268.04916716404136,264.21989897922725,264.86578369140625,12004368,-0.001391519897791,0,0.016759802560633,normal,-0.0048535496153622,-0.0595912166902605,-0.0097042591150643,0.0122875806078048,40.19824695766786,-1.1556177705835935,0.0273576431934112,0.1,1493073969,-2379563.6606060443,-1.4096308844227519,-1.0388046613815174,1.826323820347701,1.3189229932451638,0.2342687137453497,-1.0550983308077242,-1.6663645784832448
2017-06-05,265.7885160499469,267.35714559662955,264.5889956853616,265.05035400390625,7917410,0.0006968446808328,0,0.0165102177493891,normal,0.0114437054379552,-0.0151281742784182,-0.0081626913810685,0.0112931129948288,33.673742771212304,-1.012616691030818,0.0258543509581897,0.1,1500991379,-1796943.393939358,-1.9020910425576771,-0.896242346947014,1.277112122999348,1.194109826479916,0.36361680433037885,-0.9777170809897534,-1.7998013455362178
2017-06-06,269.4332143009647,270.3098062275592,264.45055090118603,265.096435546875,12346121,0.0001738595790294,0,0.0163994201503648,normal,-0.0053663190912008,0.0036286550406903,-0.0072347801779515,0.0103962477648278,33.551298234243134,-0.8713218247171454,0.0266155058434631,0.1,1513337500,-1416660.2606060123,-1.8342359335807927,-0.7550714211435622,1.4817457417395148,1.121990718500273,0.6002203721983033,-0.9214336554204474,-1.9055956319241116
2017-06-07,265.9269448366653,268.9718984612754,265.00422820386507,268.0953063964844,10864355,0.0113123771107028,0,0.0165589146230346,normal,0.0078045960067294,0.0354144523278638,0.0036138310994007,0.0102089522937844,40.70013167246909,-0.5480772561933486,0.0259374444863136,0.1,1524201855,-1482362.78181817,-1.221205800385223,-0.43736716938583137,1.2218867844842767,1.1497317866917194,0.818096691518643,-0.41977213283510395,-1.8877209194130231
2017-06-08,269.4332204873824,269.4332204873824,265.51167532617904,266.2959899902344,8370299,-0.0067114804449019,0,0.016350819761927,normal,0.0040007060001729,0.0038259561525499,-0.0028254194245932,0.0096292549972256,33.026045883940625,-0.4326950759911796,0.023902326850461,0.1,1515831556,-1277165.1212121102,-1.7574740774436763,-0.3221337449981056,0.5025725048821037,1.0395941827767468,0.6074542859504292,-0.699651975351912,-1.9267035233653058
2017-06-09,266.0191682761921,267.034162106043,263.7123769170192,266.2498474121094,10804887,-0.000173275527456,0,0.0163517902489134,normal,0.0052255285730515,0.0003466165954935,-0.0027134368107535,0.0090797022558961,45.61489511610482,-0.3407758807910136,0.020823372718466,0.1,1505026669,-831300.9939393697,-0.7593842789326755,-0.22750986223384367,-0.6090847709329471,1.0105636790576438,0.31757485932949503,-0.6771685915752226,-1.9498512018567289
2017-06-12,264.58900987572133,264.8196890473654,262.32834272997826,262.9281311035156,10326846,-0.0124759369474953,0,0.0162534344067826,normal,-0.0080068668776777,0.0033452103342486,-0.013731958605648,0.0078687949301341,48.05387340260924,-0.4766441521149882,0.0200029192858175,0.1,1494699823,-1366873.7393939118,-0.5547658753443543,-0.3477193920129461,-0.9197419507053997,0.9475476408680916,0.022754034675990596,-1.1343950972250132,-2.0513362606284
2017-06-13,263.3433159428165,264.81966815668994,261.12880170154443,261.9131164550781,9171049,-0.0038604262091601,0,0.0153695414709994,normal,-0.0120081550143438,-0.0173100345140411,-0.0158955091897483,0.0065724129971971,55.55592130279672,-0.5998680756719201,0.0188923993547233,0.1,1485528774,-1473500.478787843,0.0305540856592316,-0.45000716733753804,-1.3326409868812494,0.5598395444804526,-0.24728498287167464,-1.188974456383532,-2.1378670858103015
2017-06-14,263.8046546985352,264.1737356848811,260.7597013623393,262.2360534667969,11566255,0.0012329928950851,0,0.0153804423805865,normal,-0.0218551119318078,-0.0142210862443881,-0.0133024193741821,0.0054885041155516,42.699071011701626,-0.6219549953820767,0.0177565968196024,0.1,1497095029,-1148040.660606064,-0.9409461417155206,-0.4556629186466384,-1.7130324732564264,0.5390348023182684,0.02832405048140405,-1.047925817591141,-2.179141848714355
2017-06-15,261.91311181407474,263.7123922836298,259.6063203204843,262.051513671875,11925641,-0.0007037163367974,0,0.0151310551738422,normal,-0.0159389419214124,-0.0120020029418207,-0.0126806520713793,0.0044863423309953,39.81696758334241,-0.6104617906006927,0.0174547073462946,0.1,1485169388,-2041032.07272722,-1.1270967152522473,-0.43099165487229635,-1.7850243562559402,0.4031405459061616,-0.360323052098804,-0.9977559453519211,-2.1991923808309566
2017-06-16,262.6974646815045,264.4967454122064,261.3595141574022,263.8508605957031,19246907,0.006866386301745,0,0.0146219654429346,normal,-0.009010284286447,-0.0038318392113856,-0.0053423065701626,0.0039785419607487,55.03887628811354,-0.4505253255553592,0.0162990233638399,0.1,1504416295,-2443162.8000000203,0.02783025393615049,-0.2679067780805964,-2.0996048257694264,0.14183007608183915,0.16743671640343033,-0.6721049601363224,-2.1554797323961545
2017-06-19,264.4505904736918,267.4494195062672,263.2510419652157,266.5267028808594,14848661,0.0101414953853662,0,0.0111971556367285,normal,0.0136865224814113,0.0055700694402067,0.0042911649370498,0.0040880036596762,50.0,-0.1489689099248136,0.0151091508995563,0.1,1519264956,-1645021.969696951,-0.36308972603168205,0.02101347345185123,-2.357749500518076,-1.476649341719036,0.6505951257333955,-0.27082666797227045,-2.0512584248773815
2017-06-20,265.37332304397137,268.5105541270421,263.5278896822735,267.6801147460937,14927701,0.0043275658790178,0,0.01039043415465,normal,0.022018745640044,0.0097461861148331,0.0078082779185919,0.0044113428115835,54.97265482957904,0.128725639047199,0.0153148911514202,0.1,1534192657,568933.9272728027,0.01182940120321654,0.2793117481558709,-2.1908529631273272,-1.8487634569693359,1.279080704788832,-0.1308891140385431,-1.9397465527669202
2017-06-21,265.97305014020355,269.84847098089807,265.97305014020355,268.4182434082031,10537576,0.0027575027857769,0,0.0092106591057151,normal,0.0235749045933113,0.001204560482835,0.0095693476979388,0.0048312416861466,59.556830862426274,0.3501110295371139,0.0146343697582066,0.1,1544730233,3829167.248484824,0.3679043331490247,0.4839218415832908,-2.2746506053324174,-2.281760338147558,1.8265882167479333,-0.047520922246591976,-1.8254024690330117
2017-06-22,268.7412221808182,273.0318489374691,268.5566675886512,271.74005126953125,26110402,0.0123754921392449,0,0.0079471688208788,normal,0.0369718818330797,0.0204436472344045,0.0199201444002441,0.0058775665308594,67.52948610596633,0.6886839390806442,0.0146616441017907,0.1,1570840635,7706755.557575826,0.9656215317587122,0.8001319313824766,-2.1543492827560318,-2.6534862700237802,3.0,0.41438249309661457,-1.6491459829242143
2017-06-23,271.97073335865286,272.7088954171149,265.5578413593386,266.6189880371094,20648597,-0.01884544883427,0,0.0091027419998956,normal,0.0104912579597298,0.0013864444565432,0.0006326501790694,0.0056850128077683,53.19552635014578,0.5425852047635066,0.0161174586005539,0.1,1550192038,9070954.242424255,-0.10739298245914584,0.6570744179450924,-1.6771478673307798,-2.067627445041579,2.0560222299011475,-0.4185533940005857,-1.6157759121253124
2017-06-27,266.8957425549494,267.08029711507265,255.4079110845473,258.03765869140625,25523129,-0.0321857396912358,0,0.0111507415259101,normal,-0.0318506329673384,-0.0186000348900817,-0.028652614695062,0.0036869636088043,39.33057674353383,-0.1217003501782001,0.0182626216166787,0.1,1524668909,7807066.836363627,-1.1334351726030443,0.03281265456152349,-1.0500665210637832,-1.1980434385754852,0.7229526913247875,-1.6685971875347274,-1.7646476980732968
2017-06-28,256.14615065104084,256.93046544447867,252.5936858754068,255.03887939453125,17241351,-0.0116214792526129,0,0.0105725947656232,normal,-0.0472251566521974,-0.0262462497242894,-0.0362751808224662,0.0012983832145845,30.265004220693854,-0.7194097368935888,0.0188908229118988,0.1,1507427558,4628077.187878837,-1.7550975755666625,-0.527622975098342,-0.8636713225405241,-1.392418485136041,-0.1836745298655863,-1.944568053508094,-1.9270713272273443
2017-06-29,255.7308853974177,257.71472034187144,250.6559443883584,251.3941345214844,30457363,-0.0142909382353763,0,0.0109148959314801,normal,-0.0634238145312237,-0.0413441203144296,-0.0454981283622736,-0.0015629595531841,28.665799849005975,-1.2836418911058616,0.0200560853562664,0.1,1476970195,293420.6909090798,-1.8050210634397736,-1.067601847666515,-0.5365540894155785,-1.2337348906981338,-1.698095099169396,-2.27002524600291,-2.106324808393104
2017-06-30,250.978942145741,253.51641306817035,248.85670500152256,252.5014190673828,12235472,0.0044045758983441,0,0.0110316472870132,normal,-0.0707979265929635,-0.0364435773359059,-0.0375087076966346,-0.0038178448306126,30.89750357767528,-1.4911240872398728,0.0203466109570136,0.1,1489205667,-3924951.775757567,-1.5796712985572898,-1.258103151886026,-0.46065047542686755,-1.1722779324409935,-1.047344504488575,-1.8555782402816525,-2.199832268872664
2017-07-03,252.9166356185413,254.208433277428,251.4864079369608,253.60867309570312,8951033,0.0043851398238075,0,0.0111345440852078,normal,-0.0487974057556448,-0.038818093967463,-0.0302135441465256,-0.0055339072905191,36.20217887918569,-1.4607291356185594,0.0199199458849672,0.1,1498156700,-6420883.539393876,-1.1475738879316937,-1.2143063626161261,-0.5838310360883967,-1.1210007024072046,-0.5713715989517724,-1.511895467659278,-2.231492939731484
2017-07-04,253.74710586044813,255.08505640952632,251.0250801884948,251.90167236328125,7856082,-0.0067308452490413,0,0.011159850437516,normal,-0.0237794218070439,-0.0548726651382307,-0.0333586079244554,-0.0073759909908682,35.4752815684774,-1.4591006168628002,0.0201595963204989,0.1,1490300618,-8279544.254545383,-1.1622758626362142,-1.1948346955297808,-0.5160295825585249,-1.0948040412381586,-0.9455398371664772,-1.6021601145548192,-2.267337565065106
2017-07-05,252.73205336225075,254.30068273573764,251.30185399630457,253.6547698974609,10048734,0.0069594517485036,0,0.0113464019320765,normal,-0.0054270529276017,-0.0523959161551332,-0.0241562661129465,-0.0085790572968849,38.04623085670553,-1.2514467371672948,0.0199033453527902,0.1,1500349352,-8243829.254545435,-0.9368371832923794,-0.932301536760748,-0.5832568735263963,-1.0047543031858954,-0.4373076203391987,-1.1396206743308905,-2.243194824571689
2017-07-06,253.7932107388257,260.85201584496053,253.37800512963315,259.28338623046875,16115817,0.0221900669767936,0,0.0122499944038103,normal,0.0313820038959982,-0.0340321770299433,-0.002264460479869,-0.0083852387471007,46.65181306909876,-0.6753668560363355,0.0203990915741806,0.1,1516465169,-6216342.745454547,-0.2615436360161961,-0.23733744215169303,-0.44088630281029406,-0.6516974168443295,0.3569028029489503,-0.11928989365981212,-2.1104450030317605
2017-07-07,258.9143002241684,260.57517894723094,257.622502533,258.45294189453125,5914038,-0.0032028443781559,0,0.0121979220114657,normal,0.0235702549677956,-0.0488963968061553,-0.0049426173630331,-0.0083642525831503,43.31424510793352,-0.3092266187702321,0.0204136312478873,0.1,1510551131,-2428139.824242364,-0.4925792715535855,0.22037976562503467,-0.43662000578602567,-0.6642780573607434,0.04975762513057889,-0.217103260203035,-2.0090165169614735
2017-07-10,262.14379776515176,264.81967033533107,261.31335843772735,263.4817199707031,2095795,0.0194572290000243,0,0.0130628669676057,normal,0.0389302414404189,-0.0117668591029592,0.0130273680610146,-0.0072335599220095,46.43626072036265,0.280760516815798,0.0206118483608477,0.1,1512646926,828587.9212121916,-0.21733443750964188,0.9338265713011719,-0.37915984146884374,-0.3283205122997672,0.13777120884629304,0.636294370806017,-1.832429606844886
2017-07-11,265.2810025458044,267.3109901767409,261.1287781581309,261.6362609863281,12400820,-0.0070041253130584,0,0.0128531563985619,normal,0.0386443985532898,0.0139460352925675,0.0053640148817433,-0.0066203190630292,43.03924621621381,0.5407847913360415,0.021084719704582,0.1,1500246106,2162457.6363636386,-0.4679173436924748,1.2291408398727726,-0.2470967910813942,-0.40373291548173146,-0.4996627600863656,0.2876124610166273,-1.7121073544283227
2017-07-12,262.6974364244806,266.1114710678302,261.3133614763202,265.41943359375,7524835,0.0144596647007562,0,0.013223582676034,normal,0.0463806129135475,0.0407018499448494,0.0179718221048585,-0.0052504568994595,46.77261599237501,0.9383373955928316,0.0210324974746951,0.1,1507770941,3053383.4727273434,-0.12868161942440917,1.6457407095643721,-0.26966206942722454,-0.2591099994645355,-0.128671281605676,0.8823182137689469,-1.5420496969078334
2017-07-13,266.5728195825213,267.587813472335,264.404429944982,266.4344177246094,8434324,0.0038240761692411,0,0.0132412588011248,normal,0.0275799834231735,0.0598275024664094,0.0197411708272974,-0.0038236050562608,43.99162826511139,1.222451745810434,0.0205689448802282,0.1,1516205265,2369710.260606093,-0.34411284453351615,1.8873503915522205,-0.4021700904440506,-0.25563281559342454,0.2977501222211398,0.9570861074996723,-1.3775439828877334
2017-07-14,266.4805549734838,270.90961175098744,265.050355441867,269.0641784667969,13750192,0.0098701990705483,0,0.0133850888764845,normal,0.0410567451640608,0.0655947180835214,0.0268911959395978,-0.0020081910538787,52.93464836522022,1.5208365084624482,0.0200249755107291,0.1,1529955457,2776169.048484913,0.4339105000646416,2.1001952740955123,-0.5458550354173612,-0.19729154339193763,0.9768814509491199,1.2522082470560996,-1.188289309758063
2017-07-17,270.1714024522402,271.37095089765336,267.2648508668251,270.35595703125,10549310,0.004801005365389,0,0.0133486684379368,normal,0.0260899961534759,0.0660359274433293,0.0287037160034906,-0.0001501370998866,67.91952935076192,1.723670675999776,0.017930267332979,0.1,1540504767,3860843.430303048,1.6654475198169088,2.1860435529889104,-1.1095810970760263,-0.20851210069906229,1.4670541890067836,1.2924350459730276,-1.0012333895909615
2017-07-18,269.2948433003225,273.49319253486493,267.5878119714481,268.5105285644531,11913832,-0.006825921230149,0,0.0132964937328171,normal,0.0262741393421923,0.0659338862078666,0.0195765016076419,0.0010693358059621,70.27775404439768,1.6518448616319508,0.0181762417547299,0.1,1528590935,3258623.7272727517,1.7814848928880376,2.006004199739851,-1.0153045187894363,-0.22898814612801074,0.8285091358158791,0.8445915634443337,-0.8700691986459913
2017-07-19,268.9719032772738,271.27869490057805,268.87962598052616,270.6327819824219,9006728,0.0079037996361446,0,0.0133751239805978,normal,0.0196419241729353,0.0669335415684249,0.0249374892041553,0.0025743367308099,80.3493575918166,1.6610760196136145,0.0169012790388681,0.1,1537597663,3353470.642424328,2.439372156709781,1.9197908604189,-1.325109068147017,-0.19841072542934693,1.2473444537886629,1.0620059963199047,-0.718342671314395
2017-07-20,270.3559743440478,271.5093701390309,267.63394900425675,268.46441650390625,6256500,-0.0080122055526017,0,0.0135013334455205,normal,0.0076191311791973,0.0354092501139922,0.0151085101775838,0.0034102093579002,74.36623169360928,1.4430250024189128,0.0168291192145776,0.1,1531341163,3729947.042424264,1.8703825536761138,1.63203529842264,-1.3033310014900772,-0.1609789770353656,0.8984411498683343,0.6020170210525903,-0.6240672944587341
2017-07-21,268.55667258485767,269.617819270944,265.973077200917,268.1875915527344,7266604,-0.0010311420588875,0,0.0131887509089031,normal,-0.0032579101352604,0.0376650758426098,0.0127055555801811,0.0040641451367773,72.83238541318167,1.2113732672416684,0.0170922449525059,0.1,1524074559,3135478.9454545174,1.6822162590639063,1.3527061994409697,-1.2011697432879893,-0.29221011404953684,0.5179060591851418,0.4839165786874373,-0.5463076865176087
2017-07-24,268.32597607926704,273.40091738045663,268.2337269465062,271.7861633300781,11195781,0.0134181143747516,0,0.0128038981633308,normal,0.0052900861313842,0.0315181006116795,0.0237305232577536,0.0053773910779932,79.39967494876518,1.2278982331358514,0.0171690496147092,0.1,1535270340,3127489.139393992,2.072546223035042,1.3216353066921895,-1.1488313377462964,-0.4466278151975273,1.0513070597719496,0.9518036915214612,-0.41537689322830884
2017-07-25,273.12409234427247,274.3236125672901,271.8784193994011,273.21636962890625,10846999,0.005262248384187,0,0.010153391695261,normal,0.0175257226955387,0.0442603353179062,0.026271684008172,0.0067972888284362,79.20108605283122,1.2579306336682106,0.0169585535828937,0.1,1546117339,2610209.2909091148,1.9545506581981882,1.3028708025251328,-1.1712009533958392,-1.4358212861685768,1.5394805750557858,1.0487155418312992,-0.2763394785679156
2017-07-26,273.3547783895508,276.49200903292405,272.4320618380249,272.9395446777344,12527914,-0.0010132077794162,0,0.0096171988122593,normal,0.0085235893390858,0.0283329332075006,0.0227740965717819,0.0079438549610313,74.26221419780197,1.183049059681128,0.0160822894653381,0.1,1533589425,1355229.3999999734,1.5379863528171351,1.1889512037236707,-1.3515011202888296,-1.590350015296927,0.882980653305441,0.8753597019992038,-0.16133615656600883
2017-07-27,274.04683790946973,276.6765859252648,273.30867587233416,275.2925109863281,22286060,0.0086208332741668,0,0.0087162020204648,normal,0.0254338901644439,0.0332468054892014,0.0284968317829634,0.0094015403505891,78.38253221202068,1.2114655812441384,0.0161483463812318,0.1,1555875485,1565189.7272727794,1.7451461732245857,1.1763963327753786,-1.2915785652708383,-1.8520066095511005,1.900702708061504,1.1066725172754963,-0.02002484909761102
2017-07-28,274.04684749139085,277.5070349597165,272.75504980169814,275.98455810546875,15766196,0.0025138610442438,0,0.0087285271171647,normal,0.0290728087291138,0.0257201819956345,0.0280391060314297,0.0107733032744996,74.68122303363137,1.1943805492901194,0.0156899358695226,0.1,1571641681,3070952.696969715,1.4514852367921576,1.1320041496831565,-1.357975856546429,-1.764558607053238,2.5027712489120857,1.1076606579583341,0.11651658347704692
2017-07-31,276.26137411427794,289.5946416816205,274.96957636718747,288.3489685058594,41547584,0.0448010949788919,0,0.0125460708000339,normal,0.0609405753878136,0.0665530424118954,0.0665698154486069,0.0144978932370114,87.25871618365919,1.8918523716801496,0.0171085785148378,0.1,1613189265,7040947.290909096,2.171525852239418,1.7193684341171678,-0.9750359408781123,-0.4018272472453927,3.0,2.6441192808430944,0.45995907333293307
2017-08-01,289.732998054776,290.47116003459786,284.15057416480266,285.1194152832031,14888804,-0.0112001552819518,0,0.012830949956819,normal,0.0435663707502742,0.0618556255784332,0.0491659998195035,0.0169873118442431,77.9084195335461,2.001149719341212,0.0176837809096188,0.1,1598300461,8523545.618181853,1.518595481754331,1.757093595653767,-0.805366089085878,-0.29389705050113646,2.8941569870379498,1.8681685539044113,0.6981161208584118
2017-08-02,286.0421896326723,287.7030685023912,281.7054096875126,283.9199523925781,17005571,-0.0042068790349951,0,0.0130414830664186,normal,0.0402301825769093,0.049096677471317,0.0403183213332423,0.01882472410321,74.64246945098654,1.8610557508332688,0.0184665039993101,0.1,1581294890,8834051.927272711,1.2738196318966946,1.583208273714705,-0.5892767707904856,-0.2141902708095771,2.1306439278580003,1.4674401872507024,0.8790772801997778
2017-08-03,283.2740129332395,283.6430939632262,275.9845569944602,277.3224792480469,14459919,-0.0232370887953971,0,0.0139484374508,normal,0.0073738593703318,0.0329952954640888,0.0145843704737631,0.0189817145210995,60.467811464274334,1.2232619680096906,0.019440561039891,0.1,1566834971,7409072.024242449,0.38691862818071143,1.0057502668333698,-0.33083338714964855,0.10696825557794419,1.547663635991851,0.4146904339505593,0.9092838537526048
2017-08-04,277.09178231217203,282.62808188411617,274.6004644002427,281.65924072265625,9615344,0.0156379731147955,0,0.0141100611218394,normal,0.0205615946636366,0.050232186701572,0.0274707080577645,0.0199365209571307,63.300750529680045,1.001963035182822,0.0201357248585475,0.1,1576450315,5593897.187878838,0.5662156690276422,0.8025119555302389,-0.14395052842132103,0.16193698587813815,1.8016201080678726,0.9360081707164759,1.0125677773617292
2017-08-07,282.166751937427,287.70305206563614,281.5669917220201,287.1494445800781,11420767,0.0194923619169589,0,0.014112036138297,normal,-0.0041599730076956,0.0565270912314312,0.0427813399013203,0.0218102425294159,70.20000238129572,1.1246421830116988,0.0198081180708316,0.1,1587871082,4513201.030303125,0.994810567916235,0.8934784468540807,-0.21172964946907907,0.15764155822032744,2.083867924613505,1.5192634938894014,1.1976453437430414
2017-08-08,286.96486453320665,287.7030265545491,277.9222530559193,280.1828918457031,13578680,-0.0242610698570661,0,0.015321953695919,normal,-0.0173138803353558,0.0254981874851023,0.0157910714454796,0.0219215967602679,59.36648468740272,0.6589646927252915,0.0220883958083763,0.1,1574292402,2777398.115151543,0.3264237830681357,0.49160305845342417,0.3621621865623425,0.5726396548825871,1.5601914545613926,0.4493957625423791,1.2241715961307198
2017-08-09,279.3524590879696,283.6892385025944,276.9072656559265,278.9372253417969,15852734,-0.0044459049433761,0,0.0151955339895773,normal,-0.0175497600953792,0.0219743924287119,0.0101902127899535,0.0216789911576877,60.4607735850782,0.2125199239323931,0.0229313295941385,0.1,1558439668,-999809.5636363288,0.4107837814076426,0.11909959996939855,0.5757357676309192,0.5195039411216281,1.003824169713495,0.25262413549048973,1.2276164809039538
2017-08-10,277.9222441258044,279.0294871222404,269.433240357752,273.77001953125,14519518,-0.0185246189504294,0,0.0159055800889871,normal,-0.0128098512837087,-0.0055304499552977,-0.0077177096292255,0.0203306527569961,55.07974583081787,-0.4492146281468745,0.0249169318840786,0.1,1543920150,-4384468.684848487,0.08715491840297797,-0.4320246958656441,1.0568210061870384,0.7540116585648575,0.518845351273673,-0.4615656724714029,1.1378464157891144
2017-08-11,271.7400750875141,279.5831672377479,256.0077662145004,258.49908447265625,67652562,-0.0557801584144994,0,0.0202606086033966,normal,-0.0822275746770379,-0.0633567100740845,-0.057405759402899,0.0159558976988947,40.02775063639108,-1.854971972301608,0.0314627254670363,0.1,1476267588,-10263274.666666675,-0.8502862022196986,-1.5845102875931631,2.509918843435479,2.1475977730654154,-1.6445801067146335,-2.383606574825929,0.7587171924640057
2017-08-14,259.69856612692627,260.575129892773,255.13110825973249,256.6997375488281,23773509,-0.0069607477624101,0,0.0202294647857284,normal,-0.1,-0.1,-0.0582295721768572,0.0117119358434969,37.67220671046404,-2.7894231265063887,0.0324920396174719,0.1,1452494079,-13512928.957575675,-0.9694506193652381,-2.237444090577038,2.5665261776772317,2.025279236589572,-2.2800335664531524,-2.2823867246761274,0.3815860977837211
2017-08-16,257.48408037383007,261.9592619398572,253.0089269668816,261.2210998535156,21074533,0.0176134278432109,0,0.0206806655186945,normal,-0.0676764804134785,-0.0838186182654373,-0.0378258972239959,0.0089030696878331,41.77467682634777,-2.969752661775781,0.0332668818094097,0.1,1473568612,-14657829.76363632,-0.6873878272460658,-2.240404918924305,2.5962523075296797,2.091925297625026,-1.5561758559153085,-1.4440353935273547,0.1282185857091886
2017-08-17,261.8669555260521,262.69742297970686,258.3606437671284,259.1449584960937,12134114,-0.0079478317738733,0,0.0206182533471506,normal,-0.0709559895472919,-0.0872604890487861,-0.0413212771525911,0.0059924256760266,38.62161270608046,-3.0822288075496616,0.0336987064371441,0.1,1461434498,-16086394.866666676,-0.873451475400257,-2.206921649483003,2.5604015306141137,2.007615288990358,-1.8432590058161193,-1.5470497975982362,-0.1568973431616289
2017-08-18,256.5152199159874,258.0376967045368,254.66978667918173,257.1611328125,12653217,-0.0076552740794437,0,0.0206128955755043,normal,-0.0606672956636661,-0.0727000079121384,-0.0442308979051042,0.0030201177437338,36.9732100165072,-3.133363184346314,0.0338817822282304,0.1,1448781281,-17716276.80606066,-0.979546744877708,-2.1625218825654122,2.4817396038131165,1.9555611396658201,-2.114853548567899,-1.647876048917457,-0.4648873683189593
2017-08-21,257.4379410340153,258.9604178491753,252.2245976807333,253.4241180419922,9247153,-0.0145318024136739,0,0.0208015830140074,normal,-0.01963243483441,-0.1,-0.0528774014640661,-0.0003649622867455,22.55263761905208,-3.2481120434544257,0.0321577916579347,0.1,1439534128,-17778572.157575786,-1.826224707470552,-2.1640578025381934,2.0622525112742336,1.9743414017724779,-2.2401200749728987,-1.8934771274447806,-0.8257991306503665
2017-08-22,254.66978141324577,255.5924980125692,250.24075300012404,252.7320709228516,11814388,-0.0027307863374942,0,0.0204568291037336,normal,-0.0154564498735485,-0.1,-0.0504480048855109,-0.0034643130896609,23.489502525603896,-3.1949920765669724,0.0319720288810306,0.1,1427719740,-16064314.060606036,-1.7074021819729053,-2.0528726338314476,1.953935524597019,1.8381575666567689,-2.3913941806080983,-1.735495240643475,-1.1505268629184662
2017-08-23,253.5163817593701,258.08384011930195,253.008898901189,257.4379272460937,11317821,0.0186199412922098,0,0.0209671633007591,normal,-0.0144826455808638,-0.0811789915143538,-0.0297395057083498,-0.0051651229067196,29.500027876236985,-2.6876761977168,0.0312083855860253,0.1,1439037561,-12696737.21818181,-1.313138254092805,-1.672237800166262,1.7653415932823715,1.9309869640246462,-1.990606146991693,-0.9905690806822365,-1.3045648990326986
2017-08-24,258.0838741925572,259.6986284296885,256.05388617367475,258.6374816894531,14138226,0.0046595870942229,0,0.0210303095920955,normal,-0.0019582738926723,-0.0727753121781051,-0.0228716635208542,-0.0063756365693329,34.21674565984348,-2.1399116940524228,0.0298786812454582,0.1,1453175787,-7975380.727272755,-1.0078343163367547,-1.2851872377277807,1.4999437795073587,1.8999756106644579,-1.5702538129605388,-0.7335081415477627,-1.394988880312755
2017-08-28,260.2983654936467,260.2983654936467,257.43793832488814,257.7608947753906,10505317,-0.0033892493397961,0,0.0208676062643863,normal,0.0023322418762554,-0.0584765445948766,-0.0237489601679619,-0.0075927612469478,28.55969874649277,-1.7231266959702056,0.0285484028034246,0.1,1442670470,-3519083.563636343,-1.311237011401922,-0.9969112053810762,1.2500290104959113,1.8117294149065608,-1.7500754691156681,-0.75142757412175,-1.4790653239120133
2017-08-29,256.9304491159597,259.14496332916366,254.7159067436797,255.59249877929688,10335964,-0.0084124319865636,0,0.0208565653493883,normal,0.0085563313944152,-0.0112440850585172,-0.0290059361805636,-0.0090859839751752,19.894438469605248,-1.4887985562170205,0.0283135578927975,0.1,1432334506,-2909468.206060644,-1.751416865674669,-0.8350885452750008,1.201269264975939,1.7502028601161923,-1.9069664829047042,-0.9186634364494615,-1.5848182101328814
2017-08-30,256.5152321437693,257.6686279717539,254.669798818994,255.2234344482422,7648702,-0.0014439560347714,0,0.0174986568764826,normal,0.0098577260744683,-0.0057510892480173,-0.0275919142765204,-0.0104337691516267,22.75941821229073,-1.2628922924239645,0.0264564593357832,0.1,1424685804,-3769433.169696982,-1.5427801637912122,-0.681371035487278,0.8732444077728407,0.8387857381904991,-1.9907035827703978,-0.8538262808136389,-1.6640948921265613
2017-08-31,255.45410655704467,257.8993000130091,253.0089131010802,256.2845458984375,14222467,0.0041575784468588,0,0.0175921772385964,normal,-0.0044802308657249,-0.01889799085084,-0.0213541770190974,-0.0113451211834332,25.177022017144694,-0.9599582127650316,0.0258197196821551,0.1,1438908271,-2111588.3393938737,-1.3858392646364506,-0.4784684161837371,0.7589378287214495,0.8560824141612492,-1.6120352694496056,-0.6273907783624426,-1.689094929985389
2017-09-01,256.19227645801845,258.7297472872893,255.2234352232008,256.3768310546875,8255209,0.0003600886503962,0,0.0176348883896536,normal,-0.0087406149332988,-0.0106817723079414,-0.0190396910602355,-0.0120786452932675,28.55527076632714,-0.6842651872069618,0.02411372265111,0.1,1447163480,-392274.9696968925,-1.1870632104630572,-0.2954112808702631,0.4621151766964915,0.8586501603287076,-1.383253686620563,-0.5391052507856028,-1.6919998754986756
2017-09-04,257.391817126346,257.9915773085143,255.0388728068097,256.2845458984375,7168751,-0.0003599590332338,0,0.0171199726464992,normal,-0.0057275905960816,-0.0034087068464643,-0.0175783295737336,-0.0126938312887328,45.636356201682766,-0.4503178779528758,0.0183746937614826,0.1,1439994729,265449.85454545665,-0.2450053537065701,-0.13910621552648733,-0.5538706079271768,0.7174226525334741,-1.4799538295353036,-0.4756888963949955,-1.681550953321727
2017-09-05,256.6075043048442,257.8993019745111,254.6236691522404,255.17727661132807,9565430,-0.0043204684200827,0,0.0164979884820314,normal,-0.0016245475510897,0.0069178836761123,-0.0197856063255592,-0.0134211045540804,46.91594770563016,-0.3185474299695037,0.0178474556673251,0.1,1430429299,-108549.25454541548,-0.18819021049311352,-0.051704633237844355,-0.6300630944516973,0.5506878611132469,-1.6151040195666897,-0.54076531700856,-1.6813782037402365
2017-09-06,254.623652649984,255.26953736341872,252.5013876110757,253.0550231933593,7306781,-0.008316780577611,0,0.0154842128731987,normal,-0.0084961291253317,0.0012778444355259,-0.025344523570537,-0.0144621693539749,31.6770109779344,-0.3217749657745608,0.0162521194841895,0.1,1423122518,-1558364.3575757786,-1.0192837336219984,-0.0540910537883069,-0.8986637657527274,0.2847046767491227,-1.694650413129997,-0.7160226341912426,-1.7091030344334572
2017-09-07,254.1161388674641,255.5002137285713,251.9939020107298,253.00889587402344,16102724,-0.0001822817771161,0,0.0149308649012987,normal,-0.0127813013965819,-0.0172042690812856,-0.0231477660816237,-0.0153279741630446,34.85197895046132,-0.2762205220714651,0.0160206278607062,0.1,1407019794,-3076264.55757576,-0.8260904778681252,-0.025680622032450175,-0.9219084987756568,0.1431031592907526,-1.9265713453765108,-0.6336825381519386,-1.716125420247555
2017-09-08,253.6547997866156,254.1161581085844,250.1484878032838,250.7943725585937,7077895,-0.0087527488224461,0,0.0149538031489273,normal,-0.0217744266247795,-0.0303247196795578,-0.0287658998010834,-0.0165055753129407,34.45947153890147,-0.3402309221495638,0.0160175494262142,0.1,1399941899,-3649589.2121211984,-0.82419293026753,-0.0717244294314997,-0.908695444794321,0.15115231398253118,-1.9703028576970536,-0.8147990957099436,-1.7486325395177051
2017-09-11,251.5325782426989,252.36301764151327,248.7182754101159,250.0101013183593,14489224,-0.0031271484771898,0,0.0146241493775223,normal,-0.0244823368419752,-0.0300697026357906,-0.0288616450904717,-0.0176436379054677,40.26326577327335,-0.3775081115391385,0.0151846663676281,0.1,1385452675,-5068330.3939393805,-0.5029010906938821,-0.09962859860194898,-1.0422322030286362,0.06633566866952255,-2.1219042941915682,-0.8052731814033879,-1.7723775286286387
2017-09-12,250.97891368810133,254.3468236259978,249.594838796439,252.31686401367188,8375133,0.0092266779748038,0,0.0085875590716553,normal,-0.0112095114253178,-0.0128158485920727,-0.0180400981768974,-0.0180733375074879,48.91570201829007,-0.1979523286160733,0.0148760566546574,0.1,1393827808,-6025761.375757547,-0.03685049036326392,0.016756027943785005,-1.0818706121015278,-1.4920589924881222,-1.8834465898517765,-0.43521214879070974,-1.7320142446827786
2017-09-13,253.7009491099045,255.22342592015625,251.440282098962,252.27072143554688,10150073,-0.0001828755216397,0,0.0084802735403139,normal,-0.003099332895728,-0.0115691296885752,-0.0165131211860363,-0.018392781711495,32.165608450004484,-0.0416081945793997,0.0144346330545619,0.1,1383677735,-7579998.315151492,-0.9302906375930421,0.11759532261326586,-1.1474460810905314,-1.4655582919429186,-1.9586565037721775,-0.3767802967726337,-1.6853858043180243
2017-09-14,252.2707057193212,254.30069344590845,251.2557118560276,253.00889587402344,8015217,0.0029261201390156,0,0.0073605545451318,normal,0.0,-0.0127813013965819,-0.0123527597962863,-0.0184443144426057,29.93410280484686,0.1421396229509328,0.0142231965177327,0.1,1391692952,-7251809.630303023,-1.0244869509667784,0.23812530361507736,-1.1782984352581278,-1.7023946297668944,-1.7406396205512094,-0.22690605691688567,-1.620109857923377
2017-09-15,249.825510183092,253.28569730474143,249.0411954703698,250.51754760742188,18404860,-0.0098468801185632,0,0.0074587514981396,normal,-0.0011037925147509,-0.022854184690409,-0.0200174267274071,-0.0189648923172999,26.843540972347142,0.1270066149368611,0.0147592763787557,0.1,1373288092,-6804868.236363666,-1.1539492728089713,0.22794518889690363,-1.0817549228071444,-1.6387086292527928,-1.9417672544490168,-0.4703304398332646,-1.5969066650416206
2017-09-18,251.90164767838985,252.82436433655243,248.6260148055437,249.5025787353516,17538678,-0.0040514881363153,0,0.0073491497449379,normal,-0.00203000830899,-0.0264626458037525,-0.0217529565338906,-0.0195721586964999,28.98083301646452,0.0819418658209896,0.0147532689489787,0.1,1355749414,-6897039.490909073,-1.0064890539540945,0.2007598236068441,-1.0835540735277267,-1.6399405354286067,-2.1010837280159964,-0.5114422759772317,-1.581078492905613
2017-09-19,249.5487065345447,249.87163480537987,245.85784027060063,247.10348510742188,14331316,-0.0096155063410163,0,0.0069618020220734,normal,-0.0206620311592312,-0.0316399313101994,-0.0282756545491082,-0.0205564812744081,25.418848094986277,-0.068039520567257,0.0151898957362003,0.1,1341418098,-7387458.890909097,-1.1562194885876733,0.10842038593551338,-1.0110060934274416,-1.7197682822969165,-2.1977679661858276,-0.7067256623093126,-1.5939682135470108
2017-09-20,247.426470416659,251.02505981221256,246.7805856405268,249.1796264648437,12355806,0.0084019104648374,0,0.007274305175112,normal,-0.0122530864981608,-0.0153144429998309,-0.0182308691377788,-0.0208868403551524,29.736873712959763,0.0098357671128019,0.0148781808654547,0.1,1353773904,-6612120.32121212,-0.9005707266499616,0.1674852473459286,-1.0578895677073374,-1.6187594913586227,-1.9139409788990462,-0.35534293773464,-1.555317376102167
2017-09-21,248.90278531719187,250.42526196813284,246.68827126499824,247.7493896484375,8509419,-0.0057397823277015,0,0.0057524236228305,normal,-0.0207878312239452,-0.0207878312239452,-0.0216422487101711,-0.0214140168848344,27.13930835054404,0.0026535713007191,0.0150305782850191,0.1,1345264485,-6533857.55151514,-1.0190814636941312,0.16118117910896018,-1.015012754526968,-1.9096426341715942,-1.935798827190279,-0.47604854015813136,-1.5340986053177617
2017-09-22,246.59602176252324,246.7344236265521,240.921320064724,241.6133575439453,12860892,-0.0247670927189744,0,0.0074877732377644,normal,-0.035543179104683,-0.0366077393243877,-0.0416865615986969,-0.0231493459714101,20.555563381618853,-0.357783414469992,0.0165579768784967,0.1,1332403593,-6880408.448484779,-1.3427081260395737,-0.08738393188455279,-0.7429793654905091,-1.469729088744581,-2.0069837652219547,-1.150098282698989,-1.6020975402277182
2017-09-25,241.290400437802,241.5672041651132,234.7391066870252,238.7529296875,13937050,-0.0118388647280192,0,0.0077234743418625,normal,-0.0430843204200057,-0.0450268672005559,-0.0482248141906298,-0.0252178516718574,19.20416155494124,-0.7108820850410211,0.0178329645573502,0.1,1318466543,-8134464.206060597,-1.3912418859207833,-0.3346550540440694,-0.5171517904696072,-1.3848939794547594,-2.0806284166478797,-1.3671053453412652,-1.6872067507687956
2017-09-26,238.5222593678625,239.58337790731588,236.2154676911907,238.2915802001953,11728345,-0.0019323301620153,0,0.0076551640403987,normal,-0.0356607876388138,-0.0555859944926891,-0.0455129677295623,-0.0270413847581848,20.47972652610177,-0.8861474051298952,0.0180472703340799,0.1,1306738198,-8657952.557575703,-1.304357669465535,-0.46303070708211347,-0.47309035356049367,-1.369695276742283,-2.1106125601624792,-1.2643894832729734,-1.7466571572456095
2017-09-27,239.8140249713205,239.8140249713205,230.21777851282133,231.0482177734375,17080769,-0.0303970556604327,0,0.009712877534627,normal,-0.0727644107531573,-0.084125908632372,-0.0679108104268391,-0.0301609429407676,15.90257031100083,-1.371555041241372,0.0204957560394167,0.1,1289657429,-9734159.115151543,-1.493887030477312,-0.7968421769648167,-0.0570386743441759,-0.8962816595305417,-2.1898793060962314,-1.9397608950356457,-1.8835485605009916
2017-09-28,230.90983815473,233.9548058693813,230.2178006777428,233.03208923339844,17776419,0.0085863958574494,0,0.0099775568661684,normal,-0.0594039825322002,-0.0789569337932359,-0.0545130683623877,-0.0323450535579369,22.22228585582512,-1.4339214406720826,0.0202505665241351,0.1,1307433848,-8166754.945454566,-1.1558164743232695,-0.8400451177699912,-0.09913554035849675,-0.8297310201376576,-1.876599341264572,-1.4709221449347274,-1.9428542040728978
2017-09-29,235.01592912670887,235.75410526634687,233.49345227833075,234.23162841796875,10073641,0.0051475279156463,0,0.0101609961975587,normal,-0.0305518254496088,-0.0650090955503615,-0.0451313335953962,-0.0338747413612352,25.641070338235732,-1.2746504953646216,0.0198654760782393,0.1,1317507489,-6255547.642424184,-0.9693507384680956,-0.7305453144861628,-0.16473271625471517,-0.7818969114087324,-1.6809623754914724,-1.1464696290168335,-1.9526298019600459
2017-10-03,236.58452343781724,236.58452343781724,231.23277858364747,231.8786773681641,10547836,-0.0100454027737278,0,0.0101862202920811,normal,-0.028792326562583,-0.0706361491593289,-0.0497710181446937,-0.0356294063622723,18.492301598017576,-1.208617243518617,0.0202518095504147,0.1,1306959653,-5412793.52727271,-1.2796810338638183,-0.6771472416429338,-0.0983915588939298,-0.7653406379705162,-1.7228516899310062,-1.2525945496111257,-1.9702056778982857
2017-10-04,232.2016527490832,234.96980285892903,231.92484900173025,233.63186645507807,14063896,0.0075608033770624,0,0.0105638011086224,normal,-0.0195546722263644,-0.0545181248515672,-0.0386875756215526,-0.0366431846956142,22.70286988188282,-0.9396861897870732,0.0198882669672572,0.1,1321023549,-4166947.836363674,-1.0486937516754191,-0.4854000739238574,-0.15889758452310707,-0.6732105235209633,-1.5021832750846884,-0.8798871928872944,-1.939576323816295
2017-10-05,234.0931987326775,234.46229382060304,229.9409740303968,232.155502319336,13476692,-0.006319189921063,0,0.0105336958053187,normal,0.0047924392430687,-0.0683206905276808,-0.0406726064195406,-0.0377400513773881,20.10598375551531,-0.7616413417805958,0.0204689771004236,0.1,1307546857,-2585267.3818181613,-1.1395198085677227,-0.3522400301727881,-0.05942661017667643,-0.6680354697975411,-1.5843533192239214,-0.9117441094866128,-1.9127785207616137
2017-10-06,232.66298398959333,237.9686044152253,232.6168594234356,236.9074859619141,11932139,0.0204689684073979,0,0.0118793688381566,normal,0.0166303136244647,-0.0437615757677882,-0.0190709276279046,-0.0374792904531413,31.677112542240422,-0.2506810725634008,0.0205313416618522,0.1,1319478996,-359709.7393939561,-0.5789810330092763,0.0048864810346194235,-0.04721464033655021,-0.36670728732961705,-1.4000746908283408,-0.22486091292007945,-1.8129623791319707
2017-10-09,236.9536031355813,238.61450985158143,234.6006871534247,236.999755859375,8009211,0.0003894764957985,0,0.0118308548138246,normal,0.011817906318214,-0.0190949777424088,-0.0169391354424809,-0.0370979653748153,32.73892408063159,0.1453580589904692,0.0204677343691102,0.1,1327488207,1757872.539394005,-0.5164760149596298,0.2858595526646315,-0.05645868581984481,-0.37186537286114607,-1.267892875757031,-0.14099075096673366,-1.7149769024978323
2017-10-10,236.9997789769006,238.245452095638,235.93864637365127,237.0920562744141,9742878,0.0003894536292006,0,0.0118511908278664,normal,0.0224832182304217,-0.0069564524936293,-0.0150031471511848,-0.0366124104953003,35.23824351681806,0.4482764692909331,0.0199455028162479,0.1,1337231085,3537328.2969697067,-0.39088743949036864,0.5061618161319551,-0.14374702461719047,-0.3618737343221813,-1.1252331161437428,-0.062262151096351734,-1.619232892860714
2017-10-11,237.276563447496,238.47611189963223,231.0943651635342,232.2938995361328,14192548,-0.0202375263586555,0,0.0121339716163323,normal,-0.005726816890377,-0.0251695030895496,-0.0317152364266993,-0.0371646418775889,26.95223968506066,0.3638298686651771,0.021322174983846,0.1,1323038537,3533306.412121207,-0.7592133555237637,0.46655212757855863,0.08737258355148447,-0.294766199582454,-1.2316300331589642,-0.5691316760776384,-1.5831942598419164
2017-10-12,232.52458356777828,233.4011615232572,229.29507546267024,231.78640747070312,13404759,-0.0021846982053471,0,0.0121085783518451,normal,-0.001589860438135,0.0031949594953788,-0.0307076190013376,-0.0376349670294421,27.64869816993428,0.3140081678248743,0.0214826019438714,0.1,1309633778,1461818.0545454791,-0.7001967939539043,0.4552924256854201,0.10484622319020279,-0.29558541708853137,-1.3247543679247944,-0.5121312949324153,-1.5444406469378886
2017-10-13,231.6941352410919,235.61568064467383,230.86368188437564,232.61685180664065,15697555,0.0035827999795134,0,0.0121296630489824,normal,-0.0181110112998422,-0.0017818894733501,-0.0247051241626167,-0.037721870189492,35.20491714833898,0.3731687065988991,0.0207684194720672,0.1,1325331333,1189517.00606059,-0.318650184962006,0.520215419605667,-0.02464304383612431,-0.2864699375382119,-1.1217961089058834,-0.2952272739128003,-1.4888632006945601
2017-10-16,234.9236546599354,235.0159178732605,230.77142991277697,232.5707244873047,12171830,-0.0001982974104314,0,0.0120817835984099,normal,-0.0186879153356525,-0.0070908610501579,-0.0225807802735031,-0.0376759723398162,38.79605043750363,0.4407446264507344,0.0199648694303188,0.1,1313159503,707934.8121212206,-0.1160064097512538,0.5926856436886202,-0.17162626654601865,-0.29204169678206865,-1.2070200225095016,-0.20216782199481373,-1.4303078549351758
2017-10-17,232.57073358099308,235.0159270625578,231.2789218280879,231.7402801513672,13505216,-0.0035707174141035,0,0.0120814000564355,normal,-0.0225725661464282,-0.0005968518466972,-0.0236466414706967,-0.0376967935694704,38.28388331965273,0.4589948768974388,0.0201501787886654,0.1,1299654287,-1160781.7333333618,-0.1142771064128945,0.625543798787283,-0.14991416057568438,-0.2867254141123633,-1.3010143343905027,-0.21826189932805884,-1.3786316807091987
2017-10-18,226.98829815204328,228.6491909544294,223.8049284938675,224.9121856689453,20677891,-0.0294644266329613,0,0.0133489486110924,normal,-0.0317774762140892,-0.0373223093169499,-0.04766040527567,-0.0391795889897578,38.861087612523086,0.0615698821586452,0.020234442705366,0.1,1278976396,-3131240.2848484875,-0.0575412602323058,0.34899035446876386,-0.1449581058318892,-0.009091622001412048,-1.458942296600864,-0.9960812244542921,-1.3996369515085145
2017-10-19,224.9583114292693,226.29624769248136,222.5131039748795,223.9894561767578,3458869,-0.0041026211605346,0,0.0129956745019249,normal,-0.0336385182333472,-0.0351748981221455,-0.0468865728210533,-0.0405600101181713,32.9268868875789,-0.198832360905218,0.0203325121699495,0.1,1275517527,-5679148.090909043,-0.33812094497684964,0.17380930458019286,-0.13762268479834866,-0.08734288423030821,-1.440973737756825,-0.9394397344911772,-1.4139122464269018
2017-10-23,225.1428593054016,227.9110092148942,223.57424383926343,226.9421539306641,8901335,0.0131823069009828,0,0.013630175096305,normal,-0.02439504202685,-0.0420642344448839,-0.0311553854546493,-0.0409322174233207,37.09153302619667,-0.1119267896041522,0.0205762019155066,0.1,1284418862,-6557818.296969698,-0.0787360037353567,0.26069417620659735,-0.10619916496014414,0.03939095090779018,-1.306089645347896,-0.3771806104392153,-1.3801898921749127
2017-10-24,226.988265454359,235.56953196427264,226.9421268121397,234.78521728515625,17197805,0.0345597466960165,0,0.0152928704830498,normal,0.0095218037555386,-0.00934405424254,0.0021054923606,-0.0392615549990003,54.30913142327136,0.5004556692557367,0.0208854006001175,0.1,1301616667,-5539507.69090914,0.9351403232145414,0.7475789139110826,-0.06662544298702122,0.38701208419057476,-1.0943622857999504,0.8049086996332926,-1.2537972832450044
2017-10-25,258.22227345141886,302.6972013796444,258.22227345141886,299.7906494140625,262677081,0.1,0,0.0638899739697287,high_volatility,0.1,0.1,0.2463758538519118,-0.0224730408480008,84.11034243596599,5.056922954415889,0.0318010073544885,0.1,1564293748,10769763.321212182,2.618685793726458,3.0,1.7703133640296653,3.0,1.588520747803736,3.0,-0.4134452105616007
2017-10-26,304.4964904309063,324.150343549634,292.96253246003863,295.7306823730469,112804243,-0.0135426740258602,0,0.0640863320641557,high_volatility,0.1,0.1,0.2031985009581927,-0.0089528543776814,81.92768776198902,7.42749047880489,0.0386784148792597,0.1,1451489505,17227631.05454546,2.4482408592735285,3.0,2.722137492750114,3.0,0.4676992765677287,3.0,0.2713386376371145
2017-10-27,295.50002170716743,298.5911282686288,286.1344528805046,287.0110168457031,27580765,-0.0294851567560527,0,0.064054497315765,high_volatility,0.1,0.1,0.1493626326721029,0.0007059520971703,74.1978511302134,7.989409489532345,0.0415068909400123,0.1,1423908740,19730461.39393942,2.088959908254586,3.0,2.896417052767158,3.0,0.22160475313633135,2.923335171332222,0.7739831150602454
2017-10-30,287.8875732421875,297.4376954863636,286.5957756607363,287.8875732421875,28530254,0.0030540862372387,0,0.0640845869783915,high_volatility,0.1,0.1,0.136328709232461,0.0091932141163826,74.39184654551282,7.982444912508262,0.0430746491018396,0.1,1452438994,23450840.01818181,2.1198017521543004,3.0,2.8571072597259057,3.0,0.579846637366944,2.537434790890468,1.220366764668932
2017-10-31,288.81025690053565,289.5945715367125,280.7826122981379,282.16668701171875,16455750,-0.0198719457253405,0,0.0644746257905502,high_volatility,0.1,0.1,0.1018116013802539,0.0151898397814624,70.49932249783242,7.180053236162613,0.0455947162191634,0.1,1435983244,23921478.02424245,1.9123584293137348,2.9226492123072654,2.916770655771711,3.0,0.43647693625280026,1.8797059698581675,1.5368160518184564
2017-11-01,285.48854986156266,296.6073033235756,285.48854986156266,295.1309509277344,34907283,0.0459454092661093,0,0.0647254478832262,high_volatility,-0.0155431748636438,0.1,0.13594361282411,0.0231096314644765,76.60155262374911,7.097243798239553,0.0453002809379065,0.1,1470890527,23907029.29696972,2.1936093804647006,2.6735967492722277,2.651283970635093,2.889493458487899,0.8880554970208382,2.308000616567277,1.92625060069369
2017-11-02,295.269312403592,298.17586406574964,289.3177790618267,290.05596923828125,23110527,-0.0171956945671069,0,0.0650877925401918,high_volatility,-0.0191887872074338,0.1,0.1041686944021582,0.0287155241002587,73.74949811260487,6.302397008492238,0.0472630972651645,0.1,1447780000,19177889.515151527,1.9858355289468534,2.2358232985859905,2.6614466398014383,2.678283894980481,0.6604262774025218,1.7369420626773426,2.1716380221778113
2017-11-03,291.070971520354,302.1896956223708,288.4412234991531,299.8829040527344,26898400,0.0338794434752014,0,0.0650930452439794,high_volatility,0.0448480596615954,0.1,0.1263895807200201,0.0355059100929504,75.54306598745706,6.039567243276874,0.0478571753598039,0.1,1474678400,13639239.630303044,2.0615613201671565,2.035246040439113,2.529352699875891,2.486761618534465,1.0650416498547366,2.000506194677545,2.439937283478847
2017-11-06,298.59112700161535,304.4965081954075,296.6072917467034,303.57379150390625,17143407,0.0123077621341256,0,0.0650800515130466,high_volatility,0.054487305877988,0.1,0.125222841052172,0.0419524582790478,76.2359032799439,5.718619809528374,0.0481328984410354,0.1,1491821807,7215035.818181782,2.032619169298724,1.8368799554429085,2.387076153839537,2.325018083050199,1.3527796441963473,1.895382056087265,2.641700563898544
2017-11-07,303.52765051931755,306.06512128372896,291.1171004261108,292.68572998046875,21883541,-0.0358662764314995,0,0.0659841071308043,high_volatility,0.0372795352993358,0.1,0.0761672643137922,0.0450308420751053,70.96157388625988,4.434641586106906,0.0526594627864876,0.1,1469938266,-1770270.4424242014,1.7124555227150515,1.351837049623182,2.6310843794730334,2.228273415077186,1.115351859058385,1.1455237414469626,2.6601632518407436
2017-11-08,293.4238894233395,294.6234097831375,282.95105000235776,285.6269226074219,20242447,-0.0241173608754957,0,0.0664448763671406,high_volatility,-0.0322027503060485,-0.0472453921905952,0.045214539992648,0.0460286503655584,70.84913436029747,2.8486291897019207,0.0548953940145763,0.1,1449695819,3611833.418181846,1.662205225154499,0.7956456590589498,2.6273722255851326,2.1231795946413166,0.8843241455060524,0.6801245797431764,2.5804692129457147
2017-11-09,288.9486657883433,293.4238464365646,284.38123601755746,289.4561767578125,21846178,0.0134064888401774,0,0.0660322855851525,high_volatility,-0.0020678508428696,-0.0212169585005029,0.0532859423854346,0.0474932664648666,72.04096601950076,1.844807063412972,0.0554670445471138,0.1,1471541997,4054329.927272745,1.6562844991477588,0.4402521555780348,2.5017082240505424,1.9939798964824158,1.203628504830751,0.7706357114780312,2.5101133900128025
2017-11-10,290.6557715874247,312.33961486458173,285.58082954383474,307.77215576171875,82984969,0.0632772090375228,0,0.0668644921520111,high_volatility,0.0263077741423933,0.0723356864282906,0.1072870888151082,0.052313770827312,74.66212960423923,2.1788167821874023,0.0573698795467241,0.1,1554526966,6941501.115151565,1.7143508186320915,0.5291821446207471,2.4910132088348984,1.931764151372027,2.2895466454861815,1.4927026044194005,2.5508735942742784
2017-11-13,310.7247970933584,318.1526540304757,304.265781266622,305.4653015136719,38777555,-0.0074953312210376,0,0.0670196323558921,high_volatility,0.0062308080035338,0.0610576138230773,0.0887237805750509,0.0557557387936327,72.31929384514065,2.012777238337893,0.0590329823796972,0.1,1515749411,8032298.648484768,1.539165409263857,0.44971629801010055,2.458678056778093,1.8472514040021515,1.7146471913199997,1.1861182904130476,2.5215981593568912
2017-11-14,304.81947255436904,308.8332958980454,302.18972428374803,303.66607666015625,25647162,-0.0058901120506974,0,0.0671021874414304,high_volatility,0.03751582518362,0.0761939330121723,0.0738926697405157,0.0581125062752132,52.036861433755405,1.5698287670707494,0.0449711496750167,0.1,1490102249,5859711.078787885,0.5321134137931928,0.2750772130358466,1.3393372440214153,1.767649183879026,1.345260162392773,0.9451176566695588,2.4495721307202665
2017-11-15,302.6510357568894,305.5575873282275,297.3454154654196,299.8367614746094,17389606,-0.012610283070349,0,0.067266185782091,high_volatility,0.0497496480285162,0.0159448222291915,0.0542908588106059,0.0591282278771088,52.1633333740656,0.8434056558840801,0.0400721227043361,0.1,1472712643,4409763.806060584,0.5248536379543155,-0.0006152678766803711,0.9524936634725442,1.6981880535363831,1.0969963368559705,0.6461280927940799,2.3386280664490893
2017-11-16,302.0974280814681,308.37191824890715,298.6372406152957,307.6337280273437,22506014,0.0260040380451966,0,0.066482184236847,high_volatility,0.0627989752132334,0.0606012654565377,0.0733542771994171,0.0613073209933578,60.97198151779684,0.7174262793879009,0.0384244834330845,0.1,1495218657,2624629.2424242767,0.9237280205495719,-0.06977236631464023,0.8158564167638689,1.5977634436554418,1.3719376877151817,0.8852317619471011,2.271562220652257
2017-11-17,318.3372450086805,319.90587458105,310.0327951388889,311.4168701171875,26518142,0.0122975530482389,0,0.0663011032420006,high_volatility,0.011842248518058,0.0384615658598026,0.077670423875833,0.0636669273687777,62.14282969409207,0.7166093905474593,0.0382857426239103,0.1,1521736799,3504151.430303093,0.948797067969024,-0.09534144658132497,0.7938501805477265,1.5283272649810282,1.6678307114628543,0.9152390296288305,2.2127729220167467
2017-11-20,311.0477923834109,311.0939169528785,305.64989427904464,307.2646484375,13507662,-0.0133333228804367,0,0.0666757277081789,high_volatility,0.0058905116715772,0.0121580223223791,0.0569295701440553,0.0646103532001221,63.1655366811981,0.2862350717610962,0.038095262124223,0.1,1508229137,4219381.018181781,0.9669305311821478,-0.27560448685652555,0.7674579333039029,1.4848424132253655,1.453084506801891,0.6024553676281883,2.118931977261915
2017-11-21,309.11004455206535,309.4791255406111,304.4964617975569,305.0962219238281,14189920,-0.0070571949122645,0,0.0667518353933434,high_volatility,0.0047095983832017,0.0424021080364509,0.0445492321642135,0.0647294441515426,55.895141006634205,-0.2648678038944148,0.0361517399774907,0.1,1494039217,2502835.5090909023,0.5953475380433101,-0.4975144343453057,0.612479127731918,1.43294128279098,1.2502688405453883,0.41245384327708057,2.0128134202163
2017-11-22,305.2807992754577,313.40069426561,301.72833465761244,309.3868713378906,22861716,0.0140632662935227,0,0.0257989264767266,normal,0.0318510305951591,0.0831852561851302,0.0532965072874027,0.0653968037995931,61.54266669339276,-0.4499444532673102,0.0363001146400175,0.1,1516900933,391663.4848484739,0.8413793901847706,-0.5789681911364593,0.6119352534762255,-0.1643546368240506,1.5011642598755817,0.5179170401923269,1.9317566183802235
2017-11-23,309.57141718908105,310.6325356400303,306.0189526714896,309.0639343261719,13338423,-0.0010437967529852,0,0.0255556912969335,normal,0.0046490555765752,0.0677399867157271,0.0469923234445366,0.065636193909107,56.18395055536416,-0.6893037244186679,0.0342268561301657,0.1,1503562510,-1805254.460606085,0.557715600402667,-0.6775563791524944,0.44979949751534753,-0.17702726198171437,1.3014463144774073,0.41193390818896686,1.847173887842363
2017-11-24,310.0327839954947,310.9555006145289,305.8805592098408,306.71099853515625,11716981,-0.0076131037293158,0,0.0245630136965143,normal,-0.0151111645950985,-0.0034478662435729,0.0351744128246702,0.065117988448043,52.15187372101669,-1.078117399783153,0.0338340236208198,0.1,1491845529,502923.3757575084,0.3396885565574378,-0.8274880410984896,0.41100357123213843,-0.2206856611778824,1.1306534751588904,0.23070287437962847,1.7514707908493188
2017-11-27,304.4041881190323,310.95548133990764,302.6971568478143,309.7098083496094,13114683,0.0097773142429693,0,0.0246010243784467,normal,0.007957830243549,0.0138952176070561,0.0408057373762671,0.0649782856683403,63.09433214669164,-1.1962307954264038,0.0319635718586884,0.1,1504960212,1701052.2181818346,0.8503585178759197,-0.8698707959033207,0.2647988195001205,-0.22413597654746284,1.2629251555424248,0.2965132240385206,1.6733504150349252
2017-11-28,310.0327854386295,310.67869833859066,305.60375691027974,306.3419189453125,16054996,-0.0108743388601213,0,0.0242219430730653,normal,0.0040829644288264,0.008811791934701,0.0266045992376484,0.0639477273342354,66.89238322341161,-1.542064219118494,0.0307766810985244,0.1,1488905216,444421.37575764046,1.0041905907569866,-0.9913932255248481,0.168800592600983,-0.2436528039464582,1.0524913677883432,0.08401073340753795,1.580341225401792
2017-11-29,306.6648901145686,308.9716817836129,301.91290490815294,303.48150634765625,11264624,-0.0093373202319297,0,0.0223093881514394,normal,-0.0190873160347678,0.0121557638733884,0.0153731018132885,0.0622540576505896,61.62080701523711,-1.9765983246646397,0.0305998387258695,0.1,1477640592,-2571441.0787878674,0.7276360203079912,-1.136711659715772,0.14126542026822886,-0.3224449088647791,0.9045106176134138,-0.08412721784484835,1.4790145305387845
2017-11-30,300.62107401516016,301.26698693531404,293.88525371790973,295.59228515625,27276288,-0.0259957230552582,0,0.0227819762949758,normal,-0.0435885513438928,-0.0391421413650177,-0.0099829969973732,0.0590397597457201,37.80036753872546,-2.7603710521655707,0.0272692839532232,0.1,1450364304,-5634432.842424232,-0.43405537260029803,-1.3949211252459968,-0.11899740019342397,-0.3085653006518457,0.5726888522674931,-0.44936031735703924,1.3496001798831587
2017-12-01,296.65339071516223,297.3915527410251,287.195545443528,288.5796203613281,16425620,-0.0237241130674806,0,0.0220614378774803,normal,-0.0591155134977979,-0.0733333738383075,-0.0303794662861984,0.0546880860257641,34.54394713583538,-3.659721895111037,0.0270183899367132,0.1,1433938684,-7281802.254545393,-0.5970132023593017,-1.669040709966598,-0.1523513287267534,-0.34189938344702153,0.37385358819436787,-0.739354044216923,1.2020167500155536
2017-12-04,290.3789159784303,291.5323116914697,287.1032552579534,289.3639221191406,13887727,0.0027178002273011,0,0.0218443093130143,normal,-0.065693386783223,-0.0582583333598186,-0.0251684263568965,0.0508534478834412,36.66090013656373,-4.078443967658407,0.0263985122920604,0.1,1447826411,-8007950.509090931,-0.4949321844396626,-1.7523461222965862,-0.21384480768605463,-0.35579405397985947,0.5304106646592911,-0.6641663570944196,1.0741430930948412
2017-12-05,288.3489082004298,295.9151948152383,284.9348458637075,294.4388427734375,15130931,0.0175381941782202,0,0.0207450097313481,normal,-0.0388555252668503,-0.0349312065655516,-0.0073085314905804,0.0483037441778162,45.07987460396494,-3.890854262206215,0.0266150481914497,0.1,1462957342,-8122615.666666625,-0.0901201895108652,-1.6294373386736172,-0.21257980918578587,-0.4038098289817218,0.6953686230740109,-0.4152615912049323,0.9814001306047972
2017-12-06,292.2243819435842,292.8702667199907,287.4262439747564,288.2566833496094,18658202,-0.0209964125846844,0,0.0205610139412929,normal,-0.0501672183629071,-0.068296976846197,-0.0255388688572216,0.0447232256812308,31.80241099489801,-4.042606350943956,0.026511336002871,0.1,1444299140,-7354136.533333356,-0.7349958326925365,-1.6249273755724067,-0.2373249174771852,-0.41588128213640513,0.46156665458001583,-0.6777374196064772,0.8682617704865082
2017-12-07,288.348951006458,293.19321338336647,288.3028264379278,291.9475402832031,12278558,0.0128040636931818,0,0.0205417833209284,normal,-0.0123303112296055,-0.0553814021693805,-0.0118325443663005,0.0421535202753051,31.68399493100179,-3.7598094505136377,0.0243814254159566,0.1,1456577698,-5925124.339393877,-0.7234898314125345,-1.481952576896802,-0.4185521418796285,-0.4268014953456517,0.5930246330846456,-0.48303865471821594,0.7819051862525354
2017-12-08,292.13209615605405,294.2082086124013,287.9798712433595,288.902587890625,16418832,-0.0104297929334303,0,0.0144051658020133,normal,0.0011191626383473,-0.0580625107335039,-0.0200727799773225,0.0391785661901613,32.3581292031122,-3.640764591954458,0.0247524663107497,0.1,1440158866,-5603303.993939375,-0.6907589649429291,-1.3991646255334607,-0.4074676799348391,-0.6774410710278539,0.3875446389295802,-0.6001577826579695,0.6883967844892623
2017-12-11,291.53229962388576,294.6233774796204,290.7479849396696,293.7929382324219,14014369,0.0169273331108004,0,0.0150309537604963,normal,0.0153060411983829,-0.0513928512694052,-0.0031543462718871,0.0373871194529953,39.67982854047644,-3.1158863478840937,0.0245199047053412,0.1,1454173235,-3016246.315151495,-0.3422331201351752,-1.1956634490243663,-0.4445956015946496,-0.6603137263185286,0.5395992337403781,-0.3599948335987884,0.6242971292476898
2017-12-12,293.1931679966497,295.7306383727025,290.3327412136483,293.8390808105469,17658856,0.000157058159405,0,0.015005970260428,normal,-0.0020369661734885,-0.0408133440497172,-0.0027130549209731,0.0356987494645311,34.61180191761227,-2.666198872207993,0.0229908116398806,0.1,1471832091,79288.34545464822,-0.6006610958310389,-1.0266345538850377,-0.5837637995056812,-0.6691747452274686,0.7261414347494176,-0.3585249717834867,0.5636158773149254
2017-12-13,291.7168450884212,294.30046844287864,287.1032621258996,289.08709716796875,17540585,-0.0161720613523221,0,0.0151646070475311,normal,0.0028808137549831,-0.0474309270206331,-0.017077480614866,0.0331845233763932,31.82192063083893,-2.5873412735836667,0.024007102192482,0.1,1454291506,1674035.860606111,-0.7422071815040453,-0.9792700458491266,-0.5199563490157891,-0.6709861113773052,0.5014027437176534,-0.5667133052700553,0.4844321335842572
2017-12-14,290.0097748684062,291.0247686158593,285.5807470819753,289.73297119140625,13894451,0.0022341848867166,0,0.013742680284492,normal,-0.0075855035108315,-0.0198222831213152,-0.0134832786209646,0.0310001585225923,34.055357546145615,-2.3946707633594597,0.0240445756724327,0.1,1468185957,2491262.545454541,-0.6427836425509322,-0.8999235061002131,-0.534787237567355,-0.7361242018678812,0.6415487057136577,-0.5196836709975496,0.41363313341456875
2017-12-15,293.792957019556,294.6695490448659,287.4262181718031,288.1182556152344,16050711,-0.0055731164096789,0,0.0132753588449034,normal,-0.0027148675998969,-0.0015987433399353,-0.0172046143833268,0.028675271995544,29.18141842903148,-2.2795722396216336,0.023927698686336,0.1,1452135246,1121934.5333333907,-0.8846202963583798,-0.846615043728741,-0.5635440255128499,-0.7619675756815792,0.4340787685955753,-0.5737154421267824,0.339999882963861
2017-12-18,284.1966981874625,298.4988047520913,277.1840467562168,294.2543029785156,32119915,0.0212969752651688,0,0.0141927340128443,normal,0.0015703738451628,0.0169004512503168,0.0033699059918521,0.0277301229796962,38.93574026824378,-1.719296799155419,0.027370861267117,0.1,1484255161,2209885.9636363066,-0.4118333083153511,-0.6601695441846236,-0.2970779439437746,-0.7341372922293972,0.7870230534091006,-0.28358482544491587,0.2993266479783955
2017-12-19,294.76184952695,297.3454449220676,293.79298013447243,295.08477783203125,14741481,0.0028223031748706,0,0.014181760986661,normal,0.0042393851016964,0.0021937834441592,0.0056077678850356,0.0269636755538222,42.01750935058274,-1.2440342737996646,0.0264450877405144,0.1,1498996642,4669086.303030348,-0.27944145029607176,-0.5067072050711477,-0.3940660000865287,-0.7421904967618416,0.9298757542628452,-0.2644483332491957,0.262447708134957
2017-12-20,294.3465993325541,294.3465993325541,292.03980780173475,292.9625244140625,9895770,-0.0071920125245389,0,0.0137379573511694,normal,0.0134057427123495,0.016325175915334,-0.0014700817271094,0.0257872296093557,47.19208837042588,-1.0325710579967406,0.0250393598915977,0.1,1489100872,4907797.236363624,-0.040686837368957236,-0.43902144079824595,-0.5295660908283142,-0.7674630251819956,0.784723438109166,-0.38213197918532477,0.2149608977760057
2017-12-21,292.1320754394623,293.60842760220675,291.0248042776352,292.2704772949219,9916409,-0.002362237697551,0,0.0137330883912322,normal,0.0087580853952562,0.0011061473969107,-0.0034654583580679,0.0245349007680852,54.55581706515908,-0.9039115269010438,0.0232382429934905,0.1,1479184463,4881132.369697004,0.31665405862072765,-0.3989498911989002,-0.6977770639487568,-0.7748133908680341,0.6405831226205287,-0.4249997729942791,0.16479140561429087
2017-12-22,292.593479927066,298.8218178377974,292.0398442587406,295.1309509277344,13821639,0.0097870768860657,0,0.013954810743009,normal,0.0243396424066411,0.0215586959001812,0.0056854684538445,0.0239046036561008,56.77147533840535,-0.6051225141600436,0.023582473677262,0.1,1493006102,4239764.8909090655,0.40745217104631787,-0.31064576589903564,-0.6747430986073578,-0.7705137932525375,0.781381524501931,-0.312550175030989,0.12841576883877412
2017-12-26,293.97750718559905,295.2231801968793,291.8552421621762,292.6395568847656,9329690,-0.0084416562720281,0,0.0137503976086002,normal,-0.005487587020496,-0.0039258307384631,-0.0025377953365098,0.0227875197823785,47.750877195659456,-0.5555271475690118,0.0219251775562552,0.1,1483676412,3383223.9393939883,-0.10459933475800433,-0.30037409018498673,-0.8239642541153316,-0.7834286878064187,0.6405579919118595,-0.4543631937520842,0.07847778407806998
2017-12-27,292.0397494234034,295.54606058571176,288.8563664835959,290.51727294921875,14276027,-0.0072522114171412,0,0.0136611952224091,normal,-0.0154786191153933,-0.0113048538409696,-0.0088492086797188,0.0213232905142206,53.14496249820622,-0.6398994982826842,0.0220059535827207,0.1,1469400385,2567633.40606064,0.16947301882255095,-0.33045177463599307,-0.8224001633588879,-0.7912702818499102,0.43709698965913346,-0.5639970205064018,0.018122050930622097
2017-12-28,290.93253485338863,292.0398060451524,283.87375844335423,284.5657958984375,20353152,-0.0204857941504275,0,0.0141702686060802,normal,-0.028661442388984,-0.0156399275990661,-0.0264506163430897,0.0188252346232578,40.33814977875028,-1.0467289792998344,0.02327682927906,0.1,1449047233,-498026.1636363129,-0.5802799756535131,-0.4585064388746093,-0.7178500149777713,-0.7746390293564505,0.15103386130364613,-0.845095231771156,-0.07123726282912561
2017-12-29,286.0421369080227,287.8875700493648,285.16554490225525,285.9498596191406,11939569,0.0048637740046491,0,0.0131944476559741,normal,-0.0216259190263794,-0.0130572352767072,-0.0196880677702996,0.0168497139557108,45.95954829457901,-1.163818886959068,0.0224381218437973,0.1,1460986802,-1922572.8363636471,-0.2867796902360871,-0.4936441082999498,-0.7983793221936694,-0.8186942894608066,0.2818182521404075,-0.7489514545118908,-0.1497839438867076
2018-01-01,286.5958109207276,288.5796461819291,282.6281122392457,283.3663024902344,12182400,-0.0090350005149409,0,0.0122732636151426,normal,-0.0398624691870446,-0.016493065025862,-0.0258970006907839,0.0145697823695356,34.770980797689305,-1.3437193116611106,0.022700862715043,0.1,1448804402,-4994398.969696943,-0.9752781969369395,-0.5460088982152982,-0.7806996122284012,-0.8595209190180081,0.09089681238355214,-0.8521874544579024,-0.23986458769851549
2018-01-02,285.1194638647723,285.1194638647723,278.0606866533341,279.8138427734375,14797364,-0.0125366343336441,0,0.0125122221010215,normal,-0.0438276842948425,-0.0490747630838638,-0.0346051445345113,0.0118435467142268,31.41816299878299,-1.6123279655776452,0.0234130440274918,0.1,1434007038,-6691652.515151491,-1.1748325960138366,-0.6208253397810264,-0.7243804136458154,-0.850255595601178,-0.14093054405832459,-0.9801681558893756,-0.3454984868061665
2018-01-03,281.7054022432455,282.76654899433123,278.798850218505,279.4447631835937,13857373,-0.0013190183379978,0,0.0116765631359009,normal,-0.038113085852766,-0.0530017670289322,-0.0325728177071208,0.0093542600660931,35.546414691093204,-1.7156256051891747,0.0226184761462902,0.1,1420149665,-7552929.212121156,-0.9339263288987716,-0.6410402675750161,-0.8007332844239171,-0.8851832558876656,-0.3648297014173592,-0.9414360315506375,-0.44824437095532277
2018-01-04,280.96718440372706,286.2266799074264,279.72151145189576,284.6580505371094,24517099,0.0186558777989716,0,0.0117449214107546,normal,0.0003241944042522,-0.028346539863972,-0.0131595213251729,0.0081678104675266,43.30902299141938,-1.349730595993367,0.022539951497267,0.1,1444666764,-6780906.666666582,-0.48015199422806926,-0.5172358425564951,-0.8145894713387177,-0.8821773389800514,-0.03999765322225359,-0.642176801681319,-0.5170772668405815
2018-01-05,287.3339322354532,287.3339322354532,281.9821874309066,282.6742248535156,14580575,-0.0069691536208111,0,0.0113873194056729,normal,-0.0114552767047616,-0.032833464844699,-0.0181633426991012,0.0067189871701813,42.891559927827785,-1.1651621765014075,0.0222201559588944,0.1,1430086189,-6926686.896969639,-0.5299135732777114,-0.45153070836058967,-0.8456499160575573,-0.896261527583548,-0.2876696261328398,-0.7251308952979089,-0.5979001408476434
2018-01-08,283.45851260498523,285.5807492355137,281.42852509477115,282.16668701171875,13557197,-0.0017954868083918,0,0.0111950473422454,normal,-0.0042334443720842,-0.0439271580132917,-0.0180627608018978,0.0053344731638744,31.497158382235256,-1.0070522506164452,0.0179155453819685,0.1,1416528992,-6295377.406060608,-1.2379336160411216,-0.3954315275438968,-1.2199679526722629,-0.9031782611544544,-0.5383332125665221,-0.7288344288877914,-0.6818325935412514
2018-01-09,283.7353890695518,285.58082249439445,279.8599676137506,280.7826843261719,15574755,-0.0049049117038022,0,0.0103772571722833,normal,0.003462450403209,-0.0405169850747918,-0.0207453198298456,0.0038393597043488,28.472207548331284,-0.927453042478844,0.0185554714870957,0.1,1400954237,-6208584.066666638,-1.4052562373644126,-0.3638192625548191,-1.1554088563336518,-0.9352323096607496,-0.8246892326643889,-0.7722016108230803,-0.7745925316421386
2018-01-10,281.10558851075626,282.2128596232981,276.8149622280365,277.8299560546875,13064599,-0.0105160625505464,0,0.0105224828683851,normal,-0.005778627269695,-0.0436714718052201,-0.0281700104064747,0.0019450874809443,27.77773794201275,-0.9992341022192468,0.0193576006338946,0.1,1387889638,-6783447.321212131,-1.4186609321722425,-0.378066280246882,-1.0820666986720824,-0.9271331336578551,-1.0921209198676494,-0.8851520822900946,-0.8863941359111888
2018-01-11,277.6454222151202,279.5831327272232,276.8149828982408,278.844970703125,12298455,0.0036533664794509,0,0.0101170034620018,normal,-0.020421273254053,-0.0201036993123174,-0.0223271903738749,0.0004873139971635,30.46982308938765,-0.9066449589565302,0.0193344057253225,0.1,1400188093,-7056353.503030261,-1.2385560623353251,-0.34228287639779537,-1.0815285681710394,-0.9415627798349604,-0.964005213640282,-0.7949373865497723,-0.9910775432224393
2018-01-12,281.1056276556379,281.1056276556379,277.3224836798913,278.89111328125,17594228,0.0001654775340169,0,0.0100846113687085,normal,-0.0133832915761105,-0.0246852589726472,-0.0200968405522438,-0.0007748200248375,24.268921865858303,-0.7756501575262602,0.0185631575800583,0.1,1417782321,-4981371.254545497,-1.567927392719889,-0.2975551869832781,-1.144456783307786,-0.9387456678727998,-0.7576723862844411,-0.7729228318334813,-1.1003901123207191
2018-01-15,280.459753995209,281.659274449133,278.2452113739967,279.2140808105469,18189668,0.0011580416654264,0,0.0100663661628336,normal,-0.0104640495745312,-0.014653194974835,-0.01718719882111,-0.0018073105880516,27.158566978193235,-0.6080162122702197,0.0185534852476798,0.1,1435971989,-2202694.6181818047,-1.3827220175731936,-0.2439355551234638,-1.1394505544912348,-0.9357686919830794,-0.517275593425448,-0.7407733594997997,-1.2154565505282198
2018-01-16,279.0294908884184,279.9060829116194,272.47819747454747,273.26251220703125,18040940,-0.0213154314647687,0,0.0094749688538134,normal,-0.0267828913210502,-0.0234131753506948,-0.0346300284564394,-0.0038751200892181,24.027770887422705,-0.8252456554935104,0.019150531258364,0.1,1417931049,-1239015.7878786966,-1.5296436354917669,-0.30668617218511335,-1.0822638661273305,-0.9550873969780435,-1.0827482839311586,-1.0140538640363967,-1.3844713986654562
2018-01-17,273.124141550283,284.56582292935747,269.9869104210482,283.3663024902344,26277307,0.036974666600255,0,0.0130906687369173,normal,0.0199271040249422,0.0140333254485225,0.0009627540106793,-0.0036641708354547,48.39511294436039,-0.2458160905209236,0.0200841949476066,0.1,1444208356,429006.303030281,-0.12288466790744361,-0.12529049934275127,-0.9976587295190606,-0.802312581483991,-0.5816301032397397,-0.4528051487229161,-1.4757163850049644
2018-01-18,290.6557641339912,293.2393596626616,277.2763718167122,279.8138427734375,40000111,-0.0125366343336441,0,0.0132569492016671,normal,0.0034745904431032,-0.0170176383718343,-0.0104941056527716,-0.0041696590755929,42.24043779113073,-0.0683804552349598,0.0235661246448563,0.1,1404208245,1258056.9272727622,-0.45069618847854576,-0.04562914338284635,-0.6764138489734653,-0.7678836523379979,-1.719344112838589,-0.6308397352812285,-1.5480899229033693
2018-01-19,280.45971112657963,286.04213507983025,279.1217608440279,285.35009765625,18461642,0.019785493197687,0,0.0141392813365556,normal,0.0231595202120562,0.0094662780241849,0.0082115328647305,-0.0034987019895638,52.33436444454659,0.4279680893819084,0.0233514227924394,0.1,1422669887,2612474.163636333,0.18346666744193665,0.15307640161444008,-0.6726552925313869,-0.7043747935615611,-1.1443175227162257,-0.2686461359665474,-1.5331827462792564
2018-01-22,284.5196533165811,284.88873430410763,280.551955263217,282.8126220703125,12622645,-0.008892499448149,0,0.0139982979618592,normal,0.0128881081115939,0.0022891967348608,-0.0006822282783914,-0.0034041577742474,53.61506596325482,0.5819636136578445,0.0229899811791926,0.1,1410047242,2464464.92727276,0.28860344905720137,0.2598763859345951,-0.6795457398970851,-0.6841153981513121,-1.495222811949533,-0.4130246734483742,-1.519563859775082
2018-01-23,282.7203487673452,295.77678247870296,282.67422420290734,293.5161437988281,35252217,0.0378466903286038,0,0.0164887054330158,normal,0.0741178562262947,0.0453498744169864,0.033483197923309,-0.0011955721600009,63.57964080250739,1.3569892998458473,0.024374628019853,0.1,1445299459,3279553.557575805,0.936232407277171,0.6113112204301786,-0.534526892073335,-0.5518242581060421,-0.4638640322807019,0.3312524597206385,-1.4043553787795473
2018-01-24,293.1470795270786,305.9728348296729,291.7630046060991,304.4042053222656,38070520,0.0370952731339371,0,0.0183047474423585,normal,0.0742427827414526,0.0956493304211849,0.0645390377216994,0.0028621448214576,67.17494478892381,2.4893205785158425,0.0252457487069333,0.1,1483369979,4762724.896969671,1.17310502018547,1.1324944771253418,-0.4333874463228694,-0.44733402885814355,0.6219924745460397,1.0265203283194397,-1.2121176928747814
2018-01-25,307.03391865883646,307.03391865883646,287.7491492343936,288.9486694335937,42466150,-0.0507730695517478,0,0.0213118351757826,normal,0.0326460855889556,0.0362341078090509,0.0094806881451801,0.0033374603098541,54.42129678412431,2.099384895147158,0.0300403809929044,0.1,1440903829,3592120.3151515103,0.3944395938775934,1.085848037343468,0.020882997650890977,-0.2874296967157061,-0.5995162749386055,-0.1327623550339191,-1.1654726966643225
2018-01-29,288.94869957122154,292.40888684413034,286.9648644999024,287.9798583984375,23600898,-0.003352882839209,0,0.0213122283441567,normal,0.0092159097325961,0.0325888659923769,0.0055122442971928,0.0035479175479413,54.069803216427744,1.695486857727591,0.0304618505829313,0.1,1417302931,1813618.484848505,0.4020055259314558,1.0128402089588755,0.08691704856276904,-0.26064096529657027,-1.2551691305935355,-0.19358915286677664,-1.126686357223175
2018-01-30,287.9336742652471,294.2081633978207,286.964833198143,289.3177490234375,25810404,0.0046457784667319,0,0.0212070302281552,normal,0.0230015439392508,0.0361860984358672,0.009204834280311,0.0039791708289704,55.97926220483383,1.4473544433810304,0.0306968642071845,0.1,1443113335,2661412.1939394274,0.5668994290027126,1.007704132350994,0.1391527873504591,-0.23788327294626332,-0.4985999018124749,-0.06220553531967676,-1.0765334189978826
2018-01-31,288.8103364425379,292.132122301808,284.05835091563483,289.041015625,16409938,-0.0009565033578879,0,0.0209674398279305,normal,-0.0152466168160594,0.0577411928571252,0.0074489643335911,0.0042845013231824,58.15988001979531,1.2035200684086362,0.0313875229485242,0.1,1426703397,1324827.272727262,0.7595385059890375,1.0044482791813498,0.2388914492207224,-0.22073227965837824,-0.9376465942017188,-0.06157938323087284,-1.0307832595071802
2018-02-01,292.4088488935123,292.87020713668886,281.4285283377238,282.3973693847656,19515991,-0.0229851331855746,0,0.0216862153718345,normal,-0.0722947828996051,-0.0034193660183081,-0.0142327342642655,0.0032342032606016,52.38977826520226,0.566097253125281,0.0343197931187509,0.1,1407187406,569222.7272726813,0.38152170511034306,0.742640780893572,0.5850212512273333,-0.15393493182476442,-1.4417947961345188,-0.6388862985308656,-1.0389355161366596
2018-02-02,279.49084726442976,282.1205951569061,272.66275018435243,274.3697814941406,23274673,-0.0284265675282812,0,0.0221897084701184,normal,-0.050454940554082,-0.0194560112728406,-0.0383849263991048,0.0007336313963968,47.25335028047696,-0.374214587338938,0.036873319695271,0.1,1383912733,-3673844.7151514855,0.03863664728145854,0.2424957980519851,0.9346829877173453,-0.09396378724896243,-1.9954863176270823,-1.2822710737970626,-1.102420671434251
2018-02-05,270.0330217612061,277.184075792629,267.58782827259955,275.01568603515625,18940578,0.0023541387739502,0,0.0221690088376176,normal,-0.045017635731123,-0.0362166044657997,-0.0327938559024834,-0.0013220529791487,47.459498189352544,-0.900703765514252,0.0383923892603421,0.1,1402853311,-5407007.381818155,0.08716959803217315,-0.04491400844512516,1.2148048682065928,-0.058545410705114036,-1.4253430876382225,-1.0881298230334064,-1.1452103257899733
2018-02-06,262.974238456981,274.323641695178,261.0365279102195,269.2025756835937,30577218,-0.021137377417881,0,0.0226165286929538,normal,-0.0695262333809125,-0.0481239001537034,-0.0484132352470415,-0.0042578873980814,47.53915750235471,-1.5503638382747231,0.0409597021577344,0.1,1372276093,-9409327.0484849,0.13355384457315964,-0.4141500737347981,1.694219925253008,0.00832199945236714,-2.2056023053575475,-1.5467702216446289,-1.219501520432233
2018-02-07,273.6777264022168,274.87724661870044,267.58779171752064,270.17138671875,21463818,0.0035988178519323,0,0.0226410593785474,normal,-0.065283568373325,-0.0795348316380113,-0.0408791669182795,-0.0066132745052381,41.00622243078758,-1.8068288151286565,0.0388856196221295,0.1,1393739911,-9432913.096969696,-0.36201414149067707,-0.5493759941159619,1.688299299343475,0.057084608926410874,-1.5707477761980528,-1.3137557776441666,-1.269039047202927
2018-02-08,270.26368981003907,279.8599369354628,269.9407333642783,278.1067810058594,18932796,0.0293717050627946,0,0.0235599705346704,normal,-0.015193443155132,-0.0863898193803393,-0.0115117851498012,-0.0070664944853252,48.9020520597344,-1.3546932091637265,0.0362237945566218,0.1,1412672707,-5260802.296969657,0.3008707173410559,-0.23242258478346314,1.3765182955555897,0.17352557803568502,-1.0174572880790984,-0.35449636602085277,-1.245429376996328
2018-02-09,274.0467995924812,277.3685846132955,272.2013665985924,273.4931640625,15750824,-0.0165893723506949,0,0.0238420711341862,normal,-0.0031950217945533,-0.0534887577139222,-0.0253193731777729,-0.0083533167570559,42.28226021111514,-1.2798831414460543,0.036569783393432,0.1,1396921883,-3921967.387878772,-0.23861700410498304,-0.1619416350255846,1.4621063457002579,0.26559287340214793,-1.3957375476265508,-0.7884008710605545,-1.2556551537788134
2018-02-12,265.9730594255191,269.8023276761529,263.11263233934454,266.4344177246094,50839665,-0.025809589654963,0,0.0244911686677428,normal,-0.0312028322248131,-0.0748157902210602,-0.0458888881497003,-0.0108547350631647,39.93193167053309,-1.5986204115766025,0.0390352265791301,0.1,1346082218,-6396483.818181796,-0.41164546540894825,-0.35243058820188566,1.842432121876624,0.41037137785813027,-2.580229929438544,-1.4812877431980471,-1.3142381316837068
2018-02-14,266.3882813048496,266.3882813048496,253.74705320864365,254.8543243408203,45641149,-0.0434632037507948,0,0.0261639050446615,normal,-0.0532990864085844,-0.1,-0.0797009347259698,-0.0153283869845742,26.48706665753525,-2.432215020895522,0.040692545414137,0.1,1300441069,-8776542.496969702,-1.5009962732409405,-0.8838898007619641,2.070624713233873,0.7034245049218955,-3.0,-2.6281589543909476,-1.4496707967672675
2018-02-15,253.56251547346776,260.482890111489,253.0550325969768,257.1611328125,26058237,0.0090514786344952,0,0.0260007314749563,normal,-0.0481555580857782,-0.1,-0.0650155674031746,-0.0187272217317868,17.919770258239865,-2.653040685002823,0.0384437742866859,0.1,1326499306,-9099877.860606017,-2.125536919632704,-0.999636010742843,1.7190428458312799,0.9422734192670698,-2.5928324742432625,-2.046345402910802,-1.5413179828454038
2018-02-16,258.8219919120833,259.46790475980737,249.179592714474,250.65594482421875,30338112,-0.0252961554381714,0,0.0246940320129845,normal,-0.0987061016000981,-0.1,-0.0809058029687299,-0.02296235134246,20.39939872923526,-3.0345328106172254,0.0368778025716757,0.1,1296161194,-11164490.357575744,-1.831897651151802,-1.2150215096138117,1.4712296621666159,1.3485199421968466,-2.99641534491671,-2.491080138795865,-1.6635450953032493
2018-02-19,250.517539253448,250.9788975209497,236.8151930768313,247.7493896484375,43847791,-0.0115957958939276,0,0.0246814633791526,normal,-0.0941294986377773,-0.0970237746326726,-0.0835718789557251,-0.0271935730435958,19.80605192745608,-3.260156460937506,0.0398244165055325,0.1,1252313403,-15826673.145454552,-1.8081007390893176,-1.3178686008717617,1.887821502273731,1.3567177906858168,-3.0,-2.482349112303831,-1.7830280923283646
2018-02-20,248.2107714434232,253.0089091438784,244.33535036543427,248.8105316162109,33458021,0.0042831264661407,0,0.0240723518792489,normal,-0.0661471827060075,-0.0952860354867011,-0.0726120930617965,-0.0305934029639446,19.4715259884307,-3.115617487568418,0.0400651612365228,0.1,1285771424,-15806024.375757556,-1.7571424459922738,-1.1823976880653397,1.8686719890610275,1.254295856847816,-2.6503150665525075,-2.032564221115632,-1.867445248212228
2018-02-21,251.163470543487,252.9166264569757,246.734413954642,252.17843627929688,23714454,0.013536021330001,0,0.0244765873558501,normal,-0.0104996768975554,-0.063239140119915,-0.0546516525079504,-0.0327695069533691,23.45514519411229,-2.592331396060516,0.0389943044408911,0.1,1309485878,-15111166.745454548,-1.3869395624468435,-0.8185211823379167,1.668430970913047,1.3321664191504374,-2.0944421823965365,-1.3600770582051387,-1.9026091305793318
2018-02-22,249.502544108422,252.45524826838567,248.6259803002671,251.53253173828125,25584062,-0.0025612996517285,0,0.0222860233350852,normal,-0.0218874485917071,-0.0689890043754778,-0.051919662097983,-0.0346967174911052,25.67275349546065,-2.1093289488495994,0.0369327141214242,0.1,1283901816,-13619788.69090917,-1.1800914412005399,-0.49301904819182046,1.3388314754887913,0.9295383094660838,-2.4081689866395557,-1.2368997392364507,-1.9304191392230714
2018-02-23,252.3168560637461,255.77704318387936,251.4402640630157,254.7158966064453,15482147,0.0126558773378719,0,0.0202961555796468,normal,0.0161973089649789,-0.0841075658594647,-0.0362567333335976,-0.0355971575754295,33.228339853866814,-1.4277126806964855,0.0349574533818891,0.1,1299383963,-8690372.642424235,-0.5514834672156359,-0.051212633198200616,1.035825611999896,0.5659803984865898,-2.030753752328716,-0.6363211840109593,-1.9195415012360293
2018-02-26,258.36061290013384,258.36061290013384,252.68591221289176,253.2395477294922,15306032,-0.0057960610100208,0,0.017713233389171,normal,0.0221601275742611,-0.0740552927618306,-0.0380091008027635,-0.0365707964107138,31.677008585525968,-0.9514585677365835,0.0340551413494145,0.1,1284077931,-4272689.103030309,-0.6551215754495447,0.2475048661362009,0.8934452601253715,0.0784247471989284,-2.164649394233705,-0.6758899772389578,-1.9140359755838432
2018-02-27,251.9016244337684,254.577496863704,245.39648385762527,246.91896057128903,20824909,-0.0249589261032591,0,0.0181690887047542,normal,-0.0076024557024765,-0.0732467573821179,-0.0564461600138096,-0.0386299756174537,31.408775275912618,-0.9358669062490002,0.0335388741418734,0.1,1263253022,-3012415.212121215,-0.666423990513233,0.23953671059467882,0.8005971010623854,0.1848060339766357,-2.345331541461504,-1.3259685218414856,-1.9503120698818441
2018-02-28,243.82783798673265,248.85665423438343,240.64445476074107,247.2880249023437,26810799,0.0014946779712694,0,0.018071586918995,normal,-0.019392662787142,-0.0296887229912492,-0.0500567140147905,-0.0402236045623971,30.715418417004003,-0.7807759257041624,0.0337553517674119,0.1,1290063821,-2328487.1151515013,-0.7176052847645605,0.3160231810460686,0.8108308490303481,0.1800346310561812,-1.8306702868970932,-1.065700302778346,-1.960355499791604
2018-03-01,245.7194357506228,249.13349866259315,241.0597278726017,241.89016723632807,22859175,-0.0218282210315169,0,0.0182656135089758,normal,-0.038334462883656,-0.0593828678897063,-0.0644849288380298,-0.0426334845668247,18.115350948603364,-0.9126315430032824,0.0339636692763641,0.1,1267204646,-1028422.4848484728,-1.7124740872366166,0.19873214744080686,0.8180178239558592,0.23235660225462584,-2.0618276841338394,-1.5430937790015087,-1.9977534463970297
2018-03-05,240.32154418010992,244.5198933494611,238.75291473272856,243.1358184814453,18484565,0.0051496563888859,0,0.0181912013330844,normal,-0.0454627225048779,-0.0300017873026996,-0.0542932703188837,-0.0443352215856509,21.5889354592256,-0.7913743492585432,0.0337489943757209,0.1,1285689211,-23926.50303026529,-1.3741412041029424,0.2542744848736663,0.7676452781876977,0.2268963559498146,-1.7099785145286828,-1.1351896209248973,-2.0015367369524624
2018-03-06,245.30421212716465,245.44261398443848,235.29273145124745,236.72293090820312,20778164,-0.0263757418108742,0,0.0180712207016558,normal,-0.0652213170074523,-0.0445065021386377,-0.0722357253612614,-0.0470603961772367,21.853118346965644,-1.0047738050496695,0.0345936677824501,0.1,1264911047,-2949037.8606060105,-1.3222533626580326,0.06913174596518468,0.861533887317324,0.21186891608767724,-1.911317596292059,-1.7075400555583635,-2.0407273153104644
2018-03-07,235.33887108204263,235.615688877287,227.03442170193983,227.58804321289065,31262500,-0.0385889430325396,0,0.0192152922058539,normal,-0.0782885093703334,-0.0852957801483091,-0.0987641231575101,-0.051284258539953,22.91473092876923,-1.5881644192500983,0.035040990576879,0.1,1233648547,-5501540.472727236,-1.2127196239149682,-0.40138470187358,0.895065295690445,0.449604590262853,-2.2128117812866384,-2.4517953306812377,-2.1309253101258325
2018-03-08,227.9110018013453,238.01475990596657,225.41966977974832,236.95361328125,33133336,0.0411514152331746,0,0.0220280247662952,normal,-0.0417909909918802,-0.0603732151831761,-0.0561327157147198,-0.0527784566895414,32.395457743090034,-1.1886002816189425,0.0352136369890367,0.1,1266781883,-4034014.163636391,-0.4601198089696627,-0.13211086077819634,0.8908093596095499,0.9897510015661729,-1.6861256900942176,-1.007481976802368,-2.1015620404283792
2018-03-09,237.1381812439266,237.50726227552573,232.20164148893983,233.6779937744141,21536191,-0.0138238850274375,0,0.0219675159783416,normal,-0.0339500094432967,-0.070983016950049,-0.0630071279797355,-0.0546332995662026,34.327084170857475,-0.9979070869751094,0.0341841859980878,0.1,1245245692,-4929169.133333316,-0.29948920738828566,-0.00960165943413931,0.7259890703856653,0.948203152795207,-1.8768911202196237,-1.191758727604584,-2.0866013917522617
2018-03-12,234.46231001486868,235.5234285469276,228.14169523301803,233.3089141845703,25332474,-0.0015794366593204,0,0.0202970924289304,normal,-0.0404173451622675,-0.0840425851196494,-0.0587059751778986,-0.0561607515087451,36.01430297104677,-0.7603635858596061,0.0321619322595098,0.1,1219913218,-5705393.200000063,-0.1675527066157419,0.1594353132956258,0.42932431677103194,0.5941621944208715,-2.0881167553926043,-1.0169323387392137,-2.0587270322031106
2018-03-13,231.8786991677392,242.12084563249223,230.3100836637181,235.01593017578125,37647221,0.0073165485218473,0,0.0205014447404667,normal,-0.0072109648434685,-0.0719619732269353,-0.0471163391561955,-0.0569329406316825,36.80491557736991,-0.3716830508764115,0.0328818196703958,0.1,1257560439,-4485252.860606013,-0.1116213560965914,0.45496953048729843,0.5091011287088021,0.616298598406322,-1.5507401229541924,-0.6219498486919859,-2.002393354767865
2018-03-14,232.98594630140707,237.9224858449552,230.6791547538684,237.18429565429688,25471485,0.0092264616993995,0,0.0203374901659795,normal,0.0421650114212268,-0.0394245338408575,-0.0348016578766309,-0.0569328816885486,35.32064481510383,0.1216413603560813,0.0329007685736293,0.1,1283031924,-2942661.9151515337,-0.23146084858583588,0.8373121547178836,0.4924636885224519,0.5625553934826923,-1.1939244390404529,-0.21086158578338723,-1.920804992322394
2018-03-15,237.13818376381823,238.7990625032021,233.03209740560544,234.0932159423828,18339890,-0.0130323961937994,0,0.0184019171661086,normal,-0.0120715497824971,-0.0533580587461589,-0.0430623920107335,-0.0574323329526916,33.70686693382258,0.318770894820183,0.03392645329968,0.1,1264692034,-852786.2727272778,-0.36709426670656226,0.9703156149786718,0.6122915092759001,0.15793598598624434,-1.3687689309889677,-0.465146827305234,-1.8628594383356072
2018-03-16,231.2789008252776,235.9386222831492,230.7714179793866,232.8013916015625,25728297,-0.0055184185309251,0,0.0181413182875282,normal,-0.0037513253117785,-0.0375739772253156,-0.0439413734044789,-0.0579669805986916,28.775642846396963,0.4340150938809355,0.0343695052159656,0.1,1238963737,-1382680.4727272373,-0.7437197334248391,1.0326363714626494,0.6555753686330444,0.09240455404948654,-1.6204510091329591,-0.47163735086130304,-1.8109007493829565
2018-03-19,233.35502683626663,234.00093973187688,227.08056510352333,228.7875823974609,18167594,-0.0172413454081545,0,0.0177476548731789,normal,-0.0193791643277401,-0.059013255116417,-0.0549867743681111,-0.0591491931896933,27.427551930530527,0.3171939366338669,0.0353613831145721,0.1,1220796143,-1328915.963636342,-0.8272748484861399,0.9073438623654102,0.7694080601080019,0.0005472100761079473,-1.7720062625701745,-0.8049898363582202,-1.7866417512499468
2018-03-20,227.7725967707652,232.7552607445824,226.38852188031177,229.8487091064453,20556571,0.004638043279556,0,0.0177726525745902,normal,-0.021986684330169,-0.0290391039659081,-0.046006078176315,-0.0597470172927382,32.5471253637329,0.3841902728610051,0.034323559188675,0.1,1241352714,-752512.2363635927,-0.4045809103893575,0.9367682277620858,0.605525372990779,-0.008102028747923403,-1.4740709323400316,-0.48761165758300756,-1.742830994841235
2018-03-21,232.2939123492087,234.6468425791799,228.00328563773184,228.833724975586,19533972,-0.0044158791876846,0,0.0176759467271958,normal,-0.0352070977366987,0.0054734060063519,-0.0456544105222025,-0.0603022352816596,31.37801239370773,0.4295196032389974,0.0339861612493028,0.1,1221818742,-3040209.0060606217,-0.47315652676199643,0.9486062366377457,0.5369895918165647,-0.0416168102639801,-1.6461465665319552,-0.45519949304027946,-1.7004309285815655
2018-03-22,227.91100490637496,228.2339613548592,222.0517487435658,222.8822021484375,26828240,-0.0260080668956617,0,0.0178189974496537,normal,-0.0478912374662949,-0.0593846657915723,-0.0641940455950956,-0.0619549539864243,31.031271375310794,0.1428749067075259,0.0344796882046495,0.1,1194990502,-4438983.678787898,-0.47583287636240584,0.6997922405906282,0.5825734192088544,-0.025556104439952456,-1.889966385633872,-1.0386616370448802,-1.700745812717016
2018-03-23,219.42203499934507,221.12905245380537,214.3932317790893,216.6538848876953,27150262,-0.0279444352249992,0,0.0184534857707051,normal,-0.0693617276201832,-0.0728528545274714,-0.0824497839447112,-0.0646450015083061,25.96313919584989,-0.3548083047578121,0.0363683154025039,0.1,1167840240,-7884229.242424206,-0.8621594866492047,0.2894356043278016,0.816511694489224,0.09025840291194967,-2.10833930849015,-1.5843243818182235,-1.7377225079462113
2018-03-26,216.60772575084383,228.695319060342,216.1463674425353,227.4496459960937,30373940,0.049829529315823,0,0.0220819135305402,normal,-0.0058479415156496,-0.0251137776237789,-0.0333473663147071,-0.0642840894719168,42.20325666772202,0.1285685975035555,0.0353955217691756,0.1,1198214180,-10423298.139393978,0.49243273514260993,0.6718525840435657,0.6549418157609321,0.818845906037362,-1.6890081926986904,0.0515214751059396,-1.6634044348296024
2018-03-27,230.67913997903423,235.754081058573,228.833706859202,234.6929626464844,31205051,0.0318458031388411,0,0.023599737242409,normal,0.021075835313026,-0.001374236755165,-0.0023199568821714,-0.0620598153279707,56.169886404592994,0.9745138168045386,0.0338818700302577,0.1,1229419231,-8487439.969696928,1.5982694028842122,1.3147883619117036,0.41991810273199803,1.0980836743416142,-1.284709382562674,1.0597967943502826,-1.526367636562232
2018-03-28,232.52456335377323,236.3999840066322,229.47959601775696,230.5868530273437,36673566,-0.0174956657108023,0,0.0233002233200045,normal,0.0076611437057396,-0.0278156806661817,-0.0179254565552084,-0.0608575652402192,43.915317373191264,1.276849002551712,0.0327273671129739,0.1,1192745665,-6512753.5757575575,0.6038666980136224,1.497340869555518,0.23420664930899862,1.0019445221501806,-1.6435456478347328,0.5445346405953019,-1.4328566153922644
2018-04-02,232.34003554404268,232.52457604245456,225.9732827523005,227.12667846679688,14993188,-0.0150059490171214,0,0.0234185645896901,normal,0.0190435857033239,-0.0297596726480984,-0.0296439242406238,-0.0604062908352901,43.76094766250784,1.2609229099823196,0.0336177029021502,0.1,1177752477,-5484157.872727255,0.5774707376013899,1.4287900910871192,0.3401638869437846,0.993897995950068,-1.7414086566494043,0.16087508180578924,-1.3702601732871185
2018-04-03,230.26394019688303,233.26276927517668,229.0644057496579,231.14051818847656,19883309,0.0176722512246243,0,0.02350005539539,normal,0.066865329039867,-0.0071342933204132,-0.0113189658722432,-0.0588616982450354,48.06900952423399,1.520451918459976,0.0326489824990991,0.1,1197635786,-4032425.030303043,0.9006407710981161,1.5646986661271258,0.17862115909442391,0.978689639893528,-1.4619544795708472,0.7480241147961766,-1.2699649408076301
2018-04-04,232.2477678861441,233.4473022948713,226.52692772091265,228.1878204345703,18824449,-0.0127744705993025,0,0.023554358280182,normal,0.0032454411403626,-0.0026214795252683,-0.0217175347842283,-0.0580012461855633,44.05143643040724,1.4909723442780036,0.0315406375945819,0.1,1178811337,-4317708.387878796,0.5624209754482333,1.483172093485691,-0.006639199178803733,0.9599781079627936,-1.605988362989546,0.4007075194769015,-1.1979299642973436
2018-04-05,233.07822208230888,241.6594753198248,230.67915325662472,239.26040649414065,22880821,0.0485240011429324,0,0.0255003612551414,normal,0.0194613583473151,0.0409473580438368,0.0232430052919647,-0.054439678227607,51.56576176392743,2.173555777293414,0.0319403855022015,0.1,1201692158,-1475602.1575756886,1.14736671175538,1.8999032096906914,0.030176873012762763,1.3338782057864793,-1.3090297534448423,1.8068912901343148,-1.0287178285548957
2018-04-06,239.5833486194351,241.244255319048,235.15432040528333,239.62950134277344,24868860,0.0015426490911767,0,0.0237536974075375,normal,0.039215801754133,0.0471773833526472,0.0224045934195726,-0.0510519317295368,54.35412587466295,2.5786385797365243,0.0319874591753845,0.1,1226561018,1901456.557575792,1.3365022731525946,2.075592015175911,0.0128331658816848,0.9314014411857251,-1.0006794791935532,1.7167704114176998,-0.8693438816619942
2018-04-09,240.506088256836,242.4437988461276,237.6918137488944,240.506088256836,20208874,0.0036580926352998,0,0.0219850932791967,normal,0.0589072577486533,0.0790726488634616,0.023595924971683,-0.0477090816560955,56.09935522120078,2.8150639722393445,0.0317475554652641,0.1,1246769892,4534786.024242438,1.4192673331866263,2.115426006890884,-0.06252607562578426,0.5196073497769815,-0.7491710670791709,1.6920086863450052,-0.7134136061503172
2018-04-10,240.92130385405304,244.5198928720531,238.52223512236125,242.9512634277344,21201141,0.010166791155354,0,0.0217890052987455,normal,0.0510976843515904,0.1,0.03066496336947,-0.0440505904594615,61.4981195095588,3.0270718957006366,0.0311567510347331,0.1,1267971033,5886894.927272745,1.7554676488147445,2.1301556621446607,-0.200143165807509,0.4493532850645145,-0.4905552378237801,1.8279993993463073,-0.5458444609283115
2018-04-11,242.6744708010696,242.6744708010696,236.49225819003527,237.18429565429688,14885838,-0.0237371384370383,0,0.0225400657864432,normal,0.0394257467492931,0.0427991418301454,0.0056061470088213,-0.0420539545761161,55.532355669897846,2.6816825301291205,0.0319420915391428,0.1,1253085195,7238271.781818202,1.257081339600567,1.8139128973021612,-0.10772489072455757,0.6007601900381553,-0.6344686204470921,1.0596709500539108,-0.4433210178238131
2018-04-12,237.59951910766503,237.59951910766503,232.75525706760587,234.1854705810547,18660913,-0.0126434385757692,0,0.0226899573762075,normal,-0.0212109307488376,-0.0021623659257058,-0.0064355604024385,-0.0408645550597388,53.91891414752003,2.175577526949551,0.0318023206161034,0.1,1234424282,8987014.175757576,1.098364212241353,1.4347985131810852,-0.17724121702681409,0.615973303422689,-0.81642462193872,0.696531081470875,-0.3727516306348442
2018-04-13,234.37002895308896,236.16932360355327,230.4023445446683,231.5557403564453,25654020,-0.0112292629345644,0,0.0227162445111052,normal,-0.0336926836682732,0.0042018324825601,-0.0159437886675531,-0.0402985714783302,56.67614480528708,1.613866125970957,0.0318503942489948,0.1,1208770262,6830874.70303034,1.2603737830552262,1.048511814363527,-0.22275400383498498,0.6032877042238058,-1.0713021792457655,0.4166588434461342,-0.32721859136945236
2018-04-16,230.07939565896496,231.8786902585493,228.00328325647413,229.7564392089844,16408377,-0.0077704881973176,0,0.022599216327673,normal,-0.0446959539601012,0.0115783877083024,-0.0213917433323386,-0.0400855051702306,60.82316062522296,1.0960652682675338,0.0306655230413044,0.1,1192361885,2585949.4424242745,1.5089525739746823,0.7058457539355586,-0.5322792393897657,0.5529899150929056,-1.220040781830838,0.2599662969346674,-0.29606185948769864
2018-04-17,231.97096664730208,232.9859606224233,227.541937867418,228.97213745117188,15922452,-0.0034136225322465,0,0.022580467321612,normal,-0.0575388074930534,-0.0093812229647098,-0.0224297136545281,-0.0399435274477584,51.50685907972534,0.6952074003526691,0.0285541574379279,0.1,1176439433,-1379003.0000000151,0.7948727362882613,0.4413554098310916,-1.086581040594143,0.5340470842628812,-1.3561901277964648,0.22366918408404618,-0.26836978095566577
2018-04-18,230.21779186590445,230.58687287435524,226.34238495901928,227.40350341796875,16142387,-0.006850763811984,0,0.022294921463789,normal,-0.0412370988110608,-0.0034371554761681,-0.0264261398948895,-0.0400503457454387,41.87242973386622,0.337021992933749,0.0274758750105957,0.1,1160297046,-7222487.054545405,0.08871224179540897,0.21277455548570295,-1.452371341516735,0.4163583835759783,-1.4957285381773593,0.12122108343856147,-0.25063308612881086
2018-04-19,228.0032704734441,229.2489293973776,226.2501005396872,227.12667846679688,13166927,-0.0012173293155606,0,0.0222682643237297,normal,-0.0301418875250617,-0.050713480784966,-0.0250475184335113,-0.0400692254886382,45.78179142258285,0.1060316244002193,0.0262760804263816,0.1,1147130119,-12034363.412121162,0.3745982260269843,0.0675091951874411,-1.7962815935465124,0.37965595432778176,-1.5865349332587086,0.16932463209759768,-0.2290450718381397
2018-04-20,226.8498751318424,226.8498751318424,220.9906192607547,222.55923461914065,15546939,-0.0201096757038338,0,0.0226910779255181,normal,-0.0388524409865888,-0.0712360816509606,-0.0405733294613478,-0.0410326931042307,44.57831674459922,-0.3071854029508447,0.0266820619827168,0.1,1131583180,-15374972.575757554,0.29648990615865695,-0.1815665947681663,-1.7623278448156947,0.5081724610615869,-1.7016471334962588,-0.26709105816122886,-0.24750320005681334
2018-04-23,223.2051495166209,225.9271748674278,220.80609470107024,223.712646484375,12111837,0.005182493852516,0,0.0219523751415261,normal,-0.0263052158425558,-0.0698254330864477,-0.0323201090211047,-0.0414584073285734,40.540534238200856,-0.4471652660440739,0.0262204154524593,0.1,1143695017,-15556431.29696967,0.011246490707994486,-0.25803097628760785,-1.95849794801288,0.19057313518393482,-1.5115309913130923,-0.00557267065805459,-0.24238559849093455
2018-04-24,223.29741281720493,224.58921040003483,221.0828986524857,222.005615234375,9486349,-0.0076304637973125,0,0.0210215569018135,normal,-0.0304251962459077,-0.0862133742292295,-0.0360589771703792,-0.0420959494806016,41.86892487831193,-0.5900750093389489,0.0253235797499826,0.1,1134208668,-13592525.41212118,0.14230936179083647,-0.3285089578140666,-2.2221322405490946,-0.22822539502440878,-1.5772689848573282,-0.08590549970171035,-0.24548502561501673
2018-04-25,221.1751692169703,222.14402447607577,218.4531580257983,218.86837768554688,13124853,-0.0141313432343416,0,0.0179046306238282,normal,-0.037532956195201,-0.0772223047829692,-0.0451629463181255,-0.0432633611356051,16.10431377323262,-0.8172571043546575,0.0224945659534683,0.1,1121083815,-11715547.80000001,-1.804128825698414,-0.4452099939083071,-2.874279763826627,-1.5381426730301322,-1.705887361185085,-0.33981436525260494,-0.2712935772055799
2018-04-26,219.9756289345772,220.3447240174783,214.5316066975092,215.1775054931641,24495144,-0.0168634328604817,0,0.0163353262392797,normal,-0.0526101691544773,-0.0811662868782104,-0.0557553542438014,-0.0450303759876676,13.397784250380084,-1.118819191286108,0.0227885180677532,0.1,1096588671,-10818713.090909084,-1.9224417842574684,-0.6121532619185098,-2.617472854025102,-2.0823214937769814,-1.9371096978118445,-0.672240514303506,-0.3267146116354065
2018-04-27,215.22365288042027,226.8037493454138,215.22365288042027,223.8510589599609,31401889,0.0403088298979856,0,0.0187896118729714,normal,0.0058044068269327,-0.0332735495333615,-0.0160358412508465,-0.044318729740563,29.78724743873957,-0.6595740579990093,0.0240990370082239,0.1,1127990560,-8248581.393939355,-0.6416434299662108,-0.29292779958234083,-2.1851513913546032,-1.059820055011392,-1.5232693557376698,0.7158458841041119,-0.262823737527575
2018-04-30,225.88102275203613,230.40232838528243,225.60420496071663,227.3573608398437,17263193,0.015663548326166,0,0.0188649036270976,normal,0.0162919459974439,-0.01044183300107,-0.0005641263959629,-0.042689311772646,31.5502350536903,-0.0758027090562558,0.0239013094858651,0.1,1145253753,-4851564.884848474,-0.48097210027641996,0.10730995110621218,-2.1247955810698103,-1.0051179850901504,-1.2964978295715293,1.2714597353422294,-0.14776638689648475
2018-05-02,226.8960004149708,227.26509549310703,221.22129910417613,222.37469482421875,12887066,-0.0219155693803767,0,0.0190133482956101,normal,0.0016624786244894,-0.0288132988598232,-0.0203711758020783,-0.0423267229292763,32.14684090089682,0.0138436710305596,0.0243331250284465,0.1,1132366687,-2647968.38787878,-0.40878918056354885,0.18115438212098783,-1.93716482162588,-0.926368301516465,-1.4307691401118774,0.6022384223792251,-0.09233468761258933
2018-05-03,222.32856120900152,224.5892140555178,220.29858751171216,223.20513916015625,12939642,0.0037344372146028,0,0.0188678938463212,normal,0.0198144726089215,-0.0184621793187411,-0.0151452235436834,-0.0416588093142662,36.032868633769226,0.1600302516765754,0.0240654219698615,0.1,1145306329,-280517.26666666655,-0.07657177444024679,0.28372281179140024,-1.897825527474314,-0.9577637655706323,-1.2410696825458865,0.7902110212907505,-0.015096030498388483
2018-05-04,224.6814953045877,225.05057631803663,221.7749436049473,223.25128173828125,12777310,0.0002067272209709,0,0.0148716980399273,normal,0.0375214696657668,-0.017062710354751,-0.0135378797002663,-0.0409171472405225,38.69346900702391,0.2835747453219728,0.0232633493025375,0.1,1158083639,2087788.5636364024,0.1518010938890789,0.35858083890285886,-1.9640359160880323,-2.3576124590539584,-1.0479580808304942,0.8280208008043153,0.07214722266139975
2018-05-07,223.7126408828872,229.01826142843504,223.34355986805568,227.4496459960937,15122614,0.0188055550011767,0,0.015651291141647,normal,0.0160758097498052,0.0219735271165981,0.0045334865570856,-0.0390985647320132,47.05188808025011,0.6507899740258623,0.0234279761608032,0.1,1173206253,4111731.709090908,0.8350249887329527,0.5856779314899945,-1.844298718665082,-1.9601329051396617,-0.8268232201823994,1.4239425729494115,0.2352846029987078
2018-05-08,228.83370898044868,233.0782108272236,225.6964782794672,230.72528076171875,23293920,0.0144015821668119,0,0.0160526039318416,normal,0.0148133313539273,0.0313466153458317,0.0171597486295305,-0.0365723506568238,52.10640600868568,1.0911135471756612,0.0236952479089845,0.1,1196500173,7709186.012121263,1.2333657793966213,0.850295204595416,-1.7309899616294748,-1.7337242557655441,-0.47947662645901007,1.7796186327638535,0.45882228559755045
2018-05-09,230.4946177308325,230.4946177308325,227.2651095154513,228.833724975586,11429823,-0.0081983031070022,0,0.0158468300453261,normal,0.0290457066460414,0.0307564731369629,0.0079739931382869,-0.0347002561388222,51.70518280536245,1.2219326269779192,0.0236462964883218,0.1,1185070350,9410709.660606062,1.1733119075827902,0.9066627773205401,-1.6748789007641767,-1.7255859607866122,-0.6203809331770194,1.4144095102031162,0.6536878759763557
2018-05-10,229.0644001985028,230.86369478596703,227.26510561103845,228.7875823974609,13160967,-0.0002016423852297,0,0.0150705763139977,normal,0.0250103705421365,0.0453204104531042,0.0070254727627889,-0.0329543825634874,51.99116671185017,1.26688746220175,0.0238383135693303,0.1,1171909383,8902866.94545456,1.1868025350184856,0.9062922561671187,-1.570332337232694,-1.897140930740863,-0.8077577792075914,1.3571516766565828,0.8600418340386247
2018-05-11,228.4646350708976,232.1555014592511,227.034421529503,231.00210571289065,11958589,0.0096793859711432,0,0.015043540177797,normal,0.0347179371793964,0.0735420748718982,0.0151512428358193,-0.0307735585531937,60.72685933365802,1.3970505688514656,0.0232959417993914,0.1,1183867972,6798233.812121215,1.8094070228450052,0.9610076537536468,-1.6101060813000772,-1.8205259488005168,-0.6004802974459694,1.5705419860941559,1.1200409238593838
2018-05-14,230.6330068146986,236.0309044502706,228.97211415148124,234.0009307861328,18673849,0.0129818083864974,0,0.0151152385784735,normal,0.0288032314200727,0.0453420764383667,0.0255627011369274,-0.0280321375470771,62.48599556228307,1.6206653492085112,0.0235888782932728,0.1,1202541821,6747702.606060626,1.8594885568103905,1.0735259440313971,-1.5011671057365563,-1.7250700801266212,-0.25211438206284376,1.8181111421950775,1.4382655994285423
2018-05-15,233.44730814041628,237.55340842074608,226.89601441454167,228.833724975586,18026861,-0.0220819882775142,0,0.0158546886912613,normal,-0.0081983031070022,0.0064935840664612,0.0026377680734246,-0.0268005258751441,57.64463819396122,1.3663007340692528,0.0263536813351004,0.1,1184514960,5961115.957575793,1.438312276214611,0.876423885512588,-0.9342192966369186,-1.4467414807065748,-0.5467627139716736,1.062472134745552,1.6161348837238967
2018-05-16,226.526938038773,229.4796285089104,222.00563207633195,224.3124237060547,17222004,-0.0197580198024294,0,0.0164456441751247,normal,-0.0197580198024294,0.0087138011965239,-0.0155623567768508,-0.0267313931079097,55.91184649324991,0.8637881503854463,0.0280895481970795,0.1,1167292956,2900116.121212157,1.269975605484947,0.5105299986459376,-0.5614038400907603,-1.2223887453805973,-0.8344606726456565,0.4604546207795756,1.6745827495426615
2018-05-17,225.3274038368615,226.9882966280968,222.5131152294265,223.94332885742188,11721064,-0.0016454498709197,0,0.0163875937305195,normal,-0.0211735859493604,0.0033072253624768,-0.0155712804534864,-0.0266654003046862,60.259203025344895,0.4950991329916749,0.0277090986234482,0.1,1155571892,-360920.3939393723,1.540037317308727,0.22222006642483638,-0.6137991075859469,-1.2055373596810035,-1.0214446780745374,0.43467270383925444,1.704306501685825
2018-05-18,224.2201374613388,225.142854076406,219.46815252555777,220.390869140625,11873041,-0.0158632084953002,0,0.0167382564437515,normal,-0.0459356703243831,-0.012812524861602,-0.0283013039879072,-0.0273815348846923,45.3987647903151,0.0253320818388878,0.0262268470718705,0.1,1143698851,-3542187.72727273,0.40581864237226817,-0.16860313593816864,-0.8935212412548192,-1.0554567616436958,-1.202374149691898,-0.014048798438553814,1.6395605649773721
2018-05-21,224.72765082756808,226.75762471305893,221.7288216095928,225.5580902099609,18780730,0.0234457130165355,0,0.0170033389637962,normal,-0.036080371765223,-0.0083163716428262,-0.0049961294218281,-0.0266426953196986,47.70861161883172,0.0732491624756261,0.0255675957120361,0.1,1162479581,-4516516.2727272585,0.556018820325675,-0.18349021334456642,-1.0090736610642435,-0.9343726606503729,-0.8232180199676814,0.7468209119977899,1.6857160254894135
2018-05-22,224.81989527319507,239.62951368526464,222.3747019007079,234.2777404785156,68713602,0.0386581135725967,0,0.0189885740176611,normal,0.0237902673808696,0.0153969244508824,0.0301851190000315,-0.0237673025010372,63.84121245414222,0.6696695178773724,0.0280059662464281,0.1,1231193183,-59881.89696964381,1.733772760859965,0.273513654237516,-0.4547985668702081,-0.2181665426024598,0.5188031708410478,1.8625222661854042,1.8941382355339034
2018-05-23,234.96976534026496,248.90279096689005,234.6468229934057,242.8590087890625,71202072,0.0366286113781852,0,0.0202831694316394,normal,0.0826819343154696,0.0612902832175321,0.0610559171088158,-0.0190888364512406,69.36365123310537,1.5682582334934343,0.0300559063772201,0.1,1302395255,7097992.3272727365,2.0486644168890518,1.0253628098640037,0.02910303413504691,0.2561931495924187,1.884811187666144,2.6728914618638866,2.206395898147817
2018-05-24,243.45876339248605,248.85666075407127,240.5060592168453,247.7493896484375,34679642,0.0201367076467917,0,0.0200554303476754,normal,0.1,0.0828795297903677,0.0739915538691056,-0.0137775443741198,72.03319770850393,2.370016525709943,0.0309257892221389,0.1,1337074897,13847965.52727274,2.120500648938997,1.6786028359625844,0.24540502494342142,0.176061601902434,2.4775033861149076,2.813928968461996,2.499642111271046
2018-05-25,247.1034851624011,247.65712073393087,242.2592231898968,246.31919860839844,22317308,-0.0057727328493868,0,0.0195244603833229,normal,0.1,0.0663071570202273,0.0609418742088867,-0.0094720032924122,67.86028413310461,2.6602880102566244,0.0310250807637774,0.1,1314757589,18175864.05454549,1.7390034425491991,1.851816131651841,0.28201836876936176,-0.025227316360856126,2.0128778013398305,2.277018328639081,2.6482258021954603
2018-05-28,246.73439811828584,253.0088875099932,245.4887251526541,251.0250244140625,18959368,0.0191045839392545,0,0.0181452935510553,normal,0.1,0.0727522474835324,0.0729124416125321,-0.0045812753993514,68.70749428101034,3.0002758877734004,0.0304828607900633,0.1,1333716957,23196292.381818198,1.7198094850704346,2.0436463151459887,0.16899341086079156,-0.5214068855986608,2.258899770419513,2.440819083956253,2.7790791652135955
2018-05-29,249.59481602968484,250.0100497229384,242.4898876369296,243.8739624023437,16107543,-0.0284874467332915,0,0.0195280223931251,normal,0.0409608779059746,0.0657256155243826,0.0381608638453063,-0.0020370531503435,62.6356372511943,2.590085194599375,0.0328631163942496,0.1,1317609414,24546335.07272725,1.2553593643922119,1.6277775532579428,0.7307908597483774,-0.032620565462172395,1.9353493362559726,1.4490384475362563,2.724148496973329
2018-05-30,240.36764877905125,247.28802254428305,239.86016596656344,246.5037078857422,19320209,0.0107832154670941,0,0.0186188148032177,normal,0.0150074692096158,0.0989302501085165,0.0444461246801337,0.0008007343600233,64.26447721996487,2.3494849371443536,0.0336221210757447,0.1,1336929623,24188807.63636364,1.3317449778086083,1.3774426145310446,0.9111722788956164,-0.36312403819262723,2.181449232910125,1.5568837738299952,2.6821621466131593
2018-05-31,246.2269134475532,253.5624930187946,242.8128509981704,248.71823120117188,31935892,0.0089837322709001,0,0.0186321643852173,normal,0.0039105708962963,0.1,0.048454159018227,0.0037792834096543,64.26447721996485,2.1959398822054026,0.034939206585439,0.1,1368865515,22735631.654545475,1.293811609837926,1.2078543829420467,1.2094180379112522,-0.3613858642784408,2.5805277058350935,1.5967702287891132,2.6438429197387756
2018-06-01,248.4414475892945,248.94893046187244,244.15082097862057,246.08853149414065,16574717,-0.0105730074322707,0,0.0189493146374672,normal,-0.0009364560925861,0.1,0.0336900071101662,0.0057232138859144,59.79076077619823,1.7908564396753444,0.0346563913751339,0.1,1352290798,17001466.884848513,0.9518530743889416,0.838405152509865,1.1428245663878949,-0.2525621917876927,2.204312204611927,1.1765939342909975,2.552539363473299
2018-06-04,247.2880520548657,247.6110085009317,241.1058394898636,242.67446899414065,12933824,-0.0138733100615104,0,0.0191091378765507,normal,-0.0332658285340815,0.0758845704370299,0.0174743126633969,0.0065824720347089,61.5384752376152,1.195210827225838,0.0339217924112943,0.1,1339356974,9285482.236363716,1.0465682807887848,0.3009522310560801,0.9805291344994111,-0.19398514876184464,1.912546821293043,0.7303179801139071,2.42224326745533
2018-06-05,240.7367675767719,244.75059062314224,240.7367675767719,243.1819610595703,14102731,0.0020912462177549,0,0.0189341705712444,normal,-0.0028375367995691,0.0380071131080046,0.0177021874899205,0.0074220625659684,66.8590374553178,0.7588895893935064,0.0328346629169272,0.1,1353459705,4775675.86060609,1.3809010976825689,-0.11772045030342625,0.7419604944347976,-0.24012628795164362,2.0395927682922266,0.7099958804405511,2.309952991672584
2018-06-06,242.6744779731764,250.425292170162,241.93631591977865,249.2718963623047,18315171,0.0250427098959145,0,0.01937164825872,normal,0.0112298046155379,0.0264058047721513,0.0389149818016532,0.0095493936040909,70.53106611740135,0.7998312861366927,0.0331826309818388,0.1,1371774876,4529665.163636441,1.5794528335143878,-0.11055120390640982,0.8314837201409752,-0.0653210909019186,2.1861303407153794,1.2598379245707636,2.2692774574680965
2018-06-07,250.1023292558484,251.80936063922627,247.6571358381281,248.8105316162109,18773700,-0.0018508494251723,0,0.019396048590829,normal,0.0003711043400127,0.0042831264661407,0.0333515493975891,0.01124640229834,74.25199477175649,0.7178542713809621,0.0328070880233344,0.1,1353001176,4730645.496969706,1.7610223648589527,-0.21488541917967965,0.738378207947528,-0.05089242621189266,1.8339618554899058,1.0710871781710245,2.213949064060409
2018-06-08,248.16468079515047,252.73211180519024,246.36537187178047,251.90167236328125,14096549,0.0124236732544682,0,0.0194451452037388,normal,0.0236221527018987,0.0226635755004946,0.0416075327842271,0.0133916836234846,73.30616344322331,0.7882080263446625,0.0324045006061753,0.1,1367097725,4019662.163636352,1.6249145437285326,-0.16836220904062996,0.6455950684401437,-0.02643596975934938,1.9407768317178005,1.260337109547355,2.182477060660328
2018-06-11,252.1784583956588,256.88431911442063,252.04005652491725,252.82437133789065,18219428,0.0036629331038291,0,0.019343060668706,normal,0.0418251758655132,0.0071679982026817,0.0409198649008475,0.0154093874301555,69.03413664303696,0.8101703229685544,0.0288190756277295,0.1,1385317153,4931997.787878796,1.286623133200683,-0.15907482514610136,-0.19116157765812278,-0.057903111639550406,2.089660724949944,1.1986582692877241,2.1473461036594337
2018-06-12,252.82433970201424,262.4205863800567,252.82433970201424,260.9903869628906,31358021,0.0322991631771383,0,0.0192980698817338,normal,0.07323086723097,0.0701855351507687,0.0669661899938436,0.0189775989933507,68.7679346486988,1.261055495996284,0.0265410710584455,0.1,1416675174,5855477.800000014,1.2259857239581626,0.2658604608770479,-0.7091001102724832,-0.08004984452625674,2.3465174708773464,1.8417164340080696,2.174128919071005
2018-06-13,262.0515134999704,267.2648566402497,261.7285570592644,265.465576171875,26748300,0.0171469503572967,0,0.0183698934058493,normal,0.0649639211073902,0.0769232578640233,0.0765199203527917,0.0230050762438178,68.49715623954495,1.7187309525271042,0.0255350217940001,0.1,1443423474,8325172.836363563,1.171374991817776,0.6912176888268765,-0.9193500331234233,-0.4235394456687483,2.488844486633361,2.002154036575168,2.2109226073065487
2018-06-14,264.4044180938477,264.4044180938477,259.5601561705298,260.7597045898437,18513730,-0.0177268618021664,0,0.0191769591003344,normal,0.0480251896734995,0.0484141163698299,0.0516837301869061,0.0253135123348442,64.11180615097847,1.5668391369489267,0.0261095948515428,0.1,1424909744,10623252.963636382,0.8450107460625381,0.5234828352738526,-0.7538149922651544,-0.13539126444187172,2.144523379827254,1.295359694559385,2.1784821226347426
2018-06-15,260.89816965484835,261.54408266475286,255.22346708727537,256.0077819824219,16949917,-0.0182233777833743,0,0.0193369172838503,normal,0.0163004460455467,0.0403076503730421,0.0293306631734433,0.026128604473171,54.86495521946899,1.0343347722663658,0.026259546782305,0.1,1407959827,10212487.042424256,0.18032616423743497,-0.007673028966703638,-0.6909368773342934,-0.08619302251064574,1.866534486092888,0.6658511943734573,2.0965252006866923
2018-06-18,256.5152200423708,258.1299741253713,254.16230392791488,255.4541015625,13542420,-0.0021627483962963,0,0.0190852809264487,normal,0.0104014111088002,0.0526616278231886,0.0244599604619402,0.0266058063241017,62.97833626333039,0.556749144590551,0.0250393345639924,0.1,1394417407,7526012.62424236,0.7255264249999868,-0.4787706187213198,-0.9598013185343339,-0.18905451036159937,1.6496116058974568,0.5081702807172989,2.0124543672993846
2018-06-19,254.6697623088216,255.3156751435241,248.9027839956689,251.53253173828125,20726975,-0.0153513676242903,0,0.018077274537815,normal,-0.0362383279118788,0.0343387751391039,0.0078948089791073,0.0260283991366205,55.47740507458846,-0.0775784326043576,0.0251808016308945,0.1,1373690432,3981758.812121313,0.16338975124476787,-1.0941210858070842,-0.894997201435891,-0.5668362975660701,1.3792081796052058,0.01616459452818715,1.9029819338335687
2018-06-20,252.0861871462785,253.516386616975,250.1484766486011,252.17843627929688,14002946,0.002567876753563,0,0.0163335475382164,normal,-0.0500522142425554,0.0116601187675311,0.0094751218729578,0.0255733541439842,53.90220398948252,-0.4852339669117125,0.0230254588613067,0.1,1387693378,2177092.521212112,0.014833647735438925,-1.4862935778255024,-1.3997993353430853,-1.1911231473426347,1.4659552168750567,0.018645302136913258,1.8112313418975983
2018-06-21,253.5163632554038,253.5163632554038,247.3803040440941,247.8877868652344,12954943,-0.0170143390424961,0,0.0162761158762669,normal,-0.0493631396954368,-0.0037086241686901,-0.0069721690193312,0.0241113351986059,51.95581875818546,-1.0433792737368028,0.0238095314118268,0.1,1374738435,-1778738.5636363989,-0.14569666558614092,-1.957465431254445,-1.1688916819675674,-1.1713766631807359,1.2870194615902315,-0.5020619604442503,1.6933469518510145
2018-06-22,248.2107780088344,252.5475575127684,245.2119489064972,251.94776916503903,20784133,0.0163783071007521,0,0.0166020252689376,normal,-0.0158589429819036,0.0001829952192271,0.008399565369221,0.0236676901345687,59.9406311716445,-1.131293875429991,0.0236612897255465,0.1,1395522568,-3924601.660605981,0.45697246573787736,-1.9413271517616295,-1.1701646085533592,-1.0202124205172447,1.4428928020266565,-0.033412426955038314,1.6174180540135528
2018-06-25,250.84050833343625,252.0400286258558,246.54988186091973,247.70327758789065,10934401,-0.0168467122817349,0,0.0165144155261532,normal,-0.0303413565380277,-0.0202555383521783,-0.0077770464852057,0.0222340300584029,54.487176574954205,-1.447262026818966,0.0244924528862954,0.1,1384588167,-5796801.64848485,0.02899703190753483,-2.10564623790594,-0.9232924692836898,-1.020768619761193,1.287489578815162,-0.5402022372361004,1.5125850375527075
2018-06-26,246.59601891393712,250.2407608593641,244.88898751976149,246.7344207763672,16867009,-0.0039113604832284,0,0.0151860879302754,normal,-0.0190755085584972,-0.0546225719361473,-0.0105594275213388,0.0206861082716687,47.196738091160285,-1.6772641912451638,0.023680420897575,0.1,1367721158,-6489649.381818159,-0.5341633901818111,-2.172817273448645,-1.1006672584462525,-1.471589879908598,1.0849887201252657,-0.6423054198994209,1.4101225005629912
2018-06-27,246.6883038057986,246.6883038057986,240.8290474038137,241.47496032714844,16277655,-0.0213162818250873,0,0.0157492854837973,normal,-0.0424440571131702,-0.090371852315774,-0.0287228572967543,0.0180733000384833,42.67284527904349,-2.111320923118996,0.0247147771503076,0.1,1351443503,-5693767.193939388,-0.8699721198059385,-2.371181974383592,-0.8006110371023076,-1.2246631396475143,0.8974422831768819,-1.1913220874282926,1.2751490549114841
2018-06-28,240.27539917139032,241.7517513764972,235.9386339282539,237.1381683349609,21349738,-0.0179595929379678,0,0.0160084203718449,normal,-0.0433648574067007,-0.0905873715880978,-0.0419542456422709,0.0147481655248689,35.611485221427955,-2.5868264606794584,0.025000004892779,0.1,1330093765,-6181756.096969693,-1.3817944971437157,-2.5502925435734545,-0.6993461886463573,-1.0961566066101414,0.6664530841146361,-1.5700491649292467,1.1196962944814837
2018-06-29,238.2915552091628,243.0896926570625,238.24543064409792,239.3065490722656,16244724,0.0091439549884766,0,0.016076496548992,normal,-0.0501739711157862,-0.0652372079505888,-0.0301278367271408,0.0122919045720517,37.13783118592166,-2.6423436935413385,0.025062669336352,0.1,1346338489,-5764379.018181856,-1.232440099849404,-2.4241305796279464,-0.6572251263359932,-1.0617273753542489,0.7989842076601694,-1.1686843550514425,0.9976849349474912
2018-07-02,238.93746161288124,241.52105668629687,234.3700034319748,238.84518432617188,21896701,-0.0019279236104583,0,0.0158033498413323,normal,-0.0357609045305253,-0.0650172267140699,-0.0290387711246002,0.0100031323538885,25.30868650354003,-2.59351186587592,0.0243798268435958,0.1,1324441788,-6697270.139393932,-2.0038448150856656,-2.2586521039628495,-0.811980091479397,-1.1490529515741872,0.5696952796109512,-1.0997867933316785,0.883271098403525
2018-07-03,239.53724364285148,240.7367640025425,236.58453915258235,237.5995330810547,16099030,-0.0052153081864781,0,0.015820438430327,normal,-0.0370231590167635,-0.0553924319885739,-0.0309553021363189,0.0076885990762292,16.518892819991308,-2.5259761077218243,0.0238696400052321,0.1,1308342758,-9041899.181818197,-2.451016527652323,-2.109230567722681,-0.9187305368625025,-1.1071059922534576,0.40332123141375015,-1.1199759141545564,0.7691838401552912
2018-07-04,235.9847913976351,238.3838604024081,234.83139554525167,237.5534210205078,14206935,-0.0001940747102863,0,0.0145889258257692,normal,-0.0162399418197554,-0.0579947099148133,-0.0282611576301622,0.0056341795132013,18.60181652945174,-2.367948425413812,0.0231667768530936,0.1,1294135823,-10435829.199999942,-2.1736379428646058,-1.925584888916666,-1.073106289041211,-1.5681381887453147,0.26145171830634073,-1.0061593297831941,0.666003050270678
2018-07-05,237.96861374920795,238.7068039502176,235.43114301133352,236.6306915283203,11215032,-0.0038843031105321,0,0.0145926875397958,normal,-0.0021400047499893,-0.045412061155857,-0.0290733715103718,0.0036121686878911,20.752113964533848,-2.2120328735018893,0.022337974425177,0.1,1282920791,-12171120.13333333,-1.9308878613037344,-1.7515981047190923,-1.2560901303221632,-1.5219618300970015,0.14816175771188486,-1.0042538535036647,0.5650559967941328
2018-07-06,236.30772948571533,240.64448065787337,235.80023253423704,237.32272338867188,16174019,0.002924522832951,0,0.014234827214696,normal,-0.00828989298991,-0.0580479272542674,-0.0237948607946724,0.0019973007020774,22.746226126015276,-1.957522547363845,0.0225366663934033,0.1,1299094810,-10525641.842424233,-1.7261009132078218,-1.5195408864220685,-1.164007326887571,-1.6275054294856413,0.29421449161540414,-0.836498028066519,0.48016277155958387
2018-07-09,238.24545429067635,242.1208473902473,238.01477512430623,241.33653259277344,13220744,0.0169128735200294,0,0.0148504113063516,normal,0.0104308080300221,-0.0257031116306409,-0.0065952473028477,0.0015103829913927,34.71649330087875,-1.4381071190414962,0.0216429517597902,0.1,1312315554,-7719170.81818181,-0.9587691478074671,-1.1255312631755778,-1.3617172455458415,-1.3353846543325854,0.40601095240362844,-0.339275853932189,0.4386952280994811
2018-07-10,243.45877814539907,245.2119340363272,242.12082782493843,243.3665008544922,11487165,0.0084113591917063,0,0.0127386182983444,normal,0.024271797585857,-0.0136499800525504,0.0015926901287561,0.0015497374281845,37.31740880267783,-0.9032092770858804,0.0216113734034798,0.1,1323802719,-4534562.7515151575,-0.7741936698426676,-0.7373008330436017,-1.322815541692704,-2.1689640424218806,0.4974707299203087,-0.11130397694402089,0.41758240227797927
2018-07-11,242.3515146965308,242.3515146965308,237.96861074998728,239.0758819580078,12857179,-0.0176302773036528,0,0.0121442264406205,normal,0.0064089202797401,-0.0099351020324855,-0.0145578777214722,0.0005878664554526,37.31744158416183,-0.787954096710759,0.0217786834725867,0.1,1310945540,-2604087.642424228,-0.7560358219136384,-0.6405058146103122,-1.2336537962221406,-2.3266536844674532,0.3530721090004318,-0.5921098293911549,0.35707792818383916
2018-07-12,241.19809839903743,244.05852531048367,240.9674192635833,242.4437713623047,10642215,0.014087114838662,0,0.0124889987678177,normal,0.0245660433836354,0.0223734671841167,-0.0006115148932214,0.0005269301750503,36.04330055839886,-0.4512206589331722,0.0207829179693114,0.1,1321587755,-1025559.545454565,-0.8244252976477671,-0.4026401400583752,-1.4454728665907786,-2.102166939445069,0.43487456672996266,-0.19466347221405259,0.3319029992342903
2018-07-13,241.8440384951327,242.1208422252408,236.9536233769637,237.8302154541016,11976239,-0.0190293851736395,0,0.0125400002556372,normal,0.0021384048614618,-0.0061692152759187,-0.0177930729906554,-0.0005944373650279,35.65679937683075,-0.5016498339744586,0.0211860763357777,0.1,1309611516,1085803.9030303028,-0.8329935624279846,-0.42926497442043926,-1.2974626126106878,-2.015048601702673,0.2939547688010679,-0.7111899944710205,0.2635495071795352
2018-07-16,237.1381663302577,237.5995246305111,231.60186672721665,232.155502319336,8965623,-0.0238603540089746,0,0.0133231479209135,normal,-0.0380424388085882,-0.0280084441547723,-0.0374493653444053,-0.0028842218895465,31.36787871932984,-0.8586786671559172,0.0219736408410045,0.1,1300645893,1693528.733333368,-1.0683939053428269,-0.6625543345259943,-1.061965180397451,-1.6540798532002172,0.17945355358719128,-1.3016418657071418,0.14563609725699148
2018-07-17,231.32504895382928,239.76791429701711,231.09436980368,239.0297241210937,16067598,0.0296104194519672,0,0.0151031786191473,normal,-0.017819941192282,0.0060193343879642,-0.008102567131732,-0.0032724638676943,46.998814515721165,-0.5863613714156171,0.022168908721875,0.1,1316713491,2392834.424242433,-0.14153538956608067,-0.4770055688932,-0.9859359811770986,-0.8543906248320422,0.319260987207037,-0.4410530855952405,0.10470947081377419
2018-07-18,239.9985846154967,242.21309874362345,236.3538429136293,239.49107360839844,17641125,0.0019300925397505,0,0.0150927232224928,normal,0.0017366521749924,0.0081567025200759,-0.0056020707203513,-0.0034909628757077,53.19147086654856,-0.3417755304486691,0.0221399639438003,0.1,1334354616,3005790.8666667053,0.21813187297890724,-0.3153088630333311,-0.9720396316253923,-0.8337525470099268,0.4770294548283287,-0.3859532070761489,0.06940380960793582
2018-07-19,239.35267592724136,243.13581954823195,236.39999975796425,240.0908660888672,9958284,0.0025044460798964,0,0.0147294133136779,normal,-0.0097049524523413,0.0146226786483136,-0.0028161412135193,-0.0035286883779315,51.11112552231616,-0.1177787380649055,0.0223179870467777,0.1,1344312900,2926757.115151536,0.06060874769717742,-0.17259814921993546,-0.9255606951781316,-0.971340394818811,0.5569946839945716,-0.329355139401115,0.03987717723327378
2018-07-20,239.81405299367745,242.6744802558856,238.56837987765869,241.2904052734375,6120163,0.0049961883353208,0,0.0142133940217288,normal,0.0145489916524239,0.0167185081483647,0.001959289442674,-0.0032695690710139,53.3931257495579,0.120113830655516,0.0213056470255766,0.1,1350433063,3515671.5939394087,0.16867700258086613,-0.025703600353844842,-1.1682437955353555,-1.1786992245536954,0.5996695456282707,-0.21763692548447214,0.020980104036728713
2018-07-23,241.7517562645248,246.82669771282588,240.4599586185908,245.7655792236328,17013119,0.0185468375550361,0,0.0144767396072701,normal,0.0586248302035754,0.0183521598793037,0.0185497491250696,-0.0019929303126411,60.39955818832343,0.5630148757721973,0.0215613098100656,0.1,1367446182,5291675.460606112,0.5995020218427084,0.26265251618465246,-1.084178682686886,-1.0241286636689324,0.7670682764293576,0.3017552525337115,0.04871056540175685
2018-07-24,246.5498698718108,248.39530294522527,245.0273650589846,246.22691345214844,9320281,0.001877131166915,0,0.0144584450233147,normal,0.0301100181474025,0.0117535182024353,0.0184769605433563,-0.0007701903561909,60.93020143416762,0.8537565588113356,0.0214673823517495,0.1,1376766463,7673619.254545488,0.6092670887702265,0.449864009092411,-1.0885770953412983,-0.9985655979230751,0.8493719339844142,0.2891223431937081,0.07589388933119351
2018-07-25,247.2880355267933,251.7632164284028,245.11964600136665,250.8404998779297,13099277,0.0187371330010106,0,0.0141210166748322,normal,0.0473897673868595,0.0492087191044567,0.0338619973306066,0.0013606494267843,66.38298351452326,1.2969276929807123,0.0220315788817884,0.1,1389865740,9270939.02424238,0.942029118315332,0.7340052931416831,-0.933547083347213,-1.1136685148987684,0.9818480587523634,0.7622489630359814,0.14948110243434318
2018-07-26,253.83934141999072,267.034177491042,253.0089021146581,265.465576171875,53496546,0.0583042861940656,0,0.0181655884465286,normal,0.1,0.094957295377025,0.0844179414565533,0.0065638334250228,74.55719373443186,2.448360825077267,0.0238715915116146,0.1,1443362286,13539124.727272756,1.4374775522845555,1.4616981451241742,-0.4801242432895414,0.728315771211186,1.5948666085056304,2.2638340955289373,0.38548776488665576
2018-07-27,267.1264599481664,274.04683455822254,263.06651247541544,264.5889892578125,32175436,-0.0033020737630213,0,0.0182583918628563,normal,0.0965582695174818,0.1,0.0725795671263984,0.0108275071363703,71.46509813776169,2.988498587925876,0.0256196276005884,0.1,1411186850,13777815.793939428,1.1894453400658034,1.7437788758370105,-0.06030572875255721,0.7451364862828239,1.169667503903882,1.8054866928123494,0.5848543198465386
2018-07-30,266.849605140739,276.39969774705105,266.849605140739,274.4158630371094,40949610,0.0371401463336091,0,0.0195041762931764,normal,0.1,0.1,0.1006317218379424,0.0166874180934333,75.05584723162488,3.793431805446677,0.0267676909666416,0.1,1452136460,14421197.58181819,1.376213305251826,2.142454473427666,0.20969999078221202,1.2676809540503822,1.6381741409097585,2.474697157622796,0.8824090709641087
2018-07-31,274.04682987349605,279.02949387574444,269.24869229558226,270.8173217773437,36510328,-0.0131134593311722,0,0.0198445639371885,normal,0.0998688891495775,0.1,0.0773542078057689,0.0208573184961187,75.9036678683278,3.8567131326715662,0.0282793732441615,0.1,1415626132,12308030.83636362,1.382578803570398,2.075477025176967,0.5645929755361486,1.3706458342245904,1.1409486861202638,1.7254995501950776,1.0951157750775424
2018-08-01,271.7400350698776,274.96954312673523,266.0653336875,272.2936706542969,33885474,0.0054514566027905,0,0.0197806627970092,normal,0.0855251476009946,0.1,0.0747087698002972,0.0246967435683338,75.13604027023283,3.766901514797684,0.0291547576841936,0.1,1449511606,12020296.56969696,1.2894918337763117,1.9347760529439209,0.7568120852713061,1.2959401667166457,1.5332158960497093,1.5847906893985142,1.29325579678942
2018-08-02,270.35599248845983,273.4932236295477,268.0953253149419,271.1864318847656,15665209,-0.0040663404583392,0,0.0197859907285069,normal,0.0215502732798269,0.1,0.0632162397387727,0.0276611282716987,79.85143332511267,3.412378219869825,0.0292494969956344,0.1,1433846397,10146139.654545488,1.5279704460885413,1.6696581213524502,0.7562025005360484,1.252998065683811,1.3035876451444537,1.2263475013537,1.4417796348820164
2018-08-03,271.8323285656148,276.76886823577314,271.74005126953125,276.1229553222656,18254462,0.0182034307660261,0,0.0199140231204059,normal,0.0435920107514926,0.1,0.0741236756909864,0.0311924938719478,89.87457734166615,3.2884447555300103,0.0285594876282183,0.1,1452100859,8590437.02424247,2.0451625981381607,1.5518075955349595,0.5656131775193053,1.2627034579576413,1.5107636210772575,1.4689101479262001,1.6208697402111982
2018-08-06,277.3685955554941,287.28779828895904,277.3685955554941,284.6580505371094,31576923,0.0309104877024164,0,0.0204893502930251,normal,0.0373235985217623,0.1,0.0961213979568771,0.0359693227581967,90.17068826084964,3.537694739854897,0.0283283047928275,0.1,1483677782,8658983.024242492,1.968841781991618,1.6392808129116176,0.4899526998191514,1.4524629394907442,1.8723873136862799,1.9583317120399482,1.8624720545087723
2018-08-07,285.9037446199424,287.6107759646123,279.62925483400375,280.5519714355469,23928622,-0.0144246020578546,0,0.0211202648383246,normal,0.0359454468950353,0.1,0.0721101430812838,0.0390373369906189,83.96955603732626,3.1929894492944744,0.0292832388734436,0.1,1459749160,6634815.648484917,1.5506406695426562,1.4118761606916326,0.7106724603770227,1.6467980186434819,1.5204795931467727,1.2908940645745586,1.9893986022799766
2018-08-08,280.55199626304903,286.8726111747784,279.62927957984994,284.8426513671875,20498279,0.0152937080059918,0,0.0203399453312386,normal,0.0460862005449358,0.1,0.0794081270877682,0.0424403542770541,84.89217859694759,3.0226585965000945,0.0289694018769524,0.1,1480247439,5596170.478787848,1.5429646137221622,1.282575026052128,0.628671776962839,1.2785203120270336,1.7823241399032603,1.4225839157546254,2.12862401059387
2018-08-09,288.7641673386427,295.1309061609499,286.1805439980463,292.8702392578125,46464355,0.0281825346453354,0,0.020765606193994,normal,0.0799590422807765,0.1,0.0983400947510799,0.0469013813385166,86.34597933001014,3.2021427733466687,0.0296831242376681,0.1,1526711794,9562845.32727276,1.565872947656075,1.3329985127780597,0.7921797964095305,1.4000979247282044,2.4044507231343566,1.814842522179717,2.3169709652343955
2018-08-10,293.10092382862763,301.1746941191325,277.27633969105324,280.92108154296875,111510771,-0.0408001773929816,0,0.0228196068090475,normal,0.0173767741081258,0.0617262733833661,0.0481841187672362,0.0480077036619734,72.41182209848762,2.309307810266901,0.0354034018412239,0.1,1415201023,4291788.351515168,0.7816216514196923,0.8423651632277313,2.0715359476897457,2.1027779488556577,0.7897118399099405,0.5484991521317752,2.305963456066186
2018-08-13,273.12414580088387,279.3986081570022,268.60283955964456,271.4171142578125,58127432,-0.0338314491491894,0,0.0236597123062161,normal,-0.0465152355758535,-0.0109277530318695,0.0114969309479662,0.0467595313391624,64.39878708863068,0.9419508298471656,0.0389985333090993,0.1,1357073591,-1468538.4666665962,0.33150498331105227,0.12449009906675214,2.682197758856423,2.276680224242792,-0.1999453362000281,-0.379753947849451,2.166786337822251
2018-08-14,273.7700684067376,275.84618107465803,270.6789616915734,272.1091613769531,25294933,0.002549754907803,0,0.0231332038422374,normal,-0.0300935688150506,0.0047701513002611,0.012718378867544,0.04564120429614,62.727829074570295,-0.0026093226030585,0.0385118078054316,0.1,1382368524,-7130886.333333368,0.24158945016294053,-0.3604176096981941,2.407812608212529,1.9901819566860224,0.20777003847006412,-0.3413568874480542,2.0404236650702603
2018-08-16,270.8172940199103,275.338599259297,267.8184653808483,270.0791320800781,31083900,-0.0074603489518781,0,0.0233307283755785,normal,-0.0518304376688233,-0.0081329050686246,0.0046691222062034,0.0440656065092426,53.25096307230064,-0.8063638206438526,0.03650736290108,0.1,1351284624,-11826565.533333313,-0.26066317306945286,-0.7549399804843738,1.910251311969519,1.9880802678948912,-0.3829359508526571,-0.5223960451162505,1.8849287903713265
2018-08-17,272.20139217127667,279.30632112886894,271.3248001531966,278.752685546875,21931134,0.0321148598190295,0,0.0240078800422991,normal,-0.0482041253038,0.0279005612837019,0.0332992822686113,0.0443541289765379,58.99239789785483,-0.7948144107166062,0.0349221858781882,0.1,1373215758,-15179718.242424224,0.06507584991917816,-0.723339636314395,1.5499474407666112,2.1266618667824218,0.013850376242578838,0.22069553961028607,1.8377728546687977
2018-08-20,280.5981162003804,284.8426180788755,280.13675791269776,283.8737487792969,20240462,0.0183713502970386,0,0.024112738135503,normal,0.0105106644902208,0.0280700800409194,0.0470687423477067,0.0454970928359483,56.38632839900394,-0.4977538301657382,0.0328527251453405,0.1,1393456220,-15476964.781818112,-0.06764021816319142,-0.5458778087828507,1.1236467787280853,2.0631541048785023,0.370513560214909,0.5815186473974194,1.8360931187987914
2018-08-21,284.4735683866501,284.98107950463407,279.9061372792803,283.2740478515625,14139592,-0.0021125621171848,0,0.0240992337246881,normal,0.043685283539222,-0.0048619832916563,0.0404120306148083,0.0461729101417527,58.76628341299652,-0.4012641079291068,0.0317356761120478,0.1,1379316628,-13729489.48484846,0.0726731391803047,-0.4716369722152562,0.8946172381444286,1.9586232504581362,0.09030631551159,0.42947010096875815,1.7998797306585876
2018-08-23,283.2278778675636,283.2278778675636,275.2463565746271,279.0756530761719,22721004,-0.0148209650945172,0,0.0245850385982274,normal,0.025601827090151,-0.0052621920702281,0.0225582251679492,0.0456973745947866,54.59663794629783,-0.6642921367450754,0.0319887632439402,0.1,1356595624,-13551599.460605957,-0.15018671668992647,-0.5867187824133054,0.9505142146291969,2.015219399540352,-0.35523675978938857,-0.028162902016552457,1.6983885397180034
2018-08-24,277.3686264729893,282.0744869494155,275.89227422325683,277.230224609375,18869585,-0.0066126458774,0,0.024578002760826,normal,0.0264777677350376,-0.026725024223986,0.0142705209043441,0.0447216005840893,54.05573001420016,-0.987195693992544,0.0324037808793303,0.1,1337726039,-11786061.703030284,-0.17083866341341283,-0.7325550994891429,1.0419475862219263,1.9196026286414354,-0.7160164872280913,-0.23135741586847125,1.5746218255486233
2018-08-27,280.5058799842735,286.365136727603,279.8599670233096,284.1967468261719,28111768,0.025129014077065,0,0.0217716820895146,normal,0.019530076521474,-0.0296154790381598,0.0358359571903932,0.0451420693682651,55.27427792220219,-0.7660928094561861,0.0325023274320121,0.1,1365837807,-3661998.993939326,-0.09530303006152223,-0.5906880892322371,1.0814587069957118,1.0688348215063057,-0.1780159371648778,0.3378003623788179,1.5367805196652082
2018-08-28,284.24281307295684,286.27280068309,279.95218688147946,281.7514953613281,16890236,-0.0086040797164345,0,0.0218926055038794,normal,-0.0074760467535119,0.0029560395175693,0.0242970938635109,0.0448194021744352,47.93713460932004,-0.8144991331939568,0.0315563164629178,0.1,1348947571,-1943285.56363634,-0.4896212295847193,-0.5947417295856517,0.9127560351269639,1.0793302150371642,-0.49930045244283044,0.03998683602766579,1.4597019290339532
2018-08-29,283.0894495990796,287.8875873180105,282.1206084053901,285.7653503417969,24320824,0.0142460822623895,0,0.0205942327288213,normal,0.0087946725410577,0.0528641538438705,0.0350557328149485,0.0451866757682843,53.70493427359155,-0.6152295759686996,0.030651802156838,0.1,1373268395,-1970071.7212120944,-0.16376805961476368,-0.47093617824321615,0.7480900837186474,0.6953512141016269,-0.04598420041069365,0.31380895677694487,1.4254371448924232
2018-08-30,285.39622038911057,286.50349152336213,282.3512670085308,284.7503356933594,19935935,-0.0035519164490147,0,0.0203285615599425,normal,0.0203338505334917,0.0464562613490782,0.0283062032164675,0.0451140614926182,49.93119148148267,-0.5906960930106173,0.0299856700723506,0.1,1353332460,-1594244.3030303342,-0.3573514305443893,-0.4450621653681057,0.6257760734414746,0.610616667239648,-0.42804703008042005,0.13257467841060902,1.3691587085351433
2018-08-31,284.1044357008527,286.6419063525735,281.0133294569413,285.6730651855469,18100140,0.0032404860557606,0,0.0203188687691366,normal,0.0304542572443826,0.0577383857292801,0.02853923880392,0.0450591599669798,44.000026458835904,-0.5519612619067837,0.0287237282177157,0.1,1371432600,-1951444.230303014,-0.6622568845517042,-0.41174213513369834,0.3828114355915995,0.602016109878879,-0.08101866937621323,0.14338025421962552,1.3171479479548014
2018-09-03,288.3489260870947,288.3489260870947,281.2439972846788,282.6742248535156,14708076,-0.0104974556494623,0,0.0204801309655882,normal,-0.0053572814948071,0.0140681669091262,0.0160253824084037,0.0442205888011322,51.71787877392372,-0.7553632380770425,0.0247849448788935,0.1,1356724524,-1893045.1393938556,-0.21531557058794118,-0.5073511571639493,-0.4277169301472466,0.6413064443015735,-0.36428551147764565,-0.17698546274724222,1.2264176365149964
2018-09-04,283.089409998907,283.68919824917907,272.6166002858465,273.4931640625,42859084,-0.0324792994330251,0,0.0215151333033629,normal,-0.0293106919920241,-0.036567610641826,-0.0153826675031603,0.0414503805921304,52.04724542147471,-1.4926824476648033,0.0252916394913661,0.1,1313865440,-2623156.387878731,-0.17855189390661044,-0.8786238678554722,-0.29729032821950047,0.9207835590341442,-1.1558586224253558,-0.9693944785925528,1.0382070989931933
2018-09-05,273.58543671885855,275.7538260818343,267.95686055083826,273.6315612792969,22922686,0.0005060353785122,0,0.0202328735743527,normal,-0.0424606728841935,-0.0340394280570254,-0.0134859700599484,0.0389168486741293,51.517851166243744,-1.9278509807919129,0.0259653144036805,0.1,1336788126,-2080842.048484828,-0.19289322538632744,-1.0773016621892129,-0.14117326535484406,0.5522027561101494,-0.7031790503746134,-0.8920952533877287,0.8716646581028185
2018-09-06,274.9695365713705,276.6765678496856,271.74002859150545,273.5393371582031,18001336,-0.0003370375868286,0,0.0200134606092012,normal,-0.0393713268427156,-0.0198380469845488,-0.01251889374837,0.0365512222425077,53.58852825526075,-2.161148822617688,0.0252994217153788,0.1,1318786790,-3519655.369696907,-0.06153466828793239,-1.1608711474851248,-0.2810965753848996,0.48612149291568085,-1.0090349153216847,-0.8379762666169431,0.7222419869793004
2018-09-07,273.0318360739799,273.0318360739799,267.08033090453057,269.1102905273437,23716678,-0.0161916259535931,0,0.0198962129173569,normal,-0.0579780759080158,-0.0292894979018703,-0.0258630069761407,0.0334532041298614,39.03464082047404,-2.52752835328897,0.0249810577322351,0.1,1295070112,-7051789.109090826,-0.8618059542055769,-1.3055543752484662,-0.34797845628107466,0.4450547319985187,-1.4065129166158834,-1.1506205362067012,0.5413194658108956
2018-09-10,268.18759130582026,270.58666025102946,261.86697655987155,262.8358459472656,23354395,-0.0233155133822001,0,0.0190087945426332,normal,-0.0701810676814641,-0.0751623694410956,-0.0441535367435531,0.029348234516743,26.68719166843645,-3.0701229254460927,0.0262920723298141,0.1,1271715717,-9466639.5333333,-1.5030978800159362,-1.5259194415361,-0.06429644969935733,0.19562343669665058,-1.7647851264864556,-1.5663415913280792,0.3127170570634847
2018-09-11,265.14260823475047,268.9257517495375,259.8831125972326,260.7597045898437,28361400,-0.0078990038437849,0,0.0170951577761116,normal,-0.0465586023559492,-0.074504629494739,-0.0470110934603611,0.0252393732633173,25.841606075569985,-3.4197986328491594,0.0275882579602647,0.1,1243354317,-13413617.327272708,-1.4938283737091478,-1.6335054862127136,0.2119721880139006,-0.3335065526761222,-2.156349045513777,-1.5742610316152317,0.08881207250948188
2018-09-12,262.05148688963504,264.54283271172204,258.36062087710496,263.2510070800781,22717796,0.0095540163851353,0,0.0157541836419515,normal,-0.0379362459165419,-0.0787861202724189,-0.0344203669976231,0.0220841964364273,32.374075776157724,-3.330947946075953,0.0268264350212086,0.1,1266072113,-13220136.11515151,-1.0986758588226369,-1.5263652824396952,0.04036993477505146,-0.6934065230488877,-1.6763848204478842,-1.2146867867900362,-0.07966039867665144
2018-09-14,267.6801086534496,269.2487100797429,266.38831096147925,268.1875915527344,15149585,0.0187523858974434,0,0.0163728922357177,normal,-0.0195648116320964,-0.0581658458814285,-0.0147827510565659,0.0202797449981433,40.57694203548409,-2.808251023276331,0.0262834933141836,0.1,1281221698,-12230027.363636272,-0.6365995789043006,-1.2294630649881328,-0.0815255673223403,-0.5104629702771935,-1.3642087668781233,-0.7100185683307542,-0.17311822960874695
2018-09-17,266.2037111537314,266.2037111537314,262.1437641717629,263.2510070800781,16089996,-0.0184072068512742,0,0.0167919713446618,normal,-0.0217727959632603,-0.0784885270541885,-0.02987647929181,0.0176121149060111,27.20885041089491,-2.664710325576644,0.0259376595680007,0.1,1265131702,-10036808.915151564,-1.3175903501184687,-1.1292619632710257,-0.1680533389879312,-0.39552649056153044,-1.5728437760469882,-1.0600969517926444,-0.3115596049284412
2018-09-18,262.9742543868742,264.727410450971,251.34801856111247,252.6398162841797,33901000,-0.0403082628765428,0,0.0170488677708466,normal,-0.038792386275697,-0.1,-0.0628236284664446,0.0130157699424615,23.10322533531047,-3.1224087496428483,0.0290227943690538,0.1,1231230702,-9384778.587878784,-1.482380954707567,-1.3145765296404541,0.48726891883126267,-0.32757947929312276,-2.026829290730816,-1.8027659343899918,-0.5512580072976568
2018-09-19,254.11613658212235,260.9903862607626,249.5948310416487,250.51754760742188,40759431,-0.0084003729418905,0,0.0161646147759099,normal,-0.0392781430648266,-0.0840080099765404,-0.0643968650216428,0.0085127858345643,16.254435131382806,-3.384099120481702,0.0307682613788266,0.1,1190471271,-12292124.98181816,-1.757571073329072,-1.39859679139947,0.8412638524299462,-0.5734288408734295,-2.4944554911193575,-1.7623928287379187,-0.7788909883616049
2018-09-21,253.00890393457368,257.853166102781,233.81638168699232,249.68711853027344,39308482,-0.0033148539297126,0,0.0161512139549971,normal,-0.0515245457187508,-0.0875061437981682,-0.0614649694448102,0.0043755659629189,16.312088137630823,-3.419061967499859,0.0365590149211974,0.1,1151162789,-14319704.430303035,-1.6802516962990353,-1.3793258656954617,1.9938289375912137,-0.5749697711525519,-2.8265244030286127,-1.636407803668437,-0.9789521005013225
2018-09-24,251.62480889347523,251.90161258873445,242.30536631240693,243.9201202392578,24633374,-0.0230968995315486,0,0.0164871582481129,normal,-0.0904869280975096,-0.1,-0.0758243123535313,-0.0004757090700695,13.300898137336787,-3.617331165489328,0.0385852550355877,0.1,1126529415,-16641007.442424215,-1.7540485594256205,-1.4339105022621863,2.2716118922583357,-0.4888428537943889,-2.889242934492955,-1.8837575607166974,-1.2056257557435661
2018-09-25,243.59718913835547,251.8555142004266,240.6444846730477,249.96392822265625,28948831,0.0247778165141527,0,0.01791604353637,normal,-0.0504730409383774,-0.0711468976796412,-0.048127341994663,-0.0034278187134206,22.709799664120965,-3.145581327841747,0.0388256538680419,0.1,1155478246,-16634002.751515146,-1.2648364268134502,-1.2025017733489534,2.1827593322732257,-0.09696783722434682,-2.3441314524838592,-1.2510404358401925,-1.3235043934653452
2018-09-26,252.82435407931007,252.82435407931007,242.4437920961267,243.4587860107422,23951904,-0.0260243238221139,0,0.0170156707178102,normal,-0.0363403932462897,-0.0737230489497661,-0.0664175270708306,-0.0073854169690122,23.771192369347915,-3.072281713799072,0.0396600261319123,0.1,1131526342,-17798402.59999996,-1.19398664058336,-1.1612790505973247,2.2040246004404684,-0.35720899386367205,-2.4641302019929436,-1.6253212156859747,-1.484097223952847
2018-09-27,244.0585350079224,247.84167861150485,243.3664975740625,244.8428497314453,24829383,0.0056850021450531,0,0.0172679728538728,normal,-0.0226518977619452,-0.0610403163457883,-0.0556137710798153,-0.0105221212681355,25.39435990412828,-2.74209242405775,0.0384667614536916,0.1,1156355725,-17799967.31515151,-1.099032487807001,-1.0115677272514163,1.8839223854740366,-0.29207867042291585,-2.052333969540388,-1.3663953669435716,-1.5928651142766064
2018-09-28,245.81170153185,252.36299515488903,242.21311235158456,244.98126220703125,33803139,0.0005653114875021,0,0.0166480188124852,normal,-0.0188470128172496,-0.0694004747624361,-0.050096988060863,-0.0131963789248996,25.61074075985344,-2.341443499640995,0.0399650695234893,0.1,1190158864,-13388676.327272736,-1.0893670444400079,-0.8351805068577335,2.039137157474619,-0.47343302493366046,-1.6028117816180956,-1.2302162304051363,-1.6709434760698967
2018-10-01,244.9812840383542,253.9316472988673,243.6894862891768,252.6859741210937,17711738,0.0314502090676276,0,0.0187908820730899,normal,0.0359373957065844,-0.0578013969322386,-0.0183317083407125,-0.0138147880537912,36.716464621633286,-1.429434342629082,0.0398158961959253,0.1,1207870602,-6081157.612121241,-0.5921744791416227,-0.436113377896024,1.9134578753890055,0.12353242376456186,-1.3640990665244461,-0.556487756037667,-1.6496618779004457
2018-10-03,252.2245793657399,257.1611186338326,249.68710880503644,250.7021026611328,19714943,-0.0078511340681305,0,0.018673737564793,normal,0.0029531238516105,-0.0476689702278254,-0.0236175899730411,-0.0147344625511581,39.45469759719498,-0.8597683121758699,0.03977605973571,0.1,1188155659,-32561.63030304753,-0.48563623509866444,-0.19123880646957728,1.8191213213981037,0.07124948513467134,-1.532403825176943,-0.6724802920658215,-1.645242035241039
2018-10-04,247.2419196407192,251.6248234092998,245.1658073292863,250.379150390625,17754204,-0.0012881913118388,0,0.0186794095618359,normal,0.0284251987503849,-0.0089481773965977,-0.0225597214842014,-0.0155536206031213,40.69481284031028,-0.4265835874484507,0.0390903048072653,0.1,1170401455,3720599.503030299,-0.44823932268053224,-0.007884470679775149,1.6362949809697094,0.0537734386148148,-1.6666359394336445,-0.6531883618775374,-1.6383733973032648
2018-10-05,250.0561939814636,250.0561939814636,236.21544523710213,238.3838348388672,36628643,-0.0479086039434334,0,0.0201003125519534,normal,-0.0263802471653252,-0.0484345822655467,-0.0631968110820699,-0.0188324040253513,30.95413341099577,-0.8455816456973722,0.0434488520532057,0.1,1133772812,3495863.460606092,-0.9444711643527943,-0.20873433005364422,2.2192900767945067,0.44553990502380986,-1.9585839424476785,-1.4909219213119058,-1.737933256480158
2018-10-08,239.67565971080245,247.74943073089685,238.38386197940304,245.2119598388672,21100804,0.0286434061462907,0,0.0215594720288531,normal,0.0009416950086613,-0.0179230659464864,-0.0330147155564661,-0.0201357326571757,32.89838714110576,-0.5735515395790163,0.0432200279169907,0.1,1154873616,2488768.945454523,-0.8449414781738713,-0.09066532197313766,2.073482713602855,0.8475679000471789,-1.674052357904116,-0.8370718242096558,-1.7434828054998102
2018-10-09,247.2880336978111,247.42643554754355,239.90630134862272,242.6283264160156,16010883,-0.0105363271210316,0,0.0215578773518214,normal,-0.039802952023994,-0.0052959707545859,-0.0392500974572187,-0.0217710412645106,34.09257400477951,-0.4819878301330282,0.0441148747754198,0.1,1138862733,-1078851.1151514938,-0.7812760830341093,-0.05181171286309956,2.1004191909410297,0.8212881482239823,-1.7546667507701894,-0.9469239514153422,-1.759545041026197
2018-10-10,241.38265388301468,258.7758663937864,241.0135728967084,257.1149597167969,31772330,0.0597070981561411,0,0.0258727038881684,normal,0.025579590229174,0.0286082537788046,0.0163601740253191,-0.019927772420589,53.25719083491316,0.5821462079504913,0.0428469142731417,0.1,1170635063,-1133007.6909091007,0.1589277752604556,0.42674306982798055,1.8272337428664955,2.059570700639307,-1.3990524228412167,0.20651257357430006,-1.6342923506819766
2018-10-11,247.2880653391665,250.51757365516312,240.45996767430364,241.89016723632807,46291120,-0.0592139504338385,0,0.028539912834359,normal,-0.0339045129798267,-0.0064430567494282,-0.0398151243152647,-0.0216056856757665,44.72646850117852,0.3026442105158979,0.0470968159900869,0.1,1124343943,-5492647.042424242,-0.27476946465172164,0.2923252055241271,2.3238806736903577,2.700795918598189,-1.7608690380545673,-0.9497487317294497,-1.6580189674536625
2018-10-12,245.44261318405657,247.1957690749847,241.2903885249278,243.3665008544922,42967696,0.0061033221607629,0,0.0286045964291445,normal,0.0209018619865435,-0.0060297814642022,-0.0308206832237064,-0.0226682734211202,46.16675754039069,0.2607661964995076,0.0414895081474424,0.1,1167311639,-5766242.303030325,-0.21233292680196356,0.2671099777120775,1.4628938897303905,2.5759389135839297,-1.3192402124927618,-0.7560091940286782,-1.6554606157692575
2018-10-15,243.966251760755,245.16580017893173,240.92129838975745,242.8590087890625,21965859,-0.0020852995940189,0,0.0284525474650138,normal,-0.0095955802944964,-0.0086629213959035,-0.0298071606251281,-0.02362823223684,49.31262065291203,0.2428241469851206,0.040002176592456,0.1,1145345780,-5117231.684848481,-0.06977899045499245,0.2504467347102762,1.208765290674793,2.4028051434819884,-1.4686618413409063,-0.7392537827992564,-1.6508886575263595
2018-10-16,244.15082568874087,249.9178046205465,242.9974299023797,249.4102935791016,33597068,0.0269756712864182,0,0.0288497747430087,normal,0.027952083185281,-0.0129634442647074,-0.0032904532320223,-0.0229249285360059,49.64370257084461,0.6907464511642445,0.0377622779732085,0.1,1178942848,-911682.2909091284,-0.05525271173533071,0.4455385532600939,0.855309949998851,2.365289210497979,-1.1335171366649035,-0.18989696173944057,-1.5834178130061387
2018-10-17,252.5936726944972,253.74706846022545,239.90631927148587,240.96743774414065,21631573,-0.0338512725910538,0,0.0294773607616679,normal,-0.0628027322503604,-0.0388296101774233,-0.0336222162029943,-0.0241087637546323,48.435681706214815,0.4487173030776601,0.0401110505011248,0.1,1157311275,1150273.0303030603,-0.11246211482956245,0.3283014254457224,1.1624072814286193,2.3838838570342746,-1.2816137673956396,-0.8066660712482113,-1.590241525864766
2018-10-19,239.62951281376203,243.781737522948,238.15316061868072,240.9213104248047,28474307,-0.0001914255293902,0,0.0282144183894817,normal,-0.0040053583929966,-0.0377740716471991,-0.0306862733504055,-0.0250677550893733,47.49558563861096,0.3217643992471179,0.0404606901164239,0.1,1128836968,849342.054545489,-0.15702163064280356,0.2666793846817062,1.1770833852956248,1.9648893532461729,-1.472932921359997,-0.7330918402372434,-1.5867647703595489
2018-10-22,245.4426218555085,245.4426218555085,239.3988392351032,240.22927856445312,19933462,-0.0028724393833461,0,0.0281753932532804,normal,-0.012890937244953,0.0077414801504194,-0.0303797357733361,-0.0259715694596893,46.98654722752592,0.231640651908517,0.0393563585164623,0.1,1108903506,-2476966.2363635795,-0.17738759453581257,0.22455744209263143,0.9843893520541989,1.880038733525714,-1.5774872996644729,-0.7125634305275087,-1.579680083352632
2018-10-23,238.0608915525933,238.9836081865181,235.29274165081893,235.8925018310547,20206307,-0.0180526568589551,0,0.0284111381515878,normal,-0.0286853964888683,-0.0380057237580763,-0.043522057752142,-0.0276446995185445,38.875286791315446,-0.0638019167934116,0.0384733571146542,0.1,1088697199,-5197270.327272668,-0.5698252598281768,0.09429856786877945,0.8248799011677316,1.8657442476075226,-1.6722558490894686,-0.9539530594711442,-1.5968869212496979
2018-10-24,240.13699244907744,241.567191899361,233.2627566723025,235.93862915039065,25636533,0.0001955438132958,0,0.0279947277636051,normal,-0.0540140674845015,-0.0275717900067227,-0.0393703664444422,-0.0290005733757123,39.96234917416552,-0.1925946425355746,0.0387172401415818,0.1,1114333732,-6784471.884848424,-0.49730978787070557,0.043401777413454135,0.8365856695938484,1.7013647339692477,-1.4061415817107386,-0.8452511913756416,-1.5984243590277178
2018-10-25,234.83137564692404,235.2927339487844,229.2027987324124,230.2639312744141,33066232,-0.0240515845006432,0,0.0277297764630009,normal,-0.0444188914897769,-0.1,-0.0568633654673267,-0.0313721071371011,37.25145693241824,-0.5748336846771114,0.0397572688242393,0.1,1081267500,-7759809.539393941,-0.6118122983032754,-0.11825230424495758,0.9727754525866895,1.5875741152525666,-1.6066028839812436,-1.1592900183521646,-1.6297837265074635
2018-10-26,232.5245684948635,232.98592676568663,228.28006677147576,228.9259796142578,20543437,-0.0058105134084668,0,0.0272384544646337,normal,-0.0497894137691518,-0.0535953477158257,-0.056742909389356,-0.033645961116015,43.06963129271176,-0.817819191349459,0.0370386299622617,0.1,1060724063,-11858529.781818155,-0.2935418826913402,-0.20804423729549057,0.5119187391795117,1.408440556419376,-1.7013705926130038,-1.1250933732416357,-1.6480901006978752
2018-10-29,230.6791488386404,248.44144329921568,229.20279665425792,247.19577026367188,37768359,0.0798065413117323,0,0.0328969125807098,normal,0.0289993448793945,0.0157345788994567,0.016740370646143,-0.0313424032790007,51.24491519110417,0.2923987042956231,0.0372340319355017,0.1,1098492422,-10261494.5878788,0.14658007358597844,0.3389267952085939,0.5192929105925064,2.61606345808747,-1.3527230039715394,0.39753616868557223,-1.5127540012023406
2018-10-30,246.8266957925292,257.5302142138523,245.44262086285144,252.0400390625,33401683,0.0195968919438265,0,0.033158298536374,normal,0.0684529482968057,0.0378039518452113,0.0330579501858552,-0.0281189871590534,55.743250163785326,1.335126944138473,0.0378128107028527,0.1,1131894105,-7472767.684848466,0.40396540259099933,0.8816514474169824,0.5904613921328589,2.487055396065405,-1.0563135035053022,0.7869992782437836,-1.355414983994767
2018-10-31,253.7470847524351,260.89813895909464,247.84170368455767,259.6524658203125,28137370,0.0302032438422403,0,0.0331010088199373,normal,0.1,0.0410655554517542,0.0577860359412023,-0.0234859071865151,51.69025187596838,2.454506787503675,0.0354096754959804,0.1,1160031475,-746420.0060605726,0.21478425729960585,1.4743241821128554,0.17003277542366255,2.3149339474155073,-0.8045234797205902,1.3403750008489546,-1.1619976933066989
2018-11-01,261.128814817432,266.6651147782256,257.2995463096986,263.8046875,29144808,0.0159914586852449,0,0.0331615412108218,normal,0.1,0.0947731775282765,0.0671096940468292,-0.0184424445189209,67.12329093773144,3.3368341080112938,0.032878628981914,0.1,1189176283,6356768.3696969645,1.0640033900871775,1.9353116691633545,-0.26910580055664163,2.189443125213864,-0.5461991102994042,1.5528973993362134,-0.9642969029020603
2018-11-02,265.65009617721904,270.1714017606324,261.31334517234296,263.29718017578125,27760214,-0.0019237994935884,0,0.0331662399782674,normal,0.1,0.0928762578599722,0.0584984546174165,-0.0141166481804929,65.81258787447811,3.719350104587493,0.0337430194633045,0.1,1161416069,9661233.600000016,1.0238823481023724,2.114830888481559,-0.13598487133291728,2.0695339442589784,-0.7451871076202958,1.3699580816597217,-0.7962357154502885
2018-11-05,264.31218230857,276.8149810210573,261.5901570648992,272.1552734375,44619891,0.0336429476981292,0,0.0315468294765147,normal,0.1,0.1,0.0843902830536704,-0.0083395153046343,70.52359343111601,4.357755524068024,0.0355265965615696,0.1,1206035960,13675715.406060653,1.3484990092018023,2.38056802907022,0.15028832180782806,1.6716153123572375,-0.35126461611716686,1.9197558286308147,-0.5850372679276176
2018-11-06,273.2163732912163,275.24633278500073,261.9592202327717,264.3121643066406,40688243,-0.028818508757136,0,0.0320947321128008,normal,0.0486911733936743,0.1,0.047836743060226,-0.0050514972775616,60.25395901436063,4.047317283456037,0.0382639610772962,0.1,1165347717,12946388.290909093,0.8282698153522822,2.2035489228754757,0.5980186905647715,1.7001321174372985,-0.6707980305741176,1.1778063454684964,-0.4563109167145395
2018-11-07,266.57287002835074,266.57287002835074,263.85087244405736,264.40447998046875,3312160,0.0003492675945138,0,0.0319227864837798,normal,0.0183014405241381,0.1,0.0434126872388886,-0.0021629686323639,68.22095042143884,3.655631522060888,0.03524688320258,0.1,1168659877,13177729.460606104,1.3644267616668935,1.9937423974699024,0.057243951195898576,1.5988646306651335,-0.6170865089618347,1.1064559325427996,-0.34050699683299135
2018-11-09,264.819653665083,265.2810119467295,260.62130456573,261.3594665527344,19201007,-0.0115164971030722,0,0.0293418036380177,normal,-0.0092690579930109,0.1,0.0283214267136819,-0.0003226893618311,65.18158372627528,3.0250052659214486,0.0353927446369974,0.1,1149458870,9498828.78181816,1.243327166836324,1.6874354527039068,0.06464253131330266,1.082185444344509,-0.7680584929008851,0.8040452011494628,-0.2580769091206223
2018-11-12,261.77470604943403,261.77470604943403,255.45409181951263,256.4690856933594,24044907,-0.0187113209399983,0,0.0261780822178536,normal,-0.0259330330764018,0.1,0.0082082975886639,0.0001984260977772,61.35481222330238,2.1530125698610263,0.0361447170893736,0.1,1125413963,2312263.193939413,1.078083425304439,1.2895703497437738,0.1798360655903815,0.48091222191100036,-0.9880722547517187,0.38862997088870527,-0.21749879760937463
2018-11-13,254.9465862759536,258.0838452550225,252.22458919115388,256.56134033203125,25633628,0.0003597105609141,0,0.0261766256936164,normal,-0.0572979274239559,0.037887258582012,0.0077483539420022,0.0006706751403258,65.36347458405686,1.4885203693140907,0.036388611952236,0.1,1151047591,-1742333.9030302628,1.3767982941248065,0.977149711429511,0.22024843448024853,0.4694857634803091,-0.7098438095902179,0.399934436921997,-0.17734295141193748
2018-11-14,258.729699517381,265.46554682505405,256.5151855616133,261.6824035644531,52674807,0.0199603854025489,0,0.0264159811006801,normal,-0.0099494502989904,0.0382572726850041,0.0251430214254246,0.0022039280480918,67.79332647956755,1.3064534157973091,0.0358528066905512,0.1,1203722398,-1334013.1939393475,1.5317802183921163,0.8816704520774038,0.1347457636435013,0.5040688910229135,-0.15094619999307554,0.8267636296057724,-0.09974153705339706
2018-11-15,261.91312322917736,264.8657995742157,259.42177704388763,263.34332275390625,18445463,0.0063470801507066,0,0.0258714141358696,normal,-0.0040133859556422,0.0142146038241282,0.0285493753840926,0.0038893248574574,74.2065642838304,1.2125095306457996,0.0352762946111278,0.1,1222167861,1085602.3696969985,1.918527842450108,0.8207399895648956,0.04150931500058195,0.3949025559387776,0.06899791948749916,0.9008967819311093,-0.015483115648312434
2018-11-16,263.8046605783644,269.24868268575915,260.7597071743008,268.4182434082031,24805910,0.0192711195454891,0,0.0245800901030475,normal,0.0270079249417372,0.0174885289261705,0.0435632583559579,0.006443929607516,77.40071842898448,1.3938342144832596,0.0356160559464946,0.1,1246973771,6048086.45454546,2.034118297334918,0.8861154474694963,0.10512299027957771,0.1535886117658601,0.3563870486743358,1.241838991658717,0.10136260571539697
2018-11-19,270.8173069886261,270.8173069886261,263.943057438573,265.8807678222656,13799970,-0.0094534393553815,0,0.0247831185763106,normal,0.0366971407234597,0.0098124394828669,0.0303911281409521,0.0080784487154743,66.5847186662665,1.2492043907484884,0.032559915402736,0.1,1233173801,7706588.357575766,1.3124837065106214,0.7946045490255308,-0.43516079165426,0.1884879233098066,0.23879647659933434,0.9210889749488758,0.1873916220941188
2018-11-20,263.8046449045174,266.2498380272368,260.6674143984393,261.54400634765625,12900924,-0.0163109257962892,0,0.0251930152594108,normal,0.0194209541046856,-0.0389897537380645,0.0122748527578824,0.0085215549596984,58.51236786977875,0.7901809193555325,0.0313232195291081,0.1,1220272877,10766272.206060655,0.789903392893718,0.559353427711065,-0.6504507172531315,0.2603779251409878,0.13271260545175081,0.4971684493874598,0.23217604113470766
2018-11-21,261.5440265223136,267.17257514720694,261.17491736212514,264.86578369140625,16167419,0.0127006441100949,0,0.0246737730853601,normal,0.0121650523061214,0.0020945664238265,0.0226836366570832,0.0095945525882341,55.05815261805218,0.6451134427904073,0.0290267841625161,0.1,1236440296,11822697.048484828,0.5737644842944076,0.4795554377619335,-1.0455872580726593,0.16319797615826917,0.3570124742281852,0.7691505375808086,0.3039480608454979
2018-11-22,263.8508186462282,264.86578436209027,259.83699587115626,260.8519897460937,12066797,-0.0151540674275579,0,0.0251018295636417,normal,-0.0094603993819152,-0.0134358171035433,0.0064970097547012,0.0096183696029579,47.12746804867095,0.2348228118141628,0.0282858947866513,0.1,1224373499,11580015.400000002,0.07151772762392368,0.27350614024357384,-1.1552957364752199,0.2401624536813488,0.2468299586716944,0.37159216058812206,0.33692316172641024
2018-11-26,262.14381513989554,265.05036705806384,257.99159006848987,264.2660522460937,16846820,0.0130881213646218,0,0.0241708054682232,normal,-0.0154691093622681,0.0111210270348973,0.0177635384382137,0.0103417928055502,50.8921155063095,0.1532967955532802,0.0274341403441349,0.1,1241220319,10300867.4424243,0.3182925975122708,0.22494437733356357,-1.274318712348585,0.07046993905047552,0.4818741047460973,0.6530255111336327,0.3993421778206835
2018-11-27,262.60515124991167,268.0491735841778,262.09764022203467,267.0341796875,21242956,0.0104747750150993,0,0.0239837012731136,normal,0.0043380793378986,0.0411944151692906,0.025647867539094,0.011527445585997,44.68898158639331,0.2405363382314185,0.0246692542267303,0.1,1262463275,7465172.3878787905,-0.07136131514415729,0.25902235681683483,-1.6906753478255703,0.02937479003092054,0.7923080165728014,0.8591702040187077,0.4849290076824896
2018-11-28,267.03417150463537,269.8484739573237,261.1287910491205,262.5589904785156,19837609,-0.0167588629074432,0,0.0176497920733293,normal,0.0038807394022641,0.0233770611687733,0.0076473787685438,0.0115456616689937,48.04525502739121,-0.0338181551530993,0.0238471708013228,0.1,1242625666,3595130.684848473,0.14606492366632587,0.11994618598921206,-1.7632775154835723,-1.1113375475092058,0.5769389079442013,0.41353948875624835,0.5246806269307898
2018-11-29,266.9419249936284,267.2648814643312,262.28221701046004,264.2660522460937,27919104,0.0065016313646961,0,0.0172464944468969,normal,-0.0022642843365955,0.0098732228321352,0.0128291222070346,0.0118854459119592,49.851020979241405,-0.1258167763336706,0.0243041633298884,0.1,1270544770,3649565.727272744,0.2677141167772796,0.07144881859420281,-1.6370003362482013,-1.1641363692023268,1.0076399848797892,0.5587950810070696,0.5826517700379182
2018-11-30,266.4805439086462,268.41825440840387,261.3133534547272,262.6512756347656,17583510,-0.0061104201527343,0,0.0160476390119556,normal,0.0068977272913397,-0.002627927345579,0.006004103123824,0.0117871777873646,51.43443289578556,-0.3104007529325647,0.0251185605862836,0.1,1252961260,3164629.6121212407,0.3686929638356995,-0.020237788998404074,-1.470406468091835,-1.350254225181955,0.8173302538116879,0.39641911881882935,0.6252423105242422
2018-12-03,264.5428826954528,265.6501258129747,261.3594988945358,264.6351318359375,15772176,0.007553194616616,0,0.0157321750982361,normal,0.001396621271279,-0.0140940925781724,0.0122912344489471,0.0120838634459328,59.69331753915037,-0.3129754344324507,0.0243823366975306,0.1,1268733436,4820468.018181838,0.8817649771081223,-0.0234189546757989,-1.553991619379118,-1.3741056939877059,1.117241529054073,0.5682750294756881,0.6912899336100323
2018-12-04,265.6962541397115,265.6962541397115,260.11380185826056,260.71356201171875,11897307,-0.0148187800954937,0,0.0160872411450382,normal,-0.0236696953295567,-0.0194342970079017,-0.0024522541844443,0.0114521536244482,54.51806228723002,-0.577492405276625,0.0246732511267901,0.1,1256836129,4643610.890909147,0.5443986589686505,-0.1530872132134193,-1.5072438811577296,-1.283476900434598,1.008711478052196,0.19546739006736294,0.7162914189684616
2018-12-05,260.62134983228503,261.3133873749527,255.63865699781385,258.49908447265625,14893748,-0.0084939100289802,0,0.0140253758109706,normal,-0.0154628336986677,-0.0116421015244086,-0.0098951228484274,0.0103838129542337,46.30231600201632,-0.8820644481449413,0.0239794951908038,0.1,1241942381,2507489.812121227,0.021738506375076978,-0.3063559521733359,-1.604471186441446,-1.5860142957751768,0.8160263220801229,-0.00015039781283478681,0.7169928032056371
2018-12-06,256.5152373667575,257.6686332182268,253.83936462316456,254.3468475341797,11083451,-0.0160628690308409,0,0.0130183648150401,normal,-0.0375349184187945,-0.0397142130275389,-0.0233994894101742,0.0085215127529452,40.12159826931563,-1.3174289390044098,0.0241507059844886,0.1,1230858930,581984.1393939655,-0.3643688913957391,-0.5245871217389624,-1.5622090066848873,-1.6972692978245618,0.6974500018012574,-0.3462082236633586,0.6720717241745445
2018-12-07,255.5924714219053,255.9154278298848,251.07116618741185,254.1161193847656,10165275,-0.000907139803976,0,0.0130102771085357,normal,-0.0324961538045934,-0.0258225761202152,-0.0220234450462759,0.0068194863741526,32.42632324177734,-1.5586848597785847,0.0231481546396723,0.1,1220693655,-2634791.290909081,-0.8343833377812963,-0.649657075209437,-1.6976143689321384,-1.643706380226974,0.5767064594819694,-0.30616298722814,0.6307753828599448
2018-12-10,250.0561915733648,255.0388554415356,249.27187685358896,253.00889587402344,11947887,-0.0043571557499887,0,0.0128290510161827,normal,-0.0439330782774595,-0.0425978148778156,-0.0238410232662115,0.0050733931087827,33.60757326613424,-1.7180135835296977,0.022936855342169,0.1,1208745768,-5335544.145454503,-0.7501652388942917,-0.7388636373688471,-1.7106416144612575,-1.6200140377039318,0.4051966078870699,-0.35427325161394513,0.5798234492207414
2018-12-11,247.61099983754423,261.35947124565973,247.61099983754423,259.5140380859375,30927239,0.0257111205099802,0,0.0135269193064519,normal,-0.0046009264593889,-0.0281617192614183,0.0011372561561115,0.0049439919787612,47.5501241548374,-1.3279205553821734,0.0246095264022813,0.1,1239673007,-4539528.703030269,0.12115867619745053,-0.569237178555365,-1.4424942802612586,-1.4712548287662024,0.9830426197332561,0.27555289621682694,0.6167621135410117
2018-12-12,261.8208505561956,263.7585611612904,260.39065100621565,263.2049255371094,21765939,0.0142223036502928,0,0.0138608480834982,normal,0.0182044786504878,0.0024601521258766,0.0138910371512699,0.0056112662178056,48.01328637325378,-0.7904825030082254,0.0237886644842365,0.1,1261438946,-3602541.8181817746,0.12905534591010848,-0.32976779543062507,-1.5385192841244753,-1.3965397174991816,1.364631289212477,0.5849653119472763,0.696730239085479
2018-12-13,267.5878167069907,271.2786831443285,263.6662711173193,266.66510009765625,24097152,0.0131463138597649,0,0.0134577282708885,normal,0.0484309229027153,0.0090781537438204,0.0245639102053487,0.0069157560051327,57.0469607475364,-0.2017867229461596,0.0242956106961447,0.1,1285536098,282069.01818180626,0.6975607375158638,-0.05699437441676284,-1.444366631114655,-1.4421130190301927,1.7774324728130924,0.8374193830475426,0.8126209590256763
2018-12-14,266.20372703821425,268.3259638584246,264.86577676520693,266.8496398925781,12156361,0.0006920282963698,0,0.0133994031405671,normal,0.0501090624972604,0.0159845568907519,0.0228110859397789,0.0080599630527216,53.39802746711116,0.1795925567358667,0.0233155619969046,0.1,1297692459,3475807.0242424537,0.4428727155895784,0.1184532391956825,-1.5669362796799708,-1.429995721682988,1.9721450070968074,0.7713945370441032,0.9160392145196733
2018-12-17,266.94191025380235,268.9257735389708,265.09647699063305,267.12646484375,12728014,0.0010373817678124,0,0.0126733089244774,normal,0.0557987058951314,0.0094142187038002,0.0215496013760267,0.0090805999737386,50.12988876127185,0.416517433639715,0.0227239221036166,0.1,1310420473,7873082.387878764,0.20531069241005326,0.2208536822773474,-1.6278564722769027,-1.5108512213607244,2.1332661288312367,0.7152695481483633,1.0050448290537521
2018-12-18,265.6039691172591,271.2786703655396,264.8196544044553,270.1252746582031,13606582,0.0112261801398345,0,0.0127191196409687,normal,0.0408888731050138,0.0360998199474613,0.0297795152837028,0.0105734456775037,61.111101152196646,0.7232424833194528,0.0218738686185207,0.1,1324027055,11714083.73333336,0.9103629064351997,0.3607823089003952,-1.6980960179875386,-1.4740728480708878,2.2490901563305634,0.9001555762994123,1.1111717447311074
2018-12-19,271.9246071011025,278.66042735974344,271.9246071011025,277.4609069824219,26124125,0.0271564085719142,0,0.0133281528748711,normal,0.0541630496322247,0.0733535383633878,0.051959390042886,0.013391799813738,66.62788855285473,1.3327553601464954,0.022210097977347,0.1,1350151180,15172685.351515217,1.2610883989794295,0.6742140305176266,-1.5961346443974256,-1.3650196242258816,2.4940556692732914,1.438725567033494,1.2865995136793156
2018-12-20,275.29252772994727,278.33748151717504,270.49438971950747,271.3248291015625,19222232,-0.0221151078456184,0,0.0142425629311562,normal,0.017474086418507,0.0667512954533524,0.0258915605824543,0.014471630351746,59.81211583899865,1.2373274169077284,0.0229067198419375,0.1,1330928948,15532283.04848487,0.7659523130422509,0.5954137159265506,-1.4425471121998887,-1.2190380857749978,2.071087941611972,0.7231760889559242,1.3319806993053993
2018-12-21,270.9557269683295,273.5854749393595,268.3259789972995,269.3409729003906,15777301,-0.0073117385081969,0,0.0138687220057498,normal,0.0093360928229673,0.059912978178974,0.016609940703212,0.0149299097689332,55.32356868740014,0.967223682878668,0.0233323831460794,0.1,1315151647,13140645.77575762,0.41396273573046216,0.4088870396391127,-1.3341206979061042,-1.2587116403852925,1.7521183871659862,0.4473251910558882,1.3260896467738978
2018-12-24,270.8173333602703,272.20140831781856,267.7262269899305,270.402099609375,12048877,0.0039397151408404,0,0.0136217978372875,normal,0.0122624868619476,0.0687454236550317,0.0186152039490856,0.0154947874738897,61.71875634433449,0.7939150285460412,0.022948327706096,0.1,1327200524,9464748.818181831,0.8854418299002291,0.2720136956964714,-1.3362599531612511,-1.2711769948878227,1.839515988783584,0.4788707748057484,1.3221180386069238
2018-12-26,270.2175938000214,272.2014290920971,264.9580972963051,271.4171142578125,12684324,0.0037537232510538,0,0.0134638754423215,normal,0.0047823721835877,0.0458667910979571,0.0202584816560642,0.0161394736944471,66.09190945302456,0.6856085240534773,0.0232753154494411,0.1,1339884848,7106724.787878735,1.2113506580093178,0.1694038651735181,-1.2475771124849666,-1.2740381383604416,1.9259298692134612,0.49958749487559573,1.318301286183365
2018-12-27,273.770032795681,274.6004721230124,268.9718951014246,269.5716552734375,15304564,-0.0067993464208083,0,0.0129507646462091,normal,-0.0284337415125807,0.0241892499668683,0.0120374149995687,0.0162459879707375,70.12186784709549,0.4396103285445512,0.0236913744880582,0.1,1324580284,4150279.9757575896,1.5110074155827475,-0.03273555024047016,-1.1518590020519046,-1.3229148645121804,1.6367048406714668,0.233336653258158,1.2799062805532258
2018-12-28,270.9095722718354,274.1390800485386,270.86341955101,272.0168151855469,12876558,0.0090705378858513,0,0.0130166163164108,normal,0.0025503971983535,0.0200690494779061,0.0191577471624861,0.0167919394484616,72.35020670997739,0.3930205939819,0.0234057183933675,0.1,1337456842,2737320.121212114,1.6644934673126164,-0.10065866945185839,-1.1500431934371078,-1.293226383850018,1.735491054287282,0.42044793069779574,1.2681866446544061
2018-12-31,274.2314089326412,275.2002501843276,272.66277931087615,273.0318603515625,9526067,0.0037315530119828,0,0.0128982001851906,normal,0.0137034013482117,0.0231674303981563,0.0207287182250266,0.0174139400595241,75.05767815494065,0.3816961749077321,0.0226428158923859,0.1,1346982909,2025045.6363636265,1.8175776649095108,-0.13304324614173652,-1.208712942414383,-1.2802029306187295,1.7821971394275644,0.44976163021707755,1.26093192983938
