Date,Open,High,Low,Close,Volume,ret_1d,is_outlier,vol_20d,market_regime,ret_5d,ret_10d,price_vs_ema20,ema20_vs_ema50,rsi,macd_hist,atr_norm,volume_ratio,obv,obv_slope
2010-02-02,177.5996260854709,178.71660486588266,174.99334226451012,176.11032104492188,6004275,-0.0031610363127489993,0,0.015562968094666585,normal,-0.1039968661224564,-0.0808393267113896,-0.07123917066138308,-0.01932441641675886,23.25339696789942,-1.7945139610197813,0.028344891947445616,1.6127857972188537,-20512759,-2662302.1515151504
2010-02-03,177.04109413940526,177.59958339536553,175.216698175767,176.0730438232422,1595241,-0.00021166971622399444,0,0.015600587294148175,normal,-0.08829780005499077,-0.07437860936554597,-0.06507508760406933,-0.022570374342953614,22.665230348457627,-1.8904252525588103,0.028411309547761353,0.4273294367312196,-22108000,-3471044.9757575747
2010-02-04,176.55709025303017,178.23255816885924,171.64237982160063,172.05194091796875,3017883,-0.022837697457597117,0,0.015840621951897962,normal,-0.09498626418278211,-0.10376252003412123,-0.07884449065378774,-0.026529173887610336,23.175932261224816,-2.083892447255752,0.02924535509303347,0.7942139925456259,-25125883,-3997691.345454544
2010-02-05,170.89774393094248,174.54653653305388,169.03611273343765,170.56265258789062,4345866,-0.008656039113143055,0,0.015806117016843778,normal,-0.054684397362248394,-0.10788706313438279,-0.07920455699292805,-0.030355728016847938,21.657990995761992,-2.1620398182209346,0.030919614831972708,1.119793803169944,-29471749,-4604293.212121211
2010-02-08,172.01473218341206,177.3762280568894,171.08391653306893,176.11032104492188,3139856,0.032525692892660274,0,0.017986322699490548,normal,-0.0031610363127489993,-0.08315541759384626,-0.0447741238047642,-0.031938770379334125,31.021904633701354,-1.7098004748482722,0.03156144026864795,0.8181192010048215,-26331893,-4319965.484848485
2010-02-09,177.22726450329495,177.22726450329495,172.9827482561769,173.20614624023438,2435031,-0.016490656467242015,0,0.01807797766431838,normal,-0.016490656467242015,-0.1187725459968032,-0.05507950557939523,-0.03408983495665774,29.903239119582324,-1.4843120586731686,0.03287371014673819,0.6329567137201824,-28766924,-3475623.9636363634
2010-02-10,173.87631093949707,174.21140219985847,170.63706891018833,171.34449768066406,2864300,-0.010748166851932806,0,0.01800209730766388,normal,-0.026855593791659915,-0.11278210399567656,-0.05939174408919912,-0.036421741871534574,25.70174142525748,-1.342852569288766,0.033137752865393943,0.753973079873291,-31631224,-2916318.557575757
2010-02-11,171.64239229053257,174.58376723949826,171.64239229053257,173.8018798828125,2299826,0.014341763146245246,0,0.018521537619631854,normal,0.010170992291671288,-0.08578137645192851,-0.04171251706133339,-0.037590196808857224,30.295366237880458,-0.9827852376841069,0.03233258921092366,0.6023554271975802,-29331398,-2160241.593939394
2010-02-15,173.80183859717536,174.8815934993205,170.5253730915057,171.0838623046875,1594781,-0.015638597119649433,0,0.018146246803503754,normal,0.003055825580153382,-0.05179567776238991,-0.051577416371115015,-0.03931515859257129,27.14754651511896,-0.8326160271650638,0.03242655056141455,0.42886658808052663,-30926179,-1605388.5757575762
2010-02-16,171.27005438601887,177.63683476721533,170.7487999712559,176.5943145751953,2253497,0.03220907101509152,0,0.01995794761904081,normal,0.00274824057671208,-0.00042148302429612094,-0.01906497009767616,-0.03899621719356772,28.763915923499,-0.29485958781776045,0.03147495474048795,0.6236835185107563,-28672682,-1000652.0666666662
2010-02-17,177.59960465432707,182.17921255639047,177.59960465432707,179.1261444091797,3428957,0.014336983838210138,0,0.020307711851241517,normal,0.034178915110404606,0.01712462589565411,-0.0045271605564835005,-0.0378011463390413,34.814264315211915,0.2682222559465419,0.030510434297633473,0.919233161737417,-25243725,-437479.290909091
2010-02-18,179.16336632364997,181.6207100760057,177.45066358527055,180.5782012939453,955635,0.008106336959102345,0,0.02043571497130347,normal,0.05388970021371886,0.02558686652356501,0.0032040179159902316,-0.036176584646190335,39.297682929336545,0.7481399720162942,0.029440352038265002,0.2567619887954204,-24288090,128814.67272727191
2010-02-19,180.2059104571204,182.77495938741905,176.5943411777542,179.4612579345703,4582596,-0.006185372051396354,0,0.02026501531422133,normal,0.03256223727599328,0.04306441983199827,-0.002716122594779602,-0.03497352928812314,48.6542280568303,0.9851211880437329,0.027860119284158442,1.193055942854898,-28870686,270381.98787878826
2010-02-22,181.6951901989662,184.1897803471054,180.2058853612697,183.2961883544922,2280787,0.02136912704200511,0,0.020990748188679898,normal,0.0713821039886009,0.07465606082808773,0.01679427259646893,-0.03261849946580231,59.194207615755815,1.3711832910273403,0.026493725592718235,0.6001435058447885,-26589899,292023.018181817
2010-02-23,181.6951434681353,183.1099781550628,180.7643281839748,182.3653259277344,908983,-0.005078460360329551,0,0.020943331858415,normal,0.03267948555660749,0.03551753722155215,0.010511211371708518,-0.030734779683206037,58.58882234525257,1.5231814226064024,0.026162313030456432,0.2531987765117169,-27498882,438475.3757575754
2010-02-24,181.69516196497668,182.5887424562404,179.4612050555712,180.3175506591797,1102320,-0.01122897271253298,0,0.02012462890575731,normal,0.006651213612226536,0.04105745998806465,-0.0007562524581923302,-0.02961150920270328,55.52323041708165,1.4457543914379158,0.026754401702394962,0.32162387964523514,-28601202,376611.1090909088
2010-02-25,179.57292194481204,180.9132985390262,173.24337653671176,175.14224243164062,2791186,-0.028701078783623046,0,0.020667894045570765,normal,-0.030103073479262443,0.022164381129147426,-0.026707103535695942,-0.03011921096060255,53.90403137320216,1.0256999522199637,0.027985325887502018,0.8984356416279586,-31392388,-30461.75151515275
2010-02-26,178.60487455038444,179.79631151862375,174.99330602987686,175.8868865966797,1519988,0.004251653711295322,0,0.02059148191779246,normal,-0.01991723104489662,0.011996456627931806,-0.020463555636467845,-0.03022600066732306,56.8551731725478,0.7883729931806425,0.02757955948639271,0.5187233741583797,-29872400,-204199.4242424238
2010-03-02,174.2486641807,177.22727382481452,173.42954198357086,174.58375549316406,1784738,-0.007408915631691104,0,0.017386624996344042,normal,-0.04753199146988485,0.020457178960827438,-0.025147167325825448,-0.030615280910176068,47.79328888075224,0.545536054869102,0.02655152787092229,0.6623253679149844,-31657138,-575047.5757575749
2010-03-03,174.99332244519948,178.7165846248846,174.99332244519948,178.04640197753906,2569749,0.019833726652251915,0,0.017384319495596275,normal,-0.02368281321146981,0.008222730192853689,-0.005261572107564172,-0.029772649834124865,56.88560779878746,0.6148728867852009,0.025990347163943106,0.9984358576833501,-29087389,-646634.3575757578
2010-03-04,178.0463830786731,181.95580795237365,175.58902802841982,181.28561401367188,2585303,0.018193077760377596,0,0.01779647842814771,normal,0.005368658519114167,0.012055580225962315,0.011599146645765002,-0.027926379762512,63.60857495566515,0.8605789545781772,0.026626206932231167,1.0759425936828597,-26502086,-343580.72727272805
2010-03-05,180.28033319670791,181.9930244615213,179.5729043949453,180.9505157470703,588200,-0.0018484548176905813,0,0.017809002759956775,normal,0.03316317773935484,0.0020617906837987476,0.008794507015419173,-0.02632045602277433,60.38958072481105,0.9738839577004827,0.026352163600414456,0.25003463375005913,-27090286,6351.127272726379
2010-03-08,180.9505394101767,182.2164462611236,176.8921859633938,177.7857666015625,2970886,-0.017489583450159607,0,0.01746080894485809,normal,0.01079602943474156,-0.009336228622774279,-0.008012890268142114,-0.025806325460239532,59.61545702844163,0.8154615159832952,0.02721018332030047,1.264139970471774,-30061172,-77305.73333333239
2010-03-09,177.22726209363253,178.67933192652288,174.99330500841867,175.7751922607422,1719797,-0.011308972474305179,0,0.01755412715713496,normal,0.006824442309724343,-0.041031928493812986,-0.017431624869336915,-0.0258891110931192,48.693574905891246,0.56682848017818,0.026220244127019433,0.7750950414742822,-31780969,-88287.1030303038
2010-03-10,175.29113835644276,178.71654331497655,175.29113835644276,178.53038024902344,1600336,0.01567449850485292,0,0.016357917734389434,normal,0.0027182704402273217,-0.021028919062336615,-0.0018373461642143818,-0.025011986222526317,49.0565326487452,0.5775348476413962,0.024951601765023042,0.7471764527476501,-30180633,-9654.224242422752
2010-03-11,175.9985767578488,178.3069920848841,169.8924187694187,170.37644958496094,5414907,-0.04567251048638876,0,0.019060496402736833,normal,-0.06017666921925868,-0.05513107868800049,-0.043103873897459066,-0.02669617877041397,36.67308512631608,0.05271809791690396,0.028018870844415115,2.363722612321968,-35595540,-267361.836363638
2010-03-12,170.3764632876825,170.3764632876825,162.63207187858723,163.37672424316406,10125660,-0.0410838784283174,0,0.021013382230120687,normal,-0.09711932254711342,-0.06717693016331416,-0.07515758040363396,-0.03027011276431102,31.787427727887803,-0.7067038735909628,0.029902997774966345,3.8153791847836693,-45721200,-1178677.3878787872
2010-03-15,164.86604542440682,169.03610362716734,162.33423167719153,167.95635986328125,6329071,0.028031138715335135,0,0.021788076325680163,normal,-0.05528792842179564,-0.045088789089681613,-0.04475416532293486,-0.0318551774043313,32.91872951943587,-0.8327832122522141,0.02992686531194658,2.2165511121268975,-39392129,-1469755.7818181824
2010-03-16,168.40310682444357,169.55732011893014,167.58399614246323,168.8126678466797,1801538,0.005098395702880731,0,0.02157127067907652,normal,-0.03961039282343326,-0.03305626935439787,-0.036223065459689896,-0.03285998008126534,34.883688474843595,-0.7910023612698218,0.02953873060053739,0.628654007055223,-37590591,-1666160.3454545462
2010-03-17,169.40844521862866,170.33926085169804,165.90858071078688,166.72769165039062,5445508,-0.012350827831135835,0,0.02028383599820561,normal,-0.06611025295621853,-0.06357168806239799,-0.043743528909406804,-0.034285683488899266,34.85476388141133,-0.8321032472460077,0.030466405979130397,1.7999851089505041,-43036099,-1916355.3757575767
2010-03-18,166.8021300549615,168.99885226309738,166.50427365343214,167.43508911132812,2260551,0.004242831253375989,0,0.01996132908949991,normal,-0.017263891111700014,-0.07640167686609267,-0.03604287636503445,-0.03518843972977315,40.460786742975934,-0.7428989289750438,0.028129863229942185,0.7619269079329092,-40775548,-1701818.8181818188
2010-03-19,167.43507627063713,171.1955613421485,167.17444341741697,170.48814392089844,2391153,0.018234259173358414,0,0.020386598482291494,normal,0.04352774062938125,-0.057818966599664234,-0.016736615502111696,-0.03487909882500795,43.67912029487387,-0.42531048184154585,0.027298537821133277,0.7869096105874333,-38384395,-1223057.406060606
2010-03-22,169.7807863199959,170.8977651773643,168.29148117683803,169.96694946289062,1821015,-0.0030570715712033847,0,0.020370213141681862,normal,0.01197090483055252,-0.04397887012065882,-0.017895930495236523,-0.03465202730746708,44.49379820499354,-0.20835466800088742,0.026881541629850323,0.6278098222847415,-40205410,-904784.8606060615
2010-03-23,170.33919344845694,171.49340664923977,169.48284794988734,170.1530303955078,2591544,0.0010948065680134178,0,0.019609332933877247,normal,0.007939940562076142,-0.03198495642601573,-0.015243162643571506,-0.034271201840589405,39.78789297759219,-0.020235075854504014,0.02596123543758426,0.8886954355967969,-37613866,-436848.04242424323
2010-03-25,168.29145418364425,174.2486738007644,168.29145418364425,172.75936889648438,5722411,0.015317614355256026,0,0.02004990527468414,normal,0.036176817338426925,-0.03232509416318585,-0.00014389295706163097,-0.03298036065586374,38.78546238071498,0.29445029499189346,0.02540023503740949,1.8127292189774684,-31891455,520611.1333333322
2010-03-26,174.09976008960555,178.26980735155982,172.83385308798543,177.59962463378906,5921814,0.02801732703830906,0,0.021047282148717286,normal,0.060707319931621484,0.04239538425893885,0.025148424095619015,-0.030184332538569336,46.05957470020297,0.8138605842091722,0.025950874683089504,1.742854260712787,-25969641,1460821.781818182
2010-03-29,177.8229814998564,179.01441842927755,177.22725735389932,178.4931640625,2712461,0.0050312011106634635,0,0.01999778588285255,normal,0.04695352977339984,0.0925250514683913,0.027340937642937435,-0.02735490788804129,50.878793921688,1.1806349729709997,0.024405504160686903,0.7992326666777653,-23257180,1757263.2848484826
2010-03-30,178.71658098148615,180.42928382172423,178.08362187884572,180.0941925048828,3422200,0.008969690524518903,0,0.020064141733335993,normal,0.059583601835504485,0.07226777629309145,0.032959607443140415,-0.024282430643889574,55.4206152288168,1.4749726069591764,0.023656927764024026,0.980870390483121,-19834980,2390017.157575755
2010-03-31,179.53569847974524,180.205881095848,177.26450638351778,178.38148498535156,2407315,-0.009510065237027687,0,0.020117989426184247,normal,0.0483591421834646,0.056683051460110434,0.020886634253282743,-0.022066990328673874,49.80810573338693,1.4936419727193704,0.023690248537513493,0.6838825223110915,-22242295,2774509.1212121183
2010-04-01,179.01445715815558,179.0516920558009,171.27007567273446,171.56793212890625,3320590,-0.038196525031758966,0,0.021441051927790503,normal,-0.006896510303253223,0.029030813241660347,-0.016411448174225463,-0.0222283408215882,51.590518282659865,1.0096207844476655,0.02427454918422037,0.9333758337402073,-25562885,2428804.1757575744
2010-04-05,172.08917356908378,173.01998906575236,168.77546131094857,170.59986877441406,3860534,-0.0056424492763883505,0,0.020937705933508657,normal,-0.039413123050279664,0.0189015318108241,-0.01991139033090683,-0.022598346517162193,61.49298926101237,0.6066404400317222,0.022946934097902518,1.066041069957815,-29423419,1811431.5151515135
2010-04-06,171.04661320985673,172.49868277101365,170.30196098746944,171.19554138183594,2068525,0.003491635789061087,0,0.020984776465901307,normal,-0.04088460596792809,0.004149247241882703,-0.014942336004496348,-0.02264941740391946,55.9022620569543,0.3739911417137112,0.02098738948699696,0.5597581181400354,-27354894,1328696.1272727256
2010-04-07,171.2700453016493,172.34978896692186,167.17445726182726,167.54678344726562,3120048,-0.02131339347461214,0,0.021144810543381146,normal,-0.0696713696488408,-0.0142390389618271,-0.03262632837094315,-0.023782779000299348,47.906426255157534,-0.011424139007151224,0.02280952379118555,0.8426074312673142,-30474942,420684.38181818294
2010-04-08,167.06275912165765,168.92438999503253,165.31282155568803,165.83407592773438,2270759,-0.010222264398589975,0,0.021123035027329234,normal,-0.07034031059135737,-0.025382765489009196,-0.038622407036089657,-0.025239893111071665,48.503675147987046,-0.34880581960065093,0.02269228651253532,0.6087177852652144,-32745701,-556362.4121212121
2010-04-09,165.871305094843,167.39784463084067,164.34476555884535,164.82879638671875,2420707,-0.006061960036812364,0,0.020682896702621738,normal,-0.03927969323034153,-0.045905310724523085,-0.0403878596279581,-0.026749377987935974,45.67896987022186,-0.5924534650790818,0.02307271143166919,0.6418563448941605,-35166408,-1342961.7636363632
2010-04-12,164.94048161496033,167.88185587690475,164.94048161496033,167.1744384765625,3422928,0.014230778488125484,0,0.018521310707997125,normal,-0.02007873934757265,-0.05870049657325194,-0.02424767496146285,-0.027214218325511075,44.37417134650267,-0.5493797096873605,0.022335353763695383,0.9322164946909385,-31743480,-1508371.951515152
2010-04-13,167.5468000466603,167.6212698361233,165.8713320461937,166.46705627441406,1993094,-0.004231401693911563,0,0.0159565769300566,normal,-0.027620375327856328,-0.06737573313381884,-0.025743526004342265,-0.02775311168008021,44.095400740671714,-0.5224372627874934,0.022062819631384692,0.6104070628943513,-33736574,-1531679.6969696977
2010-04-15,167.32336199645945,169.5200839099576,166.5787097300199,167.88185119628906,4342086,0.008498948401795214,0,0.014772669601065979,normal,0.001999845906495157,-0.06781085574573786,-0.015826514671998027,-0.027664471172623384,46.32087149795137,-0.37039484865920436,0.022320427594281773,1.371543509137017,-29394488,-962976.7636363639
2010-04-16,167.88188875124624,169.5573567255351,166.3181254594066,169.03610229492188,3524900,0.006875377477719491,0,0.014809725062919698,normal,0.01930861524855021,-0.052389869336479156,-0.008204177026385429,-0.027111888152079655,43.67084930267496,-0.163695606586181,0.021019490101296924,1.0839152060289905,-25869588,-246621.40000000075
2010-04-19,168.29139568596185,168.6637217826122,166.6531631331984,167.36058044433594,1595067,-0.009912212999697578,0,0.01471091468291565,normal,0.015360083390266066,-0.024522949203637623,-0.016345518387098634,-0.02707907526671649,30.496242402258275,-0.11379044281382544,0.019895126220534173,0.5213514522427319,-27464655,205324.8303030291
2010-04-20,168.66378544829993,170.22756018950733,166.80215426233636,169.6318359375,2193926,0.013571030209945212,0,0.014988005801806899,normal,0.01469960050909358,-0.00567428828561467,-0.0027117243177193773,-0.026211296856198052,33.96233605701731,0.08735658025965254,0.020318576065907843,0.7178715822830712,-25270729,542622.575757574
2010-04-21,169.9296183750775,174.80709223057997,169.9296183750775,173.3922576904297,4182139,0.02216813684852892,0,0.015252880026884253,normal,0.04160103248657032,0.012831621027408424,0.01751667415043845,-0.024132187974358676,38.749861684295944,0.467590619789656,0.021043564992200538,1.3294766863173342,-21088590,1195603.0242424242
2010-04-22,172.68487594657552,178.6793296548532,172.42425444077668,176.7432403564453,6037737,0.019326022457117897,0,0.01575580303057653,normal,0.05278348491520646,0.05488888965793981,0.033521453490815034,-0.02114303731369427,47.39334628842462,0.9129452554745701,0.021983777874609544,1.798798271165755,-15050853,1893956.1818181807
2010-04-23,176.40815752848206,179.61016527551013,175.03055733949523,178.04640197753906,1959845,0.007373190728344747,0,0.015797732935047153,normal,0.05330399577539158,0.0736418373695793,0.037078254709440595,-0.018044231477884143,62.499992639668186,1.2430020514068945,0.02053829342881648,0.5894351690788653,-13091008,2360867.3878787877
2010-04-26,178.34425230796293,180.2058833341421,177.9719261027271,179.83355712890625,1822070,0.010037580830151382,0,0.015613349708772241,normal,0.07452756587874543,0.09103239889578263,0.042771900658336026,-0.014707738319114316,67.27021478070724,1.5115445557331817,0.019535603496956853,0.5821426611667694,-11268938,2527545.060606059
2010-04-27,180.65271786778,181.62075711792963,178.34429035781596,180.68994140625,2814625,0.0047620938550967384,0,0.014402594742161793,normal,0.06518885684185083,0.0808467075041639,0.042995754905824635,-0.011481363018199242,67.58632696817912,1.6646089134621782,0.01986984820936467,0.9462267216544143,-8454313,2786276.6303030294
2010-04-28,179.3495445298683,181.6951951683969,177.97193297232323,180.1686553955078,2948610,-0.002884975260300515,0,0.014393660493536034,normal,0.03908131652092872,0.08230817212570418,0.03604122282403566,-0.008806993709647548,76.44295718232308,1.6455562398022634,0.01935165942379433,0.987350844972195,-11402923,2469009.060606061
2010-04-29,180.3548082549256,180.98776733728192,172.2753365661355,175.4401092529297,6704079,-0.026245109795585586,0,0.01542829561102393,normal,-0.007373018062176273,0.04502129326536575,0.008000586794556952,-0.007970188931417321,67.86699308582466,1.2473746497458273,0.02194999640543685,2.1279553281926127,-18107002,1804825.9333333329
2010-04-30,179.3495141543752,179.46120745634272,175.73794589085844,178.567626953125,1941014,0.017826697176108075,0,0.015857746006739136,normal,0.0029274670523906643,0.0563875085191754,0.02343861214107923,-0.006209998444993814,73.68412469105536,1.1309483588578513,0.021952769704292396,0.6206946315881755,-16165988,1344691.618181818
2010-05-03,179.38674443535666,179.38674443535666,173.3550672896276,174.06248474121094,1013619,-0.025229333495576323,0,0.014404962894156612,normal,-0.032091187428153645,0.040044700365412744,-0.002155687923090177,-0.006101141424889267,61.05135699005705,0.7075479051523994,0.023743268983295325,0.3365474964669152,-17179607,605311.8000000004
2010-05-04,176.33367435728846,176.33367435728846,172.01468856244284,173.0199737548828,1444286,-0.005989291649364237,0,0.014413360009854501,normal,-0.04244822701072548,0.01997347843733266,-0.007363288551475167,-0.006318193801518435,60.40180902711506,0.33330173537096086,0.0249469221984093,0.4995795231219391,-18623893,-191252.76969696936
2010-05-05,180.2058775187841,180.2058775187841,169.48288769902754,170.3392333984375,1614615,-0.015493820154215965,0,0.014845717305063646,normal,-0.05455678167488498,-0.017607616006955595,-0.02062168764514727,-0.00734481948970489,53.75002503167962,-0.09582451216444254,0.028555783472300166,0.5629155477287182,-20238508,-877645.6909090905
2010-05-06,169.0360927061343,175.36563802772963,169.0360927061343,172.8710479736328,2426265,0.014863367203685751,0,0.014325673927496318,normal,-0.014643523024675531,-0.021908574127097014,-0.005490396743526582,-0.007397935532479805,55.61609772077519,-0.2039815405339268,0.02941445108140137,0.8562426301168872,-17812243,-1039485.1090909096
2010-05-07,176.2592437729315,177.22729429156098,171.27007431537405,174.6954803466797,2899346,0.010553718476474794,0,0.014170895113760296,normal,-0.02168448263839995,-0.01882049619448134,0.004526517197171787,-0.006830132341396178,60.694970627209855,-0.14997007476433388,0.030568694426868638,1.011971213465576,-14912897,-879050.6545454549
2010-05-10,191.37567209992045,191.37567209992045,174.2486664256085,176.4453887939453,1103808,0.010016907385314022,0,0.014103466060907482,normal,0.013689934716703434,-0.018840578972323163,0.013181046144348452,-0.005748841756039402,60.08817292629378,-0.0015600395852124471,0.035812205101468056,0.3943293929438021,-13809089,-514853.65454545483
2010-05-11,176.7432673952044,176.7432673952044,173.76465753044425,176.37094116210938,940517,-0.0004219301640286943,0,0.013896074130108259,normal,0.01936751771777434,-0.02390282608166938,0.011524931799818061,-0.004811711679148178,54.95060578102818,0.08181470352152653,0.034937700597315276,0.3515843100758317,-14749606,16473.793939393472
2010-05-12,177.97195089088294,178.34427714797684,175.8124631447366,177.59962463378906,1439799,0.006966473408736684,0,0.013824396836338307,normal,0.042623129683629024,-0.014259032771706037,0.016773293168381054,-0.0035856700705044764,51.53135061391542,0.20303225411214187,0.033198538111782076,0.5438503441268513,-13309807,506068.3151515151
2010-05-13,181.2111878410439,181.2111878410439,176.85496623304246,177.376220703125,3055333,-0.0012579076736491945,0,0.013804647214028376,normal,0.026060886321342513,0.01103574010777697,0.01399798385871076,-0.002578942017990471,48.75347455380684,0.248482941739255,0.03315039477922965,1.182825541601499,-16365140,405183.4545454546
2010-05-14,180.7643885524504,180.7643885524504,173.76465982291478,174.17420959472656,1605986,-0.018052087792295723,0,0.014527990791376011,normal,-0.0029838823014692872,-0.02460366099590794,-0.0038982245855867514,-0.0027191950040130752,40.00003235441457,0.0534077329590561,0.03571426564872127,0.6457174427613338,-17971126,324986.8121212121
2010-05-17,176.55710741427964,179.72188045179314,171.8657945214665,178.7538299560547,1367158,0.02629333224467678,0,0.015255634004122295,normal,0.01308303480123918,0.026952075410268117,0.020126773329636416,-0.0013660248432723066,46.97672157818064,0.21428553092376668,0.036629255145173775,0.5522222184298639,-16603968,273668.2848484839
2010-05-18,178.15810570002373,181.0994807212137,176.40816782840056,178.7538299560547,1430937,0.0,0,0.015080667906418111,normal,0.013510665522588061,0.03313985129425001,0.018175099098262093,-0.00018630830768429085,47.75415830226556,0.297085224850951,0.03701608030218177,0.5870295464855566,-16603968,119086.5818181813
2010-05-19,183.1844488389524,183.1844488389524,172.90824577792748,173.7646026611328,1398580,-0.027911163056749233,0,0.015822722947005537,normal,-0.02159363782758028,0.020109103430582476,-0.009276844863033151,-0.0007530603964771565,47.36219292126216,0.0075286314771843,0.038721719162808976,0.6084985349337692,-18002548,-243906.2424242429
2010-05-20,173.87634021529738,177.37620431972314,173.13168779467512,176.4453887939453,1826430,0.01542768833097985,0,0.015597467158496926,normal,-0.00524778296374695,0.0206763414823381,0.005432450829317537,-0.00038713523931199756,46.61122132282318,-0.010769454808452261,0.038223852957149446,0.8747914896600856,-16176118,-372627.1575757574
2010-05-21,177.30175583996115,177.30175583996115,170.6371072115784,171.79132080078125,2123795,-0.026376818487442222,0,0.0165575593933155,normal,-0.013681065638189938,-0.016624125250036204,-0.019117705018616316,-0.0015541858935268493,46.390584086007316,-0.3261574570798177,0.03952257199804317,1.0132398963456675,-18299913,-443733.52121212106
2010-05-24,176.4081709127705,176.4081709127705,170.33925764442623,172.53598022460938,1414202,0.0043346743034340385,0,0.016393881992344844,normal,-0.034784428020221636,-0.022156479101312132,-0.013469169414365045,-0.0023262624100272022,49.22346844396482,-0.4659449527094821,0.04007645046280711,0.6813296382983992,-16885711,-323059.6545454543
2010-05-25,171.94024800764754,172.46151381824473,168.4776186229365,171.67962646484375,1202978,-0.004963334364523897,0,0.016328702940531164,normal,-0.03957511563780247,-0.026599136265614498,-0.016645657173754325,-0.0032641742624214265,52.28428719130762,-0.5894524995345511,0.03750348788836424,0.6029759839997422,-18088689,-293411.51515151566
2010-05-26,172.7593619473681,173.20615794567794,169.70628247140397,172.4242706298828,2730655,0.0043374055522631405,0,0.016397762460856995,normal,-0.0077134929135357355,-0.02914056836875556,-0.011214583063922756,-0.0038298297072487664,49.189217927587855,-0.5927661913344247,0.03616930200262453,1.3762202141842577,-15358034,21641.775757574782
2010-05-27,172.75931506504827,174.88157843735246,171.64233673488633,173.50396728515625,1709736,0.006261860069520342,0,0.015459175678022869,normal,-0.016670435701916175,-0.02183073583718842,-0.004546746279711078,-0.003961332459553213,47.77765065682637,-0.49783769290923324,0.03482527982658793,0.9857494260654347,-13648298,251091.5212121207
2010-05-28,178.5676136907077,178.5676136907077,173.0199566426653,175.99856567382812,888460,0.014377759930826128,0,0.01526266598735182,normal,0.024490439059641655,0.01047431811716848,0.008827370523528444,-0.0032603213758178873,49.18913350844926,-0.2548788057064972,0.029632218088334276,0.5282712933463212,-12759838,389005.5696969693
2010-05-31,176.4826178138388,178.49317701010528,175.17947612112056,176.6315460205078,1813271,0.003596508552534239,0,0.01413515089013622,normal,0.02373745922773196,-0.011872662734379591,0.011256024158627698,-0.002436071882550239,50.46353266223915,-0.05009683898671288,0.029661535962729458,1.0531204164274195,-10946567,653802.0484848487
2010-06-01,177.19000326648117,177.3761663317669,173.01995742157536,174.09970092773438,1042836,-0.014334048191365967,0,0.014466259480532057,normal,0.014096456945554836,-0.0260365276059511,-0.002931761628383489,-0.0025221353448057204,44.05056054747989,-0.08183602060441471,0.03084139058109963,0.6128073909964907,-11989403,793142.0060606058
2010-06-02,174.17419090767154,177.97192267288546,173.05721231349025,177.04110717773438,758161,0.016894952916782557,0,0.014404843764160893,normal,0.026776024807794174,0.018855995216650934,0.012571889760887522,-0.0016449847155108888,49.47853448292237,0.08931837955033076,0.030554310330907053,0.4570228577134547,-11231242,824663.4121212114
2010-06-03,177.30171850752689,186.5354025519267,177.30171850752689,183.9663543701172,2712932,0.03911660575772635,0,0.016421717232238783,normal,0.060300564008233026,0.0426248916312284,0.04697726030981664,0.001335338073910508,63.65515051906501,0.63270619689259,0.030372685706189572,1.6213587242999534,-8518310,1043848.4909090908
2010-06-04,188.21088812215712,191.52460028690408,185.49291149348144,187.4290008544922,5072279,0.01882217265342212,0,0.016716881312745815,normal,0.06494618371974514,0.09102718333393134,0.05995207846671624,0.005010356771776303,62.48651497847668,1.1585002681530043,0.029698061397856745,2.8465682262059953,-3446031,1305295.084848484
2010-06-07,174.24863760379455,188.69488762936865,174.24863760379455,186.9449615478516,1864062,-0.002582520871550531,0,0.01670197029057991,normal,0.058389431331514974,0.08351290730480931,0.05148516439775941,0.008015589186284755,61.62779716174785,1.3911952027112409,0.03350215564531897,1.0242631574218954,-5310093,1379298.648484848
2010-06-08,182.4398115412045,191.04053642386748,182.4398115412045,187.20558166503903,2482809,0.0013941007825488683,0,0.016687165958482134,normal,0.07527801982120974,0.09043563013212097,0.04766769831483075,0.010665797186461656,72.03902267182008,1.472334633170416,0.03281623406473164,1.3087943540077163,-2827284,1368219.1030303028
2010-06-09,182.43984732283923,188.39706682725847,182.43984732283923,185.82801818847656,1604824,-0.0073585598480033765,0,0.016820156025897114,normal,0.04963203829221907,0.07773701178858716,0.03601575345015062,0.012484976400261028,66.07144724048894,1.346327748447854,0.03371783315736101,0.8423073838517058,-4432108,1266660.6424242419
2010-06-10,183.92912782941548,188.0247156960624,183.92912782941548,187.6523895263672,1728521,0.009817525665264615,0,0.01687557971682427,normal,0.020036463563517515,0.08154523762536114,0.04160510526432226,0.01458129457539048,80.08472000893752,1.29836250185612,0.032412130687328636,0.9399598875563874,-2703587,1240932.0787878782
2010-06-11,189.8863596024782,189.8863596024782,187.72687221474163,188.2108917236328,1635866,0.0029762594479894044,0,0.01613678384988688,normal,0.004171664286614973,0.06938878168153573,0.04027607402050015,0.016511679323070183,79.94307943520168,1.2180826175851176,0.03086053738014273,0.888852496320686,-1067721,1231000.0727272728
2010-06-14,189.88635950257003,193.16282547447963,187.3545459208666,190.2214508056641,1971808,0.010682479975619996,0,0.015360907677977587,normal,0.017526491383796028,0.07693928458044752,0.046268186252362176,0.018740098827241924,83.92369689812776,1.211647570082874,0.031191452770871157,1.0540723898570186,904087,1307783.333333333
2010-06-15,190.92883695421816,194.577628522116,189.4767673042381,193.7212829589844,2864416,0.018398724951876444,0,0.01570464720092722,normal,0.03480505888763341,0.1127031346216647,0.05891076650911997,0.021671812429609805,85.39602014426015,1.344114709771406,0.031218250421328426,1.47473109694663,3768503,1327640.7757575754
2010-06-16,193.60959752214907,194.3542498203112,190.10973399328563,190.5565185546875,1387595,-0.016336689267988036,0,0.014638220173285258,normal,0.025445572806007455,0.07634052674210179,0.037500040859595574,0.023145385917839878,76.50465367564962,1.1283164111501849,0.03211354229380391,0.7145988287664453,2380908,1131350.3636363638
2010-06-17,189.88636906439137,191.1522872814828,185.0833631782027,188.3970642089844,2499448,-0.011332356206346983,0,0.014830131127378325,normal,0.003968373035359463,0.02408434876060639,0.023234070449440924,0.023667344942908564,69.47377654388576,0.7671294642385336,0.032679268145202826,1.2652660857542755,-118540,814592.7999999996
2010-06-18,189.8863642014541,192.6043409479676,186.3865001533772,191.9341583251953,2233551,0.018774677466774525,0,0.013431592529829391,normal,0.019782418368378574,0.02403660826320375,0.03824797022229176,0.025107277320219,72.02578773654945,0.6955417172549891,0.03315781202925719,1.1275318721776064,2115011,856001.8303030303
2010-06-21,193.49795529699844,193.60964862620773,190.70550844181275,192.6788330078125,2056026,0.003879844469140803,0,0.013434310679838843,normal,0.012918533591981474,0.03067144154346857,0.0380965168436751,0.02647948386492427,78.19225344090343,0.6294309213893192,0.03249136114908335,1.021368132137533,4171037,817880.3636363633
2010-06-22,192.23202736956824,197.6680039446213,192.23202736956824,194.91278076171875,4306917,0.011594152398751945,0,0.013256717629185316,normal,0.006150577698716964,0.04116970780534723,0.045142322493069154,0.02823767036234237,77.71376434031939,0.6638259373459316,0.032309994375679454,1.9863941599900914,8477954,1065279.4545454546
2010-06-23,193.60957243063672,200.4603817758673,193.60957243063672,198.22642517089844,3854534,0.017000652272416206,0,0.0134515314001126,normal,0.04025003539309391,0.06671979340514067,0.05657995771151936,0.030642560346351155,74.90257982272522,0.8268037300420001,0.030817336357917047,1.7328400892895917,12332488,1278904.4
2010-06-24,198.5243073073166,204.2953626201748,198.1519811581,201.726303100586,5356066,0.017655960483927258,0,0.01365470865930308,normal,0.07075077813747566,0.07499991665302663,0.06758539913328798,0.03364215900767298,74.93517304220474,1.0718316861922386,0.029781682311197086,2.225463702847582,17688554,1696705.909090909
2010-06-25,198.9711006392896,201.4656676265556,196.77436729753524,198.263671875,920634,-0.01716499619714662,0,0.014624177558653376,normal,0.03297752523592257,0.053412318805271974,0.04436072624636589,0.035059122569585766,67.88245044846968,0.9086683350481266,0.026881290559902744,0.38227105130788264,16767920,1926171.2848484847
2010-06-28,198.2637058962364,200.8327658231969,197.5935232663735,198.6360321044922,1198030,0.0018781061904620255,0,0.014644538026496928,normal,0.0309177661276272,0.044235711919917486,0.0417264318784889,0.03625230920146616,67.9954510862045,0.7408810294367587,0.024902935763782656,0.5038893246169953,17965950,2136248.03030303
2010-06-29,198.6360416353193,200.8327754594264,194.42875982515483,195.5829620361328,1065270,-0.01537017245065242,0,0.014721844425179596,normal,0.0034383649537756966,0.009610090583297204,0.02320903740800806,0.03623411041658775,64.58801687856138,0.35869962965172775,0.025454846911594723,0.44783941664971577,16900680,2272369.7454545447
2010-06-30,196.40203519063024,200.31145958778967,194.57762804862887,199.2317047119141,1434286,0.01865572868820342,0,0.01479590183473833,normal,0.005071369975768736,0.04552552818987876,0.03811584645320054,0.03715199852724793,66.42029580083295,0.28905122930501914,0.02557600844551149,0.5945242468405202,18334966,2235041.006060606
2010-07-01,198.82219731042144,203.4018051753829,196.8488729308026,202.91778564453125,2551949,0.018501477653605214,0,0.012975316557770268,normal,0.005906431266681,0.07707509401228974,0.05158163661963133,0.03887842421030907,69.15621933026536,0.42066757657228404,0.026631717091276142,1.0613465800240642,20886915,1976897.0969696967
2010-07-02,202.91776422123152,203.6624165669975,198.97111587866624,199.8646850585937,1734300,-0.015045997945620893,0,0.013282102542307897,normal,0.008075171656273472,0.04131899606927525,0.03224405821706178,0.03931777637868916,62.22852072164586,0.24049561503176076,0.026639347785975754,0.7750903489966864,19152615,1518446.8303030306
2010-07-05,200.4604430461825,200.5721363655734,197.5935266485424,198.18923950195312,844054,-0.008382899440936176,0,0.01347919498269268,normal,-0.0022493028973918916,0.028598919809303514,0.021296264148405797,0.03905172136283874,55.9406591426811,-0.03828371881970849,0.026099678648001372,0.38602174791538724,18308561,944509.2424242427
2010-07-06,199.3434575933668,199.7530073254742,197.70521321496145,199.08282470703125,1054052,0.004508747333223928,0,0.01347752456590912,normal,0.01789451716275714,0.021394409997209873,0.023376601523861673,0.03892728662027678,62.065399049070855,-0.2002173721241176,0.025194372120434242,0.49834444573226977,19362613,543829.2727272726
2010-07-07,200.1625818112724,200.1625818112724,197.07227849823383,199.26901245117188,1001367,0.0009352275587541925,0,0.013262511145228644,normal,0.00018725804365193888,0.00525957767424079,0.021965292650286905,0.03871953070424872,66.29467001477367,-0.3251137043064336,0.024103136165030372,0.48028703059976224,20363980,322802.9939393946
2010-07-08,201.1552572591536,202.6265590573999,199.26895519000576,201.0420837402344,1340864,0.008897877634120421,0,0.013241328993762073,normal,-0.00924365450933251,-0.003391820252663935,0.028017775905921694,0.038900186389773106,64.41290711415397,-0.31823628854374597,0.02287434261210116,0.6491553963320162,21704844,434634.4000000001
2010-07-09,201.4570676165573,202.09841494640915,197.08085588253743,197.9862670898437,1159054,-0.015199885484370124,0,0.01388960341344667,normal,-0.009398448596355635,-0.0013991710258004497,0.011198614205212953,0.038018733766290946,57.826328006098414,-0.5365691882085244,0.023989865883782293,0.567687577534539,20545790,373186.7757575763
2010-07-12,199.75942759196573,200.0989712402602,197.0431474840682,197.79766845703125,1133170,-0.0009525844170134024,0,0.013777639474718311,normal,-0.0019757432134351882,-0.004220602065892698,0.009251547391298187,0.037052332780092456,54.52713011979183,-0.7004120739014814,0.023153220735147254,0.5666475720581445,19412620,284006.18181818177
2010-07-13,197.79764959664595,198.0617365172324,194.93047938323764,196.02452087402344,1313668,-0.008964451385295336,0,0.013422208850032103,normal,-0.015361967249100439,0.002257654927063868,0.00018471346675075218,0.03555919757800785,46.36909686367106,-0.9210385910893191,0.02200730173268968,0.6834041555907315,18098952,34617.5757575767
2010-07-14,196.1754545087292,197.23177927393024,192.78011010377045,194.36460876464844,1281275,-0.008467879946722379,0,0.013006134952509907,normal,-0.024611973664119935,-0.024429324410506825,-0.007501627597371607,0.03364848332312609,37.07647140760101,-1.1563647251727893,0.02157354784007146,0.6684009539753952,16817677,-203564.1999999994
2010-07-15,195.23226356293964,199.19349789610072,194.36456921900063,198.7030639648437,1134558,0.02232122003985082,0,0.013485264864265545,normal,-0.01163447837325915,-0.020770587784113004,0.013238231203047235,0.03311404089447656,50.74834535530023,-1.0031307320066705,0.021058296127024277,0.6137120717808978,17952235,-191339.6787878784
2010-07-16,198.51447039051263,201.38164084551752,197.533579320846,200.8157501220703,2734672,0.010632378359300976,0,0.013093321667496369,normal,0.014291309563115417,0.00475854482845639,0.02167500061076888,0.03312991857892955,53.50460640460993,-0.7541446005392598,0.021053303980792096,1.459474601909243,20686907,-109999.35151515131
2010-07-19,200.0989726854421,203.04159989602007,198.96719121782343,199.6462554931641,1103384,-0.005823719644476699,0,0.01321271872066958,normal,0.009345848465015738,0.00735164025490187,0.014206152380197512,0.03267757339051003,56.95428264014754,-0.6659374101591742,0.020343154067957482,0.6042280587120611,19583523,-163711.3515151517
2010-07-20,199.6462672214001,199.948071025264,196.92998693431664,198.1749420166016,731859,-0.007369602164228328,0,0.013157768116795433,normal,0.010970164002901184,-0.0045603265463290965,0.0060868248906906786,0.03173623748101839,48.04570261133592,-0.7008708796126379,0.01951534606064161,0.4442638044090508,18851664,-202526.8848484854
2010-07-21,198.17491382801657,201.45708441529368,196.85450222604368,197.495849609375,1312784,-0.0034267319587241163,0,0.012625239825126588,normal,0.016110138901460846,-0.008898337077027252,0.002387279242629159,0.03060287289399799,38.71835836893522,-0.7590001344468202,0.018877064318756777,0.8635232493707675,17538880,-239997.69696969815
2010-07-22,197.6090543457043,198.7785757649632,195.83592530926032,197.91085815429688,1046091,0.0021013532473856955,0,0.011933429526186748,normal,-0.003986882712019857,-0.015574975784589329,0.004063943203066245,0.029621280869591038,45.43323722800088,-0.7570679450049838,0.018206369783458853,0.8017460294893479,18584971,-96774.4303030297
2010-07-23,197.98629490763005,199.30670658502143,196.40179628952987,197.6467742919922,1082091,-0.0013343576232629495,0,0.01130537719915788,normal,-0.015780514367781384,-0.0017147290205610233,0.002464079456698798,0.028580453520626214,48.64251026584667,-0.75920427439757,0.01820406144351075,0.8242374597522971,17502880,-52027.93333333397
2010-07-26,198.4012952505016,199.1180763453941,196.6281663927741,197.6467742919922,1255536,0.0,0,0.01129591885667013,normal,-0.010015119974240427,-0.0007628713028628997,0.0022288821615137344,0.027568002117317914,46.23811933547424,-0.7451950874015623,0.018363839932791868,0.9542619514177167,17502880,-45942.34545454538
2010-07-27,198.5898907579537,200.70253986182945,195.72269780138143,196.4772186279297,1910751,-0.0059174032475464156,0,0.010814806556401964,normal,-0.00856679139852945,0.0023093934977511665,-0.003350347588720326,0.02624934566906223,43.04494029223242,-0.7947404480987701,0.01916008790233374,1.4070453113272519,15592129,-208509.04242424262
2010-07-28,196.74132168864327,197.68447279932712,189.46019971939432,190.40335083007807,1542725,-0.030913852711615064,0,0.0119980528823622,normal,-0.03591214090486006,-0.02038055158162544,-0.031008116585761747,0.023263999555982684,28.17340562741822,-1.192693687126671,0.021596993914534766,1.1315193329197626,14049404,-510256.975757576
2010-07-29,191.04470077384224,196.02453209784747,188.63023605495405,193.5346221923828,3682710,0.016445463531254756,0,0.011818859365170927,normal,-0.022112156971712094,-0.026010881107376038,-0.013656714594084018,0.021481033521243198,40.89512366388404,-1.1979920016458383,0.022124759320845337,2.593552265020926,17732114,-501937.79393939365
2010-07-30,193.9118980750501,194.85504933027903,188.32844724932616,189.72430419921875,1941787,-0.01968804315217776,0,0.012124028695129668,normal,-0.04008398376929356,-0.055231952255285655,-0.03002036627289828,0.018754895625085588,35.61831128178761,-1.3971696198177328,0.023875800693324005,1.3575867430186728,15790327,-414554.66666666686
2010-08-02,188.6302273093014,192.3273751593336,188.6302273093014,191.2333221435547,1131419,0.007953740827803424,0,0.012258522414702168,normal,-0.03244906055973684,-0.04213919929942023,-0.020224038286432044,0.016748977964885947,41.38399971901606,-1.3647737848084047,0.023898766114310282,0.7831564794641012,16921746,-279664.22424242395
2010-08-03,191.2333126109584,192.7046260080137,190.55424843172497,191.15786743164065,911243,-0.0003945688495511357,0,0.012176294553425901,normal,-0.02707362834956617,-0.035408485621623687,-0.018684386366596306,0.014920620505809445,43.884843938500794,-1.2869371866550738,0.023048292635698832,0.6338859493204552,16010503,-211004.5818181819
2010-08-04,191.1579017763885,195.0436803581776,189.53567470308755,193.64781188964844,1957529,0.013025592362282401,0,0.01261956771332516,normal,0.017039936773307174,-0.019484144741965803,-0.005343061247225278,0.013995009627114197,39.628596562076574,-1.0180485496377913,0.023002418272336497,1.3178831911622682,17968032,-88651.24848484863
2010-08-05,193.6478231958997,195.72275608681392,191.9501508306064,192.6292266845703,995609,-0.0052599881978453444,0,0.012409580810648158,normal,-0.004678209498414687,-0.026686921167351274,-0.009577453199771324,0.012843812636446739,32.415000635864644,-0.8650936105819894,0.023096070672764018,0.678163532589751,16972423,43933.69696969661
2010-08-06,193.91188053908843,193.91188053908843,192.1764800837888,192.4405670166016,693299,-0.000979392749562602,0,0.012018414831333464,normal,0.014316894342280229,-0.026340967587455966,-0.00955254102675418,0.011740655019598645,33.8409747591367,-0.7378861858009451,0.022250538353777077,0.47985545484244274,16279124,86108.96969696975
2010-08-09,192.70463437674968,194.59093663773223,191.7614832462584,193.195068359375,578268,0.003920697982085608,0,0.012076172126610114,normal,0.010258391130953948,-0.022523544583836652,-0.005132133759731317,0.01095632063434615,38.461489508387935,-0.5716131033764322,0.022093900388257013,0.4080750402822627,16857392,174659.53939393975
2010-08-10,193.5346183320796,196.9299625133441,191.7614895433,196.32635498046875,1342358,0.016207901411173786,0,0.012517834620431682,normal,0.027037796656087743,-0.0007678429515364238,0.009935272164632192,0.011139598496459291,47.56675208834413,-0.23658702755579683,0.021947401643146267,0.946323905845721,18199750,216870.33333333314
2010-08-11,196.3263687466641,200.09897365704464,196.3263687466641,197.1186065673828,1939262,0.004035380715915027,0,0.012376119237392482,normal,0.017923232097826203,0.03526857961285379,0.012659496489148436,0.011485013030870128,48.37711881624475,0.03791501296127753,0.022159941602195376,1.3361350023692695,20139012,230403.1939393949
2010-08-12,197.3072463587711,201.7589157631645,195.42094381232013,200.7025909423828,2907430,0.018181867442203403,0,0.012026540549581894,normal,0.041911419138034534,0.037037139240516215,0.028029398768360414,0.012773817931197362,55.510205653886025,0.43816735869332835,0.022986028621981153,1.887892093216908,23046442,574223.7151515156
2010-08-13,200.7025643951928,202.0606928385344,200.023500173522,200.55165100097656,1392182,-0.0007520577621720204,0,0.011792344180794662,normal,0.042148514266616255,0.057068844434335686,0.024596578227654042,0.013797502635969572,55.20967424142914,0.6569028537455501,0.02284208844917588,0.9451877376429888,21654260,648238.4727272729
2010-08-16,201.3816548443696,205.1919997961448,200.96667749545583,203.6452178955078,1816654,0.015425287595943082,0,0.012190483611886597,normal,0.05409118164804183,0.06490446127707683,0.03641342521884039,0.015517708590356394,62.02537154185004,0.9559602592920333,0.022376017855632258,1.2042150782456356,23470914,825693.4060606065
2010-08-17,203.72067816688664,204.4751991971344,199.4576389512179,200.43850708007807,1059553,-0.015746555939629925,0,0.012631403482681325,normal,0.020945492010068678,0.048549608619986584,0.018145094537756146,0.016029742572104988,68.62743654089084,0.8854369672205898,0.021591250993500816,0.6948052316380835,22411361,805221.1515151516
2010-08-18,200.4384597077353,204.0224337543628,198.70307095877536,203.1547393798828,1543787,0.013551449466342236,0,0.012910839650643526,normal,0.030621831787536635,0.049093906083751415,0.02881264752673407,0.017186624904874437,68.13648158056739,0.9629349039401671,0.02057303024394869,1.0047333112834234,23955148,921871.236363636
2010-08-19,204.36197533597016,207.07825498137225,203.04156385810865,206.77642822265625,1525384,0.01782724269110547,0,0.013418710593497883,normal,0.030262874294518127,0.07344265344143208,0.042471993123936125,0.01915076690018136,82.3780760574545,1.1847365071490126,0.019352582154397113,0.9775102046400692,25480532,982779.0484848488
2010-08-20,207.4932998082579,207.4932998082579,202.24936902082305,202.8907165527344,974087,-0.01879185022839125,0,0.014210587102940212,normal,0.011663157795427148,0.05430325683477788,0.020657757781203268,0.019673444849422905,70.30231617527872,1.003552630125683,0.02026776966521139,0.6263908259559734,24506445,841206.3151515148
2010-08-23,202.2116340928277,204.3620236128517,201.30619965508467,202.8529815673828,956531,-0.00018598675184722246,0,0.014211616800485258,normal,-0.0038902771020702387,0.04999047486058239,0.01848257382027252,0.020039296965818965,70.394803715737,0.822564802436887,0.020590365591679708,0.6210722430675261,23549914,586285.2606060613
2010-08-24,201.6456824076938,205.1919393536669,201.5325088937048,203.4565277099609,1378329,0.002975288496696926,0,0.014109465116931279,normal,0.015057089946679314,0.036317960113920966,0.019424212968111254,0.020449127960278313,68.3098174327563,0.6902378075308435,0.019880295864650052,0.910685399403095,24928243,414914.8424242428
2010-08-25,203.72068148940355,205.6069840957869,201.5325750712298,202.21163940429688,1593133,-0.006118694345549347,0,0.01201349196841847,normal,-0.004642274054076689,0.02583740279826441,0.011915829906121944,0.020373967293158213,67.73752018795201,0.47581131983801694,0.020109294353542338,1.0508600865274427,23335110,204372.90303030267
2010-08-26,202.32480965569744,203.0793306859452,199.1935519854003,200.43850708007807,1932725,-0.00876869565689864,0,0.011859277329270185,normal,-0.03065108144606077,-0.0013157969763357702,0.0027520744816491582,0.019730750839360267,63.98428241285434,0.18637128197124264,0.021053498581968533,1.3529482034467006,21402385,43497.68484848497
2010-08-27,199.94801461745087,200.5893619110761,198.4766898277313,199.15577697753903,1440447,-0.006399619121222888,0,0.010926354155271706,normal,-0.01840862725833292,-0.0069601721874168465,-0.003317252237742263,0.018735862758047173,60.23318525674837,-0.10404132456065263,0.02093202227413222,1.02635309291894,19961938,-268831.5393939403
2010-08-30,199.9480665814513,199.9480665814513,197.30724306056416,198.9294586181641,1358795,-0.0011363886240691734,0,0.01087585760187728,normal,-0.019341707077228376,-0.023156739579141106,-0.004027780881908916,0.01773728077630543,54.964072403404074,-0.3121847488692753,0.020048246238610633,0.960394365331106,18603143,-513653.5939393929
2010-08-31,198.5898719748133,199.9480001236856,198.17487174377464,199.5707397460937,1474262,0.0032236609518980774,0,0.010863475472675908,normal,-0.01909886110612602,-0.004329344429000792,-0.0007393422242122361,0.016983853301122398,54.70325557546336,-0.4017725167359494,0.019268185506085236,1.0216778985062314,20077405,-689694.9393939386
2010-09-01,199.5707798040143,201.72116899314403,199.19351935069847,201.11753845214844,3097428,0.007750628714523478,0,0.010649031806690882,normal,-0.005410672478456724,-0.010027828708071507,0.0063341341941118845,0.016701163856911228,50.863348728882976,-0.3536518199035785,0.017766725783058514,2.064984833258849,23174833,-565576.1575757582
2010-09-02,202.0984590210249,205.38063005040627,200.9289376289111,203.6452178955078,1370949,0.01256817014971956,0,0.010759515090537318,normal,0.01599847685030209,-0.015142975212710241,0.017143120245458165,0.01710324314383116,55.85724884380439,-0.1583371305252539,0.018393088052208423,0.9026865405121334,24545782,-255527.70909090922
2010-09-03,203.7206916900376,206.73877601137147,202.9661706097041,205.90879821777344,2525693,0.011115312923415166,0,0.010872875936740614,normal,0.033908236771841294,0.014875405421788113,0.025670006227322517,0.018021031232716478,54.424852143016516,0.1025038764241688,0.017889875445258812,1.568399941665321,27071475,138676.98181818172
2010-09-06,206.8896642848668,206.9650979628043,204.1356442555504,204.9656219482422,1221034,-0.004580553515414754,0,0.01101846400213076,normal,0.030343235094527854,0.010414638052325564,0.01893672621438891,0.018481856467338353,59.708797275284034,0.18586045197870593,0.017209663725458527,0.7433991750934239,25850441,371419.812121212
2010-09-07,205.6069738108095,205.6069738108095,203.19249738495503,204.2111053466797,1591280,-0.003681186114972146,0,0.010657082081040782,normal,0.02325173322747487,0.00370879049796069,0.013719718504353162,0.0185987872577964,52.473602519980346,0.16521974064956502,0.01625718415176451,0.961529136351627,24259161,581368.9757575761
2010-09-08,203.34342368168512,207.79509328692512,202.96616315537403,206.92739868164065,2144813,0.013301398718496005,0,0.01094657821397438,normal,0.028887884538595587,0.023320909178305094,0.024549186276068946,0.019386573227835324,50.36916808453487,0.3015999773536717,0.016317249757935953,1.2880020763562974,26403974,810209.1575757584
2010-09-09,207.6818716227522,214.2839293037661,207.49324140329463,210.54904174804688,3187222,0.017501998717811773,0,0.010896217116007547,normal,0.033901232368154455,0.05044207729969519,0.03828017633952285,0.021000702828913642,68.9719172562284,0.586338522361004,0.016753275175013824,1.8980435136811595,29591196,1046851.1272727269
2010-09-13,211.26587441581768,212.88808991770856,209.8322891589409,210.62452697753903,2465247,0.00035851613887882827,0,0.010881839305002545,normal,0.02290202653107687,0.05758683064108894,0.03484297067699038,0.022335062055311772,69.21645507724077,0.7214948230202367,0.016747263140656356,1.422640096028107,32056443,1222672.9999999995
2010-09-14,210.51134252221672,213.7935132205354,208.021432627576,209.8699951171875,2084980,-0.003582355156728667,0,0.010518408970345427,normal,0.02392778419292063,0.054997065668505485,0.028087194408452643,0.023193172455356903,65.7408454628596,0.7011965699483196,0.01752650709332514,1.1939524497147214,29971463,1047582.296969698
2010-09-15,210.0208646796306,211.9071666382654,208.70045330858625,209.79449462890625,1790301,-0.00035974884470313384,0,0.009718296677755254,normal,0.027341261743566214,0.05122872669520517,0.025011570232315927,0.02382427712744728,69.7442759677259,0.6262625092242247,0.017237390812253357,1.0041954007337863,28181162,735325.1272727276
2010-09-16,212.020366066078,212.69943024896,208.85136917776208,209.832260131836,1871508,0.00018001188733074436,0,0.009358869331415555,normal,0.014038070689055937,0.04333148539286169,0.022741885360102465,0.024287904133874383,76.88953881983423,0.5268129420317722,0.01722144905423651,1.0401846946605489,30052670,633418.0545454547
2010-09-17,209.8322491244652,214.28391745222177,209.45498870641552,212.6239624023437,2793747,0.013304447413156062,0,0.00899523152923192,normal,0.00985480929796756,0.04409013184607624,0.03277364508905389,0.025360066997687225,85.48690968126377,0.5917599385242545,0.017907830649979018,1.4998972820919374,32846417,691926.0606060597
2010-09-20,213.34078743623004,222.58366858952385,213.34078743623004,221.2255401611328,3669599,0.040454413799854594,0,0.011414221832227246,normal,0.05033133289706693,0.07438604894949696,0.06697795793677375,0.028534246215356607,90.75837791699914,1.1257668275008132,0.01957464423403014,1.8371867864399698,36516016,1018359.7878787884
2010-09-21,221.8290641145371,226.35618787197663,218.13191765118992,222.54586791992188,3025979,0.00596824289739506,0,0.011367052983927803,normal,0.06039869013031818,0.08577168114621214,0.06590027874171511,0.03151302974986736,90.98225814529256,1.4585396313700487,0.02152907683568481,1.4403432324615635,39541995,1313965.3636363635
2010-09-22,222.5836965061674,225.60178052659,218.32065743255123,224.8472595214844,3043081,0.010341201223249108,0,0.011427272391242022,normal,0.07175004720311717,0.10105304576737728,0.06909081197691425,0.03457213643062662,91.21865499757492,1.7070232046359175,0.022818783376778742,1.3932811981661282,42585076,1503513.6121212125
2010-09-23,224.8471796745878,229.3743040975661,222.58361746309868,228.8461303710937,2649697,0.017784832504161407,0,0.011445252406905542,normal,0.09061461868309206,0.10592474379468308,0.07905021435840376,0.03813481386461404,91.64564086296663,1.9940885104137926,0.02315010489582913,1.1845189276141974,45234773,1758446.0181818174
2010-09-24,229.3743841495804,239.749047906346,229.14803705989425,237.6363983154297,9314247,0.038411258823043415,0,0.01294674484824782,normal,0.11763695695669285,0.1286510560318619,0.1077849626488312,0.043369731631580644,93.12801634770236,2.591518498926316,0.024436996915468454,3.5741334534298326,54549020,2505657.6181818186
2010-09-27,239.9376759627117,241.10717429232025,232.46792273136745,233.0338134765625,3426497,-0.019368181269764473,0,0.014019248270101817,normal,0.05337662779274477,0.10639447751217124,0.07747040748010958,0.046471888531810945,84.70139075178929,2.4915536192625236,0.026700440596108915,1.2665782962775225,51122523,2927800.103030303
2010-09-28,233.14692020640325,233.7505276178381,229.7892935366614,231.0342712402344,2201520,-0.008580481117729355,0,0.01436843103097672,normal,0.038142264332523546,0.10084469726713041,0.06132906156001661,0.04842538849658129,82.17172499140759,2.120156814209796,0.027409735141401565,0.8012945220342526,48921003,2859757.012121213
2010-09-29,232.2415207254889,233.5242154489156,229.0725468032616,230.8833923339844,2061130,-0.0006530585503183861,0,0.01445653529081587,normal,0.02684548090710992,0.10052169263250277,0.05454610331129839,0.04986879841308456,80.61698097900711,1.7112460797262674,0.027310933326756916,0.7422687199095821,46859873,2330243.8545454564
2010-09-30,230.88339756787585,235.29734947955063,229.7893330421429,233.18467712402344,4275160,0.009967303264108773,0,0.014467763075995885,normal,0.01895835750377084,0.1112908805229249,0.0584987183982002,0.05150090670998431,79.93996059535654,1.4528491998661153,0.02647517102303222,1.5076290935358738,51135033,1932279.824242423
2010-10-01,233.14695129702167,236.5422952479492,231.71336623408223,233.6751251220703,4831148,0.002103259974436611,0,0.014464916674590284,normal,-0.016669471602163144,0.09900653944117521,0.054625762413860635,0.05281949173013145,80.15777571221874,1.1834623687412034,0.02696160415764938,1.6057291832072729,55966181,1728538.9636363634
2010-10-04,235.18416270888903,236.24048731411088,230.9211014029322,232.80740356445312,1726502,-0.0037133672536342477,0,0.014622024848769137,normal,-0.0009715753638136482,0.052353193012364185,0.04565955676636069,0.053516168780390005,79.92106643906459,0.8319363936634998,0.026923202589999487,0.5815615851952546,54239679,1395025.6363636367
2010-10-05,232.8074200981799,233.14696372182743,228.7330117451646,229.3743591308593,2544656,-0.014746285474737442,0,0.015184488593694952,normal,-0.007184700782547959,0.030683522793577556,0.02728139568874033,0.05302474580900762,73.48414692978753,0.2817457027311452,0.02770210343746342,0.8384601918267449,51695023,909612.5454545458
2010-10-06,231.37381799283705,231.37381799283705,226.43171555152009,227.2239532470703,1825848,-0.009375092717151312,0,0.015422131881737489,normal,-0.015849728514126027,0.010570258808775046,0.015942734007103443,0.051841017650297694,69.85350882082437,-0.2829094378349044,0.02830818645119775,0.5992980932692467,49869175,380170.38181818253
2010-10-07,227.7898460218607,232.31697124134573,222.20639618972567,223.60226440429688,3504863,-0.015938851476786975,0,0.016014733443923297,normal,-0.04109366377718715,-0.022914374642443947,-0.0002264006546089936,0.04969277998409005,62.2992306677143,-0.9202794931131981,0.03045388875310836,1.1252843259970489,46364312,-252091.76969696797
2010-10-08,225.29994343595075,226.3562680817689,221.26325204992915,223.1872711181641,1884586,-0.0018559440229211077,0,0.015738531452686402,normal,-0.04488220129732434,-0.06080351031951914,-0.0018840195282843197,0.047533057438496895,52.691472551434956,-1.3630725345918222,0.028952985209935726,0.6179953610980999,44479726,-379891.1030303027
2010-10-11,223.6400183515225,225.97903804165853,221.8668894077346,222.47052001953125,1788969,-0.0032114335868794752,0,0.015790642226646518,normal,-0.044401008673506825,-0.04532944511116477,-0.004606930693857314,0.04529538021235657,49.89488258269535,-1.6768472910938046,0.027725987194610766,0.593218312863852,42690757,-711651.6484848468
2010-10-12,223.26274522215385,223.26274522215385,218.8865329084551,220.1692047119141,1096446,-0.010344360715366374,0,0.016006677891179086,normal,-0.0401315755336612,-0.047027942954067536,-0.01350340843949438,0.042596693924632056,43.473659068876515,-1.9906086066666475,0.027073364641854576,0.36963743945182137,41594311,-1147783.1151515138
2010-10-13,221.82916595113585,229.9779832450022,219.7919501145929,228.88394165039065,2469299,0.03958199762714121,0,0.017996665936551776,normal,0.007305516780246268,-0.008660002191502092,0.023055238016345347,0.04230338715808979,50.04661652098544,-1.5803578925848285,0.027102145598567478,0.8230381857141937,44063610,-1497825.8242424221
2010-10-14,229.8270681122961,230.50613230928656,223.9795312042864,225.7149200439453,1550344,-0.013845539287705377,0,0.018442249966006567,normal,0.009448274798454337,-0.03203365320657503,0.008036968516783372,0.041080487970167834,32.93734510553132,-1.4926082374980751,0.02609775144639859,0.5195233951302775,42513266,-1613527.987878789
2010-10-15,226.2431390956636,231.63795994184696,224.0927495202884,225.29998779296875,1126220,-0.0018383022748154065,0,0.018342697504674134,normal,0.009466116343552988,-0.035840945093006615,0.0055916566202378615,0.03975607259940195,37.423350636718226,-1.4324344755167662,0.02579896316159941,0.3882460208118166,41387046,-1364077.5333333323
2010-10-18,230.12889244267845,230.12889244267845,219.6410557201934,224.0550079345703,2557873,-0.005525876279862341,0,0.016160435359955053,normal,0.007122237656027153,-0.03759500555341955,3.1559381641788065e-05,0.038139526646408406,38.36487042683309,-1.442406048377321,0.0280229933095882,0.8990123992020606,38829173,-1192530.769696967
2010-10-19,224.847187389027,227.82755361353472,221.07458357377487,224.09266662597656,3265475,0.00016807788298689452,0,0.01611399162828871,normal,0.017820212046440576,-0.023026516672988273,0.0001806255567187165,0.03660043040234684,38.63628355145593,-1.4106781009251677,0.028751813954231736,1.1429021723024928,42094648,-825716.9090909091
2010-10-20,221.45187575975407,226.28080473156817,219.9428340169278,221.3764190673828,646829,-0.012121090794672607,0,0.016172318412285093,normal,-0.03280056490146965,-0.025734673198512747,-0.01081756278810253,0.03443886430473575,30.51053117243157,-1.5270095759333575,0.02937238363103308,0.23629618032915553,41447819,-499539.64848484896
2010-10-21,223.11183151759863,231.7888215633616,221.82913682211293,231.22293090820312,2586069,0.04447859389135389,0,0.018681151255972347,normal,0.02440251119946102,0.0340813476295001,0.02992532874288578,0.034916998410435385,46.90770031822168,-0.9248372207236528,0.029846402409317612,0.9458284273145402,44033888,-163884.56969696877
2010-10-22,231.6378717826115,232.69419623437145,225.9412492928787,227.29937744140625,1095117,-0.016968703974929444,0,0.01680407820916282,normal,0.008874344237758125,0.018424466156338415,0.011249889894773268,0.03420535048444995,43.55120284982331,-0.7805529618158347,0.0308120943287866,0.4713774163017308,42938771,14645.351515151537
2010-10-25,228.7707297501355,232.6942243342032,228.24255594740097,231.10972595214844,2702090,0.016763567738870888,0,0.01679091921283483,normal,0.031486544677628014,0.03883303698781626,0.02544778634740652,0.034412432322467046,52.01397416041182,-0.43548911568291704,0.030607252689333772,1.1814960617526695,45640861,239975.64242424202
2010-10-26,231.78887656167748,232.01522366698808,224.58318669388768,225.0359039306641,1896233,-0.02628111818514267,0,0.01769353216929998,normal,0.004209139544320006,0.022104359349973457,-0.0013592627533797197,0.03293343929131343,47.672612868440225,-0.6124614353866304,0.03222368573670051,0.8347040687285535,43744628,253019.8060606063
2010-10-27,226.2808361259248,226.3562928287649,219.75423428792595,221.0746459960937,1768797,-0.01760278189115505,0,0.01806951367823583,normal,-0.001363167190798542,-0.034119019438354825,-0.017165447689453606,0.03053002260296722,47.33070222593485,-0.9711439006924216,0.03166748450051164,0.7836500236451112,41975831,308139.61818181886
2010-10-28,222.39503749377445,227.45033678467,218.13199897147337,219.7919311523437,5822602,-0.005802179793030882,0,0.017861990071950294,normal,-0.04943713718600684,-0.026241016280396767,-0.020735282335377803,0.028004884078208336,46.47887502243054,-1.251764241542034,0.03322545366392024,2.494155596515106,36153229,-32386.896969696863
2010-10-29,222.4705343911937,222.99868530621188,218.8111027231785,222.3573608398437,1282216,0.011672083110830123,0,0.018126538247434043,normal,-0.02174232352588168,-0.013060928151620965,-0.008426479078055493,0.02635169840494811,49.886982161591064,-1.2203135551973108,0.032866349626678656,0.594429887795457,37435445,-300964.3333333335
2010-11-01,225.6350862128093,227.921928302804,223.5388142969809,224.5297698974609,1758922,0.009769899451099961,0,0.018321879933947946,normal,-0.028471134339235538,0.002118952694997178,0.0011408532584376019,0.025363311922679488,54.366361594523916,-1.0172118087705624,0.03292640115146259,0.8148164378972319,39194367,-596227.2424242422
2010-11-02,224.75854814734123,226.70235531124504,223.4245564528668,224.56797790527344,1192529,0.00017016900623012532,0,0.01806252956200091,normal,-0.0020793394174772883,0.0021210478970745683,0.0011861905211043577,0.024418417891683974,44.76942849481751,-0.8510507261181897,0.030723489757095476,0.5702970639836464,40386896,-613171.3757575759
2010-11-03,224.6822199950348,226.85472448472865,224.49164983388545,225.63507080078125,1301787,0.004751758934917749,0,0.017989956688865757,normal,0.020628438797853477,0.019237151596088298,0.005374487882849888,0.023773495957971402,49.89803485715333,-0.6491530277561206,0.029260155341932576,0.6304470615560845,41688683,-581530.8545454525
2010-11-04,226.3973901045941,230.2087939784088,224.98716601869003,228.0744171142578,1572688,0.010811024655073664,0,0.017750955955102378,normal,0.03768330310621515,-0.013616788705075655,0.01467390449392858,0.02373523543604117,53.368695449181,-0.3463865636078307,0.028219504527545573,0.7990267315779862,43261371,-294622.3151515141
2010-11-08,232.49570474906864,235.5067240010069,230.2088617515369,233.7534637451172,3409332,0.02489997213503492,0,0.01850558897614643,normal,0.05125129594194866,0.02839465015857634,0.035998588508644014,0.025031607227300245,60.63108998118643,0.21127056120404197,0.026600225791858462,1.6675693767133382,46670703,114605.83030303023
2010-11-09,234.7825127963362,244.3491286067146,234.09646465179736,243.1676025390625,4730665,0.04027379377877538,0,0.020272398490040665,normal,0.08300829172948054,0.05217381716514469,0.06980337698980366,0.028396559504725527,67.34396405160834,1.1373382337469677,0.026699169827798127,2.158566984184651,51401368,916774.042424242
2010-11-10,243.0913476983708,244.57780459554272,238.6320002698196,239.92788696289065,2158099,-0.01332297371172797,0,0.02039890253273823,normal,0.06839759257259859,0.06617603134482453,0.04999539759838356,0.030381512500209817,66.70894102726696,1.4356408545759969,0.026942934036201134,0.9614372212299658,49243269,1404987.903030303
2010-11-11,239.81351576693183,241.528647362632,234.0201777244192,235.6972045898437,1301797,-0.01763314146846684,0,0.01919679971942612,normal,0.044594724363335114,0.06614308270342484,0.028397380300874575,0.030931087754752618,54.48344087336771,1.2583216847099634,0.02654650685068492,0.5954381411163288,47941472,1637624.6606060618
2010-11-12,236.30706296915216,236.30706296915216,228.95105743577,230.0563507080078,2991462,-0.023932629543282014,0,0.01974963375826808,normal,0.008689854911509531,0.0467006204543039,0.0034234044134655583,0.02989587672727234,52.6707059120895,0.699325533727035,0.027384651850076772,1.324628650928175,44950010,1246606.4969696978
2010-11-15,230.97107859185448,232.4956401667182,227.92195544212703,231.5046844482422,1832215,0.006295560786637955,0,0.019768889694476634,normal,-0.009620303634632177,0.041137939278686586,0.008804681298065109,0.029239707271121462,50.40094824787288,0.38122663527906386,0.026959966897979633,0.7988241920369494,46782225,934380.7515151514
2010-11-16,231.73336523644605,232.838681711345,225.71135151611807,227.50271606445312,2708676,-0.017286770647113148,0,0.02016125913118172,normal,-0.06442012139381503,0.013240766105759194,-0.007818409339883092,0.027573186815150974,52.614189796016674,-0.1179017036168255,0.027338547720202475,1.1770813234949027,44073549,478376.20606060704
2010-11-18,231.7334380368338,231.7334380368338,225.1778163871449,228.34127807617188,1863972,0.003685942859166458,0,0.020169374862563448,normal,-0.048292047387183734,0.01680248540372964,-0.003766464561319127,0.026228369563142673,58.2465718506985,-0.3951505930556909,0.027223623302719793,0.8354479620265268,45937521,144403.19393939438
2010-11-19,227.9219512939453,232.41940320534687,226.66419267016667,227.9219512939453,1868801,-0.001836403762646377,0,0.01994356220589141,normal,-0.03298831358406962,0.010135306027772684,-0.005065703560705792,0.02485811482249134,59.410809884716045,-0.5981707932174247,0.02615705864957106,0.8152858333757416,44068720,-271998.9212121215
2010-11-22,228.87485368824773,230.97112628655807,226.3974406175173,228.41748046875,1926822,0.0021741178152938634,0,0.017218826171170366,normal,-0.0071237774319818925,0.0015041728872218219,-0.002626887335985817,0.023696298520837766,57.36788832813522,-0.6842759124787712,0.02622105202757231,0.8528624944013279,45995542,-507304.72121212055
2010-11-23,227.921931956875,230.2087740835326,225.33018219925523,228.9128875732422,4559950,0.002168866863759833,0,0.016779864659678647,normal,-0.01119544030470554,-0.02070804040428309,-0.00041957276705284485,0.02271974797131282,55.55553406635576,-0.6910353384424779,0.025950257526925882,1.8746073327755357,50555492,-299738.6424242431
2010-11-24,228.72232372253177,230.5899208161448,227.23589025686587,228.53175354003903,2857548,-0.0016649741185114086,0,0.016339224343609418,normal,0.004523187649743798,-0.06018831804155478,-0.0018857608155489203,0.02169186901527942,54.98072669486972,-0.7020718790796787,0.02601736263406854,1.1710035380924126,47697944,20250.496969697855
2010-11-25,227.9219772247693,230.20881980561987,224.11057292335173,226.5498809814453,4133258,-0.008672197748863408,0,0.015315528237489554,normal,-0.007845261749515942,-0.05575844538452712,-0.009547227561987559,0.020229166793312547,51.1236820590598,-0.8157659078819708,0.02742262099131248,1.6195473630042692,43564686,15805.921212122128
2010-11-26,228.4555260679343,228.6842009637141,221.0613942649236,223.42446899414065,2362814,-0.013795690263728844,0,0.01510156064402063,normal,-0.019732554386586387,-0.05206992427873658,-0.021047142694185283,0.01811166496594896,44.38303292149974,-1.0589623519069646,0.028573881444583858,0.9151781343905254,41201872,-135474.57575757641
2010-11-29,225.6350757456977,228.6841983909099,224.5297594816245,227.0071716308593,1881023,0.016035408533577433,0,0.015398085242490112,normal,-0.006174259671354987,-0.013254053051630854,-0.004842249752492589,0.01708781167502238,41.415978618238896,-0.9400698481236829,0.027439310122587286,0.7887785814470811,43082895,-301892.49696969736
2010-11-30,224.98722039502687,228.9510906869928,224.4536376815111,227.3502960205078,2755654,0.0015115134345027315,0,0.015219315376789687,normal,-0.0068261405869269876,-0.01794515924218021,-0.0030211058411871994,0.01621879099210921,23.833742006390295,-0.8050592543337063,0.025481970873514254,1.1209132831763349,45838549,-173222.65454545486
2010-12-01,226.3974698610722,228.60808023405744,225.6732935647456,226.85484313964844,1425789,-0.002179248892707375,0,0.015100091556371589,normal,-0.007337756676762175,-0.0028477590773955397,-0.00470145168481606,0.01528051715726364,26.213843448440826,-0.7187047818548253,0.024589560682651453,0.5839223812176383,44412760,-291463.0242424247
2010-12-02,228.036302551549,228.98915357613592,225.2539822123481,226.3592987060547,1999299,-0.0021844119646531324,0,0.015112978822916661,normal,-0.0008412375877886458,-0.008679899608234787,-0.006224851438103807,0.014285558273126941,30.337296704017007,-0.6657416368340594,0.02345271281792363,0.8054925489887514,42413461,-398602.91515151423
2010-12-03,227.9219786118944,232.87680423389205,226.5879870982796,228.112548828125,2629710,0.007745430084350247,0,0.01517196402741855,normal,0.020982839771714,0.0008362403581472222,0.001331952531383962,0.01380046457020967,45.10565249898377,-0.49145376974157917,0.023009899260893377,1.0318744276732623,45043171,-444174.9333333309
2010-12-06,230.5136817144948,231.885800948266,227.99816468035576,228.9128875732422,1186326,0.0035085257221874055,0,0.015001592600358778,normal,0.008394959193103402,0.002168866863759833,0.004381686550126274,0.013524528287105708,43.25391088566248,-0.30995083064535467,0.022715380346707472,0.4690591811370144,46229497,-308394.9878787872
2010-12-07,228.9129644215252,230.0182811256596,224.796651864248,225.4445953369141,1082204,-0.015151144494730096,0,0.01419496604624559,normal,-0.008382222134524109,-0.015151144494730096,-0.009813988115265349,0.012377660445493488,44.48991663854731,-0.4051479244790405,0.02246104771174184,0.4485254128785087,45147293,69516.49696969698
2010-12-08,225.78752975705768,226.740380535467,223.6150253296928,225.93997192382807,1031606,0.0021973318374461925,0,0.010281182429228073,normal,-0.004032848508582099,-0.011341013124274157,-0.006915802157594242,0.011456967001300944,43.450779720605446,-0.41490935089917846,0.021327358499155312,0.4630497660021063,46178899,378748.1272727275
2010-12-09,227.0072889877165,227.31222002024683,215.23006063984008,220.37545776367188,2342551,-0.024628285613986778,0,0.011119524653231305,normal,-0.026435145260603088,-0.02725414461055986,-0.028470856229072528,0.009237248188898484,33.928551698858115,-0.7563920541755228,0.02391658196203005,1.047149605722672,43836348,303066.3818181822
2010-12-10,221.06138693319787,227.00716665587265,219.80362852220424,225.63507080078125,1445464,0.02386660062097179,0,0.012288037046004735,normal,-0.010860770440167422,0.00989417952560312,-0.004782949952371052,0.00857494695677663,45.073992230680666,-0.595395658608608,0.024191604094473552,0.644072346075129,45281812,145414.32121212373
2010-12-13,226.7022572170225,230.20875280640053,224.872788337378,229.44647216796875,3373709,0.016891883667112584,0,0.011854820700110444,normal,0.0023309504343911325,0.010745477861272335,0.010870151310109266,0.008911062269733483,50.84540227745364,-0.2189592539597573,0.023932134240704724,1.4905692267530948,48655521,247730.4666666662
2010-12-14,228.68428769875047,229.71337164598864,226.54991031874965,227.3502960205078,1436627,-0.009135795933817636,0,0.011920983882124621,normal,0.008453077709606571,0.0,0.0014790987217336848,0.008650441884962001,48.22460405102489,-0.10373138712427957,0.024092916441520725,0.6403250611525461,47218894,387848.42424242495
2010-12-15,227.38837909088105,229.37031404796568,225.71137509870667,227.73141479492188,1659988,0.0016763504648338312,0,0.011280740212836333,normal,0.007928844355605147,0.0038640200188886364,0.0028563145113595922,0.008485715433250496,51.86524685680866,6.719279091776942e-05,0.023287500360122164,0.7575855801213583,48878882,506727.12727272825
2010-12-16,228.6461610204198,229.0273014633524,223.19583407611125,224.110580444336,1588180,-0.01589958220672605,0,0.011792534829041041,normal,0.016948904921480157,-0.009934287102730588,-0.011856920908783652,0.007414831293031554,51.06645890107185,-0.16413462828283312,0.023092807960334114,0.7294041932267571,47290702,351556.4181818203
2010-12-20,224.18675143630392,226.1686858462494,221.36630363027075,224.9871368408203,1426750,0.003911267351797587,0,0.011837656704454786,normal,-0.002871601288139347,-0.013701183925920568,-0.007236391459564451,0.00667316756380254,46.571748942793114,-0.20031911110252915,0.022857639830084046,0.661983991192539,48717452,390404.36363636533
2010-12-21,224.98714070458044,226.28302718105783,222.6621939083268,223.91995239257807,1492762,-0.004743313165486818,0,0.011853960146334077,normal,-0.024086314002443765,-0.021811507572139677,-0.010820034370329079,0.005739004501473355,44.3179238992905,-0.2779563880339188,0.0226869432171298,0.6996576520957501,47224690,382380.58787878806
2010-12-22,223.3482754916917,225.2920822360072,223.04336782279407,223.7294158935547,1930756,-0.0008509134491477832,0,0.01183166147759698,normal,-0.015926436826044443,-0.007607986524565624,-0.010562830438625714,0.004858018377349671,44.77016377771327,-0.32092645595139785,0.02248722665220106,0.9643649828038138,45293934,184832.96969696853
2010-12-23,224.6822838700817,225.3302272547853,221.48069494740824,221.89996337890625,1560930,-0.008177076346182588,0,0.011937793180030146,normal,-0.025606706133481816,-0.01788089336526888,-0.01690704251136632,0.0036193862042994684,42.85698224016129,-0.4437755619101411,0.022709434675236853,0.8057369390947055,43733004,-30860.01818181722
2010-12-24,221.86176966013608,225.5969633845044,221.44252461578884,224.872787475586,1335207,0.013397136490750583,0,0.012246560637834737,normal,0.0034010309987988485,0.02040757967131257,-0.0033817666145562475,0.003267385798174205,45.00564308863959,-0.3027698196528241,0.021658611051482073,0.7428681319448619,45068211,-300246.3878787881
2010-12-27,224.33919643428385,226.3973635902888,224.33919643428385,225.82565307617188,662421,0.00423735397814351,0,0.011858348894457655,normal,0.003726951892120134,0.000844648284126448,0.0007610768705996751,0.003186022604004135,45.263051922054835,-0.13199568282797203,0.020988562682298435,0.3868495640897252,45730632,-452068.1090909087
2010-12-28,226.3973856780298,226.6260606008024,223.8818684756812,224.4154510498047,865940,-0.006244649388400192,0,0.011368540040563355,normal,0.0022128383466155643,-0.021926774775081537,-0.004968224419362288,0.0027528821752198507,48.314461850348266,-0.10202016597515506,0.02033191590893746,0.5211502824411973,44864692,-431649.2303030299
2010-12-29,225.40644061159216,232.80055037269165,224.26301941795128,232.2669677734375,2300915,0.034986524710771016,0,0.013871001741675455,normal,0.03816016702937608,0.021625974713866958,0.026925616490585114,0.00431595723462852,58.350310010641245,0.4294279156321579,0.021309013971834916,1.403975710628025,47165607,-335551.58787878585
2010-12-30,231.7332986553124,236.72622719944616,231.7332986553124,235.7733764648437,3240083,0.015096458721700401,0,0.014186352705743012,normal,0.06252102467564558,0.03531336103613025,0.0382332482691381,0.006521910509848405,71.4894515953999,0.9690565023392628,0.018844394125135888,1.8733444597892865,50405690,48589.62424242586
2010-12-31,236.3070145469076,240.7282332558268,234.4775455384914,238.5176239013672,1755510,0.011639344007666974,0,0.014306718215630223,normal,0.060678024135146114,0.06428542297497453,0.04530832520686223,0.00908308421035664,69.33659659629404,1.434676222423348,0.01834223238825703,1.022201263964606,52161200,404100.49696969765
2011-01-03,236.34517658209737,240.8045243646393,236.3070718434381,238.708251953125,799917,0.0007992199848370074,0,0.014262446673627104,normal,0.057046658346683765,0.06098622039006818,0.041566443334405845,0.011310767468822647,65.59718367766477,1.663264122839859,0.01807667703327845,0.49198646183391115,52961117,839323.5333333325
2011-01-04,239.35621764996384,251.4764800694543,238.97507717599893,244.615951538086,5397799,0.024748619021855545,0,0.015116961433208778,normal,0.09001385775259374,0.09242588221537118,0.06054178521185527,0.014637056145410998,75.76803887060997,2.0923613490425255,0.020444728624354452,2.9392317347348587,58358916,1418016.1393939415
2011-01-05,244.4634226610325,249.53258451550747,241.8335450175956,248.2748260498047,2728170,0.014957628432293868,0,0.014661399612561616,normal,0.0689200811885653,0.10971025002777535,0.06862892124854247,0.01833981451239186,77.92754987444017,2.476356273225217,0.021305766038242403,1.4218369974320713,61087086,1881840.6363636367
2011-01-06,249.6850563149815,250.63790727521723,238.13650732951723,244.5015563964844,3041466,-0.01519795507806887,0,0.015333027293173011,normal,0.037019361823247054,0.10185487493292067,0.04716330541794522,0.020551553687066182,77.60590945354744,2.332006105200443,0.023583118226976698,1.5062300754398679,58045620,1884272.8424242416
2011-01-07,245.37819376129232,246.14047458892168,236.76442971426664,238.6320037841797,1724192,-0.02400619733801057,0,0.015272264174707539,normal,0.00047954478558698277,0.06118666675080675,0.019885575110969667,0.02096947225960344,66.27284618581795,1.7249715486873192,0.025532196874120564,0.8671517984883164,56321428,1708185.7575757601
2011-01-10,237.8315963004399,242.138477927006,233.6390521348873,235.5447540283203,2015882,-0.012937282958288776,0,0.014979371598139357,normal,-0.013252570444971079,0.04303807304332308,0.006049930927262803,0.020507489975550852,63.22643637970967,1.0333856449315908,0.027346268958089726,0.9995149886938123,54305546,1329900.2424242422
2011-01-11,235.9259107160447,238.2127531462487,231.19976038843748,234.744384765625,2119800,-0.0033979498545702036,0,0.014618810827351305,normal,-0.04035536812048013,0.04602594726656317,0.0023802154187717584,0.01983567553001797,62.361047231013224,0.4686467462090764,0.02888919280492763,1.0847601257775221,52185746,674321.5878787879
2011-01-12,236.0021475090923,236.68819559736133,229.90390092365303,232.4194183349609,2307451,-0.009904247264467703,0,0.014648504680895161,normal,-0.06386232533967473,0.0006563592015895736,-0.006833698657064291,0.018617721310683732,61.67513592989662,-0.08534673119053071,0.030080110021624654,1.1550503716525449,49878295,-42463.74545454594
2011-01-13,233.2579711769464,234.13458961864515,228.87485570548407,230.3613128662109,1881351,-0.008855135614287968,0,0.01481894926571363,normal,-0.05783293872920647,-0.022954515390077423,-0.014160986800481723,0.016993979595925524,56.21774842056706,-0.5863389675445241,0.030691574205250812,0.9365667349056322,47996944,-678743.7575757582
2011-01-14,231.3522125320684,238.7463452690857,229.8657557328552,230.62803649902344,2492947,0.0011578490741084302,0,0.014296284747259694,normal,-0.033541047127924606,-0.033077586776590895,-0.011794202679552557,0.015583474561553068,55.52635672989228,-0.8781466647874625,0.03276907407649953,1.2136961487258755,50489891,-1032813.921212121
2011-01-17,230.81865025430173,232.87681801659107,228.6842730113824,229.9420318603516,1474297,-0.002974506695220258,0,0.014318836200233203,normal,-0.02378623200962937,-0.036723573739272486,-0.013349156397753248,0.014133738022746423,56.46752612259857,-1.0823439224739992,0.033316749127257746,0.7169346006287329,49015594,-1393714.1939393962
2011-01-18,230.20880463199907,232.34318159492463,229.06538341693948,230.094467163086,1808453,0.0006629292674380505,0,0.01425187321249044,normal,-0.019808429527213622,-0.059364421182234506,-0.011499925797071042,0.012857578041998163,46.89877887117363,-1.164950137228041,0.03166189035653766,0.8727320652337965,50824047,-1248293.7878787874
2011-01-19,231.54283699518817,231.54283699518817,227.5027572927228,228.41748046875,1937115,-0.007288253016302981,0,0.0143788607542194,normal,-0.017218603741806726,-0.07998130900742728,-0.016953196284239525,0.011294718993054342,38.92087997551042,-1.28110936858596,0.031596378458448274,0.9346789852970744,48886932,-935324.4545454583
2011-01-20,225.90191423996632,229.44651522118937,225.90191423996632,228.6080017089844,1109110,0.0008340922062681777,0,0.01421192417798373,normal,-0.0076111354611214654,-0.06500389985954513,-0.014619207525349176,0.00993971423006168,33.83073280401557,-1.2901098209314124,0.03072452931299775,0.5410553181267801,49996042,-616741.9575757572
2011-01-21,228.68427591573712,229.4084520946573,226.39743315657967,227.3121795654297,783110,-0.005668314905286187,0,0.01401601969952402,normal,-0.014377510141130645,-0.04743632052382929,-0.018315647129559798,0.008410208845887057,32.05262715224636,-1.3233879491578873,0.030432594661459256,0.387237983827742,49212932,-358250.0424242413
2011-01-24,227.0071907944545,230.20877914738423,225.6350947934627,227.12155151367188,1753836,-0.0008386178519876886,0,0.013993242780614652,normal,-0.012266049507610899,-0.035760518417810694,-0.017347772984214416,0.007002161914343885,16.397645722364786,-1.2965911859851391,0.02788099511326506,0.8444622747183835,47459096,-243650.4545454535
2011-01-25,228.6079692313323,230.9710439707538,213.85783355288524,214.8869171142578,4655704,-0.05386822306326833,0,0.01850440136346265,normal,-0.06609263680403665,-0.08459187499284981,-0.06401651898905947,0.0027695846697748383,1.7617113061515823,-1.9992105298587401,0.03259768319977447,2.054269158314711,42803392,-441331.0848484836
2011-01-27,214.9632060839444,215.7254869565825,205.8158356122872,206.3494415283203,6960343,-0.03973008548211443,0,0.018183087383579103,normal,-0.09661274126280728,-0.11216780849640007,-0.09245594814812397,-0.003036130665414527,1.5485327191292413,-2.8816806480262107,0.03304923288018917,2.7848871144021663,35843049,-1058771.3515151497
2011-01-28,205.8158348686572,209.6272392180768,203.5289922590054,207.3022918701172,4089851,0.004617654085902201,0,0.0176955720983509,normal,-0.09319756823730585,-0.10009936438192613,-0.08053601466776272,-0.007874997259590288,4.535019052022619,-3.218398842748427,0.03176791855900394,1.6090276743958412,39932900,-1408428.04242424
2011-01-31,205.81582553961755,211.1136866503604,203.07160987982965,206.69244384765625,2852476,-0.002941829619727665,0,0.01721298973120492,normal,-0.0907110906120111,-0.1037844011279545,-0.07591504651500858,-0.012236214397383427,4.8863632567931745,-3.2877913575399127,0.031703599880014526,1.0985158454301067,37080424,-1649731.8787878787
2011-02-01,206.6924170765801,208.8649218284834,203.52895667228128,205.5489959716797,3627159,-0.005532122290930697,0,0.01712013754372757,normal,-0.09498242416107128,-0.10608341455156955,-0.07388044778470859,-0.01629913587260301,4.834494958579725,-3.21255119932799,0.031297194236967175,1.3247352398750398,33453265,-2024628.224242425
2011-02-02,206.7686660801349,210.8087449969761,205.1297670200188,209.3223114013672,1588535,0.018357255465297317,0,0.016540091442734627,normal,-0.025895507216625258,-0.09027664166733718,-0.051742640052928945,-0.018847943051302996,15.801112661495154,-2.7295038953725337,0.030355845093504297,0.6235509677800238,35041800,-2003679.381818179
2011-02-03,207.72153892716847,215.1156727372854,207.72153892716847,212.6382598876953,2913752,0.01584135233424755,0,0.016604657117280864,normal,0.03047654654549614,-0.06908061742329508,-0.033340325652486125,-0.020170638643207006,24.70061067145994,-2.039140109206655,0.030599445266564343,1.1395903891578731,37955552,-1761639.6484848473
2011-02-04,212.6763652073462,212.98127290630472,206.95925861575088,208.0645751953125,2293389,-0.02150922743065331,0,0.016815614190880915,normal,0.003677158213344356,-0.08986311222746901,-0.049230766771596435,-0.02241544753454061,21.31783050989489,-1.7538747238810277,0.030290734705680177,0.9102781329000145,35662163,-1438251.618181819
2011-02-07,211.1517530615743,211.1517530615743,206.9592092282217,209.1317138671875,1160664,0.005128882083234254,0,0.016607507026309632,normal,0.01180144747492129,-0.07998016530834029,-0.04030039450184564,-0.024027528462022607,23.800257036321327,-1.3734896466361892,0.030136169443864026,0.4658941329416977,36822827,-930017.9878787869
2011-02-08,210.9231218346083,210.9231218346083,206.4637741813028,208.3694763183593,1422707,-0.0036447726398507463,0,0.01654610801468375,normal,0.013721693620280195,-0.0825640502644408,-0.03979300363340377,-0.02554689793353504,23.06231976354563,-1.0670418594925888,0.030651443143828755,0.577959682767628,35400120,-466125.86666666676
2011-02-09,207.07357836675945,212.44767206054547,205.3965745345782,210.6944122314453,2032694,0.011157756664579077,0,0.01697997953026031,normal,0.00655496693540325,-0.01951028447480263,-0.026382861538728264,-0.026187866889402667,28.371989439786674,-0.6235528303866751,0.03133399594246554,0.8272240578807049,37432814,-55570.387878787675
2011-02-10,207.7215389858852,211.79974633049488,204.55807799887685,207.8358764648437,2010110,-0.01356721204101774,0,0.017052424456651356,normal,-0.022584756973594522,0.0072034841747772305,-0.03595703493727598,-0.02739039518184172,26.200864048693333,-0.44679328351592407,0.03303555773940504,0.8230127484454048,35422704,-153582.22424242238
2011-02-11,207.8739725947431,209.13173119637776,204.6723840969796,205.16786193847656,2245311,-0.012837122116491018,0,0.01711760467693437,normal,-0.013922183793741771,-0.010296219652882188,-0.04393169215560466,-0.029034515461256127,25.40214213655011,-0.4333036835001458,0.0339693850827719,0.9125135895399218,33177393,-96313.74545454502
2011-02-14,207.34039216904293,208.75061640072693,204.67240918157364,208.21701049804688,1438828,0.014861726055733993,0,0.01766909255180236,normal,-0.004373814722914426,0.0073760154072894935,-0.02696845859105612,-0.029579864078197682,30.254793311930626,-0.15701209167974906,0.033301961584690586,0.5975516474670042,34616221,-68843.87272727137
2011-02-15,208.78872113821888,210.7706560100749,207.1879266931442,208.21701049804688,1209813,0.0,0,0.017699061958944114,normal,-0.0007317089959926193,0.012979944337625282,-0.02446286498823691,-0.029951499946420657,40.64176984678522,0.07528336010213721,0.028660347849724675,0.5052153802980647,34616221,-253315.47272727318
2011-02-16,207.4547401119385,211.075574349056,207.3404026307281,210.31329345703125,555104,0.01006777954390059,0,0.0179745874254878,normal,-0.0018088698716670626,0.004734239981536881,-0.013265453343997091,-0.02962390375149304,56.78848971097271,0.40143386735956277,0.02627764322104177,0.23803972121465594,35171325,-315702.7757575762
2011-02-17,210.0083539011812,210.77063467759203,208.36945488449047,208.8268280029297,965275,-0.007067862566686789,0,0.017972744531294334,normal,0.004767952265708253,-0.01792448775106903,-0.01834734652533354,-0.029619683959066223,52.564055186006385,0.5397559738308866,0.025200121623700552,0.42273795232966377,34206050,-238061.30909090728
2011-02-18,208.17887238706845,215.34430660926216,208.17887238706845,212.98123168945312,2296424,0.01989401326569573,0,0.018748817006877017,normal,0.0380828151015169,0.02363043535654885,0.0010690046147321386,-0.028425628598572783,59.450127853780714,0.9118566815526679,0.024414565066775813,0.9802240247776736,36502474,-142604.44242424247
2011-02-21,213.4386529150657,216.22097355940087,211.9140911085296,213.6673278808593,1037634,0.003221392730071937,0,0.01879662611654337,normal,0.026176138874415056,0.021687834569902753,0.0038833157552586872,-0.02710296304027826,62.36939371155494,1.1875615659614747,0.02399214836635678,0.4405190457004217,37540108,76642.65454545415
2011-02-22,212.94317498053488,214.8107492357615,210.88500723652425,213.6673278808593,2089769,0.0,0,0.018802446786272523,normal,0.026176138874415056,0.025425276562127674,0.003512177217317669,-0.025852092320221898,57.48034391902702,1.3419027610761427,0.023406044994784943,0.8809126893312758,37540108,192348.30303030214
2011-02-23,212.2952384407729,214.96322168868213,211.914097976786,213.514892578125,1318836,-0.0007134235460617422,0,0.014474058971795673,normal,0.015222999309588925,0.01338659301311429,0.002529265100967848,-0.024708091909253493,51.69368956109883,1.3992981937266684,0.021969189921587737,0.5979939455899309,36221272,345691.1272727294
2011-02-24,211.22804979420283,216.48778354463025,211.22804979420283,213.514892578125,3732453,0.0,0,0.011098910174075894,normal,0.022449532083729906,0.027324522646800853,0.002287831612051594,-0.023621555555324414,62.79075263734611,1.3994599184665648,0.021714179091422304,1.8260183072809955,36221272,379711.9757575758
2011-02-25,211.7235208827125,214.8869819786817,207.340405688921,213.6673278808593,2248750,0.0007139328825904734,0,0.01108044473531314,normal,0.003221392730071937,0.04142688753529766,0.0027165829164634836,-0.022549232000715902,61.12161239920244,1.370278598679195,0.02281993420038592,1.152032919939437,38470022,377024.9030303046
2011-02-28,213.324266370693,220.6040380174749,211.91404237138465,214.96316528320312,2254711,0.006064742865443673,0,0.011070376681823483,normal,0.006064742865443673,0.0323996332913421,0.007953251417500917,-0.021194782947691726,65.75583710222485,1.3940814687505307,0.024088143187384784,1.1730481293883412,40724733,529090.8545454561
2011-03-01,216.10662652367589,219.95613560982835,215.49681113320463,219.11764526367188,1559536,0.019326473793756405,0,0.011562191897734376,normal,0.02550842675325482,0.052352277748831,0.024756045246091984,-0.018855118914043345,68.50923575741942,1.6291005141340769,0.022960517002790566,0.8574934579488069,42284269,692179.8363636363
2011-03-03,218.77457656858573,222.5859803415576,217.78362089279804,221.6712341308593,2893254,0.011653962710828747,0,0.011192926034042108,normal,0.0382003402865676,0.05400486334996479,0.033087772455061115,-0.01608770762391798,80.81482840888273,1.8783074990755466,0.021910006004862297,1.5357376389944812,45177523,957143.5696969688
2011-03-04,221.0615188383773,222.50984827472385,218.01239444060664,219.46072387695312,1801007,-0.0099720212348402,0,0.01111370244534774,normal,0.027847384447211576,0.05092207728153708,0.020571082317091927,-0.014197312850037447,82.49606070298896,1.8150286488832876,0.022143096471602786,0.9850646780506921,43376516,938231.6424242416
2011-03-07,218.01231354693,219.4225377102285,212.82881329925164,214.4677124023437,900565,-0.02275127588392034,0,0.011252464355890857,normal,0.0037459378063204873,0.006979397673209098,-0.0023966057248107075,-0.013795901746784245,63.05736179110571,1.377497368067784,0.023509120822018427,0.5120709671742418,42475951,912135.7575757579
2011-03-08,214.2008724940384,217.2880999632345,213.97219759371288,214.7725830078125,958768,0.00142152215852831,0,0.011221363755890678,normal,-0.0008865810807145991,0.005172784898445082,-0.0008853833415368717,-0.01331665558566042,63.52198763706878,1.0632868893298038,0.02338700883172694,0.5483131444935425,43434719,935106.1272727288
2011-03-09,216.03041701805,216.4115574938274,212.2952450080249,213.20999145507807,1441408,-0.007275563439480548,0,0.011335913494001842,normal,-0.026961104850706685,-0.0021404134657229124,-0.007383619846679457,-0.013256290732946874,56.10944334738195,0.7212424146106866,0.02368609745577727,0.8238912268417631,41993311,808004.4121212141
2011-03-10,212.60008028699104,213.28612825700785,210.00833058750504,210.88494873046875,1008740,-0.010904942628353287,0,0.01139027516422692,normal,-0.04865893151487155,-0.012317378970152837,-0.01650256213010215,-0.013759820455388039,54.19249397457794,0.32938095709178117,0.02424415886258941,0.593965264861379,40984571,483979.8969696975
2011-03-11,209.7415520794573,212.82880319792872,209.7415520794573,211.4185791015625,867354,0.002530433652596864,0,0.010932730880692666,normal,-0.036645029840964516,-0.009818113627813818,-0.012696176226966505,-0.014009661540685392,46.26597924612228,0.10852031775090931,0.022805135793251826,0.5284950983349145,41851925,149528.64242424342
2011-03-14,211.4185848094077,212.8288089438469,210.0083606749685,211.99029541015625,602992,0.0027041914245347076,0,0.01044553326962698,normal,-0.011551468351281624,-0.007848801626976654,-0.009080100767754451,-0.014027236942497523,45.97063822486075,0.008600773876771162,0.022242789587901268,0.3867661243926272,42454917,-70365.81212121145
2011-03-15,210.04649143656536,213.3243132447884,206.3875524435833,209.43667602539065,1739445,-0.012045925875167507,0,0.01039227267865405,normal,-0.024844451315407134,-0.02570900577562485,-0.01905319946712336,-0.014658011381762037,40.946127400781805,-0.209748512277651,0.023540902198316737,1.1050466621421533,40715472,-283126.77575757325
2011-03-16,210.465728115993,210.6562983110884,205.05352992269,206.8448944091797,4895626,-0.012375013132354895,0,0.010775141110589808,normal,-0.02985365274140761,-0.056009870130376616,-0.02830580976353958,-0.0158332330667581,37.075207875895956,-0.4928384013123108,0.024717707018279213,2.784164344670049,35819846,-658840.5636363624
2011-03-17,206.0826385703037,207.98834075189905,205.2822296962541,206.3494415283203,1326157,-0.0023952869722724257,0,0.010502421597497619,normal,-0.021507021859323183,-0.06911944467045306,-0.02779693577640785,-0.016931832210980713,36.376728093887834,-0.6667603253398613,0.023893109865773265,0.7380104747238521,34493689,-835649.9454545449
2011-03-18,207.4166491836168,207.4166491836168,203.98638494109707,205.05357360839844,2237160,-0.006279968146868153,0,0.010479515120544708,normal,-0.03010617855920039,-0.06564796658846561,-0.030772905141780105,-0.0181707854417964,34.305528294259815,-0.8127015454102857,0.022610225740043306,1.2024319206557037,32256529,-1125052.3515151518
2011-03-21,205.43467251593617,206.3875235016316,201.7757340360511,202.8810272216797,1640861,-0.010595018406593493,0,0.00947072927607138,normal,-0.04297021319231642,-0.05402531248585918,-0.0372788469148958,-0.019760999791301748,28.66757009421326,-0.9875497828597937,0.02141652773610952,0.8977485065938675,30615668,-1429206.2121212126
2011-03-22,204.29125122520605,206.1207204641824,201.5851637324456,204.0625762939453,2312447,0.005823851980868655,0,0.009569158728844436,normal,-0.025659783345653442,-0.049866731422965715,-0.028742409142090475,-0.020766719612572038,20.300639169783594,-0.9550491831207233,0.02113241352386354,1.2225518591289801,32928115,-1399547.7272727268
2011-03-23,203.833864314329,207.11168543948747,203.6051893985337,205.5489959716797,810725,0.007284136585599343,0,0.009795385606003298,normal,-0.006265073359444151,-0.03593169077637948,-0.019644590060964195,-0.021175868401349662,16.7974443207724,-0.772657204306701,0.020529280890206218,0.44361552190588466,33738840,-1294408.9696969697
2011-03-24,205.7395913597769,206.34942998154207,204.29126243540247,205.12977600097656,908105,-0.002039513590039066,0,0.009791494871183349,normal,-0.0059106800498723855,-0.02729058078415947,-0.0196231511942494,-0.021568146357424767,18.135491667735536,-0.6257299302654848,0.01972184837820754,0.5025475328433286,32830735,-1205998.351515151
2011-03-25,205.8158070038126,207.83584638292413,204.36747819971168,206.8067626953125,2500090,0.008175247528803276,0,0.01004479819170121,normal,0.008549907500086773,-0.021813676100975732,-0.010514397001190945,-0.021386251196255146,30.019738779538727,-0.3735322392763174,0.018469275261961418,1.43240026033224,35330825,-824561.2121212113
2011-03-28,207.1497816482271,213.3623647433186,206.8448740187244,210.923080444336,3088952,0.019904173806385872,0,0.011130048481924702,normal,0.03963925721782302,-0.005034263307928444,0.00829890741889372,-0.020054013792369263,41.625232290331354,0.08795005464945538,0.019205950044028922,1.7281864057872152,38419777,-155392.67878787775
2011-03-29,210.99936856263463,213.85792227291043,210.38955307629703,211.68544006347656,2788070,0.0036143963834329718,0,0.011066274093843129,normal,0.03735552058575786,0.010737202675109803,0.010793565045991382,-0.01861800411535086,46.56361844137221,0.44217399041207406,0.018918147990869112,1.5369200773666583,41207847,598800.1878787883
2011-03-30,209.627186416368,213.7816254159856,209.627186416368,211.9521331787109,1739609,0.0012598557328948878,0,0.010033871358136546,normal,0.031151391310680232,0.024691152199425748,0.010905246453584816,-0.017229026989439178,52.651500503845305,0.6779613788990231,0.019189774877467373,0.9542212318885197,42947456,1115537.5696969703
2011-03-31,212.2952251152328,221.0614552366877,210.7706633549798,218.8508453369141,4410119,0.03254844409792468,0,0.01231614616585331,normal,0.0668897007710485,0.06058365710128677,0.039471702125671415,-0.014127090919693774,64.02883872628962,1.2488494201226523,0.020935959097577568,2.3224476146842137,47357575,1698021.1575757575
2011-04-01,218.01229698744925,221.0995247549885,214.96317395265976,216.4496307373047,1301124,-0.010971922890737784,0,0.012358284776331383,normal,0.04662743092303501,0.055575998644480595,0.02532598300107214,-0.012016554189322792,57.87347034883939,1.403499184230793,0.022262465918700923,0.6943342733346324,46056451,1904464.4545454534
2011-04-04,215.80173828351107,217.17383466725232,211.2661573954769,213.1718597412109,970446,-0.01514334297974318,0,0.011742932311755433,normal,0.010661608450519333,0.050723483908068134,0.008857604098283733,-0.011003950891769088,56.43046094921849,1.2300132239695676,0.022259957607807353,0.5169068299895511,45086005,1781311.8181818188
2011-04-05,212.6763325796392,215.53488543689235,208.8649287699682,209.89401245117188,1201569,-0.015376547795840967,0,0.01220945529430283,normal,-0.008462686955548304,0.028576705553430726,-0.0060251387932220846,-0.01094870855597374,55.12819525775322,0.8571442515830112,0.02297075671140852,0.635902215763071,43884436,1571384.163636363
2011-04-06,210.3895139316261,212.0665411014846,208.9411849738203,211.30426025390625,1355991,0.006718856751868785,0,0.012236553968286,normal,-0.0030566945238451604,0.027999476499605658,0.0005909862029851443,-0.010487389426149907,58.08454943038008,0.6760819490004473,0.022959169710731597,0.7192521255871345,45240427,1356664.0969696983
2011-04-07,211.60911905901185,212.86687751438305,209.6271846605384,210.38946533203125,1185709,-0.004329278173453632,0,0.012025342709163377,normal,-0.03866277049036204,0.02564078913160639,-0.0033857852953307344,-0.010289218099515884,58.815960308476534,0.4748122137510217,0.0229942983223375,0.6259921619322838,44054718,877315.4848484868
2011-04-08,210.7706809336121,212.6001505459033,210.1989702258356,211.1899261474609,779829,0.0038046620545681975,0,0.012043092751137883,normal,-0.024299900960455978,0.021194488009108836,0.00036731459818173384,-0.009867034415230957,64.37993761401597,0.3798091642181812,0.02215947304798638,0.41266223761825166,44834547,471127.3878787881
2011-04-11,210.3132610149472,212.5238706082258,207.645278304413,208.5981292724609,2103172,-0.012272350875251026,0,0.012329248510220792,normal,-0.021455601477148423,-0.011022744248648797,-0.010787537477606635,-0.01014933052934397,57.48420280834481,0.13904060862277645,0.022552263693548538,1.0704471176458523,42731375,40954.32121212131
2011-04-13,208.3694923989083,217.9742365634958,208.1026894265372,214.65830993652344,4129166,0.029051941573967843,0,0.013694084881233581,normal,0.02269858691876636,0.014043808927791224,0.016213666445139108,-0.008753250274525115,63.060096904804176,0.37136263558376026,0.024033574687681643,1.9811314531029405,46860541,-30381.969696968983
2011-04-15,214.6964182638064,215.95417713974845,207.98835541680344,209.6653594970703,2410719,-0.02325999138318746,0,0.01446181483793975,normal,-0.007756117907261384,-0.010789104347973089,-0.006721210863126825,-0.008827802763376469,55.74876435334426,0.1817985543940573,0.0266185212279293,1.2299580459397725,44449822,-185755.59393939437
2011-04-18,210.3894750770212,216.48772073142763,209.4366241935202,214.31521606445312,2137424,0.022177514581028346,0,0.015203026972157948,normal,0.018659445358760518,-0.02072475098498483,0.013829250472950028,-0.0076297377563824265,58.849882522887526,0.35270875642475574,0.027235075035322305,1.068410521261163,46587246,51254.981818183194
2011-04-19,213.85790945041808,214.92512138197552,210.61821543968443,211.1899261474609,993470,-0.014582678609494137,0,0.015550542651169778,normal,0.0,-0.024299900960455978,-0.0008642127710544178,-0.007386115370683233,50.32204268759787,0.24360228134996353,0.0268775596633103,0.5125259633709048,45593776,156672.00606060686
2011-04-20,212.63822364986424,216.9451052171945,211.91404763513484,216.56396484375,1443344,0.02544647272870737,0,0.0161413209234698,normal,0.03818747367999875,0.015912536986153247,0.022169339863617576,-0.005726884814341582,55.297923807888836,0.5065583968466503,0.026964843421191806,0.7484267598096763,47037120,281728.6666666675
2011-04-21,217.8979416590265,221.0232971660051,216.14468210000885,220.10855102539065,1731220,0.0163673868097034,0,0.01639511711159828,normal,0.02539031025856353,0.04866522134162832,0.03506495294791523,-0.0033312287137671204,58.26891680297657,0.8710256073717748,0.026765612862940526,0.9114357835441886,48768340,397461.0303030296
2011-04-25,220.90898222125625,223.653197948712,219.23197829995283,220.0323638916016,718013,-0.0003461343661304017,0,0.016401462829229718,normal,0.0494454802614932,0.04130585737934256,0.031297831371918106,-0.001261171435794961,51.390112663899075,1.0469574944811804,0.024869455603212395,0.37893726435100605,48050327,505229.61212121154
2011-04-26,220.26106867188216,220.26106867188216,212.94316760149945,216.182861328125,1236592,-0.017495165235660637,0,0.017030117907430864,normal,0.00871447813164239,0.02753653081893037,0.01197759400717846,-0.0004698466364551068,49.69647706451325,0.8523060496963837,0.025702692242362844,0.6470132292719762,46813735,432441.0606060608
2011-04-27,216.48773828469467,219.34629116697496,215.0775142101772,216.10659790039065,603760,-0.0003527727742422826,0,0.016994239829372357,normal,0.02328080625160478,0.02328080625160478,0.010502249362976501,0.00019919955490821373,53.60143569823829,0.6744408310317818,0.025170065594594594,0.3323910192544666,46209975,345266.1151515153
2011-04-28,216.48775854989373,216.868898969876,212.18087645668783,212.905029296875,2628098,-0.014814765650937423,0,0.01687830817277041,normal,-0.01689540339508888,0.020646877512447093,-0.004044291857574378,-5.898591760855609e-05,53.701973585472,0.3154340202519115,0.024883632560522218,1.4654503956289722,43581877,-42142.95151515241
2011-04-29,214.01038248999456,218.774638556112,213.17186876976407,217.4025421142578,2062384,0.021124502470589723,0,0.017485977561068875,normal,-0.012293974489072435,0.012784187942902703,0.015351379794410924,0.0008947652189525979,56.968670216531514,0.35232935096756646,0.025270489234895537,1.1737511822829125,45644261,-52089.72727272689
2011-05-02,218.6221283565151,219.53687463936484,213.59109358973444,214.239013671875,1305466,-0.014551478614818536,0,0.017849984660274945,normal,-0.02632953678841843,0.021814066881508776,0.000521580990087589,0.0008919516143441886,54.18395303326809,0.1457215744020126,0.026545868171482228,0.7522648848098609,44338795,-279215.5515151497
2011-05-03,214.65829961929143,215.1156727980921,206.95925810887272,207.8358764648437,1559712,-0.02988782060413253,0,0.017439507023787604,normal,-0.038610761334184396,-0.0302327558378348,-0.02665815585035458,-0.0007914209117189097,46.75035488547421,-0.4097549033050921,0.029341655959858493,0.9791893878459155,42779083,-447575.86060605926
2011-05-04,207.75964573913825,211.30427046199023,206.2732119723302,209.70347595214844,1280917,0.00898593408929882,0,0.01749619573014472,normal,-0.029629460694178267,-0.007038452176334253,-0.01623357990296015,-0.0017643442453018077,51.08618203715213,-0.6260235211420135,0.02913227450072097,0.8046718973310332,44060000,-566139.7515151508
2011-05-05,209.6272597894076,209.8178300255798,202.69049854014628,203.94825744628903,983472,-0.027444554649025843,0,0.01820524734614981,normal,-0.04206932959811216,-0.05825395469908001,-0.03927693817311717,-0.004120134074580117,39.412181751809435,-1.1033896674414199,0.02899325493413555,0.6175643116409288,43076528,-623533.4121212128
2011-05-06,205.7396081048828,211.6472850180745,204.67241950864152,210.31329345703125,1721684,0.031209072783661806,0,0.019354608572628166,normal,-0.03260885814987735,-0.04450194016873732,-0.008416000616884967,-0.0044794179602754,50.623621147105744,-0.9433811877123279,0.028025176152901385,1.0637481911571471,44798212,-423595.193939394
2011-05-09,209.74151874311053,220.07043563387472,205.7395452819896,217.0594177246093,4797471,0.03207654712019581,0,0.02058992590382927,normal,0.013164754656002975,-0.013511404024441176,0.02111587568589579,-0.0029970167969998185,52.53878391792944,-0.36579623048312015,0.02954975386967475,2.67928160305054,49595683,38278.49090908979
2011-05-10,218.5459726842996,228.5318352049537,218.5459726842996,226.5880279541016,6735970,0.04389862614291906,0,0.022592439260670755,high_volatility,0.0902257676019178,0.048131320688662216,0.05928897771366648,0.0008016684890155279,62.7364586856759,0.6216450924676735,0.030565933620191728,3.257090592321438,56331653,766397.6666666663
2011-05-11,226.39739262783988,230.1325638132149,224.14865501204133,228.83670043945312,3305966,0.00992405691357634,0,0.02263167462075078,high_volatility,0.09123942462294066,0.0589065889831375,0.0627366097803228,0.004670866482823444,60.70479424269233,1.3482076649162762,0.030336971500653245,1.506545977695052,59637619,1519222.890909093
2011-05-12,227.15977471263204,231.50478642004305,226.7405294000633,229.75152587890625,3247018,0.003997721684049438,0,0.022295960470202505,high_volatility,0.1265187001630188,0.07912681366742391,0.06022141358995459,0.008234651357237333,58.815420771942456,1.7849730396338281,0.03018062230991047,1.4420979135086254,62884637,2111192.3333333344
2011-05-13,228.15069374857023,237.75543899079787,226.81670200001,233.7534637451172,3159300,0.017418547497787706,0,0.021783405393402785,high_volatility,0.11145358385476922,0.0752103515986764,0.07066516900046316,0.012314079726876592,61.70352110659625,2.210147170852885,0.0316554923384895,1.434024783259952,66043937,2779006.648484849
2011-05-16,233.2579265233796,236.6500854136275,229.6370926966278,232.0001678466797,1968360,-0.0075006199709163335,0,0.02099745582711013,normal,0.06883253571160974,0.08290345381260655,0.05633328554200312,0.015337776356260546,63.99183870261499,2.2334448586277915,0.03180084687462756,0.9025108666070866,64075577,3005156.0060606063
2011-05-17,231.73338374981256,236.611976649847,230.4756249708689,235.5066833496093,1755657,0.015114280026068405,0,0.020756353582520468,normal,0.0393606647095861,0.13313777849824793,0.06496605182325066,0.018783412342191053,66.1792544789949,2.3342112771461183,0.031893787047526136,0.8120921949122659,65831234,2983853.951515151
2011-05-18,235.54476574881875,237.56480520378065,234.7824849535152,235.58287048339844,1558363,0.00032350306456496725,0,0.02028102909842634,normal,0.029480280177917706,0.12340946860201463,0.05872524295801762,0.021701777059124572,69.95298168001277,2.2540155707993965,0.03130566497334773,0.7115363282872061,67389597,2853527.969696969
2011-05-19,235.50668882518136,237.0693553349033,234.0964645347438,236.00216674804688,1277341,0.0017798249244016517,0,0.01975018009960922,normal,0.02720609077667291,0.1571668701812734,0.05452252412528269,0.024240414495386053,67.62998105595474,2.0813593675896076,0.03037332264454511,0.5854425868975985,68666938,2444527.3393939408
2011-05-20,235.5447721482151,238.40332520826624,234.8205960678164,236.4595184326172,1930176,0.0019379130745802442,0,0.019556115646853448,normal,0.01157653300252548,0.12432036294903925,0.05090461402151725,0.02645035578809196,72.2010530934352,1.857486408657219,0.029600756103038497,0.8806407194863002,70597114,1945401.1818181823
2011-05-23,236.26894807748764,236.26894807748764,230.6280514322233,231.73336791992188,2599483,-0.01998714428593451,0,0.02025437826530036,normal,-0.001149998852303158,0.06760337952223727,0.026975593491701533,0.027071801592759792,74.70442631763586,1.2782149820316775,0.02948782431569459,1.137201564663095,67997631,1311602.4787878788
2011-05-24,231.7714644000212,232.72431538548904,227.5789200639625,230.3993682861328,3335267,-0.005756614361424384,0,0.01980068493551087,normal,-0.021686497346211975,0.016820572412604484,0.019019470917512882,0.02717025085105451,71.63338754203617,0.7201188803613885,0.02969400397562001,1.395046183939159,64662364,721890.8727272734
2011-05-25,229.86577586377973,234.7062638054556,226.0543716991476,228.6842498779297,2356167,-0.007444110723746067,0,0.019933988629629067,normal,-0.029283201241725676,-0.0006661980409203849,0.010333593417720222,0.026721922977855694,78.24186958585045,0.17858797558492778,0.03039289740672633,0.9506754643373486,62306197,123080.48484848501
2011-05-26,228.72238279920555,236.3070873266513,227.73142689947443,235.23989868164065,2605674,0.028666813771435207,0,0.02025501507702515,normal,-0.003229919779592527,0.02388829750635524,0.03542153499306111,0.027861046352918972,78.33616303523519,0.2032417634891619,0.02981209232322022,1.051823353593625,64911871,-149480.76363636286
2011-05-27,233.3341762532464,234.020224375696,229.5608766853249,230.17071533203125,873315,-0.021548994783702646,0,0.020730633207552442,normal,-0.02659568598579387,-0.015327038819807792,0.011845952860732423,0.027478785929717198,65.49549919967343,-0.16085610374293413,0.027783738567917247,0.3611965139365465,64038556,-283629.9090909064
2011-05-30,230.2850361679397,232.41941311976493,228.68424182258883,230.8186187744141,1051439,0.0028148821688640524,0,0.020313620415410766,normal,-0.00394742092482725,-0.005092880247597242,0.013276155019408709,0.027201592618352644,56.32827721203024,-0.38431161869382713,0.025311400657980168,0.4371637614413412,65089995,-467344.18787878373
2011-05-31,230.2850897330599,235.88785961353008,230.2850897330599,232.1526641845703,1970851,0.005779626519037517,0,0.01868924128413945,normal,0.007609812090543899,-0.014241715425374779,0.01727888406788569,0.027185916663366783,55.09968455946506,-0.46323742324570816,0.025048682301039054,0.8124893548530255,67060846,-438809.67878787627
2011-06-01,232.38136821862767,238.59395373517643,231.1236092173461,236.650146484375,1276905,0.019372951482602874,0,0.01892779908199707,normal,0.034833604022565856,0.004530363344272814,0.03334658286282077,0.02817619247385239,59.55643374830476,-0.24449842050916626,0.025389421404934585,0.5264515295946213,68337751,-251639.3272727244
2011-06-02,237.37422656132864,246.8265034342744,236.38327086786867,244.5015563964844,3956634,0.03317728735328629,0,0.018086348852502012,normal,0.03937111759845591,0.03601403226738742,0.06079765006470761,0.03084859877575674,63.454090030992354,0.3639415429257902,0.02442936237090974,1.5370630495583975,72294385,225010.71515151727
2011-06-03,244.61591908593545,244.6921518232086,240.27093221694736,242.8245544433593,2109606,-0.006858860032799452,0,0.01765310167206638,normal,0.05497588645486173,0.026918079056123645,0.048178891474141894,0.03261972722998685,63.57552197058782,0.5758326089557979,0.023835688626967833,0.8134053728672822,70184779,671300.6848484855
2011-06-06,242.90079328829643,243.5487366769629,239.47052939143785,240.0803680419922,1227592,-0.011301107532793675,0,0.017112932110201116,normal,0.040125659345660925,0.03601984555351012,0.03275963529243264,0.03335066690587962,55.84795903515834,0.45864917136231487,0.023495799356194735,0.5083082607421399,68957187,882330.2242424219
2011-06-07,237.7935101903191,240.0422246428984,233.75340790206693,235.3542022705078,2256698,-0.019685765271143407,0,0.015359804438150751,normal,0.013790658389309485,0.02150541479880097,0.011231964549775597,0.032703077858267315,49.738694427666516,0.013820512192913803,0.025043396988717156,1.0299428056512132,66700489,736285.0303030312
2011-06-08,233.8678651590843,240.7283960266804,232.99124642304227,238.89892578125,1386122,0.015061228890521416,0,0.015540979071496522,normal,0.009502547664907102,0.04466715967003787,0.023881947929470293,0.03287418046449786,53.08952229432044,-0.08525383901597472,0.026096278584275424,0.6616023381049788,68086611,484064.1454545465
2011-06-09,240.652103857836,241.10945381487213,237.83165505361544,238.2509002685547,966979,-0.0027125509693111116,0,0.015574070990887427,normal,-0.025564893001309263,0.012799706188400206,0.019056349968029185,0.032736009753162154,51.902849022058774,-0.22979958407173484,0.02607583926145887,0.4881029391577578,67119632,282744.9272727293
2011-06-10,238.5939100654014,238.74637554315345,235.8115895686696,237.41238403320312,650374,-0.003519467227223072,0,0.015176974592544091,normal,-0.022288398397611764,0.03146216359768217,0.013975907946802923,0.03228559714740986,56.575460377630485,-0.40690150422012206,0.025296432686913985,0.35048309079165596,66469258,-39030.97575757428
2011-06-13,235.08739700732227,240.7282703452721,235.08739700732227,239.3180694580078,1290141,0.008026899829025602,0,0.015122453176129914,normal,-0.0031751808371562884,0.03682307228387183,0.019966747614412528,0.032228772268763306,60.19161411861199,-0.41906907906587154,0.02524288154381539,0.7081919299974442,67759399,-249802.67272726915
2011-06-14,239.0512776860577,242.5577742262589,239.0512776860577,240.38526916503903,1805807,0.004459336102151212,0,0.014808014732487247,normal,0.021376575586904867,0.03546203102766676,0.022128683152599526,0.03230965974114497,63.572008076254285,-0.37977621365846037,0.02360190141271064,0.9898918824959365,69565206,-263042.15151515114
2011-06-15,240.0803119041931,243.01507394156624,238.59385525794505,241.4524078369141,999983,0.004439284801359467,0,0.014824816599530864,normal,0.010688545573462438,0.020292661652149713,0.02406544751873896,0.03250850342212441,58.25721583352158,-0.3094270464971043,0.022268585487486416,0.5566818348344793,70565189,-166965.9818181831
2011-06-16,242.4053414416832,246.21674618133224,240.3090688348761,244.615951538086,3371149,0.013102141865193984,0,0.015057058056619875,normal,0.026715749079464723,0.000467870811489135,0.03379246611406406,0.03330879011973842,70.22404292436326,-0.0888072924310439,0.022047360673639837,1.7733387178165214,73936338,349767.3939393958
2011-06-17,241.83363073073576,248.8847294990866,241.83363073073576,244.615951538086,2503209,0.0,0,0.015063043550368986,normal,0.03034200399535769,0.007377330924515535,0.030476054005840636,0.033868140137112146,69.67386820352058,0.012746343606259813,0.023015621168253942,1.2972214546038254,73936338,705957.9090909107
2011-06-20,243.92986567345216,247.5125948807169,239.2037152208431,245.8736724853516,4312687,0.005141614597728994,0,0.014171336239811518,normal,0.027392846023664097,0.024130687946738227,0.032257378826486605,0.03451611501979612,69.60771487109173,0.11458379524028128,0.023684038917713618,2.139940906450579,78249025,1170072.9878787857
2011-06-21,245.4544189897248,249.26582301130432,244.61590545238445,245.72122192382807,2289179,-0.000620036134745594,0,0.014049146637091474,normal,0.022197503105423566,0.04404858529530209,0.02852028694020947,0.03490294581100928,64.80084849148753,0.12100563857842594,0.02287886457455987,1.1661483468720006,75959846,1246248.8848484845
2011-06-22,246.216693267454,246.9408693175436,236.30704307402704,236.8787536621093,2409893,-0.03598577360346955,0,0.016445122426402163,normal,-0.018942259535858597,-0.008456179166709599,-0.007689285986774208,0.033008062866650034,37.951881614107414,-0.4875662409830044,0.023790383503995167,1.2259645278121512,73549953,1171149.575757577
2011-06-23,236.30700413957103,243.0912973477604,236.23077142112768,242.100341796875,1160640,0.022043294529546342,0,0.015936335931038315,normal,-0.010283915359539875,0.016157091217624986,0.0128162919008592,0.032473814212310215,48.970686847814804,-0.5510554429944063,0.02399696140943568,0.6129730271851774,74710593,1028670.3090909101
2011-06-24,242.44340545132133,247.74126645453487,242.44340545132133,247.24578857421875,1505937,0.021253364366006666,0,0.015538797069501311,normal,0.010750881206221363,0.04141908848209197,0.03097008163190962,0.03309855921541871,59.533385007107455,-0.27317237057228283,0.023949023612879584,0.7822678535368128,76216530,832963.1454545452
2011-06-27,244.69214086298368,249.26582573892728,244.69214086298368,246.5597381591797,1145129,-0.0027747708828339546,0,0.0156056679570822,normal,0.0027903177550210323,0.03025959852330562,0.025364389864828585,0.03334619567331232,66.70445663873654,-0.1674207721390868,0.02350773619649037,0.593400036247735,75071401,542655.0484848497
2011-06-28,245.75928039110727,248.08425036434,244.9588950024454,246.6740264892578,1401219,0.00046353200620430357,0,0.015608634092099545,normal,0.003877583539467766,0.026161159317550142,0.02332136520421213,0.033455593381087834,62.91110765384015,-0.12364418561585744,0.022161422849071414,0.7369817026997112,76472620,360533.8848484852
2011-06-29,247.51260122242925,255.09728171976724,247.05522805997984,253.6870574951172,2455593,0.028430358500532105,0,0.016223270207451734,normal,0.07095741417562396,0.050671060884457386,0.04718732318051111,0.03505778272259863,71.15983959398154,0.3195362740520311,0.02299754693623029,1.2527074967865355,78928213,295293.46060606115
2011-06-30,254.6017890680732,265.2737203463756,254.22064866527663,261.9577941894531,4476231,0.03260212316702482,0,0.016168510919168644,normal,0.08202157933853216,0.07089416099941892,0.07301679116050153,0.03822016391429761,77.9513690994163,1.0693586426560078,0.02463057546085332,2.253656262857412,83404444,597584.3696969702
2011-07-01,261.00497197370584,261.84348560494675,255.8977039706324,256.6980895996094,1912354,-0.020078442812202946,0,0.016872528185118908,normal,0.03823038232480647,0.049392273829870215,0.04634298353659849,0.03957290230566435,68.38713197631105,1.106152853721171,0.02525190308339257,0.967621152128337,81492090,680800.139393939
2011-07-04,259.937728360276,259.937728360276,255.7832890856968,256.4693603515625,1767312,-0.0008910438266355181,0,0.016568652399478252,normal,0.04019156682420366,0.04309403182173632,0.040908898879703726,0.040527789029284556,67.32344608859333,1.012649962880733,0.0254548804395056,0.8821863657333249,79724778,863544.6666666713
2011-07-05,256.1644702568389,256.5075059444173,252.6579969583128,253.6870574951172,2503942,-0.010848480507111624,0,0.016028558161620243,normal,0.028430358500532105,0.032418183130142886,0.02672061961000982,0.04055144567473068,62.70787529764387,0.6771098127063988,0.025573084260732896,1.2422232739691639,77220836,739210.6909090899
2011-07-06,252.0481850256998,255.28787898043365,250.5617511689556,251.3621368408203,2436300,-0.009164522137049214,0,0.016054440752112372,normal,-0.009164522137049214,0.06114260124557447,0.015636748440256643,0.03987874869823127,57.13135876452013,0.23510075993295398,0.02547386086982291,1.1779792011702528,74784536,306043.36363636417
2011-07-07,252.2769124658913,259.0993136260672,251.7052017018165,255.93585205078125,2877579,0.018195720594376352,0,0.016363380055508792,normal,-0.02298821517147409,0.05714783445251981,0.03076778188539042,0.04018366442151455,60.911135826735084,0.1892488887853272,0.025210104886671667,1.3299141497548057,77662115,92246.24848485313
2011-07-08,257.28383003141903,260.6731931505878,255.4735947891744,256.86016845703125,1714115,0.0036115159280873943,0,0.016274927939505853,normal,0.0006313987676132005,0.03888591970870481,0.03110344596280812,0.040496922924986745,60.65827458789368,0.1607768526024742,0.024254746037758956,0.7731966145191665,79376230,36566.09090909342
2011-07-11,255.7431640625,258.43925163544804,254.9343471938228,255.7431640625,865852,-0.004348686685215264,0,0.01635166070889452,normal,-0.002831512848423867,0.03724625103791879,0.024023405737358505,0.040352574875609726,59.54392456440457,0.01405194387952502,0.02404088306502453,0.3943388582849567,78510378,-180983.68484848188
2011-07-12,255.39655211049256,258.28521778890115,253.4322688523833,256.4750061035156,1126865,0.0028616289459717503,0,0.016350380675334314,normal,0.010989715580788317,0.03973251563510116,0.024324312856344843,0.04023315962698293,72.07099509724401,-0.0811429791942917,0.022362302593915667,0.5212724049088927,79637243,-285338.0666666658
2011-07-13,256.0898698908624,257.6304917015867,254.31814070371547,255.2425231933593,1144824,-0.004805469854083588,0,0.016448989767488494,normal,0.015437433820815638,0.006131434979776307,0.017521771360688998,0.03969202394047233,66.26323569065008,-0.26422331849472247,0.021477340685001126,0.5278117853779145,78492419,-326790.2606060594
2011-07-14,254.9728942273377,258.8629546605279,253.08562322033143,255.9742889404297,1062244,0.0028669429290826276,0,0.016273465557408755,normal,0.00015018173241632127,-0.022841485849037335,0.018456454995323224,0.03923220130961158,62.125985553900634,-0.3668351812996047,0.021454006151418046,0.5172707312664397,79554663,-6604.121212121346
2011-07-15,255.1270005837919,257.1297902830165,252.93160963561485,254.01004028320312,1076030,-0.0076736170080100585,0,0.016422746287757008,normal,-0.011096030151147795,-0.010471637403297374,0.00961801426492026,0.038237805686043735,59.99528345725854,-0.5848491278838637,0.021514315862592594,0.5428473593368971,78478633,174063.2181818201
2011-07-18,254.2026075808741,257.2838513091271,252.6619857167476,256.590576171875,1180470,0.010159188533629404,0,0.016511127050428995,normal,0.0033135279000766626,0.0004726327548301157,0.017948092037373797,0.03780701367749195,62.4782506014565,-0.5723956918011428,0.021714538039317124,0.6466254605235121,79659103,337825.7818181851
2011-07-19,255.55063593429307,256.35945295981355,253.8174364441585,254.8573608398437,1774965,-0.006754789508989334,0,0.016624139827738305,normal,-0.0063072238041747,0.004613177180901484,0.0100070321375052,0.036896790192080475,51.69828132521601,-0.6901315144862297,0.02027866148740083,0.9861603143818845,77884138,238638.66666666733
2011-07-20,255.47359870884168,256.89867853877223,254.2025904581554,255.627670288086,1974487,0.003022512065980143,0,0.014022897259024895,normal,0.0015089456486643282,0.016969673718070455,0.011801322637811529,0.03613701514438539,38.25801897393162,-0.7219534839000668,0.017733311452117085,1.110444921006888,79858625,76690.81818181794
2011-07-21,256.3209367044856,259.0555308333608,255.2810123498353,257.0912475585937,1530879,0.005725425846342391,0,0.01337182563005606,normal,0.004363557851015054,0.004514394910108965,0.01589203745209855,0.0356651329998352,50.848824506867295,-0.6523699434485151,0.01699735020365534,0.8520900970315671,81389504,128579.95151515205
2011-07-22,258.2082006244986,259.902870352284,255.93577426394293,257.052734375,2064576,-0.00014980355791738287,0,0.012680496378250259,normal,0.011978637097984413,0.0007496916284277511,0.014219504056428134,0.03510818695125639,51.26992984693877,-0.6172480986978792,0.016947838829571685,1.1315545880588636,79324928,136949.70909091085
2011-07-25,256.7060501971756,257.2837832433808,254.00996264821805,255.12692260742188,2848687,-0.007491893724688614,0,0.012817549189464476,normal,-0.005704237413118096,-0.0024096106628582747,0.005986725232706824,0.03405930021519343,53.2558073738449,-0.7246034755994355,0.016914591644941832,1.4916729947989402,76476241,-67165.08484848148
2011-07-26,255.5121794391908,256.513574380408,249.7348466828753,252.2383575439453,1420497,-0.011322070732305067,0,0.013148231278946963,normal,-0.010276349434318321,-0.016518758002720846,-0.004891060902342259,0.03237448764844619,51.93205247603101,-0.9754222168204807,0.017689545850825564,0.7434470927546021,75055744,-248980.9939393918
2011-07-27,253.6634313666628,253.6634313666628,248.11720564899872,251.1214141845703,1853575,-0.004428126515930053,0,0.011518103907199324,normal,-0.017628201588807846,-0.016145855938224818,-0.008419505507166192,0.030539889558808486,37.47488180255579,-1.1877287397124103,0.017145035202448897,0.9856352466556758,73202169,-552689.2727272734
2011-07-28,251.0058180141878,253.58636429810696,246.5380005728292,248.69488525390625,9159189,-0.00966277184501918,0,0.008657689880388555,normal,-0.032659074878750305,-0.028438026790329363,-0.01631451728237221,0.02828969289650618,30.29740926690414,-1.4456347091897657,0.017843310893185978,4.331124185602078,64042980,-1221049.1696969671
2011-07-29,250.89027220005872,251.89166697749383,246.07582902388336,249.5807342529297,3824366,0.003561991225187633,0,0.007700788870125434,normal,-0.029067965918502248,-0.017437523435432256,-0.011604735924495513,0.026426641367395254,34.96248636290872,-1.503918556211492,0.018441354651572633,1.730217966241086,67867346,-1564522.2181818176
2011-08-01,250.7361488518796,252.1226987971618,247.73194163175563,248.77186584472656,1349396,-0.003240908841078305,0,0.007710906842868364,normal,-0.024909392931745544,-0.030471541253764278,-0.013416667217340028,0.024527998322595224,31.273253885879825,-1.53875295979008,0.018368609010931264,0.6163196200821771,66517950,-1774279.0242424249
2011-08-02,249.4651888675297,251.73759191043703,246.69206493480783,249.38815307617188,2364644,0.002477318845331089,0,0.007430726059394383,normal,-0.011299647268266377,-0.021459877578771436,-0.00993796282164694,0.02292438342506009,35.32814280579143,-1.4626063967609917,0.018819624600666857,1.0834680044738159,68882594,-1814099.5454545456
2011-08-03,246.884664168269,249.1570909171776,244.18857579201645,248.0401306152344,2568934,-0.005405318754358568,0,0.007254203597888936,normal,-0.01227009484372854,-0.029681996727117355,-0.01385358768036582,0.021143153994999553,30.711693846043175,-1.442914922330228,0.01875552659646331,1.1735068249466094,66313660,-1753301.6484848454
2011-08-04,248.54081357339496,250.69769825366245,244.84333056154168,245.8832550048828,2150710,-0.008695671966474583,0,0.005955072133725167,normal,-0.011305541109753348,-0.043595387474855474,-0.020336157400425048,0.019032242463724813,30.42672623208314,-1.5079710867318652,0.019401168010698102,0.9990452976700548,64162950,-1543575.2121212105
2011-08-05,242.64794564588297,246.88465580795395,240.41404862566856,245.6136474609375,2715088,-0.0010964859886044565,0,0.005813588811310711,normal,-0.015895004091028397,-0.04450093457233817,-0.019410844868759436,0.017065456719697725,20.250572339777932,-1.4988570675473352,0.01996010955724401,1.2325544159676858,61447862,-1410776.169696971
2011-08-08,239.75926564515035,247.50088072301352,237.6794168291158,246.2684020996093,5022498,0.0026657909503009503,0,0.005889501852521466,normal,-0.010063291267348728,-0.034722013722729206,-0.015221453699510668,0.015439178314791802,25.2771887413318,-1.381325552691488,0.021951362790114913,2.083465421014498,66470360,-977243.4484848498
2011-08-09,241.87761720822587,248.65634357390985,239.29707104914507,246.0758209228516,2979527,-0.0007819971020066596,0,0.0057909871021172895,normal,-0.013281834411390747,-0.024431401635732874,-0.014490612397413782,0.013924440033785457,21.559663871654095,-1.2529279200268963,0.02390266854411934,1.1902495258918973,63490833,-679646.7757575746
2011-08-10,244.9588910936331,246.49951305019684,242.2628026696466,243.6493530273437,2655553,-0.009860651430148581,0,0.006023183183746873,normal,-0.01770188387258098,-0.02975477492228029,-0.02195343218894663,0.012008289062940491,12.147613171128754,-1.264156186755728,0.024276208484360413,1.0297567788625457,60835280,-510289.3757575739
2011-08-11,244.49662805513708,244.49662805513708,242.33976735210987,243.0715484619141,1896062,-0.002371459469316828,0,0.0058990955982794625,normal,-0.011435128199001943,-0.02261138899680626,-0.022012017027738362,0.010166229996084075,11.789530925895775,-1.2414520153522866,0.023801962838754142,0.7235478681193196,58939218,-905064.4545454539
2011-08-12,245.72912289542035,245.72912289542035,241.2613300641653,242.68638610839844,1844873,-0.0015845637054309192,0,0.005777501367557341,normal,-0.011918154315934792,-0.0276237192953539,-0.021365673702449572,0.008438663995875784,12.873641520895134,-1.183546343110043,0.024191153813531475,0.6938354736277735,57094345,-1083647.454545454
2011-08-16,243.41829871070243,243.41829871070243,238.4883125523445,239.14308166503903,2309861,-0.01460034285473577,0,0.005626638369467774,normal,-0.028933149254317447,-0.038705277813438244,-0.032368355465192344,0.006100035832792061,12.389475160396486,-1.3054602717872552,0.023997393893889156,0.8506464574786422,54784484,-1347600.775757575
2011-08-17,239.56673497112936,245.7292233305153,239.2200855977029,243.7264099121093,1950763,0.019165631784782367,0,0.0075080654824864965,normal,-0.00954750857654918,-0.022702534559984833,-0.012523085948644375,0.005083248757625114,32.28779037682342,-1.0120925920073782,0.02385088444198037,0.7160843889229099,56735247,-1205282.0787878786
2011-08-18,244.84335603562224,246.88467548388377,243.0331204841352,244.0345153808593,1425028,0.0012641447796366556,0,0.007453745320744824,normal,0.001580805976826749,-0.016149061139581145,-0.010211949805082554,0.0042500964855867185,37.57699754323704,-0.7443412301995074,0.022885069962998977,0.5284270947912463,58160275,-1009256.2787878793
2011-08-19,241.53100734926684,246.03733145129308,240.87626179836184,243.18719482421875,1724375,-0.0034721340762725594,0,0.0072129251187750335,normal,0.00047577087090799886,-0.010964797828996176,-0.012364830082126854,0.003316777355033995,32.92186168976974,-0.5787217344761852,0.022772489306216396,0.6371447549652582,56435900,-951839.0545454536
2011-08-22,243.379739247842,243.5337873236545,240.7606633707738,241.2228546142578,1601337,-0.00807748208691994,0,0.007279946789145448,normal,-0.006030546326100561,-0.01787682766031151,-0.018440787385260338,0.002044666087026581,31.007785267877438,-0.5557651222477564,0.02247893373431905,0.5967904981132662,54834563,-1069112.139393938
2011-08-23,241.8776013442123,245.96023935222783,241.4924459280591,245.0743865966797,2782892,0.015966695977381207,0,0.008353803936057102,normal,0.02480232708529062,-0.004848431600440017,-0.002505520973259401,0.0018091180211141644,40.66656322116087,-0.2510081875883148,0.022035849928013437,1.0384086558955543,57617455,-619596.7151515147
2011-08-24,245.1899480420964,247.7319880959189,243.1101227340848,246.2684020996093,2993047,0.004872053418191857,0,0.008183211691870137,normal,0.010429695281757523,0.0007826091000548985,0.002129626437048282,0.0018700001795073362,46.14089944642058,0.04537547284474819,0.021761448976990855,1.0849932206207535,60610502,-98151.37575757371
2011-08-25,246.9231074773108,249.92733828133643,245.7291351891604,246.73052978515625,7132173,0.0018765204208375241,0,0.00817232893644022,normal,0.011047676596441125,0.012645946806461472,0.0036268395938294784,0.0020212781399704394,51.992607611289564,0.27416321541621325,0.021241229450099413,2.359680965108603,67742675,670197.8181818194
2011-08-26,246.49948717292656,247.38534000334965,244.4196383466958,246.22987365722656,1486824,-0.002029161645969113,0,0.007913226252567906,normal,0.01251167371377071,0.012993397274577934,0.0014386417038143584,0.002030997978079929,51.433650912658955,0.3865222275401414,0.020267684528686995,0.5634261928811901,66255851,1147317.3878787886
2011-08-29,246.4994964599609,247.92457637547489,245.18995848180785,246.4994964599609,3558243,0.0010950044311426321,0,0.007866184152920895,normal,0.021874551870887382,0.015712090046366756,0.0022932180949775116,0.002093293409349384,50.547451719782934,0.4682923614399108,0.018191948379175496,1.355215819186489,69814094,1606844.9454545465
2011-08-30,246.9616429717144,247.693424114428,245.84468292754693,246.8075714111328,4291158,0.00124979951519677,0,0.007850659570124052,normal,0.007072076517345094,0.032049807557591015,0.0032070974189981616,0.002209778924507688,51.7240486742843,0.5279900468005652,0.01599561783451728,1.5476574194745552,74105252,1992266.15757576
2011-09-02,254.2026057243348,254.9729166507721,242.9175553536319,246.4994964599609,4706588,-0.0012482394661171847,0,0.007823768919080418,normal,0.0009383841304095863,0.011377866472704445,0.0017683488613640108,0.002232513613874554,57.45975326786304,0.5301990542717911,0.018281232704913403,1.628703006706366,69398664,2016824.127272727
2011-09-05,247.577837457116,247.577837457116,243.9573915179116,246.3838653564453,1668142,-0.00046909265607519846,0,0.007740064776316056,normal,-0.00140503256331026,0.009627121687763918,0.0011746217481056753,0.002217560132694807,58.88435231599865,0.5073323582414226,0.01871411690185983,0.586395839531182,67730522,1891898.4363636367
2011-09-06,246.3839545226001,246.84614578006733,242.6094356846617,246.4994964599609,2156702,0.0004693128072663644,0,0.007484330255708817,normal,0.0010950044311426321,0.01362037848307085,0.0014876351332324678,0.002222592411251112,60.37763743218506,0.4835497077595353,0.018638377016138623,0.7580577080077736,69887224,1653649.70909091
2011-09-07,246.4993966946178,248.4251732312945,245.2283888820141,246.88455200195312,2609747,0.001562094639226741,0,0.007484604566746626,normal,0.001562094639226741,0.02347081663032724,0.002760579405455932,0.0023063176731394908,75.44273860544268,0.4765316112525958,0.018107858040684096,0.9189995392760114,72496971,1287948.6666666674
2011-09-08,246.76908424446177,252.19976630614204,245.57508832821944,250.158447265625,3610242,0.013260834819855294,0,0.00801796252238384,normal,0.013576876249514536,0.020744969474562724,0.014506501096257285,0.003115309614659667,73.13003035497587,0.6636620028562896,0.01788187871619442,1.3037333006254233,76107213,1090606.2545454558
2011-09-09,250.4665421603985,260.3650402563642,250.351000246504,256.6290283203125,5585928,0.025865930674797033,0,0.009762965979708776,normal,0.04109351948309947,0.042070465120054745,0.036724409302081984,0.005273935989381862,81.38184539062998,1.1651636203725089,0.019199832268219613,1.9265295750416223,81693141,1173369.012121215
2011-09-12,253.89449305059333,268.45336525977694,253.89449305059333,266.527587890625,4858629,0.03857147274063477,0,0.012303816906765488,normal,0.08175747427713098,0.08023756980016739,0.06890305232156813,0.00935716042665935,90.07925528123991,2.053527425330775,0.021005352407888544,1.6143605260273295,86551770,1741078.957575759
2011-09-13,267.10526063227127,267.95260718447497,262.02120482706835,262.9455871582031,3890429,-0.013439512062412895,0,0.012868344211969,normal,0.06671855697244222,0.06788661851910915,0.04908849954891914,0.012043706558966027,85.33822772317042,2.2728211861423495,0.02214943893000931,1.251203688437617,82661341,1769473.0545454547
2011-09-14,264.10116122778453,272.6516190063644,260.0184983564841,271.6116943359375,3575382,0.03295779659736353,0,0.014314083178301726,normal,0.10015670131434051,0.10187525019977306,0.07509775120866657,0.016253276104809533,87.32388562657765,2.8377244778011326,0.02351915802763674,1.1187491874289808,86236723,2031249.7636363641
2011-09-15,273.0751988950933,273.3062827490596,266.6045923957984,269.03106689453125,3540391,-0.009501164696592346,0,0.013974052960430668,normal,0.07544266378047504,0.09004381574007092,0.0583432078502244,0.019247838650798377,80.81311862782363,2.865427886750161,0.024296960810710866,1.0868760094320595,82696332,2186929.2666666694
2011-09-16,267.49038750264054,270.6486660379684,259.47916101625987,261.4049377441406,4985062,-0.028346648728789003,0,0.015565504836256266,normal,0.01861016836282081,0.060468445162121576,0.02557438447029159,0.020073518830561854,66.63740666671279,2.2264495364073174,0.026910690699765052,1.4622741124425527,77711270,1652789.4606060642
2011-09-19,261.5205198529556,261.9056752577464,258.2081927749628,260.24951171875,1509561,-0.004420061974963696,0,0.015662403780803462,normal,-0.02355507068353213,0.05627660050809391,0.018999277246823043,0.020455447597456766,65.66250416369625,1.6109749039361434,0.027231011651971497,0.4422529985709609,76201709,824341.6363636387
2011-09-20,260.9813290354864,266.4890708933712,259.78735651844795,264.2166442871094,2015334,0.01524357353126038,0,0.015792716061370025,normal,0.004833916943209671,0.0718749858786274,0.031141243691318987,0.021580304827604424,68.28284590561665,1.3657341282914475,0.027894614816165075,0.5879225052853569,78217043,146920.20000000056
2011-09-21,263.6389289658888,266.10393346826856,258.0541744443323,260.9428405761719,2413225,-0.01239060362669675,0,0.015998353106712538,normal,-0.039279802682465004,0.056942763166921484,0.01658674381193559,0.02175065044202018,63.74527304954963,0.900192266649035,0.029942003193729395,0.6957576679120374,75803818,-589116.0606060582
2011-09-22,258.8244165271584,260.1724603632373,255.01136884475608,255.6661376953125,2452724,-0.020221680998061542,0,0.016615079078852363,normal,-0.04967801434047103,0.02201680770683434,-0.0035935793841094243,0.020656084429214072,58.12828770494757,0.19110235975066914,0.028849071484924143,0.7105274223256239,73351094,-1258337.4606060614
2011-09-23,254.2796077205728,258.63185917485225,252.66195028846323,255.0884246826172,2142263,-0.0022596383623700866,0,0.016632316411597528,normal,-0.024163709821372836,-0.006003232166598038,-0.005291367175759842,0.019500587429804206,57.65581048291856,-0.3340240842140849,0.029572292329508972,0.6283332937617991,71208831,-1638606.8666666627
2011-09-26,255.66612627902765,255.66612627902765,250.08137349322,253.35519409179688,1384504,-0.006794626580868268,0,0.01674535467784367,normal,-0.02649118371604775,-0.04942225269465794,-0.010914944190782871,0.018042516515633045,55.86288142754728,-0.7892989215358224,0.030154654044394002,0.443459352191197,69824327,-1643403.527272724
2011-09-27,254.62622854941904,261.9056750987543,253.355220415985,260.9812927246094,2548163,0.030100423479178406,0,0.01789495458433937,normal,-0.012245070976619976,-0.007470345689475022,0.017030451326281337,0.018383591055493254,60.726805751653416,-0.5778363679321998,0.03073877460164696,0.8025404765302082,72372490,-1565814.5272727257
2011-09-28,261.82866867579924,261.82866867579924,256.35945661620826,257.861572265625,2396557,-0.01195380874397134,0,0.018205709258043955,normal,-0.011808211728451035,-0.05062419018418973,0.004406917251630338,0.017924275055930528,55.875419213916885,-0.6440170153104363,0.030790597383966275,0.7688575227005279,69975933,-1255874.6727272747
2011-09-29,257.2837888098304,267.29782849404535,255.8202030960488,264.83282470703125,3028674,0.02703486362917662,0,0.01901413638664646,normal,0.03585413029019535,-0.015605046048997151,0.028469545442915356,0.01898391214396189,56.20986900281546,-0.2352995821281505,0.030322902345662244,0.9917357320356623,73004607,-819660.0000000005
2011-09-30,261.5589880316502,264.60172469113047,258.82439445769967,262.3678283691406,2909985,-0.009307744765466697,0,0.019208956166567936,normal,0.028536785609070803,0.003683521181005567,0.017066402553962634,0.019289261314308748,46.45198504235794,-0.15201393252931528,0.028279968902295307,0.9817490891446937,70094622,-757033.7939393908
2011-10-03,260.3650234847906,261.63603147179623,256.16682065557137,257.3993225097656,1403507,-0.01893717644521764,0,0.019833328804259753,normal,0.01596228738260419,-0.0109517562210244,-0.0019854293288009695,0.01839523600847759,45.37868632026054,-0.4364902500990877,0.028900664850817565,0.47562796684596464,68691115,-779276.9090909103
2011-10-04,256.5134395204741,259.59468203723657,248.65626169952395,251.3138427734375,2333503,-0.02364217464518481,0,0.02067039058841033,normal,-0.03704269317637676,-0.04883417374588683,-0.023200933743812602,0.01621927133307377,32.32720184592951,-1.0068477391147472,0.029118815937973525,0.7884280467839458,66357612,-703408.9030303035
2011-10-05,250.428093421392,253.0086397939021,245.92176968253472,247.9630889892578,2867335,-0.013332945560028064,0,0.020922284625610504,normal,-0.03838681037037461,-0.04974174251439234,-0.0328880484212023,0.01353184797048712,31.899412558223077,-1.5496722947992914,0.02962325723635218,0.964598006593554,63490277,-801071.9757575738
2011-10-07,252.6619950573292,255.4736253616976,250.3895683205244,253.7019195556641,2500289,0.02314389044675469,0,0.02135368354059524,normal,-0.042029930253852044,-0.0076827465590662,-0.00951432828363763,0.01240328728157114,43.160125615497265,-1.4631759261350779,0.02792300302314334,0.8571227538159194,65990566,-776615.5393939363
2011-10-10,253.7018746025352,257.2838152327644,250.5435955223252,255.0884246826172,2980788,0.005465095137559217,0,0.020572214365642744,normal,-0.027745031590845848,0.0,-0.0037120864519339936,0.011680493765873878,45.43595614355384,-1.2611880444496124,0.028623242505882326,1.0696037349443959,68971354,-643169.6787878763
2011-10-11,257.283812737839,257.283812737839,250.0043661179464,250.96725463867188,1817839,-0.01615584889464472,0,0.01871319504877123,normal,-0.024988674439303193,-0.009425263459409416,-0.01795536303265388,0.010103095402694162,38.315155664790225,-1.3460133181798608,0.02925769913541933,0.6899406903984143,67153515,-674058.0060606035
2011-10-12,251.39098667404213,254.9729279389512,251.198408933907,253.7019195556641,1512005,0.010896500903790907,0,0.018778651382060873,normal,0.00950236865535281,-0.027892317847572956,-0.006568144751854632,0.009295362590312495,43.552808735359235,-1.1655696328652914,0.02780373587806957,0.6009906256305636,68665520,-420222.3212121209
2011-10-13,253.5092705948408,256.1283224232797,249.6962230081892,251.69903564453125,1558110,-0.00789463443808669,0,0.016952454217167963,normal,0.015066543454115733,-0.023898623462768942,-0.013056376410783943,0.008117670434395485,46.24908603320232,-1.1280023887576753,0.02816705381962577,0.6451825419884079,67107410,-366211.9515151486
2011-10-14,251.6990489509485,257.28380214113787,251.6990489509485,255.31951904296875,2841978,0.014384176678176264,0,0.017356105766345744,normal,0.006375984423522496,-0.035921928010949955,0.0010313121153684435,0.007860857419763168,50.20661252859084,-0.8205155569341827,0.027659891179178366,1.1940731330498937,69949388,79496.97575757653
2011-10-17,257.1297208146336,258.05410312455587,254.2410554811497,257.2067565917969,1310537,0.007391669684723601,0,0.016362995619665553,normal,0.008304304328255352,-0.01967113044851798,0.007621570692879942,0.008023457117421584,53.434076175062565,-0.46870890458004627,0.026964920506895737,0.5966902134481162,71259925,439723.69696969684
2011-10-18,255.08846040229392,258.5548595959148,252.3923721405888,253.7789459228516,1184035,-0.013327063077061552,0,0.01658971318935319,normal,0.011203418901114537,-0.01406521412571582,-0.005256919036201069,0.007380247715846888,43.058687475128906,-0.4456914113172661,0.02665701346012037,0.5431184420759401,70075890,627674.6727272744
2011-10-19,254.3181009178472,257.28380214113787,252.54639551589148,255.31951904296875,2312230,0.00607053163734661,0,0.016236311408409806,normal,0.006375984423522496,0.015938940033408455,0.0007072000100798448,0.007132657563348577,47.47316577158569,-0.3118727410517831,0.026291436650763878,1.0534497148872743,72388120,769395.2666666674
2011-10-20,254.97290169378323,257.1297627580745,252.4308851888669,254.5492401123047,2261741,-0.003016921438483644,0,0.016042153770073092,normal,0.011323859308697282,0.026561014181155862,-0.0020921389692423187,0.006721239713673999,38.340653025155454,-0.2623833936836465,0.024468824516580074,1.0340151536226665,70126379,523495.4363636369
2011-10-21,255.6661576311329,255.93577112097583,250.50508921823115,251.1983642578125,1987414,-0.013163959369958511,0,0.015673183859848488,normal,-0.016141166177203625,-0.009868097577804491,-0.013798230806290723,0.005600678028012673,37.585636824563814,-0.43243398764825336,0.024630944418669472,0.9183674200247002,68138965,255439.5393939385
2011-10-24,254.2025604511203,260.7502021597098,252.66193887262867,259.5177001953125,2005654,0.03311859120611804,0,0.017397225808940944,normal,0.008984770206418968,0.017363686800787814,0.017036263958510878,0.00643753168368999,52.19126423777213,0.014577626838706049,0.024763620965776993,0.9297304744242001,70144619,269460.9515151537
2011-10-25,261.4049937061488,265.75724534129307,257.90006520625485,262.7145080566406,3466500,0.012318265223999036,0,0.017471084321119157,normal,0.035210021466892893,0.04680791298801812,0.02667362679944585,0.007840881294723046,62.542479521530005,0.49797779159649,0.023624539891430152,1.5329391544543767,73611119,337153.52121212234
2011-10-28,267.2978531376383,277.31189374510024,266.6816138880796,270.4176025390625,3480175,0.029321161360304826,0,0.01740576986954989,normal,0.05913407463983522,0.06588709700216078,0.05109328912044431,0.010711783012690379,72.54444226220988,1.2652906518165934,0.024935413636881298,1.5079121544953369,77091294,617200.1636363663
2011-10-31,270.3790897250933,291.29302316034483,268.3377708148127,289.4827880859375,8016432,0.07050275340016365,0,0.02285804030132638,high_volatility,0.13723689749857626,0.15011480812650935,0.11193988494925056,0.017287703386686504,78.34042568620174,2.8925489356718526,0.027104094250170248,3.0964188751555155,85107726,1128502.139393938
2011-11-01,286.09344117483096,302.92473772457765,285.9393931116973,298.9576416015625,9174039,0.03273028278562884,0,0.023166713657930795,high_volatility,0.19012574976297691,0.1709157322642838,0.1323374082192028,0.024899219496300917,80.80043486803439,4.354875493396808,0.028692905663887637,3.1676071388321714,94281765,2111485.7939393916
2011-11-02,296.1845614458408,301.8848577967696,295.33721469588625,300.45977783203125,4872709,0.005024578807959479,0,0.022877455062162464,high_volatility,0.15776217809384807,0.16816440521770426,0.12326118492509597,0.03164148600067285,86.07525444208704,5.118442632338182,0.028375484364529236,1.6273059748372012,99154474,3152684.8060606066
2011-11-03,298.5340244745345,298.5340244745345,292.64114991110364,294.4513854980469,7187338,-0.019997326688244166,0,0.022941961617356295,high_volatility,0.12080367268702141,0.16026719406250378,0.0903318855266817,0.03603466185962745,78.34944668538824,4.913043100514581,0.02987945060824299,2.1889041422781084,91967136,3384795.787878788
2011-11-04,296.9780258161111,298.10530791729803,292.7410261671115,295.15106201171875,6162861,0.0023762038425745313,0,0.021823879192537917,normal,0.09146394036639482,0.15600665048270979,0.08333545115244756,0.039808336911371534,80.7878932557666,4.52797687787715,0.029550200089813784,1.7734849501961933,98129997,3841863.054545455
2011-11-08,293.55725006035834,300.3986170500624,293.55725006035834,295.96728515625,4298936,0.0027654420044025407,0,0.021274242983204114,normal,0.022400285395853814,0.16271132856523973,0.07747233877083493,0.04305745530339067,79.99282574947952,4.047602420329246,0.029771973319935825,1.212135464005399,102428933,4070612.254545453
2011-11-09,296.5892464798956,308.95036629324613,296.5892464798956,305.4519348144531,6574596,0.03204627718633124,0,0.021672993774369615,normal,0.021723121637231557,0.21597899618867955,0.1002650179088127,0.04761513883124624,82.00985019395458,4.076646054828578,0.030991889167097414,1.753087293099823,109003529,4133935.4060606095
2011-11-11,303.3917611138095,309.5723330660644,301.6036833507113,307.5898742675781,7170102,0.006999266363867385,0,0.021660513140215488,normal,0.023730618743693865,0.18523659093806155,0.09668937656040644,0.05175817595826726,86.32436339844668,3.945319182028644,0.031195903709429616,1.8107408513020185,116173631,4226737.248484847
2011-11-14,308.2507371803636,313.5761329712808,307.3178124705456,310.62188720703125,3232928,0.009857323641335292,0,0.02079503051722025,normal,0.054917390460340165,0.18235528560935776,0.09627604118166855,0.05570251045806285,86.59429450266114,3.768425054533102,0.031241136586653645,0.8021126823463794,119406559,4169053.1999999955
2011-11-15,310.1942773868844,310.5441300469729,302.9641946972934,304.2469482421875,1724676,-0.020523148005326508,0,0.02195156591880321,normal,0.03081773166754731,0.12510038320541006,0.06628488137125199,0.05757984300951824,80.61480987264684,2.9633246398951005,0.032590383524470364,0.4267785635401689,117681883,3694211.339393942
2011-11-16,304.2080981871885,306.6958816220089,301.1372664593365,304.674560546875,2297870,0.001405477711964087,0,0.021663676201835347,normal,0.029419722473813747,0.05247901804934796,0.06093457992235507,0.059038577200964504,84.17321213076211,2.234050302703219,0.032574635708157454,0.5634606414881715,119979753,3387129.503030304
2011-11-17,305.335420120105,306.8514170557466,302.4978073388985,303.74169921875,1500384,-0.0030618287475349115,0,0.021820645718180282,normal,-0.005599033434644962,0.016002459718234885,0.05190708456004001,0.05986383526968675,81.20678501625017,1.498617946210146,0.03145225311740762,0.37406191984989695,118479369,3187119.903030305
2011-11-18,302.38112893763247,305.87956070910406,298.8049494928541,303.080810546875,3435409,-0.002175824635125334,0,0.021960843559515407,normal,-0.014659337312191933,0.008723406286710977,0.044681619585394294,0.06019691493454071,79.54188209806921,0.8118194479970722,0.03133640499736381,0.8343836470851557,115043960,2831267.3333333316
2011-11-21,302.4199198284008,305.5296362276645,301.3703857985986,303.35284423828125,2197774,0.0008975615807393922,0,0.021442201399548364,normal,-0.023401580082169637,0.030230656667409095,0.041096042075558836,0.06028912755664817,77.04513377946537,0.24919344712819047,0.028850502319322055,0.527298492481409,117241734,1923537.64848485
2011-11-22,303.93591262846434,304.7522036839451,298.3384136829437,299.2324523925781,3609814,-0.013582835710835073,0,0.02203412453388021,normal,-0.01648166359130654,0.013828140590249172,0.02432541535936794,0.05931924248117859,60.61023717496959,-0.48699215190943157,0.02529922423563943,0.8528057905709123,113631920,923407.6545454582
2011-11-23,298.3384593359728,301.4481761759569,294.2569559834937,298.2607116699219,2879124,-0.0032474443025363176,0,0.022040356019088846,normal,-0.021051474942445525,0.007748918980897246,0.018961152729191744,0.05805350587273872,49.069308157338554,-1.0913199666082267,0.02303611681688661,0.6752583869067432,110752796,-135071.83030302977
2011-11-24,298.29956281580417,300.8650694215453,294.6456364619268,299.3102111816406,1911340,0.0035187320041005776,0,0.02149907921764292,normal,-0.014589659728998505,-0.02010700517102071,0.020355598845992695,0.05693047370223647,48.44606373824204,-1.4498438452150282,0.022877017751465015,0.44867841291543303,112664136,-751885.3151515094
2011-11-25,298.9604037770369,298.9604037770369,290.17546288378617,292.15789794921875,1709121,-0.023895988059296047,0,0.02191079719717282,normal,-0.03603960467819489,-0.05017062526881111,-0.003644698754158293,0.05434720864305653,46.99276130720628,-2.155624205548259,0.02375884294579487,0.4026096966615489,110955015,-1028287.7757575728
2011-11-28,292.89654219213065,298.41629597385,292.89654219213065,296.9002990722656,2004148,0.01623232216666337,0,0.021986010145341645,normal,-0.02127075875031914,-0.044174569468184655,0.01132176569825516,0.05281604076848123,52.07375939485111,-2.278054042869389,0.023594449324615227,0.48038192240592786,112959163,-916588.5878787845
2011-11-29,297.71653123627425,303.1585358118669,297.0168259534924,301.79803466796875,2414054,0.016496229916262317,0,0.021461843115269517,normal,0.008573877114186557,-0.00804909823538924,0.025270243092186728,0.052228017330472554,56.30255649018638,-2.013327870244135,0.023073532960090952,0.5861228325973881,115373217,-710041.8727272688
2011-11-30,301.48698436588785,311.7490575973479,300.94279825111875,308.7559509277344,4964804,0.023054875978303135,0,0.015799033365955673,normal,0.03518813858872338,0.013395901428506107,0.0440446883682184,0.0528479945398479,53.77772070841073,-1.383752495957637,0.022049970564053795,1.2518096644201995,120338021,-51512.50303030051
2011-12-01,313.30393468144564,313.30393468144564,302.9641368979412,303.663818359375,3180616,-0.01649241918433897,0,0.014781858738442608,normal,0.014545468263668093,-0.0002564048978962452,0.024209170703043403,0.05219182319714877,45.79511647928397,-1.324352205074673,0.022977473530709277,0.8674966729217973,117157405,329160.4787878837
2011-12-02,305.8406919490882,308.9504092515197,304.2469713216961,307.0068359375,2696779,0.011008942705741376,0,0.014929893345181546,normal,0.05082504389753728,0.012953724729523275,0.031997008608805944,0.052054015967058165,46.15383116832516,-1.0841104288803418,0.022501186560668348,0.758026044109038,119854184,643927.0363636368
2011-12-05,307.35669974542304,309.7278497842199,304.90780202620016,307.0845947265625,1116245,0.00025328031809146445,0,0.01408030006721475,normal,0.034302072736605904,0.012301682872470465,0.029096773302112577,0.051739469718264264,53.48619753119746,-0.9490248647810677,0.021835446307437893,0.3430294663554655,120970429,1107792.2060606056
2011-12-07,307.08456711267326,311.01057550590895,305.8406755134942,308.445068359375,1884018,0.004430289425700229,0,0.014089167554941178,normal,0.022024774610342135,0.030787489435505355,0.03035334688511826,0.051517471757784206,54.528467859577624,-0.8029077013898718,0.02164911841906614,0.6197148556040355,122854447,1388571.4242424278
2011-12-08,306.73468195113634,309.02810758558473,301.83688747195794,305.4908142089844,1886638,-0.009577893937822934,0,0.014335861204281758,normal,-0.010575137771236753,0.024240881403997605,0.018497717278008752,0.05055905269264649,52.00345076611063,-0.9310617065023532,0.022521954663078964,0.6462146885688822,120967809,1262713.3090909077
2011-12-09,303.5083647934535,303.93596510249654,299.0381467482527,299.8544616699219,1789135,-0.0184501539061227,0,0.013100135330476865,normal,-0.012544651220004366,0.0018183492174643767,-0.0002657562349711595,0.04846355513500877,46.682623727362696,-1.3934486971356295,0.022797145240283517,0.6675256789112817,119178674,1042870.3393939363
2011-12-12,300.2043565020329,300.4764615356688,296.2005998579296,297.9886779785156,1926515,-0.006222297580684599,0,0.013016915160784646,normal,-0.02937445328031807,0.019957632739780795,-0.005872275413386974,0.046106698174753546,44.659521033113016,-1.7972825112495725,0.022967836009645037,0.7967161077580232,117252159,525039.2363636417
2011-12-13,299.31026516341467,301.6425529439088,296.7836200678794,300.1265563964844,944694,0.007174361228995618,0,0.01290703049064268,normal,-0.022658376387372225,0.010866467074300612,0.001139823407900975,0.04429006221930232,50.92673897200235,-1.8836459599135056,0.022434182253550355,0.41008432719111637,118196853,116017.74545454817
2011-12-14,299.3490373128847,305.10203109205213,297.28885513668337,298.8825988769531,1268518,-0.004144776571813669,0,0.012142695832724433,normal,-0.03100217984772724,-0.009660221260960555,-0.002723822272439058,0.042308849897094714,50.640969185165794,-1.9780254780293927,0.022676192265564225,0.5561602034329307,116928335,-264745.8545454522
2011-12-15,298.5328044649563,308.4450264882068,297.4055226663275,307.2400207519531,2848153,0.027962222981206875,0,0.013745050818095308,normal,0.005725889164615472,-0.004909800673399967,0.022711407403097628,0.042006070455399946,57.10309498165754,-1.4552358603224995,0.023179955643183568,1.233840423314493,119776488,-178018.63636363487
2011-12-16,307.47330578101463,314.8588845545156,301.64258569667174,305.3742370605469,2709272,-0.006072723491034271,0,0.013802585977155828,normal,0.018408181622126873,0.005632606184078348,0.014905837955157653,0.041226307403906315,63.07697324835841,-1.2221263995501523,0.02427627638111708,1.143727719152314,117067216,-444304.49696969445
2011-12-19,305.9183574318465,310.34971288728866,302.0312118482144,308.0174255371094,1861261,0.008655571281995345,0,0.013909997692716879,normal,0.03365479395602011,0.0032917495029820554,0.021385944926389122,0.040885848358958254,61.47665452272547,-0.8922652889819149,0.02454568789635274,0.8127418302025655,118928477,-428188.5636363605
2011-12-20,308.3284718056854,313.2262670117035,306.69586549525945,308.4062194824219,1722756,0.0012622465908691538,0,0.01391023350188626,normal,0.02758723914787331,0.004303780712400007,0.02047143542891794,0.04050231017891437,57.52217185138867,-0.6608905224256638,0.02457777909860551,0.7601455247263745,120651233,-232467.09696969524
2011-12-21,312.5265930859861,314.58677608142625,309.1059087524852,312.13787841796875,2958318,0.012099817383091294,0,0.013684739228882851,normal,0.044349452229143216,0.011972342687259996,0.029600818079158264,0.040707877415106175,54.15485971504348,-0.2885339985705091,0.02322541766712474,1.3243578265666764,123609551,254087.41212120626
2011-12-22,311.7491638863464,320.68960125465804,310.3886625476903,317.50213623046875,3480833,0.017185539415107476,0,0.014015205505145649,normal,0.03340097248203433,0.03931811191307211,0.04259889390928362,0.041721796411277046,66.8881152217763,0.2575138888442936,0.022824277762979194,1.5375648742376353,127090384,795576.8969696935
2011-12-23,318.74601814924864,322.55541703573647,317.57987418040994,320.0676574707031,2478598,0.008080327492260064,0,0.01405730975719551,normal,0.04811611009360606,0.06741002180928635,0.045940816069345525,0.0429037376560899,66.24759784578683,0.704607669492356,0.022589261278671287,1.0813071568317196,129568982,1278773.9393939385
2011-12-26,320.2620739430541,326.71472893883134,320.14544054442314,325.8984375,3210785,0.018217335907582566,0,0.012847236517298131,normal,0.058051949274332104,0.09366046962192498,0.058443300045041724,0.04482407190084059,70.47381642204041,1.2730167825814034,0.022585544415312374,1.3563027524524702,132779767,1682727.248484851
2011-12-27,325.7428989055705,326.5591902361125,322.67204347112954,323.9936828613281,1805252,-0.005844626483279436,0,0.012830211372026144,normal,0.05054198778826735,0.07952354084026436,0.04704608610628491,0.04594591759374822,66.72239737901545,1.3911018371737063,0.022435525101325782,0.7657932243080846,130974515,1862978.436363642
2011-12-28,324.1491677490846,324.965459053253,319.2902344498433,320.0287780761719,2100950,-0.01223759904866184,0,0.01301815254945282,normal,0.02528017329456178,0.0707507873615767,0.030871843139046007,0.046002551975592665,65.30278558368252,1.086097710498768,0.0223751221810903,0.8971873936406219,128873565,1689183.7333333308
2011-12-29,320.10646279897543,323.9936086738871,316.4914218803587,322.0888977050781,3064284,0.006437294924820591,0,0.012174935901660768,normal,0.014446395633949116,0.048329891779017586,0.0338148983650548,0.04624190837625042,75.30965839614042,0.9139258480934398,0.022464756559765257,1.3639159275393347,131937849,1727617.993939395
2011-12-30,322.5553586819306,322.59424437567964,315.1309195802573,316.7246398925781,1008710,-0.016654587757358175,0,0.01218807740489161,normal,-0.010444721608371177,0.03716882911042951,0.014992758911059889,0.04528834203942189,69.75397145111283,0.3581467635843847,0.023564079564685526,0.47178183736975554,130929139,1383003.1393939361
2012-01-02,317.30777354034086,318.7460225334095,312.13787328576564,312.8375549316406,772876,-0.012272758324883948,0,0.01241005186408433,normal,-0.040076542460745546,0.015648885403564794,0.0022939204168459515,0.04357890861955638,62.92490957522076,-0.31548160651928114,0.024256258628306666,0.37851000387851347,130156263,952292.169696966
2012-01-03,315.0532141790072,320.0676425005841,315.0532141790072,317.1522827148437,1521362,0.01379223087249204,0,0.012731470562771338,normal,-0.02111584425370605,0.028358906792151473,0.014560411358316205,0.04271107400313601,67.48520801655692,-0.5035233386370441,0.023794939787317552,0.7377565433763578,131677625,583320.6060606061
2012-01-04,316.8801787149205,316.8801787149205,305.335349182203,307.4344177246094,2571970,-0.03064100597684105,0,0.014610866534913102,normal,-0.039353836949516,-0.015068535472843814,-0.01497633739076809,0.040030720409615306,50.1813279468211,-1.2717309716842173,0.024727713378681022,1.2267665262450966,129105655,137627.73333333214
2012-01-05,307.0068247684055,310.0776799829412,302.6143539835738,305.80181884765625,3679775,-0.005310397219141394,0,0.014495296430574236,normal,-0.05056702970350502,-0.036851145386686324,-0.018317961498148017,0.037255734429208154,50.400578667634925,-1.8444233114025197,0.023515960626349402,1.6831824944171987,125425880,-343344.0484848483
2012-01-06,306.112828077434,310.699656819764,301.91471403742463,308.4839782714844,1730249,0.008770907360640345,0,0.013923513150027211,normal,-0.026018378689730892,-0.03619134557598669,-0.008791302539541301,0.03519309343501975,50.43676955092273,-1.9849873657367407,0.023419500874387617,0.7925083288997805,127156129,-544522.9393939353
2012-01-09,306.54028183273044,307.74531116184727,303.58606076988525,305.8794860839844,1662954,-0.00844287668388366,0,0.013997092112934567,normal,-0.022241795263924335,-0.06142696347237209,-0.015551088735240137,0.0327953818750053,47.7287864440404,-2.1801907500336695,0.023237696940067578,0.7663105274763102,125493175,-593109.3757575756
2012-01-10,305.91842114117605,310.1942821736448,304.5190579297443,307.4344177246094,1818282,0.005083478008061304,0,0.01395945781730893,normal,-0.03064100597684105,-0.05110983952056325,-0.009551814386237312,0.030872544288091275,45.60000319744387,-2.128994316583347,0.023002758383143314,0.8213553975346627,127311457,-574544.5999999982
2012-01-11,308.52284416661,309.9610932178985,304.2469827156372,305.1410217285156,1313159,-0.007459789353019386,0,0.01404687075804425,normal,-0.007459789353019386,-0.04652005496865885,-0.015351750625584581,0.028668442518750892,37.731535468535014,-2.1667819232479153,0.02210194160499145,0.5925834636569538,125998298,-723269.3090909054
2012-01-12,306.1127585049213,308.7171511636019,302.031255058189,306.3459777832031,2145254,0.003948849773989238,0,0.012582669945446118,normal,0.0017794496370147073,-0.048877561549141246,-0.010383094439943008,0.026865784264847203,36.00315031222953,-2.0301669241762212,0.02239567325727446,0.9836801790131807,128143552,-515842.8424242446
2012-01-13,306.22931801560856,306.7735278761908,303.35284457821814,304.4801025390625,2414816,-0.006090745038151213,0,0.012583123067378112,normal,-0.012979201561314824,-0.038659882469733176,-0.014870926517170147,0.024858401129750574,26.22938382461716,-1.9827474529544307,0.021776030909586283,1.1148106048679987,125728736,-461389.46666666743
2012-01-16,303.9748435949461,303.9748435949461,299.31026798990865,300.3598022460937,2898804,-0.013532248112798073,0,0.012750232564409696,normal,-0.01804528936724825,-0.03988572499958798,-0.02558475681520289,0.022267878535949803,24.999951577507858,-2.1330728749772474,0.022379787940961914,1.3069453785006744,122829932,-553542.5515151545
2012-01-17,301.3316327066141,310.1943229016076,299.8545216283254,309.1059265136719,3985373,0.02911882416413447,0,0.014440584046029126,normal,0.005436960511557842,-0.025370639404813655,0.0025227735516382133,0.02153314668137618,39.50712326550332,-1.5734937964085043,0.022824449882531815,1.7096312338109643,126815305,-238083.50909091084
2012-01-18,310.5829868450372,310.5829868450372,302.0312650545605,304.9466247558594,1875310,-0.013455910744657129,0,0.014463995363168796,normal,-0.0006370725625648443,-0.00809210948846495,-0.009932974108452397,0.020052953767589532,34.17092932294216,-1.4183022188287777,0.023381598400407204,0.8235953608371933,124939995,-137441.55757575415
2012-01-19,306.3070257095396,307.3176739184811,301.6424517139628,304.28570556640625,1924205,-0.0021673274461793124,0,0.013811374655926217,normal,-0.006725311791933808,-0.004957829508546174,-0.010941000244091503,0.018570681063220906,37.42137569011329,-1.298217091216969,0.023012641645228347,0.8749773321345663,123015790,-336581.72727272543
2012-01-20,304.7522196535391,306.03497297590746,302.69203719940145,304.0914001464844,1944382,-0.0006385624311867621,0,0.013611510019387112,normal,-0.0012766101605219404,-0.014239242341248182,-0.010481978766806677,0.017177486313212587,40.44176894343651,-1.1736939671108984,0.02226037422647162,0.8950231758095146,121071408,-497215.9515151509
2012-01-23,304.091442685228,313.0318789512339,302.186755281103,307.5898742675781,2009356,0.011504679577944321,0,0.013149499613380099,normal,0.024071370294619587,0.005591706084938641,0.0008161237434485269,0.016543526364535266,39.35989807484525,-0.8145772514447616,0.02284667285428821,0.9512347090015622,123080764,-585358.3454545465
2012-01-24,310.5052473292857,310.5441330281457,304.7522754460197,305.6074523925781,1785375,-0.00644501669543085,0,0.013157487963408326,normal,-0.011318042848780574,-0.005942618089259555,-0.005100303645739657,0.015567296952278653,47.544418357017115,-0.6751687008394255,0.02158665507382538,0.8455993289293414,121295389,-620424.6848484846
2012-01-25,305.9183829040763,310.27199106529724,302.61430888287595,305.9572448730469,3214760,0.0011445809901893256,0,0.01299338779888967,normal,0.003314088549091432,0.0026749046716421088,-0.0035856217271735824,0.014724757595485638,50.21636561838593,-0.5304016804943705,0.021607349909416467,1.483464161721571,124510149,-494762.37575757335
2012-01-27,310.9328624464859,310.9328624464859,298.61060312121475,303.1585693359375,3014531,-0.009147276568890028,0,0.01291740358275265,normal,-0.003704203680454432,-0.010404603547696345,-0.011504481378373455,0.01342438200063012,42.61057064045986,-0.5895839823172927,0.022640266213420135,1.392666362265131,121495618,-372473.9272727196
2012-01-30,301.6425622633212,303.89710244240246,295.4231279898506,297.2500915527344,3357821,-0.019489727096105303,0,0.013090176549449177,normal,-0.022497540510696634,-0.02374543008241592,-0.027921336887695047,0.01115875682165357,39.03171852235722,-0.9706118671888128,0.023949608616810156,1.4714179787327137,118137797,-513746.0666666699
2012-01-31,298.5329123553224,298.5329123553224,291.0307228185292,294.6069030761719,5410046,-0.00889213679550227,0,0.012986730873953425,normal,-0.042208708015245455,-0.019153359160918315,-0.03319840407200847,0.008658595289610105,34.13465530699355,-1.3227968609679732,0.02460743722982447,2.1520622309050057,112727751,-1051353.8424242402
2012-02-01,295.2287293670238,300.35976666986915,293.2074087658719,299.1158752441406,3629907,0.015305045879399959,0,0.01309314798467439,normal,-0.021241553822118564,-0.03231918385456578,-0.01667816999572136,0.007282050023835085,42.93516144869413,-1.178992464854949,0.0245799485774059,1.3858222438147936,116357658,-1002824.4787878837
2012-02-02,300.0877712701733,305.8796302316852,299.46583719287963,303.74169921875,3401946,0.015464989849949484,0,0.011949978055787088,normal,-0.0072413570569841434,-0.003951267006395143,-0.0013311888704201635,0.00691189209859977,47.1731126865914,-0.7217056205127781,0.024223918546038836,1.278535215851608,119759604,-766995.7333333314
2012-02-03,304.9466163805802,314.0425478889184,304.01369181168394,312.0600891113281,3661767,0.027386394143358528,0,0.013409901296590265,normal,0.029362586698074233,0.025549618015905162,0.023482583452699712,0.00809803060563663,57.21694985579523,0.1453900606767784,0.025153022890532006,1.3766482036069687,123421371,-396921.9575757553
2012-02-06,315.55853829265885,319.44568467154176,298.99930420872136,300.90399169921875,8152556,-0.03574983729537229,0,0.015587605868037178,normal,0.012292343216439905,-0.010481744783740088,-0.011873311253729812,0.007041655214790943,50.456910697429436,-0.01925626411949377,0.029711923611009012,2.734811609758264,115268815,-606074.6545454576
2012-02-07,301.6425087070728,301.6425087070728,293.86821724555034,297.09454345703125,6607892,-0.012660012320459324,0,0.01571973052049685,normal,0.008443931065037491,-0.03412118437103295,-0.022112164809212742,0.005393602453324542,39.00344266682909,-0.3530575818589361,0.029476090718042573,2.0468788134698848,108660923,-971366.2969696961
2012-02-08,297.7554064928967,303.11966364027586,297.36669186301043,302.07012939453125,2952882,0.016747483409164765,0,0.01618015224481416,normal,0.009876621051889467,-0.011574727547883468,-0.0051916492389009194,0.004859137909450473,47.405316929731015,-0.2139385078908178,0.028393122446738847,0.89889668731614,111613805,-1119830.696969695
2012-02-09,299.54349876903814,306.8513531440962,299.54349876903814,305.80181884765625,1611262,0.012353718855302898,0,0.016353689589911045,normal,0.006782472193330946,-0.0005079991665342121,0.006417601522283878,0.00506577679692688,51.295793574449704,0.13541009533941972,0.02842798904130124,0.4882741957759634,113225067,-848738.2121212131
2012-02-10,305.52972592551805,307.08458458162755,299.8933632971211,301.1761169433594,1192722,-0.015126469560343914,0,0.016678728615565224,normal,-0.03487780894687198,-0.006539324937839153,-0.00797396984807508,0.004371938498317629,47.683810336634046,0.06455524459725792,0.02977728905703207,0.366733469429415,112032345,-706883.1515151488
2012-02-13,301.9535295137828,306.07391895895825,300.94288093350406,304.55792236328125,1329643,0.011228663993160692,0,0.016834011025462035,normal,0.012143177773842773,0.024584789099216797,0.0028628505942174254,0.004377288706120641,47.586643133334015,0.24491261393076202,0.028106506802560112,0.4157697855584084,113361988,-601650.503030297
2012-02-14,304.13038731072226,305.5297507247,302.0313184644935,304.6357116699219,1096306,0.00025541711749599294,0,0.0165237722973771,normal,0.025383058622149735,0.034041322484412495,0.0028211134106193025,0.004379839124369234,49.20233312925299,0.3618575097379195,0.0275615855285929,0.35274791956928114,114458294,-739400.484848482
2012-02-15,306.1127533783784,306.1127533783784,299.3102477477477,302.03125,2772667,-0.008549429926140273,0,0.01522628483959005,normal,-0.00012870982844015444,0.009746640005248164,-0.005207437333611287,0.0038846169037618505,46.892324817484756,0.2609265134042542,0.027597009193057676,0.9098865251969405,111685627,-807369.3272727261
2012-02-16,302.4199390522506,302.4199390522506,297.8331118168175,298.5716552734375,1472742,-0.011454426409725826,0,0.015146801915664965,normal,-0.02364329813819932,-0.01702118595704938,-0.015044840502197121,0.0027999733209054245,46.40676189729398,-0.02644119978956727,0.026066199459400672,0.48651293908464843,110212885,-672242.4727272717
2012-02-17,299.73782940577416,301.64254050473426,296.3560312437233,299.38800048828125,3128005,0.0027341685000075167,0,0.015165649996947791,normal,-0.005937112388677224,-0.04060784786396088,-0.011188606405197699,0.001997005685408837,51.81996492823277,-0.1426587823256631,0.025234652764470088,1.0131753395589533,113340890,-6661.557575756158
2012-02-21,300.7096612939917,301.9535529916151,296.2394425581888,296.93914794921875,2314496,-0.008179528020724192,0,0.01525746958606977,normal,-0.025015847084006282,-0.013176441188467947,-0.01747282643728776,0.0008371811742262647,51.9919906456747,-0.3535626053127048,0.025012640972103053,0.7452091533156906,111026394,111358.03636363901
2012-02-22,296.2004696078785,298.14404224310084,292.3910719878932,294.25689697265625,2030557,-0.009032998831872474,0,0.015055804352027616,normal,-0.03406959295865897,-0.009551324811811646,-0.0238986301719869,-0.0006736377640438329,45.71623209009475,-0.6268471048581217,0.02490094918070537,0.653564911440578,108995837,-270482.8727272697
2012-02-23,293.20742749562896,302.7698211993245,293.20742749562896,301.79803466796875,2728135,0.02562773472056712,0,0.016231424891696433,normal,-0.0007721562984996932,-0.000900766742835124,0.001010183003694376,-0.0005846959138254837,48.37020606695846,-0.27104308621927076,0.024941112725630408,0.8649674037089318,111723972,-310717.18181818764
2012-02-24,303.00302532484534,303.50834955082985,298.182954880249,300.0099182128906,1728472,-0.005924877731710132,0,0.016270615959400322,normal,0.004817144943433993,-0.01894004638883795,-0.004454131121166216,-0.0008374545335697592,38.65308308773156,-0.13434384946704503,0.0239051737834188,0.5612436399407056,109995500,-339149.6727272732
2012-02-27,302.30342913782056,303.81940224370936,293.55734832409127,295.4620361328125,2232300,-0.015159105762799774,0,0.01648597897195031,normal,-0.01311329896009783,-0.018972556219062686,-0.017717199965300412,-0.0019002119725562983,44.14725949615532,-0.3179568431754558,0.021811050313037882,0.734162812665448,107763200,-529712.5151515171
2012-02-28,295.92846564189085,298.5328586065574,295.46200330526614,296.3949279785156,2574086,0.0031574000433807203,0,0.01592876631206714,normal,-0.0018327659874479707,-0.026802764877771557,-0.013242197763426167,-0.00264465694335847,49.1979481466917,-0.3422151651035539,0.020608914098548134,0.8576228823998591,110337286,-439480.58787879354
2012-02-29,297.09455542458227,300.7484820487871,294.5290486290381,295.5785827636719,4159331,-0.0027542482606278673,0,0.01580756908201101,normal,0.0044916051403154356,-0.029731014977205206,-0.01446195836691011,-0.003435197061706252,41.77345212966322,-0.37617364973531275,0.02071279004589712,1.4152758069330882,106177955,-466371.13939394074
2012-03-01,295.03449268569045,297.6777482176633,293.3241383104499,295.6953125,1603552,0.00039491946688663404,0,0.015408397690570544,normal,-0.02022121242334407,-0.020977754785307834,-0.012749576055596346,-0.004088964220502533,35.900483820701936,-0.35402780915786014,0.019990981983723045,0.5651153235751225,107781507,-490271.9393939378
2012-03-02,295.151010848207,298.26072785695993,292.7021134488657,297.6387939453125,1316617,0.006572581177838321,0,0.015048724739374181,normal,-0.007903486263729276,-0.0031244135591862454,-0.005667906128301814,-0.0042796558774556015,44.665907662232605,-0.18049185858617767,0.01946864792442668,0.4816951087870173,109098124,-493217.39999999944
2012-03-05,295.4231130116491,297.94975805714347,293.2463206164032,297.4055480957031,765991,-0.0007836540610772769,0,0.013499826414919272,normal,0.006577873720524208,-0.006621682864192513,-0.005836691019056484,-0.004473340511114587,38.08300087762206,-0.05966683454196109,0.019381218763307298,0.29591958032083854,108332133,-315898.2666666689
2012-03-06,295.50083510087387,300.39862942882394,293.9459767459366,295.5785827636719,1464049,-0.006143010255623582,0,0.011039654511589211,normal,-0.0027542482606278673,-0.004581966355542866,-0.01081864354523443,-0.0049672327793942594,35.74053289463569,-0.07978530684274876,0.02021492111395191,0.6495091235121154,106868084,-312023.87878787593
2012-03-07,296.39485198181944,300.08764030159296,294.1014265878585,299.3102111816406,1118547,0.012624826816198587,0,0.011061941371972724,normal,0.012624826816198587,0.01717313769353712,0.0015103501079132275,-0.00467997567763434,45.86285520202006,0.16772852552856188,0.019768089918115284,0.5650317099040466,107986631,-332104.54545454204
2012-03-09,301.5258794079801,301.72023668183783,296.20048535922683,297.1722717285156,1401098,-0.0071428884590494235,0,0.010481787182578596,normal,0.004994868589658807,-0.015327346132463338,-0.005108612609301066,-0.004813063897584402,47.78324694498507,0.1950496210888122,0.020134545420554525,0.7366333918480419,106585533,-234500.2727272709
2012-03-12,298.1441646667782,299.31030872675257,295.4231618601714,295.8507385253906,766487,-0.00444702729308577,0,0.010038952157897706,normal,-0.006007467629540297,-0.01386347395537968,-0.008632862204330904,-0.0051586960204002,44.48492011605987,0.13458254014304805,0.019886629911512802,0.41213628322528756,105819046,-231651.73939393615
2012-03-13,296.2005757895045,299.9322270967484,295.88960880144424,296.822509765625,890947,0.0032846672787703035,0,0.009566840902975961,normal,-0.0019604151093055577,0.004604563248189919,-0.0048669906834785115,-0.005258214413744189,49.809364388349984,0.16830790636879955,0.01942864206412501,0.4829762692216746,106709993,-278402.41212121036
2012-03-14,299.15485011943235,300.0877749721459,295.8896605854641,296.6282043457031,1316660,-0.0006546182096340836,0,0.009147850710002417,normal,0.003551074547476496,0.0007870457459528968,-0.004995484236393066,-0.005361799530924527,54.218811589827894,0.18450343819736537,0.01906695682502915,0.7140036297778439,105393333,-212599.0242424227
2012-03-15,298.29965250285693,303.1974479410307,297.0557607918928,301.7203369140625,2310912,0.017166717438725998,0,0.0100356227372655,normal,0.00805226698717365,0.02077875227956283,0.010921908220923537,-0.00447693651339609,49.84857172085809,0.525810214567012,0.01803657249190818,1.2132156502588707,107704245,-238107.92121211597
2012-03-16,303.11960127318446,304.7133451629591,297.87195484942686,303.35284423828125,2672919,0.005410663864808374,0,0.009926287317237626,normal,0.020797944821083325,0.025896696412058384,0.014807439671494782,-0.0033856087216799224,56.5549216516289,0.8310149267584246,0.018296469729954797,1.4069511652348412,110377164,-29418.254545455704
2012-03-19,303.9747824930068,310.7384252508554,301.448137881492,306.1904602050781,2963461,0.009354176236330058,0,0.009721696616287153,normal,0.03494911566293113,0.028731692352364835,0.021935065195275216,-0.0018945493325905893,72.54903973080906,1.1726053962968281,0.017900212279584736,1.5009949445662887,113340625,397226.69696970435
2012-03-20,307.16228853738454,310.11651007337866,305.2575774646667,307.3955078125,2100522,0.00393561447543056,0,0.009734693908866105,normal,0.03562060726197469,0.03359036097599022,0.023426997879043787,-0.00036848718454163265,72.8595363750398,1.4122357131565857,0.01824553027218792,1.0923395866974557,115441147,835955.2545454524
2012-03-21,307.24000895120025,314.4700905415341,307.16226129130587,313.4594421386719,3610315,0.019726815038138668,0,0.010279311326290796,normal,0.05674186589941699,0.06049443504266527,0.03929880935297381,0.002084998860044207,80.50421078059793,1.882261592722769,0.018140581645429914,1.8162841475018034,119051462,1287836.9515151524
2012-03-22,314.0813112852283,315.90827415285327,305.3740971258349,307.7452697753906,2497386,-0.018229383438873592,0,0.01101406730753794,normal,0.01996860046939486,0.0281816599589082,0.01837902316286688,0.0031430666120120243,67.26044295857088,1.7161141061735057,0.019911941090454344,1.2418075805532955,116554076,1530390.084848486
2012-03-23,308.25067642502364,316.4136829886119,308.25067642502364,313.3817138671875,3300855,0.018315290746501622,0,0.010296982915005394,normal,0.03306008108837322,0.05454560765171301,0.03338642995287766,0.005092844776221517,70.39278316282159,1.8803936581311056,0.020262618677888755,1.618284049859948,119854931,1755735.5030303034
2012-03-26,313.30397535048303,315.2086864277041,308.28954739633406,313.5760803222656,1925706,0.0006202227075715605,0,0.010136788523759281,normal,0.024121000086811284,0.05991312337168209,0.030687210688319144,0.006798652305999742,70.96781597187598,1.891580192215469,0.02075476726846069,0.9395580441435751,121780637,1874179.1090909096
2012-03-27,314.70338293801547,324.7322402638826,313.30401963570205,323.449462890625,4279621,0.031486402145892045,0,0.011225134573077203,normal,0.052225730923554536,0.08970665043572668,0.05678505770957054,0.010065556979347523,79.90002691180197,2.419605474517662,0.02121999590626553,1.9887148098162548,126060258,2091979.2242424197
2012-03-28,323.0607557316937,325.393043773242,319.5234616921165,320.6896057128906,1830505,-0.00853257616528369,0,0.011601945762654681,normal,0.023065706762217086,0.08111636390161103,0.0430229039510881,0.012345609181986683,73.42433434445567,2.432156696197224,0.021376637488087602,0.8655794693527662,124229753,1887607.612121217
2012-03-29,319.52343971924574,322.28330422185087,315.7917885994896,317.4632568359375,2403473,-0.010060659339990119,0,0.011936368560506064,normal,0.031578022523756744,0.05217719190854209,0.029340469272262526,0.013682048453190099,71.713934317549,2.085647019770373,0.021812531164188475,1.1857401831289847,121826280,1477878.030303034
2012-03-30,318.1240856532885,322.2055895630068,315.86952165628384,318.7848815917969,1963767,0.004163079434866379,0,0.01191208314406424,normal,0.01724149012376408,0.050871576273713304,0.030326130398493856,0.015026915001637775,74.54240135437703,1.8177369793036715,0.022270818111595307,0.9602810651719452,123790047,1182281.4303030295
2012-04-02,317.34662505565547,317.9296969852835,314.1591604286374,315.3641662597656,1539502,-0.010730481680782722,0,0.01232389462080629,normal,0.005702239583013968,0.02996078339130226,0.017403035178265247,0.015512371637515843,68.85370229810654,1.3063478992461999,0.022635653111376816,0.7487354375827691,122250545,837695.6606060648
2012-04-03,317.0356333631526,318.4738821966752,313.109625206348,313.8870544433594,1308869,-0.004683828964859527,0,0.012416893910233082,normal,-0.029563840860354684,0.02111789686536003,0.011420358101061012,0.015605672578303587,67.10312232734417,0.7902175393987432,0.02300754258337267,0.6282731887150745,120941676,453752.80606061086
2012-04-04,314.0813819386398,314.31460119750204,309.4168069593531,310.3497314453125,1285156,-0.011269413465680778,0,0.012661146579678885,normal,-0.03224262365658115,-0.009920615796871313,2.0125388900726904e-05,0.0149857666492339,58.823430293877195,0.1648929133607142,0.022885086765180786,0.6195507245356754,119656520,173725.12121212235
2012-04-09,311.98227971453764,315.7917011794213,310.9716314025804,314.4700622558594,1463760,0.013276411715770875,0,0.012689331879355292,normal,-0.009428475628677213,0.021851814279312487,0.012015226353712105,0.015137264381235749,60.81688185280401,-0.007774260999328764,0.022267372189990076,0.6998292045923494,121120280,-200287.54545454416
2012-04-10,314.8588384625466,324.5767038471931,314.74222882298227,322.5942687988281,2726003,0.025834594506992214,0,0.013481456916251341,normal,0.0119497110026352,0.02939723195063304,0.03440089835831417,0.016678597299772724,64.47185483775434,0.3678626990920728,0.021887347723212998,1.2633009665724724,123846283,-260900.06666666636
2012-04-11,321.27268210170445,327.1811499658685,318.8237843697564,323.8770751953125,1747310,0.003976531887131429,0,0.013327855769541356,normal,0.026993900532550574,0.03285006580368122,0.03471885543117792,0.018178377496036013,64.52053321288184,0.630033949990036,0.022572208918570535,0.791754902940118,125593593,-146204.39393939427
2012-04-12,323.6049623522357,328.0751810513957,322.32220868796367,327.4532470703125,1678795,0.011041756730831853,0,0.013399642286408418,normal,0.04321998131146598,0.012378391801631805,0.041566634192845564,0.02004636384940861,62.89398369429818,0.9522648946761816,0.021986527430887002,0.7473684709598204,127272388,299152.33333333617
2012-04-13,329.63010024538244,333.050785219857,328.7749230704475,330.5241394042969,891169,0.009378109276543478,0,0.013364269743137366,normal,0.06500539847426734,0.03066683021903427,0.04621958638015311,0.022130925548696778,72.06331996481305,1.2608320490965799,0.02071540901281212,0.4005253392550105,128163557,656392.1272727316
2012-04-16,330.2130677537324,331.1071066294385,326.79238386284175,327.4920654296875,722676,-0.009173532620262104,0,0.013452556933325926,normal,0.04140935731819573,0.03159045457324461,0.03301907750407085,0.023305669109703553,64.39326209254662,1.1523086609198465,0.019957628099317722,0.3368194786651774,127440881,766299.2242424289
2012-04-17,327.2977576592108,330.7573277706536,326.0150039716318,328.2306823730469,1470364,0.0022553735535248975,0,0.01345601410265809,normal,0.017472144174184523,0.029630642250297656,0.031875048080203694,0.024361383377084378,64.78427122651675,1.0260603172013276,0.019439005515519962,0.7050547462952731,128911245,1019270.0242424273
2012-04-18,328.8525410276842,329.7077178652424,326.7146107964168,328.7359313964844,1749037,0.001539310767002755,0,0.013406775794779068,normal,0.015002161539966252,0.042401028928900075,0.030180247415605876,0.0252682997816438,56.57630091378113,0.8780888670589428,0.017576326107964457,0.863833079173072,130660282,1202934.2484848471
2012-04-19,329.24122334535195,334.6832270370107,326.9866837038583,330.79608154296875,2363011,0.006266884601670242,0,0.013419577737595842,normal,0.010208585508203694,0.05386978169455081,0.033031846076957416,0.026316857048410025,62.79507343560562,0.8214875175774248,0.01786135778379887,1.1595528455284554,133023293,1326295.8424242414
2012-04-20,331.1848573075964,331.1848573075964,323.7215318344864,328.8525695800781,1990448,-0.0058752569069902005,0,0.013031832036827437,normal,-0.0050573305394014945,0.059619314147935976,0.024332178074650157,0.02677838487414963,64.90326981026139,0.5677456145683442,0.018178000442235272,1.0171586967181505,131032845,1108966.6363636386
2012-04-23,328.34728156157774,329.9021402182205,323.41060058168506,324.2657775878906,498101,-0.013947867270870051,0,0.012704794927170958,normal,-0.009851499264764807,0.031149913800256224,0.009079582853868562,0.026267853321900292,56.60731786997713,0.033759438315273727,0.01846937818528079,0.2682423842149502,130534744,824157.4363636415
2012-04-24,324.88770613467875,329.12470539337454,323.68270018600884,326.9090270996094,1386044,0.0081514908276199,0,0.012241902084353206,normal,-0.0040266048983664815,0.01337518585450126,0.01563122053872612,0.026187465522504727,64.18340321893689,-0.1865585679484738,0.018498397966018456,0.7870036771380731,131920788,682569.4545454555
2012-04-25,326.0150055325674,328.07518858312005,323.7215794398084,325.8206481933594,1021535,-0.0033293020872083856,0,0.012300202748852785,normal,-0.008868161112601136,0.006000958841791526,0.011070307177113214,0.025825492480755496,64.80236510784559,-0.43644461123564593,0.01833862949808159,0.595314930039343,130899253,503875.9272727274
2012-04-26,325.0431569083259,326.4036580235752,320.4951912922984,322.39990234375,2175667,-0.010498861470496279,0,0.010443487345024932,normal,-0.025381737171902174,-0.015432263297964544,0.00041184793593029845,0.024813304777755896,64.99031927413537,-0.8396153519329479,0.01875712429950217,1.3507086966919208,128723586,254118.2909090906
2012-04-27,321.8556956388,325.19863177972826,320.72841378474493,322.944091796875,2408519,0.0016879330581953678,0,0.010258117717399493,normal,-0.017966950328981324,-0.022933416061784118,0.0019000507204312012,0.02393551613074818,61.571157469952915,-1.0627805334810203,0.01851058544108644,1.4689134084663755,131132105,177555.40606060543
2012-04-30,324.69328091284945,327.60864023576846,322.1277741987827,324.6544189453125,2701937,0.005296047185508801,0,0.010005528933474759,normal,0.001198527209108624,-0.008664779345575413,0.006515388131079325,0.02338152518248937,53.41048826054843,-1.084580555042967,0.017395332805419616,1.6330012960965705,133834042,164210.10303030335
2012-05-02,334.2945556640625,337.2487771309912,329.31901353411376,330.40740966796875,4465721,0.017720352433044706,0,0.010657151903802621,normal,0.010701394817382637,0.006631699630225141,0.02198105643885251,0.02381560113236536,59.41693892495529,-0.7185606788835619,0.01800841572563213,2.509281437596801,138299763,414980.98787878506
2012-05-03,328.4638277726176,338.5704070886981,328.4638277726176,337.9873352050781,6817254,0.022941148761544294,0,0.011211093993650861,normal,0.037341669655320375,0.028142356600002305,0.04092309798041183,0.02541706970706037,63.61799346836877,-0.010421713937125432,0.018524616946135598,3.335955217167144,145117017,1040404.3393939363
2012-05-04,336.23811759940827,340.3196207610196,335.18858346994284,338.1039428710937,1828561,0.00034500602202980346,0,0.011072732694482378,normal,0.04870981787891382,0.0220917409119179,0.037204308501750605,0.026720842141085166,60.609192996544344,0.3987612955585247,0.018419674063969917,0.8835534275172605,146945578,1747868.296969697
2012-05-07,333.9447161150352,337.4042856771736,330.4074226101355,334.2557067871094,1165490,-0.011381813685182318,0,0.011080799139724712,normal,0.03502654260462257,0.016430272124468015,0.02292463221249652,0.02707783748421666,59.25538019007627,0.3451785312355202,0.019354408196931655,0.5647930254465308,145780088,2090308.569696974
2012-05-08,334.294624635211,339.1924201106921,333.9836576364165,334.9554443359375,1505249,0.0020934199016497956,0,0.010855997206686818,normal,0.0317292012352377,0.03296575675535007,0.02262478995229933,0.027401484450939817,59.21197958253733,0.2938063628482963,0.019413443039971386,0.7287066886701296,147285337,2302892.1393939457
2012-05-09,334.683226859872,338.72586766163727,331.6512581211747,336.2769470214844,1656021,0.003945308869861108,0,0.00947066875234186,normal,0.017764545169898005,0.028656045398895102,0.024059287670202156,0.02780162593510971,60.104172289091636,0.2855227214593654,0.020204103761954195,0.8230125709848659,148941358,2495169.5696969717
2012-05-10,335.14972949164087,342.06884455694603,335.14972949164087,336.8211975097656,1652017,0.0016184591096768397,0,0.00946103401547341,normal,-0.0034502408044518873,0.033762591098517314,0.023210629921846637,0.028132299241820924,58.41486170509307,0.2544271927351076,0.020006590409498655,0.8229714063221089,150593375,2503144.7454545456
2012-05-11,338.1817314941839,338.1817314941839,335.3829813850424,335.8883056640625,1811513,-0.0027696945815771645,0,0.00926871676717694,normal,-0.0065531244274070755,0.04183749195411002,0.018400307499438995,0.028148555073071346,60.111772616147675,0.11581603004867613,0.019070207795956882,0.8994528198301435,148781862,2028549.024242427
2012-05-14,337.36546740465167,338.1817587114372,334.64446474835273,337.2877197265625,1208457,0.0041663077841704865,0,0.009101797522809265,normal,0.009070938439905918,0.04441520465625781,0.020442689380486323,0.028291868447888113,70.60274308603464,0.0656607233208426,0.018365454402442277,0.5953338843344076,149990319,1537306.454545453
2012-05-15,335.84945762760185,337.2488208776131,335.4996049524694,336.1993103027344,1454395,-0.003226946491590277,0,0.008843627038828012,normal,0.003713526643111864,0.035560555112501335,0.015491161579713975,0.028119692124068063,65.45927280113759,-0.0853396794687713,0.017648608672022226,0.7038074959869309,148535924,918277.9696969736
2012-05-16,334.2945648674934,336.62685252935967,331.76791990047167,332.5453491210937,2094109,-0.010868437470470838,0,0.009250434681298473,normal,-0.011096799627338894,0.006470615944337954,0.004028425726914309,0.027238591394525002,60.30978722130044,-0.455165157340228,0.017951069271598785,0.998309874034058,146441815,304535.46060606797
2012-05-17,333.28392025002074,338.4149341856429,331.3403471758435,334.2557067871094,2518722,0.00514323135336614,0,0.00930272834233272,normal,-0.0076167733551920636,-0.01104073445741549,0.008309637013845794,0.026661066172471326,69.18241043310294,-0.5993833799746051,0.018108408564837527,1.1791004848444873,148960537,183969.8484848488
2012-05-18,331.3014777290781,339.73659002978934,331.3014777290781,335.8883056640625,2121717,0.004884281236798627,0,0.009265605757967721,normal,0.0,-0.0065531244274070755,0.011959002347232017,0.0263351636788256,70.23089074758082,-0.5982314565189037,0.018863549379090048,0.9988904105193894,151082254,254450.1999999983
2012-05-21,335.22753975312963,337.36547043082754,330.40746837148845,331.34039306640625,914515,-0.013539955160584927,0,0.009704551555107506,normal,-0.017632799275875577,-0.00872180687272428,-0.0015771506556588877,0.025177964219615934,59.5983421977271,-0.8990870405214313,0.019440899722553046,0.4417355318408569,150167739,147207.05454545282
2012-05-22,333.05075255671983,333.82818196218614,328.34731414375364,329.5134582519531,1318747,-0.005513770287847053,0,0.009218345620197809,normal,-0.019886572773635036,-0.016246895448358334,-0.006412052201715701,0.023767140242315854,48.55360495190205,-1.1977680858315312,0.01800669669854629,0.6246109345882259,148848992,15198.539393943027
2012-05-23,328.77481569437884,333.5171387290508,325.8983417866486,331.9622802734375,1594562,0.007431629756414759,0,0.009189669314565845,normal,-0.0017533513825925828,-0.012830694420962518,0.0008792798280623515,0.02286863231371261,38.310686394666575,-1.2038300504017263,0.01733856676461549,0.7515366902018037,150443554,61614.13939394329
2012-05-24,332.7397012338529,332.7397012338529,327.14220144262003,330.1741943359375,1065218,-0.005386412986521094,0,0.009249720046888872,normal,-0.01221074874204442,-0.019734515591571133,-0.004083922351432068,0.021697745180193184,35.55238997571338,-1.2938120614963675,0.017533377862886595,0.5015340623424273,149378336,141852.96969697287
2012-05-25,328.85255938310183,331.1070993714098,325.7428425095028,327.1810913085937,1174995,-0.009065223989911386,0,0.009163482811190633,normal,-0.02592294583836241,-0.02592294583836241,-0.011878184057112717,0.020089801914457084,36.69583981359792,-1.5056290423760172,0.017184607596328692,0.5665668355581464,148203341,51961.375757574
2012-05-28,326.9089914600495,327.6475587192061,321.2337675668983,324.537841796875,1259996,-0.008078857800573824,0,0.009370241676602513,normal,-0.020530401399529663,-0.03780119222847411,-0.01800360267774781,0.01816706910126631,31.743678603516955,-1.7569475586419596,0.017589788951798097,0.6248555017065056,146943345,-19081.096969696726
2012-05-29,324.96545124225787,326.1704571814016,321.85573400548986,323.6049499511719,1147219,-0.002874524094133246,0,0.009318361686114543,normal,-0.017931007528874554,-0.03746099401638203,-0.018880359216358555,0.016268632992432197,27.48632054704808,-1.9066948706915738,0.017031313657549486,0.5917392363089969,145796126,-212725.79999999626
2012-05-30,323.41049966473645,329.1634701541067,321.89450345745684,328.4249267578125,1459824,0.014894632505985772,0,0.009051206797891781,normal,-0.010655889918310235,-0.012390557781581713,-0.003862136702825758,0.01538051700861054,37.05023002128419,-1.6134489372187035,0.01685745007435316,0.8162605052741678,147255950,-433141.33333333454
2012-05-31,325.5485548037235,334.91656939811986,324.6933777356046,332.7397766113281,3840908,0.0131380096392546,0,0.007923746611158149,normal,0.007770390052895149,-0.004535240969712917,0.008339221426545196,0.01528728628988274,45.602682776510036,-1.086474501640928,0.01823263849483148,2.342571648440553,151096858,-286006.29696969484
2012-06-01,333.0506766662734,336.6268558615865,324.88766976893703,326.1315612792969,1198654,-0.0198600101236176,0,0.008992450433467419,normal,-0.0032077954905618267,-0.02904758582016187,-0.010585195926186897,0.014021193956592848,36.39803690295027,-1.1352366464235895,0.020398435133158355,0.7453776355990152,149898204,-88699.3878787855
2012-06-04,324.49902441262907,326.20937857007203,317.8131268770734,320.61187744140625,1053519,-0.01692471533953621,0,0.00938151687405241,normal,-0.012097092695667722,-0.03237913592638797,-0.024792363102994708,0.011925143330675736,32.8485781387362,-1.470248162799939,0.022221831999518733,0.6574148300438588,148844685,4527.303030305711
2012-06-05,322.244442548803,323.3717245158567,315.71404122048955,316.6469421386719,1596568,-0.012366776098178045,0,0.009600867103780532,normal,-0.021501549384673746,-0.039047012469649256,-0.03346020960103002,0.009377631120965235,32.62530608215516,-1.8645419701493826,0.023131421986816194,0.993456595107237,147248117,-61210.98181818436
2012-06-06,318.0851988134845,330.8739205082516,318.0851988134845,326.5591735839844,5031386,0.03130373335792891,0,0.012203224761478549,normal,-0.005680912201904698,-0.016276266945155937,-0.002899656627686764,0.008826580592333766,42.867437277566985,-1.3854652054945238,0.0239937498940193,2.833223634818002,152279503,273198.648484856
2012-06-07,329.2413116185012,330.40745557936947,327.80306265504487,329.4356689453125,2861606,0.00880849657279148,0,0.012400970261457134,normal,-0.009930005061808855,-0.002236775021471238,0.005320003329985834,0.00880784711873095,44.154943749903246,-0.8299371666104756,0.022789725303617153,1.5583275677621389,155141109,670427.4181818124
2012-06-08,328.50271879425446,335.26636273252683,328.30836148252547,333.7503662109375,2762193,0.013097237707861087,0,0.012785740705540024,normal,0.02336113960192865,0.020078406353097433,0.016696862013550806,0.00949701908725209,52.19231277476783,-0.16193836759962163,0.022495101437348335,1.4662368412182292,157903302,1070136.466666664
2012-06-11,334.48891704263497,340.2418884419544,333.7503498042685,339.07574462890625,1765844,0.015956172508296174,0,0.013262577816521206,normal,0.05758946716150404,0.04479570934328936,0.02969117920895048,0.010967950198078169,58.17812051241763,0.6064057243818037,0.022354707570624667,0.9236866712975389,159669146,1364589.260606067
2012-06-12,338.1427958378396,338.5703723518566,334.4888695852728,336.2769470214844,2128965,-0.008254195859644708,0,0.013381002206319572,normal,0.06199335054439192,0.039158848071466634,0.019135009980432827,0.01172318575029685,53.66814880464681,0.8775183793626431,0.0218967530506589,1.0943228511603675,157540181,1312183.2909090908
2012-06-13,336.043788191296,348.6770133112695,336.0049262194913,347.9384460449219,3034493,0.034678258877770984,0,0.01517258806042728,normal,0.0654682954586765,0.059415463618262665,0.04903416493249346,0.014313637104248045,62.93149296019954,1.743586136440355,0.022615209728411835,1.5229709289047475,160574674,1380264.5393939393
2012-06-14,346.733375638858,349.6098727743937,342.10766304326074,342.69073486328125,1950641,-0.015082297576747505,0,0.015644947912277912,normal,0.04023567320565147,0.029906127705245256,0.029954493042914088,0.015610199859690477,60.9314276717277,1.8540792445954697,0.023407145373551565,0.993158369179236,158624033,1436568.6424242416
2012-06-15,344.40122035001275,351.3592228923357,343.2739382425094,349.4156494140625,2487629,0.019623858676728556,0,0.01615833066538889,normal,0.04693712663441452,0.07139477100416314,0.04517262093021612,0.017805860052193534,66.5802801088544,2.2450397517749834,0.02341755911547105,1.254873638633596,161111662,1457412.8484848544
2012-06-18,349.8431774536453,352.797399239817,344.98424443345584,347.08331298828125,1868135,-0.006674962697556186,0,0.015879127002715775,normal,0.023615868979772303,0.08256536145237736,0.03443314736461067,0.019242758738068355,65.36105330791989,2.2081674976349412,0.02429488622494724,0.9202385688940167,159243527,1170203.4787878809
2012-06-19,345.955949181576,352.13652001098853,345.955949181576,349.2211608886719,1865944,0.006159466100471356,0,0.01578554778845402,normal,0.038492718522154634,0.10287236165929725,0.0367756250085296,0.020768561676978603,64.10113152387183,2.1853147218254168,0.023923541793465054,0.9069361530594497,161109471,752288.4363636399
2012-06-20,349.0657695329411,356.0626335102161,348.4438355583985,354.1968078613281,2265526,0.014247839277535812,0,0.015958303447521947,normal,0.017986979845274753,0.08463285221487094,0.04641031649305161,0.022836175263216907,64.41997217336518,2.348567996582548,0.023062260116945826,1.0834844219994981,163374997,625356.8606060548
2012-06-21,352.2142872775146,361.2713563787718,351.9810680091351,357.7340393066406,1908311,0.00998662711465581,0,0.015884554982422267,normal,0.043897610623645944,0.08589953374485915,0.051168058159072105,0.02511905561231864,72.1524890451551,2.5227617518507737,0.02234525309655644,0.8946111649342573,165283308,658797.8727272705
2012-06-22,356.52909239342165,360.882701348746,356.2181254091685,357.8507080078125,1112693,0.00032613251285229516,0,0.015610223270441948,normal,0.02414047169293876,0.07221068270421926,0.046377561367315634,0.027009708486996242,78.2427337988294,2.4706390562508043,0.021593109105404223,0.5223904176271701,166396001,814141.6848484883
2012-06-25,357.6174185491423,360.5716399079244,356.9954847026373,357.6562805175781,1042431,-0.0005433201217255323,0,0.015377161751092848,normal,0.030462333202558423,0.05479759665206041,0.04126624238606147,0.028503374783386493,82.98910407104742,2.253913433230605,0.02078971366021739,0.49191589479324815,165353570,927406.7515151484
2012-06-26,356.25687869374747,356.60673127258224,348.3659782151395,350.3872985839844,2391622,-0.02032393202511229,0,0.016312935635125172,normal,0.003339252673993265,0.041960508109402106,0.018154229127739674,0.028489005812968315,70.01938352195518,1.4887603377127192,0.020214636689975838,1.0963980656701375,162961948,699386.6000000016
2012-06-27,351.2424853172895,353.652520460532,349.1045551253454,351.7478332519531,1547735,0.0038829451680100213,0,0.016114385814686487,normal,-0.006914163411472107,0.010948451515873758,0.019960148222908147,0.028588168687392557,69.23572760973146,0.9672965202942461,0.02027853094964904,0.7081056730371175,164509683,692369.5030303029
2012-06-28,351.78676570898523,353.49711969535383,349.4933397352536,351.1259460449219,2047672,-0.0017679915787449652,0,0.015992272819073915,normal,-0.01847208410618839,0.024614646161956744,0.016399283756985295,0.02846058358459702,65.99847479163259,0.4971902191324986,0.01971347772677741,0.9769062306282587,162462011,395921.3939393979
2012-06-29,356.6067030928103,360.18285762595696,352.4474530659321,353.34149169921875,4480357,0.00630983178330391,0,0.015084306127205878,normal,-0.012600831038443339,0.011235450649504486,0.020595218682304184,0.02860063586311168,63.93301802773847,0.2638627026895328,0.020108463365019705,1.9823154386839714,166942368,463177.3818181791
2012-07-02,352.3698206132229,354.9742134422334,346.3836056764083,347.1999206542969,1476506,-0.017381403512469085,0,0.015118151086595049,normal,-0.029235778687150327,0.00033596448360384557,0.0025831538928975384,0.02760946214150506,60.014313996940224,-0.3427581051607067,0.021287837093898428,0.6472176755590536,165465862,254679.12121212416
2012-07-03,347.12219501558445,350.6206269922253,340.9805080683115,343.1184387207031,2158825,-0.011755423002119958,0,0.015083684566870566,normal,-0.02074521505961202,-0.01747523590047917,-0.008333497553228097,0.025978456834312436,44.867613798840566,-1.0193005616357214,0.020909882377075462,0.9347886792807406,163307037,-22599.206060600914
2012-07-04,345.07985430986287,345.982070339758,341.03947891180667,343.5892333984375,1243347,0.0013721054440842817,0,0.013663673664717605,normal,-0.023194456602869007,-0.029948249751148515,-0.006312940116974475,0.024540794811049427,51.06507976702963,-1.4113642288093766,0.020349113524605535,0.5864778637503472,164550384,-107660.70303030097
2012-07-05,343.628375996217,349.12015369478667,343.628375996217,345.86431884765625,1228702,0.0066215271844112245,0,0.013620335459607903,normal,-0.014985013943095149,-0.033180293611394185,0.00024137146214253669,0.023570786663847043,45.29376270890323,-1.4862070703802726,0.019567281059514045,0.6027840118313647,165779086,-12728.47272727692
2012-07-06,345.9820231242585,351.473801269088,345.9820231242585,349.9439392089844,1942688,0.011795435779326846,0,0.013570165525860902,normal,-0.009615492576022011,-0.022095160417163417,0.010880544578419471,0.02330402765945272,53.62312566626443,-1.239750089714481,0.018889366050857042,0.9726067840180298,167721774,256338.66060606606
2012-07-09,350.2184638072827,350.6499749417346,347.6294927695629,348.2963562011719,1006094,-0.004708134141533371,0,0.01327180440349099,normal,0.003157937204619099,-0.0261701662357533,0.005534986797988584,0.022714720895817386,48.813959459205584,-1.1674993852571598,0.01833064984158323,0.5134663097031268,166715680,384962.5636363695
2012-07-10,349.5908532338751,351.8660133029024,345.43277895658525,350.2184753417969,2182734,0.005518631207025448,0,0.013099305852750806,normal,0.020692669993387147,-0.0004818189553952301,0.010017953632797338,0.02242906406307177,44.46431756223089,-0.977754282209129,0.017988244126173242,1.1124454778587836,168898414,456692.7939393988
2012-07-11,349.9046941691305,350.336181412394,343.9029704589398,346.2958068847656,2486849,-0.011200632557157086,0,0.010934910641986428,normal,0.007877352440754493,-0.015499815071447154,-0.0011717083312267063,0.021457563804476276,34.253087975800355,-1.0950849084142389,0.017602692127525837,1.2853779177220832,166411565,424001.88484848716
2012-07-12,345.1975302636948,351.3953902231599,344.6875841551655,347.5119323730469,1698747,0.003511811185995528,0,0.010377418239460662,normal,0.004763756871134062,-0.0102926420350965,0.002113042885940164,0.020730382628579402,36.18491396078873,-1.06829224291512,0.017961062344524013,0.8837848335075197,168110312,324405.32121212943
2012-07-13,347.237264834396,349.3555075908803,345.5897267289633,346.0604553222656,823610,-0.004176768955441612,0,0.00941961384371403,normal,-0.011097445766590552,-0.020606230935231062,-0.0018755360837322543,0.019784467556185792,35.0088138888582,-1.1203757140282162,0.01807553586772133,0.4478754560269514,167286702,410110.7878787894
2012-07-16,346.7665339176788,349.5908815163182,344.6875085819619,346.09967041015625,1047284,0.00011331860456031961,0,0.0093047268246046,normal,-0.0063069445083336895,-0.003168924238424964,-0.0015948472308104922,0.018894589228051872,43.18249090413262,-1.1214808652231936,0.017168106712773846,0.5825092649895042,168333986,450333.3575757588
2012-07-17,346.17805677540747,349.6692671515138,346.17805677540747,348.4532165527344,1194197,0.006800197584091894,0,0.009328487588275829,normal,-0.0050404502142260554,0.015547919406259991,0.004697466401750727,0.018432648399105966,44.92178386230046,-0.940324576300966,0.01685159535033585,0.6768686555802838,169528183,377007.1393939421
2012-07-18,349.787016679844,351.00304359151977,347.59029123835603,350.1400451660156,1934268,0.004840904124717715,0,0.008790281590632519,normal,0.011101024629296852,0.019065823753509736,0.008642658708475137,0.01823516459332275,48.528666992151926,-0.6948320249444464,0.016649841761079268,1.106729309318079,171462451,416668.418181815
2012-07-19,352.10130585953084,352.2582233310082,348.49244343799774,350.41455078125,1153087,0.000783988061417551,0,0.00844437126366148,normal,0.008352571919997276,0.013156118413006901,0.008527340176479825,0.018038485917043046,45.36327984498823,-0.5104313674504284,0.015558253378349669,0.674330766976122,172615538,517356.18787878833
2012-07-20,350.4539091905207,352.57215210960334,349.2378582359569,349.9439392089844,1922480,-0.0013430137852905588,0,0.008438831460129503,normal,0.011221981093165523,0.0,0.0064853128759470025,0.017722572719845342,55.299038917137544,-0.42037677449682676,0.014506287457618184,1.0982702135593652,170693058,559827.8606060564
2012-07-23,349.51249939199096,349.90476931274515,346.3351226107843,347.5119323730469,1981053,-0.006949704119565081,0,0.008538288323025573,normal,0.004080506523502336,-0.002252173513041078,-0.0004609644011078773,0.0169870620814645,59.061669150821785,-0.5183908174289487,0.01336811670181818,1.102181417935428,168712005,391153.60000000335
2012-07-24,355.23953197500566,374.8138051599443,353.3174242626119,373.5977783203125,12434286,0.07506460503135481,0,0.01838113171729611,normal,0.07216050985648681,0.0667563381848959,0.0669914644611227,0.020494800706795324,80.09447139721445,1.0919796795044951,0.016709605771595214,5.4073255660661035,181146291,1022030.842424235
2012-07-25,371.5971749688526,372.46017331316216,363.7125616035776,364.3794250488281,3588427,-0.024674539856553435,0,0.01941881498220679,normal,0.04066767020624851,0.052220147644121084,0.03664925113684259,0.021962471825041074,66.298363616924,1.4331938669884416,0.01798590237328224,1.4942062779051615,177557864,1142926.6545454548
2012-07-26,364.81095587978274,365.9093066574221,361.5158796046132,362.3396606445313,2844026,-0.005597913230209084,0,0.01947609192616202,normal,0.03403143458710334,0.04266825651203021,0.027826699918459097,0.022819365007262782,61.318091815802255,1.4158926880986047,0.017847429830063138,1.164926362192079,174713838,1086836.9212121193
2012-07-27,364.0263418061979,367.5567696900942,363.3202610178679,364.4970703125,3973735,0.005954108540398462,0,0.019471867899756672,normal,0.04158703573038469,0.0532757057522375,0.030614515740639225,0.02381590887925289,64.65584784520817,1.4394147176350964,0.01817225466819602,1.644725698141872,178687573,1112546.2969697115
2012-07-30,367.0861085373558,367.9491069668797,362.10427682088925,365.39935302734375,3988589,0.0024754182909350053,0,0.018945261914216683,normal,0.051472824349222845,0.05576336606826526,0.02991259486450515,0.024728202634883845,63.99142705259934,1.4039108924313561,0.01801236007001268,1.56929034406528,182676162,1287441.6303030313
2012-07-31,364.9286356562372,368.49830564670543,364.7717420820225,366.6546325683594,5639186,0.003435363337716879,0,0.018636272140919112,normal,-0.018584547753922265,0.05223489166118922,0.030168824766453772,0.025619516794370467,69.73394940483237,1.3525996100573368,0.01742340664016112,2.0765362294000838,188315348,1675697.5030303164
2012-08-01,365.5562358899131,371.7148525909424,364.8109136936396,368.8512878417969,1493360,0.005991074647142103,0,0.01863737151716765,normal,0.012272544731002588,0.05343931073896302,0.03276622511504934,0.026637182910344892,70.29853519196944,1.351063893883893,0.017357624762560586,0.5473852235240024,189808708,2046637.3636363652
2012-08-02,369.008259830577,371.71490748264966,366.10545330745344,367.51763916015625,1552143,-0.003615681239569457,0,0.018693773682290478,normal,0.01429039952848199,0.0488081569123624,0.026194685209288693,0.027202147868000903,70.45647229145057,1.1524319441858806,0.01777893766793121,0.5655792591313733,188256565,2187408.4727272606
2012-08-03,365.8308773707778,368.61600786022206,365.2032551450667,366.0662536621094,1784528,-0.003949158743410397,0,0.01864424524561772,normal,0.004305064367908562,0.046071134963983074,0.019991153286131436,0.027356010694941535,68.53627814234066,0.8305361946479959,0.017558571054808188,0.6521362847339118,186472037,1913088.1515151497
2012-08-06,367.36071350795424,368.7336579791533,365.2032293389273,366.6546325683594,988874,0.0016073016847739652,0,0.018570612515191643,normal,0.003435363337716879,0.05508501554059797,0.019530297396877172,0.027474755749381075,67.47013149523549,0.5765354295181551,0.017522764022315583,0.3614869520122319,187460911,1369375.860606068
2012-08-07,367.2429592706269,370.69492841877576,365.9092324909518,368.6551208496094,1946016,0.005456056199909076,0,0.01857012313299779,normal,0.005456056199909076,-0.013229889891008484,0.02264898428589035,0.027783676208299024,67.66482652597747,0.46720854559783564,0.017693691565551773,0.7144653912560766,189406927,1533502.830303025
2012-08-08,368.7336851835637,375.7553255740669,368.1844977776656,374.3431396484375,1835156,0.015429105625115014,0,0.01847342715485034,normal,0.014889067729095595,0.02734433920980628,0.03464099948226207,0.028830670155707505,70.69226506214872,0.6885562636362987,0.018150884626099623,0.6819219393207208,191242083,1458371.8303030282
2012-08-09,374.4215171958505,384.30672076202194,374.4215171958505,383.0514526367188,1705222,0.023262915934454398,0,0.01896411408728204,normal,0.04226685149605358,0.05716126121922538,0.05282300490063552,0.03097555017168241,75.05949182821826,1.2967397630190458,0.01897442133540782,0.633563805975854,192947305,1120781.8848484815
2012-08-10,381.325427391029,391.0929540757368,381.2469925921529,390.46533203125,1706786,0.019354787309898036,0,0.019091385892697193,normal,0.06665208312717552,0.07124408900320156,0.06577021204937017,0.03384741142824077,80.23196721064997,2.0299391917370926,0.01975512131716667,0.6239084915983771,194654091,920193.3030303046
2012-08-13,388.1118145270602,391.4853257936718,382.3846601250477,384.6598205566406,1442959,-0.014868186746332612,0,0.019629992769998113,normal,0.0491066698439282,0.05271073243486435,0.0449557113362955,0.03529331653671908,60.89655218023634,1.9548033729999759,0.01667344349199296,0.5236804465556943,193211132,713270.2484848512
2012-08-14,385.9935529692299,390.0339278510873,383.3261226355354,389.0532531738281,646462,0.01142160522726221,0,0.019673590878507268,normal,0.055331205700354325,0.061089152068173336,0.05119522870396298,0.03707197247292027,76.8576515765557,2.023374818030538,0.01590179690531185,0.2369700811627165,193857594,789857.8848484918
2012-08-16,387.7587006555897,389.4846973674256,384.4244073267354,388.1509704589844,1459688,-0.0023191753506315305,0,0.019755100293254252,normal,0.03688549180710088,0.052323750121933355,0.04390987022650816,0.03831924128951081,78.80921611518983,1.835852702230322,0.016061479584894685,0.5397649298304446,192397906,819204.7696969729
2012-08-17,388.3078501575304,396.5455152269245,387.20947566114734,394.9371948242188,2565741,0.017483466181238194,0,0.019904482449797322,normal,0.031029100935879406,0.07460745483324605,0.05590994238456615,0.040269938692852,80.79377173397616,1.9841246034668831,0.016530446603445968,0.92461272573202,194963647,853640.7454545486
2012-08-21,394.54495491479776,403.8809712447984,392.8189821826181,402.93951416015625,2584115,0.02026225800155168,0,0.020060323561782833,normal,0.03194696457176871,0.10072837943724267,0.06943149368338242,0.04299246534247292,83.20620784154087,2.4081791497927725,0.01712699344823444,0.9202631066130069,197547762,828761.9515151577
2012-08-22,401.6843566476494,404.0379759248817,400.1937358938529,402.3511962890625,1602330,-0.0014600649735729831,0,0.019892499337039522,normal,0.04599226325957484,0.09735745999076628,0.061011870108295785,0.045071091895950266,81.95246568614328,2.429136150562771,0.017172927394438677,0.5745009705614728,195945432,648157.0606060687
2012-08-23,401.88039737121926,411.4910071668219,401.7626972811484,408.2744140625,2546219,0.01472151152542378,0,0.012199942938275173,normal,0.04940496122797855,0.10746980300065623,0.06883097863578747,0.04755676388910435,83.08118586731337,2.606355318513886,0.01741791408151433,1.10961925334974,198491651,633328.5636363603
2012-08-24,407.9214047554588,414.2369394254813,405.0970332559483,406.3523254394531,3544251,-0.0047078351149201225,0,0.010364136699594947,normal,0.04689246289644933,0.08550760625953213,0.057374381248334716,0.04921517497539818,82.26873525758745,2.3656169267884426,0.018120885121822736,1.5460407692264408,194947400,437403.1515151449
2012-08-27,407.9605753059987,412.6285953118798,406.862200757146,408.7843322753906,1680007,0.005984970882859875,0,0.010028549577635352,normal,0.0350616189932047,0.06717865044379967,0.05728824526533893,0.0507983984218181,84.92636894870529,2.1480072188769945,0.018513431534798952,0.7519271353416432,196627407,401883.0181818158
2012-08-28,408.7451314532656,412.4324771488414,407.411404556845,411.17718505859375,1484882,0.005853582425441539,0,0.010028649623673483,normal,0.020443939124727528,0.0530440254954212,0.057086610528873205,0.0523020946470949,85.35839603613891,1.9489071192512561,0.01866464287158568,0.7037936830516378,198112289,516534.8848484893
2012-08-29,409.804233628934,411.7263651917004,407.0191276752911,409.9611511230469,1550960,-0.0029574450619714865,0,0.010203787240281767,normal,0.018913712458598297,0.06577586016078496,0.0485716419030815,0.053204528730741885,83.21782289992706,1.5370929668066733,0.01870633625359513,0.7801828446647837,196561329,408474.1151515286
2012-08-30,407.2152459274343,432.1635941677742,407.2152459274343,414.78607177734375,3526927,0.011769214329405253,0,0.010271251405513514,normal,0.015949218198735737,0.06614214993343914,0.05479344795921448,0.05446145431665572,82.98157538978583,1.3955580087321025,0.021481248311739143,1.8737015104620531,200088256,495280.20000000484
2012-08-31,414.1585095757477,415.3745364833218,403.2926064515179,404.1163635253906,3416287,-0.025723400513989803,0,0.012514259991273867,normal,-0.005502520286168933,0.04113191588192433,0.02496047889474795,0.05378333210397668,66.64610386321858,0.4388365323754826,0.02242283178554417,1.726725090879849,196671969,222907.64848484492
2012-09-03,406.3523303081894,407.0976525691223,401.05668755322034,404.1163635253906,1740309,0.0,0,0.012414279995848267,normal,-0.011419147901332138,0.023242097278928897,0.022529733007131236,0.05298134048704051,62.21920524916889,-0.2987594831242468,0.021750289204970817,0.8754571659405309,196671969,69777.67272727925
2012-09-04,403.2925553001176,409.88270682424326,403.2925553001176,408.7843322753906,1312288,0.011551051061822859,0,0.012320768395591288,normal,-0.0058195174006605566,0.014505447864592513,0.03096916530045002,0.05274505304370347,72.04304253503689,-0.5617661092787021,0.02106324695058273,0.668077892088321,197984257,139794.44242424244
2012-09-05,406.4308111281949,417.7282027714356,406.4308111281949,416.7475280761719,2837160,0.0194801883830924,0,0.012658996764816665,normal,0.016553707429434183,0.0357805119504766,0.04596698412456224,0.0534642950316766,73.7551332820965,-0.30194798784876653,0.021447404819614678,1.379479850677418,200821417,252452.54545455193
2012-09-06,416.6690775108325,418.5519922247856,410.7850288853669,413.02099609375,1744174,-0.008941941418644128,0,0.013122388732397235,normal,-0.004255388026966456,0.011625960059606921,0.03301184627895837,0.05333602421895556,70.34677915879575,-0.4733764559322289,0.022109013429435203,0.8522316432580018,199077243,380618.9696969696
2012-09-07,416.5906574481065,423.2592461266544,413.3740632393177,422.8277587890625,2340778,0.023743981027750216,0,0.013568326066790905,normal,0.046301998514584275,0.04054470054229875,0.05177596174972843,0.054396787511472144,71.74332391513916,-0.041373197332545075,0.02174864389321664,1.1297860430679472,201418021,393082.7090909114
2012-09-10,425.2204514696681,425.4558037662762,418.47343024959343,419.8463745117188,1855860,-0.007051060899790684,0,0.013250863523309016,normal,0.03892445940348521,0.02706082734324533,0.0399662329613355,0.05466702034079596,64.29997728539871,-0.06981231399656629,0.02120901783189983,0.8924939086663152,199562161,337886.4181818148
2012-09-11,419.2579689646162,422.9060492657682,415.88441047703,417.2573547363281,1168093,-0.00616658838224271,0,0.012989566663306067,normal,0.020727365977493806,0.014787225309857543,0.030260947312760633,0.05431389328126324,62.19503365309474,-0.36015806347107926,0.02188454246317594,0.5691145005699219,198394068,282395.32121212094
2012-09-12,418.9441962674012,425.6127836611707,418.1596565740165,424.43597412109375,1763051,0.017204296828517096,0,0.012588640627288296,normal,0.01844869021878548,0.035307791868557814,0.04321826928147199,0.0547928158292017,62.9559697344523,-0.1752726271612044,0.02128335938237111,0.8523417036217577,200157119,216257.80606061066
2012-09-13,423.651499012537,429.9278175164264,422.9061766132981,429.1824951171875,1786501,0.011183126043740055,0,0.01258235673372065,normal,0.03912996960515058,0.03470806837403084,0.04939937912474934,0.05564144693055928,67.50900026072787,0.1429751539918236,0.02069543565078232,0.8405160798775412,201943620,439108.9333333425
2012-09-14,433.06585994756136,435.18412644811735,428.0055699419268,429.9669189453125,3526275,0.0018277162676703096,0,0.012489298166893419,normal,0.016884322298743815,0.06396809867932429,0.04620419659227015,0.056252071610474186,66.66661864374629,0.2749511402917584,0.020807572306619043,1.582133231251972,205469895,604060.6060606077
2012-09-17,434.6349255149572,434.6741429168952,415.13913618672177,417.2573547363281,4246948,-0.029559400151435655,0,0.014346497589441336,normal,-0.00616658838224271,0.0325178399021,0.013803796039114191,0.05479467230577395,54.115750432676954,-0.5785242863971263,0.023925946956682792,1.8362236627360176,201222947,430719.0424242492
2012-09-18,416.590407461238,422.0037482939061,414.3937067916347,417.6887817382813,3898228,0.001033959011281782,0,0.013750157890811913,normal,0.001033959011281782,0.021782756235608103,0.013418568508778872,0.053376013377120834,55.287100151293295,-1.164975042009985,0.024397639879492315,1.6388912292243378,205121175,502330.5939393951
2012-09-20,412.27549502115113,424.3966395135139,412.27549502115113,413.8445739746094,3448015,-0.009203521693050054,0,0.013956896582896198,normal,-0.02495405854420485,-0.006965738021202816,0.003700435468282137,0.05140799469482693,49.34708287778761,-1.8235229975557097,0.022410325573054973,1.3954712500682709,201673160,488504.5030303096
2012-09-21,416.7474576287467,421.14086036706016,414.4722735665317,415.5706481933594,3416021,0.004170827231519736,0,0.013626421946313954,normal,-0.03171575513607894,0.0061731779345926,0.007130227004085832,0.04974008974530597,59.0682903870816,-2.133099348539881,0.02149468445310365,1.3586095734654364,205089181,534404.406060602
2012-09-24,415.8059515552507,416.6297084861503,399.0952691168157,406.4306945800781,4620998,-0.021993741985907866,0,0.014524429834788907,normal,-0.05473961676625627,-0.03877953579950377,-0.013609295433565594,0.04684375947191177,51.600601776964304,-2.8963013009399283,0.023997996545959476,1.7993222536931777,200468183,411429.76363636384
2012-09-25,406.39154951898433,415.8844603829052,401.2135829026861,414.55078125,2698327,0.01997901924782397,0,0.015146104270217536,normal,-0.006486580657250385,-0.012613168966571608,0.0055138761929056646,0.04526987285543038,53.80634889043686,-2.7957219798438615,0.024920269320694133,1.0302480913225252,203166510,323425.7818181788
2012-09-26,414.15846062271993,420.4347772200894,411.4125721113708,413.3346557617188,1743114,-0.0029335983510010433,0,0.015119525495324127,normal,-0.010424330666584103,-0.009401149985931667,0.002319335738273809,0.04356281853323707,47.52692927733787,-2.748457057889947,0.02460041433791978,0.6622734051320438,201423396,18780.90909091416
2012-09-27,415.72752266211296,423.6513528863756,413.9623086917531,421.8861389160156,2452894,0.020689005954600104,0,0.015756708457578848,normal,0.01943136493049602,-0.00600758503177834,0.0208147798910312,0.04308814687005591,56.00410728037769,-2.107476019512033,0.02453346218094848,0.9162461762905435,203876290,-71252.13939393476
2012-09-28,422.2784241747311,430.7122245646584,420.94469732686673,428.2409057617188,2379138,0.015062753334420975,0,0.015885782592225055,normal,0.030488817300841076,-0.0021939136991400154,0.03263181909399737,0.043375780343519965,53.846003736333536,-1.2633524454922727,0.02409089005315408,0.9081639720719322,206255428,42505.1818181846
2012-10-01,426.0050597286682,428.5155963610601,424.86746757974805,425.8873596191406,726130,-0.005495846171892138,0,0.014641990668968546,normal,0.047872036483772584,-0.009488077213425705,0.02432688067645783,0.0431295153188227,54.330714862973274,-0.8890181731873774,0.02366481185950408,0.29217994048080587,205529298,299476.07272728236
2012-10-03,425.4166174063696,437.537764353354,425.4166174063696,435.811767578125,1781389,0.02330289391039808,0,0.015324654757948634,normal,0.05128680800942287,0.044467551335366506,0.04340725690967351,0.044093197977942866,62.03562677443989,-0.043185355509566925,0.02396170915597817,0.716202762298619,207310687,369763.7333333254
2012-10-04,436.5963072137292,440.83284039979145,435.0272279425208,435.811767578125,2203993,0.0,0,0.015238318899235404,normal,0.05437993524879725,0.043388730155552446,0.03911154436073305,0.044746156910223434,58.13689006394919,0.42057955943298264,0.02354379995472867,0.8705054459392579,207310687,626142.4727272735
2012-10-05,438.55772280367904,446.1677679998929,348.6887034947817,443.5787963867188,3291190,0.01782198046591632,0,0.015150000688372432,normal,0.05141827490810624,0.07184876710243815,0.0518573188774627,0.046174427245606386,59.870879130076716,1.115275439128415,0.03769772079501393,1.2883609493211903,210601877,805633.4606060595
2012-10-08,441.7350275733006,443.1864546145013,437.42005962316097,439.3814086914063,1027242,-0.009462552605091545,0,0.015172452397750372,normal,0.026014569789571285,0.05729654055588673,0.037762495504507054,0.04665494053845065,56.166476105189965,1.1522142191668898,0.03789205692391323,0.4078446132676886,209574635,1048600.9272727228
2012-10-09,440.3229778945108,447.65840612300246,440.3229778945108,446.2854614257813,1351313,0.01571311984941981,0,0.014699237844587713,normal,0.047895532341889924,0.09806042549734317,0.04866893798094796,0.04780218550403359,70.57839296106474,1.480789064084112,0.035504006286684875,0.5472595572071686,210925948,1002840.7030303021
2012-10-10,444.8339702030688,446.20691455554737,441.5781115848199,442.4019165039063,1058543,-0.008701930171482464,0,0.014762005290997342,normal,0.015121548833809229,0.06718389281507675,0.0356432130339881,0.048080553579748386,66.70197635241044,1.283117009786535,0.035347013939334794,0.43572734274355024,209867405,952469.448484852
2012-10-11,444.63793172747177,449.50208806522113,438.36161332637823,448.2467956542969,1409055,0.013211694914389005,0,0.014783719582362595,normal,0.028533025038023352,0.0844645843408407,0.04441944941825038,0.04889991748247957,72.63800384123846,1.3838867035878355,0.03472983860864247,0.5771460912115325,211276460,781525.1696969722
2012-10-12,450.2864093373842,452.0908404250904,447.3836039087337,451.1493835449219,1314242,0.0064754236254787045,0,0.014458705792998914,normal,0.017067062762853302,0.06936289659597383,0.04608334882862697,0.049789554144372916,73.05521255953431,1.4755070772586691,0.03409648177957994,0.543304696719416,212590702,726362.0060606082
2012-10-15,451.1102493490058,454.9545123668214,446.5599294542105,453.8953552246094,1092761,0.006086612948710934,0,0.014354322257067283,normal,0.03303268241692203,0.059906583228565236,0.047219298343423644,0.050713201297850174,83.5364076078894,1.5432320831487232,0.03245188494791531,0.4583169972387597,213683463,783783.9515151533
2012-10-16,453.8562052639142,455.3860672181087,446.1285085631782,450.52191162109375,1456748,-0.00743220560573099,0,0.014538921923112166,normal,0.00949269147549181,0.05784288132895776,0.03554681788786551,0.05086199760090815,77.24292036584544,1.1983855533396301,0.03183661847689998,0.6386964095216074,212226715,623301.4606060593
2012-10-17,451.1495236620446,451.8164111063407,446.5992031932342,449.5804443359375,904193,-0.0020897258509993133,0,0.012513466332536395,normal,0.016226258441101926,0.03159317343431822,0.03010777170187051,0.050661970015755786,77.56561473282953,0.7654962867306132,0.03129875616048303,0.42778207282125974,211322522,451077.80606061505
2012-10-18,449.7766532600455,455.0330794443213,447.9722213150129,451.5810852050781,979652,0.004450017553801144,0,0.012496858610626561,normal,0.007438512852979251,0.03618378116448229,0.031284428269337416,0.0505445382894798,75.08284957157436,0.48613005726258685,0.030645102788723556,0.4978544253560123,212302174,283661.4121212039
2012-10-19,450.32572552978206,450.3649429324585,442.9902995029126,444.48089599609375,2057309,-0.015722955282238993,0,0.012936213601139048,normal,-0.014781107526802395,0.0020336851461864036,0.013614850318166116,0.04932092464358884,63.54706463973567,-0.26426777050332717,0.03094552753701115,1.0838137940924004,210244865,162937.95757576724
2012-10-22,444.55934138543824,448.756608694077,443.4609668956767,446.7560424804688,1019679,0.005118659777888501,0,0.012939932499164069,normal,-0.015728983920991424,0.016784127965327578,0.0169820078854801,0.048361168645744135,67.43102404924355,-0.6716476434174439,0.031051343437732172,0.5733702092700976,211264544,33677.975757568965
2012-10-23,447.1090317036974,449.6587848021133,444.8338482467013,447.4620361328125,781659,0.0015802666001423216,0,0.01146561921348413,normal,-0.006791846099718057,0.0026363724762001883,0.016788996005596468,0.04743022239690231,61.502499626381784,-0.9412838285643961,0.029837654023609664,0.4927161705454683,212046203,16657.727272732678
2012-10-25,447.9329398693312,447.9329398693312,439.2245206906995,442.441162109375,3283093,-0.011220782140157315,0,0.01142595313415798,normal,-0.015879877153259447,8.87102971407483e-05,0.004864970969677973,0.045790609898975765,55.95491597458733,-1.4737801041933398,0.030644890035613548,2.0320358742274127,208763110,-263588.7030302959
2012-10-29,431.49670658291086,432.869650649311,424.4750687807093,428.3977661132813,2311782,-0.031740708593071765,0,0.013820848488782076,normal,-0.05133810925953308,-0.04428147559212847,-0.024518973956240253,0.04238214127334805,37.74529028850491,-2.7155548884793017,0.01839193254993007,1.406107687168103,206451328,-562609.9393939377
2012-10-30,428.1233135898568,434.7919008797783,426.2796166084126,431.967529296875,1615935,0.008332823992013294,0,0.013198054426905257,normal,-0.028152766096225523,-0.042517744560182646,-0.01485265078757425,0.03972353931551642,43.95396875171093,-3.2065758446680874,0.018629116332578927,1.0085396663184694,208067263,-627386.6848484747
2012-10-31,431.6537171222346,432.3205566587539,424.82821271501047,428.829345703125,2000378,-0.007264859927916589,0,0.012910654956310235,normal,-0.040126366680597325,-0.055224203625261814,-0.019955284450443478,0.036859400690524735,34.83292410655089,-3.622075773396836,0.018634747732485184,1.2634118191189203,206066885,-673594.6606060591
2012-11-01,431.47896875943127,434.0482124680198,426.34038333188914,431.5191040039063,1843023,0.006272327973196656,0,0.012908061222444162,normal,-0.03562968663597221,-0.04217954138747759,-0.0125095140267667,0.03458128630155821,40.343949154965564,-3.5882783124217497,0.01901525691674842,1.1243711294746614,207909908,-624068.4848484878
2012-11-02,434.730596192576,434.730596192576,427.3037646769757,427.9460754394531,2005259,-0.008280116757984457,0,0.01189410752339453,normal,-0.03276161422417245,-0.04812124096820958,-0.01875289557638482,0.0320096549454294,31.23099720784512,-3.66613968528834,0.01855417505285931,1.2150489430303206,205904649,-691874.6727272659
2012-11-05,430.6759574364444,431.3584034331073,425.81836897075374,427.9460754394531,1500512,0.0,0,0.01189410752339453,normal,-0.0010543721502710435,-0.052338351937153305,-0.01699726246321076,0.02965544422566091,27.330715159726083,-3.573526820526477,0.01869317753701603,0.9290069753285458,205904649,-628699.5393939255
2012-11-06,425.9388254972902,429.5518786824699,422.80749313473314,427.82562255859375,1590975,-0.0002814674272586526,0,0.011058423796200976,normal,-0.00958846778373168,-0.0374712919892205,-0.01565456193743464,0.027483266808581597,23.15295830261296,-3.37846115664266,0.018422928194375104,1.039739011604382,204313674,-711913.0363636365
2012-11-07,427.2236175429699,430.59581166276223,423.2091124015957,429.1907348632813,1835616,0.00319081474485694,0,0.010955300506899043,normal,0.0008427342106538394,-0.039317448331894544,-0.011335426581089214,0.025670453640916246,27.084936996526338,-3.02690023158241,0.01805297104733329,1.1687456725954608,206149290,-555130.2000000053
2012-11-08,427.3439405596399,431.0774487922448,426.0191346693156,428.2271118164063,1192259,-0.002245209340742127,0,0.010214321426092937,normal,-0.00762884460260238,-0.04298671789598929,-0.012280068667881006,0.023873864146384705,27.072050226754484,-2.7373960451319195,0.018067091364234514,0.7629804977001488,204957031,-349265.993939398
2012-11-09,427.4243159463951,430.676104110761,422.1653243426377,424.8550720214844,1541504,-0.00787441920858023,0,0.01018744118598797,normal,-0.007222880627645978,-0.03974786162310817,-0.0181822567450014,0.02178427084051937,22.12414168923459,-2.6494245590945096,0.018454255819209637,0.9714657031903002,203415527,-360427.3333333242
2012-11-12,423.97175466454496,428.02639387506406,423.9316194258617,425.3768310546875,1292637,0.0012280870997269933,0,0.009581831063517676,normal,-0.006003663854440733,-0.007051705908744155,-0.0153845635152291,0.01995473022628169,26.904658603245494,-2.4378497569223074,0.017676657437133838,0.817627483236776,204708164,-390380.8121212195
2012-11-15,426.741838662971,430.3147575553533,424.4535906447442,428.5885009765625,2065869,0.007550175955544969,0,0.009638084091150058,normal,0.001783152709289304,-0.007822412776748777,-0.007198799973862302,0.018709204163825044,28.523158222843023,-1.98267371001655,0.01763844610365018,1.2763763983532959,206774033,-178792.26666665767
2012-11-16,427.5045648102296,428.6687808367576,414.7785570112248,418.3113403320313,1544605,-0.023979086282329365,0,0.010529043302255256,normal,-0.02534862392757764,-0.024527251869500555,-0.028135463888627532,0.016214209833039783,21.898513272753462,-2.2549809427153216,0.01961973033745463,0.9411813237593862,205229428,-169137.92121211067
2012-11-19,418.311355302917,418.311355302917,411.1655179231175,414.8187561035156,1503306,-0.008349245864918364,0,0.010546665005385814,normal,-0.031311319024189266,-0.038701294439653644,-0.03291105884304768,0.013525568443563785,22.563357346772676,-2.530870431705785,0.01951585503227003,0.9147189112497108,203726122,-108462.89090908814
2012-11-20,415.7821904425172,419.8368789866727,413.0924921655712,417.6690368652344,1387806,0.006871147265596456,0,0.010821801148773867,normal,-0.01691408583651466,-0.02401479804123774,-0.023824116603543777,0.011509674884333299,36.296314775589614,-2.3839874353975397,0.017463569477644242,0.8321961494274345,205113928,-55060.727272730604
2012-11-21,416.3844071130364,422.44634840298994,415.6216904255923,421.2018127441406,1414178,0.008458314040755921,0,0.011014486081610363,normal,-0.009814870029933864,-0.015759608703939887,-0.014105626069754074,0.010177849875485201,36.2360661878027,-1.9308298516050257,0.017030903694212864,0.8371041688223037,206528106,85062.91515151881
2012-11-22,420.8003733928798,424.6141529516015,418.9135757395864,421.0010986328125,1068387,-0.00047652717831503377,0,0.010639230002330214,normal,-0.01770323358293957,-0.015951648442576793,-0.01320562640718248,0.008955453494160048,39.17882303311545,-1.543322416516855,0.01673502561768286,0.6514860361440118,205459719,53288.84848484473
2012-11-23,422.7272553968972,427.5446600168048,420.8805934269674,425.697998046875,1034970,0.011156501560959153,0,0.010952485943313597,normal,0.017658277466206407,-0.00813795949607099,-0.001987683191727707,0.008477866059131811,42.37638087320742,-0.9012052054133255,0.016375246618690418,0.6308147684295667,206494689,186450.6363636448
2012-11-26,425.5374869871553,433.56649617559225,424.0119556392791,431.4789733886719,1089441,0.013579991844735684,0,0.011494589910424824,normal,0.040162642214275346,0.007593777886860442,0.010452344446024942,0.008791866259794556,54.37390903526602,-0.061927142501615684,0.01650807885938244,0.657844511131504,207584130,295365.8909090862
2012-11-27,431.5592985842188,436.69788471827405,431.3184380790701,434.891357421875,1737783,0.007908575489562253,0,0.01146119375628522,normal,0.041234372281701015,0.023622844732998916,0.01665779142868118,0.00947924073002504,57.92868803856221,0.7059143604148863,0.016352172188997073,1.1006907887184108,209321913,364458.7515151539
2012-11-29,433.7270661284157,442.3181153642964,433.7270661284157,440.1101379394531,2396376,0.012000193677143,0,0.009195034764469175,normal,0.044891367091048906,0.03463589412765056,0.02603795021780564,0.01072328223834118,62.56168672909139,1.5024003730439568,0.016457977866937448,1.5137801710056837,211718289,578846.2727272786
2012-11-30,439.989662021068,441.3546032553807,430.3548519038183,432.0409240722656,2283393,-0.018334533044311763,0,0.010030785110224717,normal,0.02622279484615264,0.008055333000854148,0.006533334605837382,0.010704354340069111,52.56308012002657,1.4236540636991455,0.01736270256028239,1.4126289501911902,209434896,721438.4727272801
2012-12-03,434.20881184388406,435.4131632352809,429.7125862514095,430.75634765625,1541307,-0.002973274855325392,0,0.009911111262654178,normal,0.011882483903102647,0.029750585567057675,0.0032023512361689654,0.010479184334452496,52.26140361025641,1.23019201906369,0.01752098145097529,0.9672704114435734,207893589,644732.8303030395
2012-12-04,430.3950066934372,432.04094369552325,427.1432679322074,428.5082092285156,710732,-0.00521904886594593,0,0.00987793154350528,normal,-0.006885072838717976,0.033001046658516664,-0.001840109032633097,0.00994983846191877,53.333281354942976,0.9106738410368138,0.017010631214772316,0.46246150597742164,207182857,396746.7272727314
2012-12-05,428.949726242833,431.8000141079886,425.81839371171,426.9424743652344,1159578,-0.0036539203440236756,0,0.009734435655529393,normal,-0.018277859334255853,0.022202836891143996,-0.004967301130093915,0.009247579391687966,51.40185383645558,0.5703695829543699,0.017388688818632918,0.7758649241446506,206023279,136131.4969697005
2012-12-06,427.9461586109003,431.1577620526331,419.3952448452148,429.752685546875,2297890,0.00658217757747992,0,0.009847612813349279,normal,-0.02353377370735099,0.020301130109163568,0.0014312812335584013,0.008970571564482333,51.0499418717303,0.5128389900468502,0.018255836706200495,1.4975522516300181,208321169,84111.81818182375
2012-12-07,428.22714978557553,431.4387531933764,423.3696094323125,426.0593566894531,3273673,-0.008594079761763407,0,0.010044978184540485,normal,-0.013844909242467951,0.012014833388955815,-0.00649619543257729,0.008212654712868472,57.92934495072554,0.21935170534705295,0.017438188603457673,2.022576781724311,205047496,-239431.7393939327
2012-12-10,426.420640237238,430.79645985963407,426.340369750845,429.4315185546875,1907839,0.00791477011897257,0,0.010182481682584853,normal,-0.003075588110937666,0.008770350165944185,0.0012367921563107842,0.007964814650652796,64.99169999505318,0.24375959063992358,0.016900601518726424,1.176098176484047,206955335,-384916.7090909051
2012-12-11,428.8293333390518,445.0078054065116,428.8293333390518,437.5007019042969,6021846,0.01879038449894721,0,0.010984742402726287,normal,0.020985578530622107,0.013956018455158148,0.01810627789659147,0.008774992784652103,68.37794117647059,0.7653358687716818,0.01812914624372899,3.2312003932056133,212977181,-134891.53939394778
2012-12-12,438.0627214277463,438.8254871011772,423.9316848675672,425.3367614746094,6114128,-0.027803247804499165,0,0.012625776820256156,normal,-0.0037609584125175566,-0.021970075477947493,-0.00923789245854234,0.00785487755009906,53.30340067855586,0.2782107268342396,0.020002695332360248,2.9222221499992926,206863053,-167882.37575757242
2012-12-13,423.9316716269841,427.1031399562905,412.57060438566566,417.3077392578125,6190043,-0.018876859336025564,0,0.013315512008936867,normal,-0.028958390971369652,-0.05181066445867144,-0.025346829434199525,0.005974018148212856,47.3774174982144,-0.552366296631174,0.021899272316767675,2.648534812052675,200673010,-348949.1575757509
2012-12-14,417.5084544290151,420.88064790043927,412.3698692339704,414.8187561035156,2918226,-0.005964382924514067,0,0.013208074150949684,normal,-0.02638271031829631,-0.0398623533308371,-0.02827632531449631,0.003987621775524142,42.024792001771814,-1.1998607806865351,0.022348661170619188,1.2262611258663554,197754784,-707535.9333333339
2012-12-17,415.9026212833647,420.3587109960797,413.49391884349967,419.7164001464844,1515965,0.011806708281403289,0,0.012409212143083291,normal,-0.022623207632501474,-0.02562921607501345,-0.01522750617121138,0.002887578733561158,41.26411459395752,-1.2245279285023,0.021630126770491573,0.6374037625812101,199270749,-944610.3939393865
2012-12-18,420.4791989878048,421.9244107650313,415.30047853132726,421.3222351074219,1239848,0.0038260000333012467,0,0.012263394412247452,normal,-0.036979293350743125,-0.01676974668473996,-0.010379688694414302,0.0021312019852326447,39.644540171124895,-1.0648104939879792,0.021758668323460423,0.524210844930859,200510597,-1056919.6424242354
2012-12-19,421.88426630834977,423.12875283919385,418.0303519848541,419.87701416015625,3281937,-0.003430203361797779,0,0.012213419926492188,normal,-0.01283629304818279,-0.016548974696375285,-0.012478820875506114,0.0012748956552306456,33.61509805501282,-0.9901813689637509,0.02123940007633759,1.334187441079371,197228660,-1344672.9575757466
2012-12-20,419.1543781104288,428.9497782620437,418.2712067792513,427.7052917480469,2607533,0.018644215624779692,0,0.012769698760085954,normal,0.024915791182609226,-0.004764121011187505,0.005364683191063868,0.0015572490716835308,46.47522510229216,-0.3787262943827874,0.020797017570331207,1.0349222810985992,199836193,-1230403.0909090876
2012-12-21,426.0994333392648,429.1504463561035,421.6031597835063,423.2491455078125,1643260,-0.01041873066854504,0,0.01301498181844896,normal,0.02032306707508935,-0.006595820834628285,-0.004625530716365511,0.0012096324042447648,44.19610500407695,-0.24595263628135644,0.02132763265084317,0.6448485187155426,198192933,-1321162.2606060547
2012-12-24,423.9316920535948,430.7964852204713,420.9609488044552,426.9024353027344,974860,0.008631534956883735,0,0.012916482774713212,normal,0.01712116837403066,-0.005889375005507569,0.003587002130104322,0.0013843726505595733,48.7849585918839,0.09791840746674074,0.02197131206538598,0.38300654123751826,199167793,-1148472.369696966
2012-12-26,424.895095899783,426.1395822881909,419.35506100277513,420.23828125,1066122,-0.015610484976522954,0,0.0129765642804956,normal,-0.0025727430624341574,-0.03945689819275544,-0.010941638793320219,0.0006526994337201497,45.29050426159811,-0.10258342421589806,0.02258586762687565,0.4190538489199563,198101671,-538083.739393935
2012-12-27,421.5229793471029,421.5229793471029,414.0961459014634,416.0632629394531,3096975,-0.009934883366951364,0,0.012927865310107858,normal,-0.009083019770280698,-0.021802720514929708,-0.018827168823146057,-0.0005375435370840176,40.564511752528226,-0.4746923542672141,0.022068169224843302,1.1856371514073736,195004696,-323920.33939394617
2012-12-28,417.34794801701526,419.9172411289763,415.0596996703005,419.1946105957031,1300009,0.007526133487795406,0,0.012707300232293045,normal,-0.019898470550972824,0.004521534494535073,-0.010364241989038958,-0.0011577117997166875,45.23150550654442,-0.4674975971064057,0.021356081648116004,0.5083604776396845,196304705,-307779.2303030236
2012-12-31,419.19448861747065,423.0484516665717,417.54855177638734,421.4024658203125,807948,0.005266897924741665,0,0.012232207375636283,normal,-0.00436310316772015,0.015871292269036053,-0.0046635595518057515,-0.001400947124185259,44.33103957085037,-0.28080940614542316,0.021373486253335832,0.3253281944276753,197112653,-389167.4787878713
2013-01-01,421.96449538108703,428.3475663869509,421.7236349479775,426.0191345214844,538696,0.010955485730689718,0,0.012517591625131776,normal,-0.0020690928610506143,0.015016650225724515,0.005643115345582261,-0.0009966824122499274,41.477889464537796,0.16296015838337308,0.019593752012888422,0.2213799102260196,197651349,-332324.56969696487
2013-01-02,426.4205941676911,428.7490260836991,423.9717565351021,425.9388732910156,1523020,-0.00018839818206495274,0,0.012467755518290501,normal,0.013565142195183233,0.010957499507275426,0.004931696889000747,-0.0006522606401710984,50.544604577880385,0.44448169898654655,0.017900934324557267,0.6156178624330823,196128329,-256269.85454545906
2013-01-03,427.1432291732353,428.5081703456888,422.727274736294,427.4242248535156,1059032,0.0034872411410196147,0,0.01246669058667744,normal,0.027305852080758752,0.017974812716184063,0.007626567017427588,-0.00015433031848699486,60.378851872562194,0.708452184297923,0.016376204833428405,0.4289415407608723,197187361,-288127.15757574816
2013-01-04,428.7490862705146,430.5957485639017,424.8148522064088,429.3111267089844,1159517,0.0044145880035588725,0,0.012416973769379731,normal,0.024133220841997538,0.0037545361068000993,0.010912291062037616,0.000527831427445058,65.05420179628646,0.9715955349117373,0.015850031923549134,0.4807236877031709,198346878,-82401.95151514794
2013-01-07,428.4680790634855,429.2709799525727,419.75657501378,421.8441467285156,2310025,-0.017392933739475036,0,0.01288536088113351,normal,0.0010481213187572003,-0.0033195549104090283,-0.006038995939856351,0.0001332729444913916,52.09823250349395,0.6212686951046256,0.01658603254151852,0.977233477312956,196036853,-94176.47272727765
2013-01-08,419.9171861526968,423.209060361763,417.50848336405807,421.9244384765625,1646596,0.000190335100461958,0,0.012737372709527572,normal,-0.009611530828353865,-0.011660736539583771,-0.005295635814435484,-0.00019976237361729599,50.612271999811355,0.38502858954985353,0.016426559278444743,0.7004468688319657,197683449,74988.30303029873
2013-01-09,422.3258567517896,425.4170054928628,416.06323977970015,416.9464111328125,1566612,-0.01179838589517146,0,0.012080266089051241,normal,-0.02111209547211057,-0.007833341854044829,-0.015434525756152784,-0.0011466606381458355,47.22009935040122,-0.09100772982314487,0.017351681749164433,0.7361837608861881,196116837,105618.76363636063
2013-01-10,417.5084162593127,419.03394738233055,412.4501510172062,414.7785339355469,1651086,-0.005199414455626661,0,0.010529859975814994,normal,-0.029585807688608634,-0.0030878212962849316,-0.018632668799029917,-0.0022537562734717964,36.2627939860158,-0.5128444175676901,0.016737214989373844,0.8667730083830065,194465751,-136216.4181818227
2013-01-11,415.0997482437688,415.9026491107781,397.5162241567848,399.9249267578125,2134714,-0.03581093514362654,0,0.012518780460698863,normal,-0.06844965835486438,-0.04596834823450413,-0.048905264554121586,-0.005182627477962942,29.699582032719164,-1.6870012250150905,0.019294775467269685,1.254165555171422,192331037,-401290.61212121346
2013-01-14,401.45047582177926,408.1948389150666,395.0272682086308,405.7058410644531,2522332,0.014454998725651924,0,0.013005912948288997,normal,-0.038256559417069624,-0.0372485356138198,-0.03191575106073741,-0.006949714551580555,32.210236650441914,-1.9504544964157127,0.01960648161732594,1.4993315567423933,194853369,-426754.1878787925
2013-01-15,405.4248297642944,408.1145282469362,399.5235030958189,404.4212036132813,2537955,-0.0031664258217266594,0,0.012654362176977609,normal,-0.04148428786557112,-0.05069709118221277,-0.03175537712618248,-0.008637404224309808,35.40745295587671,-2.0757473052915856,0.01985309012610019,1.4641452423219206,192315414,-527353.3454545477
2013-01-16,405.0234117895157,405.5452925293825,399.8446906338828,401.5709228515625,2197579,-0.007047802479823284,0,0.01263450996208879,normal,-0.03687641354071358,-0.05720997064948363,-0.03503387024719551,-0.010460556325437076,36.29462324752363,-2.2030604072536217,0.019686954161223614,1.233700580208595,190117835,-784677.1151515181
2013-01-17,399.8847765929828,405.1036323535713,398.7205850094827,401.89202880859375,2527307,0.000799624521494513,0,0.012650363885874151,normal,-0.031068399332728203,-0.059735023333485904,-0.031100671057927465,-0.011970540311112443,32.71841896230838,-2.117554114848262,0.019942353871808146,1.4495105384739226,192645142,-760691.1696969715
2013-01-18,403.0562080402742,403.6985188895023,391.815596660665,393.7425537109375,3953993,-0.020277772420158047,0,0.01227791600790082,normal,-0.015458833979155595,-0.08285034042958228,-0.04613765715216034,-0.014345028929534043,25.304699616257764,-2.4388854901140924,0.021513049945892176,2.1834626543012,188691149,-820019.2363636394
2013-01-21,393.4615961029684,401.3300400216633,387.2792735624854,399.2424926757813,4409836,0.013968363116986238,0,0.012812108531836314,normal,-0.015931119876691713,-0.05357820945961822,-0.029781712863816145,-0.015623018455952153,26.464502429951537,-2.121737680737934,0.022487963962419127,2.262370096778147,193100985,-675773.3212121207
2013-01-22,398.5598896453528,405.8662906787613,372.0641674051963,386.1149291992188,13295996,-0.03288117802436219,0,0.0141492880376375,normal,-0.045265367519076616,-0.08487185384814555,-0.0561387961157126,-0.01846731708191185,21.52705380563404,-2.6049567192653944,0.02862193038735116,5.183083635527289,179804989,-1111404.2060606102
2013-01-23,362.26888900820666,372.2248550788077,359.5791661437169,369.3745422363281,18353640,-0.043355969160812635,0,0.01642978929915219,normal,-0.08017607546534322,-0.11409588289112538,-0.08863627003961061,-0.02318367598151061,15.928481357292341,-3.7891237832864757,0.03393261777337817,5.351471817740585,161451349,-2435874.9212121037
2013-01-24,368.37083424567504,377.60419236803153,367.4475033339564,376.39984130859375,2986749,0.019019445762915588,0,0.017342885911700946,normal,-0.06343043820891747,-0.09252815535752112,-0.06495298770232538,-0.02627209353738158,20.71105795463572,-3.8252487544769824,0.03412966841860469,0.8722645367566281,164438098,-3287316.721212121
2013-01-25,376.1590382434889,383.66616589230256,374.5131013457002,382.5822448730469,3193879,0.01642509609716991,0,0.017785670943209927,normal,-0.028344177515757796,-0.043364843560421695,-0.04508438860730957,-0.028029197368461767,27.95310862378254,-3.184982558940403,0.03350318603378861,0.9076548152883734,167631977,-3742889.6545454524
2013-01-28,382.1807630711551,382.9435285968066,374.1918906807129,377.6443786621094,2867126,-0.012906678961476792,0,0.0177295816181687,normal,-0.0540977336077586,-0.06916701600528774,-0.052227191389298655,-0.030155198922119042,26.42153859653972,-2.8567417145134506,0.03451833995816374,0.7916335165717342,164764851,-3887313.266666665
2013-01-29,375.75763304211966,378.8488065050572,373.54965549753456,376.19921875,2203760,-0.0038267745894409178,0,0.017318939632527296,normal,-0.025680722757297825,-0.06978364292260986,-0.050804919430659345,-0.03211356065213289,27.45448528095696,-2.511871794064362,0.03388109563912023,0.5948009651831613,162561091,-3956429.6606060546
2013-01-30,377.0422249668618,386.83760013926417,377.0422249668618,383.3450012207031,3235887,0.018994676529224153,0,0.018171151248253633,normal,0.0378219324477338,-0.045386557127783944,-0.02974666485864963,-0.032713283304956375,33.5157986919084,-1.620678805242516,0.03400502128456356,0.8536426455610134,165796978,-3634889.9333333354
2013-01-31,379.8524109437904,384.66981622017937,377.363413317138,380.5348815917969,2602245,-0.0073305237317764504,0,0.01806290879143012,normal,0.010985765214000187,-0.05314150489650171,-0.033466216210573,-0.03351765815197716,38.361447901802656,-1.0654474686695803,0.032176353263927523,0.6727899438076795,163194733,-2992005.442424237
2013-02-01,379.65169225307153,379.65169225307153,372.1044287574514,373.2284851074219,1778094,-0.01920033310431879,0,0.018142970641123708,normal,-0.024449016887150288,-0.05210020712817298,-0.04730369538822321,-0.0351355238462715,30.85657895115544,-1.03441004570133,0.03189965314042308,0.4560653101270605,161416639,-2352732.7757575703
2013-02-04,374.2321027870043,376.9619608618436,369.0132470988211,375.0350036621094,2333391,0.0048402483378715555,0,0.018142000395006866,normal,-0.006909609006346962,-0.0606335484267464,-0.03878415920637235,-0.03617363378536265,32.784542314798216,-0.7496316673601378,0.031623661035314304,0.5983147658840856,163750030,-961595.0484848483
2013-02-05,373.10801922041975,375.7575821137764,369.25408059975103,370.5387268066406,1464418,-0.011988952528601104,0,0.01813809057444261,normal,-0.015046527640773744,-0.04034084469326882,-0.045736012480289245,-0.03759631403623798,32.16423463032197,-0.7212630435290208,0.03216217076051836,0.3763767676353987,162285612,-180965.24848484856
2013-02-06,371.3817796798758,372.0642503053073,362.2287148580234,364.71771240234375,2398688,-0.015709597899424055,0,0.01822122353655867,normal,-0.04859144832733864,-0.012607338355778985,-0.05526319778642608,-0.03954506050645301,29.90451523500012,-0.937991967645587,0.033351646175623056,0.60997543823847,159886924,-542392.8909090839
2013-02-07,362.9112597013775,367.96952630768186,362.9112597013775,366.1228637695313,1306127,0.003852709422671019,0,0.018367330458413385,normal,-0.037873053219140806,-0.027303352475743448,-0.046937656652676796,-0.040914979240019744,33.89520159780665,-0.8336871068316665,0.03189219208054233,0.3336053681028369,161193051,-614497.915151516
2013-02-08,365.3600028630515,367.3271196435989,360.9039131798857,363.4732055664063,2054421,-0.0072370738495941556,0,0.016990883948730762,normal,-0.02613755361734471,-0.04994753301471577,-0.048958912142401,-0.04235676630069318,28.42613937140112,-0.7905006546894846,0.030625737501359274,0.5252700332482254,159138630,-546403.0969696981
2013-02-11,365.3600761643752,372.1445991538702,361.3857310691421,369.7760314941406,1687906,0.01734055174139315,0,0.017172739613721014,normal,-0.014022616866736115,-0.020835335073288164,-0.029466321424235886,-0.042560160406961534,39.26130275699696,-0.2147576087359564,0.02565252308248117,0.43621343225316644,160826536,-474432.75151515333
2013-02-12,367.3271897357443,372.7467712236488,367.3271897357443,369.3344421386719,1161048,-0.0011942076226099108,0,0.017186363368848174,normal,-0.003250091234315633,-0.01824771628749733,-0.02778969525819175,-0.04265405688497481,49.966458063389666,0.23467683988484112,0.02159936520855721,0.3054903502850665,159665488,-564972.4787878741
2013-02-13,369.3343866780376,369.3343866780376,364.23596143968166,365.9220581054688,1457944,-0.009239279211121665,0,0.01721119659009358,normal,0.0033021311062526593,-0.04544977255410565,-0.03338702698319984,-0.0430850961509569,40.67201201507975,0.3912593582463959,0.02081341842008753,0.3873778263243839,158207544,-484212.4060606072
2013-02-14,364.6374750911042,375.71752331436977,364.1958893532328,372.9876403808594,2698872,0.019308981568293637,0,0.017990876726547905,normal,0.018749926023875263,-0.019833244141422735,-0.013339255394082872,-0.04227954467450756,41.590514921676295,1.0238672180068722,0.020872735692123043,0.715463465494018,160906416,-337730.9939393913
2013-02-15,372.22479791955374,375.5969664161897,369.4146452543971,371.02044677734375,1446219,-0.005274152252087827,0,0.017565303283399152,normal,0.020764229922193067,-0.005916049868065709,-0.0168067299752096,-0.04171464403597902,43.875310321786536,1.3428919353920055,0.020488762478778014,0.39657072561699985,159460197,-360936.67878787697
2013-02-18,371.18111055361567,378.7685345604749,370.94025006240463,377.5240478515625,1116507,0.01752895596646642,0,0.01776136076093575,normal,0.020953268188083296,0.0066368316694396245,0.00038687994255393043,-0.04012080620451797,51.120190575866516,1.9861706160548707,0.02061432177701434,0.32063763210837365,160576704,-143968.1333333258
2013-02-19,378.9691577167755,383.6661320508588,376.9217705852301,382.6625061035156,1684526,0.013610942882169796,0,0.016599777341163878,normal,0.03608670745047804,0.032719331124602125,0.012652587299160523,-0.03783401280876897,49.40264860331315,2.7073165573596576,0.019610643324129026,0.580556262882778,162261230,105720.33939395244
2013-02-20,382.9836957526298,384.3486369641044,378.92905636383136,383.1041259765625,1257057,0.0011540714493920579,0,0.013151470115346267,normal,0.04695554009521152,0.050412724551023524,0.012488511432500626,-0.03563961242702296,52.34598753064534,3.1335527524758593,0.01923624518608795,0.6141742647538783,163518287,264358.5636363629
2013-02-21,382.1808564552189,383.947248365923,372.6664751912669,375.9583740234375,2049876,-0.01865224483007044,0,0.013268992291428573,normal,0.007964697274002619,0.02686396078256803,-0.00579099320987031,-0.0346443667263745,52.50000698692885,2.86125088132472,0.02014339813225481,1.024989480096638,161468411,354243.9818181793
2013-02-22,374.95464467292345,375.0750748831149,364.516935078174,365.6409912109375,2420050,-0.027442886035720537,0,0.014019803410606988,normal,-0.014499081150733839,0.005964086516784928,-0.030019523086205258,-0.035166318577584676,42.55725144697207,1.9564659557442488,0.02139409904059833,1.2339588032498947,159048361,171827.57575757423
2013-02-25,366.1629484608899,367.5680250466993,361.30540777955673,362.67034912109375,1483568,-0.00812447772883862,0,0.013866971979779801,normal,-0.039345039912024427,-0.0192161788970886,-0.03441479516168966,-0.0359369290978655,43.611551740456996,1.1670758736940572,0.021521896070496482,0.7841143339043954,157564793,22110.515151512333
2013-02-26,362.5097096996013,370.9401680647084,361.7871038831097,362.991455078125,1591179,0.000885393464917783,0,0.013873068902773336,normal,-0.05140574451804103,-0.0171741011312595,-0.030461052971246794,-0.03643776029781909,48.46097840483292,0.6988058447419556,0.021368562553122618,0.8548286327211091,159155972,-78681.88484848452
2013-02-27,364.918451543809,369.1738164252419,363.2725145337015,363.9148254394531,1530865,0.0025437798835494796,0,0.013044840131567826,normal,-0.05008899470397077,-0.005485410407910285,-0.02539630254675984,-0.036611058824642995,48.014395652104646,0.4931975200484322,0.02153497892290843,0.8619007161022234,160686837,-186992.8727272688
2013-02-28,365.641050345771,367.72859750285545,349.26187754092166,355.7252197265625,3984567,-0.0225041826834097,0,0.013761144301697188,normal,-0.053817538575729795,-0.04628148170451474,-0.043015334478297196,-0.037851766979992485,43.66384955716869,-0.11969414928127531,0.02444906511384385,2.15934541475223,156702270,-362771.11515150935
2013-03-01,358.8967424102013,366.6447320605963,353.3968657300184,363.5535583496094,1620895,0.022006701209052126,0,0.014324559658444813,normal,-0.005708968391139435,-0.020125274745883215,-0.019905904635568628,-0.03763786151807036,45.03525756528006,0.06676625928110802,0.024411629166852692,0.8821647603017776,158323165,-495592.157575755
2013-03-04,361.5863239457136,362.8709699264398,353.276297057592,354.0390625,2112775,-0.026170823063323745,0,0.015281096511788191,normal,-0.023799261897232804,-0.062207918900033854,-0.04139673440767311,-0.03874174365578742,39.33964363029672,-0.36246085231659997,0.026047723978439845,1.1568131064402205,156210390,-655439.4666666645
2013-03-05,355.4843913506711,362.4294795843894,354.07931470501626,361.2251281738281,2602130,0.02029738081183652,0,0.015946319057264274,normal,-0.004866028881910456,-0.05602163156243056,-0.01989167664305591,-0.038494271125422586,46.88999469369953,-0.08847123677752311,0.026180487881998914,1.3817150145412664,158812520,-508125.66060605337
2013-03-06,361.5060780554435,362.10825364354247,352.5537392128889,353.67779541015625,3117341,-0.020893709144287342,0,0.01623494454101579,normal,-0.028130291248604444,-0.07681026794320267,-0.03666600569206713,-0.03927832750689886,37.295312872083116,-0.3281314131654538,0.026341889917438695,1.6242972667192808,155695179,-405242.2909090893
2013-03-07,352.2727093007741,355.68503753901524,346.9735593714588,347.8166198730469,3510565,-0.01657207665613336,0,0.01652624967307725,normal,-0.02223232825492316,-0.07485337764716538,-0.047857910768541956,-0.04071411790222157,35.47744843859407,-0.7688194527240189,0.0273051806099533,1.7298403966600138,152184614,-535677.1333333281
2013-03-08,349.06114147804624,353.0355104517474,347.8166549724897,351.5099792480469,3710974,0.010618697221392415,0,0.016733973287055823,normal,-0.0331273861167406,-0.03864723130765846,-0.03427563210265616,-0.04127058713712961,33.12499628817977,-0.7009058751208164,0.0264880398694222,1.7568876538459206,155895588,-512501.0060606061
2013-03-11,351.67057474252425,356.8091353176962,351.269124314736,352.5136108398437,2172102,0.00285520085075186,0,0.01617809171436249,normal,-0.00430871003155564,-0.028005427810308237,-0.028602409744326707,-0.041461225489897946,29.334184020332756,-0.48782543625255137,0.026168593291466837,1.0166860679827734,158067690,-431535.6909090895
2013-03-12,353.2763854993821,360.1010429465293,352.71434508505155,356.84930419921875,3055791,0.012299364410484737,0,0.016503103227694875,normal,-0.012113841572238715,-0.016920924151187844,-0.015092601367474145,-0.04082158346303455,32.91545960681954,0.018829000752099034,0.02628457373342735,1.3695789218144407,161123481,-83907.98787878195
2013-03-13,356.48791538061346,361.3053196425136,356.1667599970038,358.6958923339844,1964447,0.005174700113005581,0,0.01646608331213883,normal,0.014188329007221556,-0.014341084068686949,-0.009052618944948243,-0.03983662783055997,37.93487965743289,0.5240384739883384,0.0249261352059909,0.8705666653357059,163087928,449080.4424242393
2013-03-14,358.1741440679059,369.3344631629636,358.1741440679059,366.1629943847656,4887406,0.020817361476302088,0,0.016566509016976934,normal,0.05274726238905769,0.029342239682152327,0.01046225232221043,-0.03769416693759575,50.379978540820204,1.359352034412482,0.02436298167115161,2.065733648584792,167975334,953912.7212121257
2013-03-15,367.6884465071735,372.5459867488765,365.7614649046771,368.2103271484375,5763799,0.005591315329698476,0,0.016589932714020334,normal,0.047510309482866386,0.012809030999360926,0.01455524821181009,-0.0353781368629118,54.087627728515265,2.008804671790303,0.024328761467898575,2.2324549223203314,173739133,1744550.5030303015
2013-03-18,365.3199387212052,374.55329980976313,365.3199387212052,372.1044616699219,2315988,0.010575842757160059,0,0.016267497630597486,normal,0.05557473591843465,0.05102657046472636,0.022821969836503975,-0.03263840856308409,56.387183325198244,2.6209980044377534,0.02408957063384235,0.8766720946047651,176055121,2333803.018181814
2013-03-19,374.9948363890245,375.4765818049349,363.3126386917938,364.1155395507813,3089196,-0.021469568204820932,0,0.01654388226575428,normal,0.020362195655301063,0.008001689670831258,0.000780224110134009,-0.031350834256188786,50.128000280250006,2.4134230421708267,0.025791518166408935,1.1390720794587506,172965925,2687487.0727272667
2013-03-20,364.1154778919956,377.6443599754898,361.6264807500999,376.2794189453125,2681146,0.03340664726789222,0,0.018374154344154393,normal,0.04902070803463787,0.06390455897562175,0.03085402720117081,-0.028262805163808524,62.475531273292546,2.9835186494112182,0.024492903128639623,0.963320713716746,175647071,2808036.2969697025
2013-03-21,376.4401750148291,378.969308507954,367.1666528699093,369.976806640625,3649437,-0.01674981938250386,0,0.01828122157132674,normal,0.010415613577410943,0.06371227106877919,0.012277481997891693,-0.026430383007020164,53.97220998660436,2.825869348208194,0.024631127840397882,1.2745958772406947,171997634,2253646.539393943
2013-03-22,370.5387430320912,376.3196389649386,366.68482874525256,368.6117858886719,2023676,-0.0036894765494828174,0,0.017187330989378514,normal,0.0010902973399562477,0.04865240718687236,0.007722833501941251,-0.02494568316681889,60.022112833376795,2.5290127039489168,0.02459784794503682,0.7117118395567182,169973958,1596114.903030303
2013-03-25,371.8635147474974,373.3488861844479,368.0096005621128,370.3781433105469,1175950,0.004791917918784305,0,0.017086805692520274,normal,-0.004639337974147506,0.05067756796153766,0.011342793784542726,-0.023293390076976173,56.80186362617895,2.3545384178451014,0.02389211906341647,0.41582222023888904,171149908,976885.8848484836
2013-03-26,371.4218567383567,382.02013093490285,371.4218567383567,379.5311584472656,2577126,0.024712622226858327,0,0.017876798954970116,normal,0.04233716285633671,0.06356143610520881,0.03276180711851784,-0.020381977115851213,68.76455523713881,2.7319500227292304,0.02370878839934451,0.8956723727394155,173727034,543374.4363636326
2013-03-28,378.1662893279389,379.3305053275423,371.622652491678,374.91455078125,5842644,-0.012163975376627945,0,0.018169907104025232,normal,-0.0036272729661593894,0.04521562357944231,0.01824048333168604,-0.01847456459614405,70.02973517155135,2.550516646667581,0.023847750774024335,1.8890517800014566,167884390,-230633.89090908167
2013-04-01,374.151711629188,381.2172277129975,373.42910592784585,378.4472351074219,944417,0.009422638622081925,0,0.017318986486572874,normal,0.02289448504544933,0.03354855873214735,0.02511745831515433,-0.016213872554309283,69.95837746268944,2.5425767339083047,0.02411005930785331,0.3211330310609177,168828807,-685440.4303030266
2013-04-02,378.166324043283,380.5750267441956,376.3999322615773,378.0860290527344,855108,-0.0009544423136952362,0,0.01676177050912113,normal,0.025702496574333322,0.02682081727793495,0.02178999213262811,-0.014243425435374713,69.1292459174771,2.389501352211459,0.023875230906526636,0.2946006114722834,167973699,-812981.0848484845
2013-04-03,375.27583767941786,378.126150286745,370.2175723237276,371.5824890136719,1700086,-0.017201217551879977,0,0.01607146344746747,normal,0.003251665155940886,-0.0014027583918437836,0.003811101136661721,-0.013457470730365073,60.67482809568181,1.756046772580639,0.02435483507289489,0.589904854721678,166273613,-808970.4545454496
2013-04-04,370.57896662229,378.7284318114029,370.57896662229,377.4036254882813,1726008,0.015665798703434763,0,0.015833788646501968,normal,-0.005605687205468057,0.036494146758728974,0.017643147500907563,-0.011847266000224899,62.81640375910773,1.6372362305793047,0.024549035281796392,0.6081432291167058,167999621,-798196.5999999952
2013-04-05,377.3232256581931,380.8961193736307,376.0385795290951,378.7283020019531,1372376,0.003509972941987405,0,0.014861867362058547,normal,0.010172321166932674,0.006508150415201364,0.019155862656307976,-0.010204581746364294,59.399383632005495,1.5565376832840454,0.023274459165319516,0.49888035317449797,169371997,-473625.18181817944
2013-04-08,378.1663495614012,384.87057743185113,378.1663495614012,383.74652099609375,1869019,0.013250182169155078,0,0.014220858020565951,normal,0.014002707371260525,0.037217777191216994,0.02945777298670582,-0.00798646051303753,61.12716383983216,1.736122935195144,0.02295515564021407,0.7003127357302146,171241016,-214341.56969697136
2013-04-09,384.62964107243664,385.7938571019799,376.6809275852134,379.0896301269531,3098313,-0.012135330522483168,0,0.014653257237100852,normal,0.002654425176019215,0.028425147104346182,0.015324491977654287,-0.006728105179233945,54.94877181208635,1.448034990253225,0.023214454211741165,1.1744033601675838,168142703,-249797.45454546224
2013-04-10,382.9836490479259,382.9836490479259,373.50943021423166,375.7174072265625,2033464,-0.008895582027029558,0,0.014929714613691886,normal,0.011127860798463285,0.014415710031622675,0.005689885504739145,-0.006114218293606588,58.794881262047035,0.9606047358727592,0.022911463595615456,0.7728070916025583,166109239,-295575.86060605955
2013-04-11,379.6114718482695,380.57496256719577,373.3488556830085,378.6881408691406,2194005,0.00790682993504932,0,0.014822249925648638,normal,0.003403558667984141,-0.002221207822762028,0.012326479769196874,-0.005113383899048252,52.121664042217695,0.7763857389791915,0.02107341397313717,0.8477016798538264,168303244,11226.151515157053
2013-04-12,375.8378593309335,385.39237369493634,375.8378593309335,384.6296081542969,1502206,0.015689604832936688,0,0.015084680762404653,normal,0.015581899005565614,0.025912724253573494,0.025454478403066583,-0.0033375728373497004,62.98920215405042,0.9796864890729164,0.020330391300873933,0.5856397207326042,169805450,76199.98181818395
2013-04-15,384.6698590778932,385.15160455972347,377.8452008426444,381.3779602050781,1378046,-0.00845397202992837,0,0.014742817124707711,normal,-0.006172201339747718,0.007744078502315732,0.01516247474959731,-0.002268281127014382,60.95049370176853,0.8263037066715908,0.02006764021019207,0.5766846801379562,168427404,105683.22424242515
2013-04-16,379.7721037291124,391.0127156788113,378.56775244878753,390.0492248535156,1451228,0.022736669533222953,0,0.015436215810531352,normal,0.02891029945317225,0.03164146485590624,0.0344760421394934,-4.1615422251117806e-05,65.0862698472139,1.2164082897101332,0.020922754283402307,0.6675467914845911,169878632,162182.64848485182
2013-04-17,388.6040437482018,391.7755121707372,387.03837715933673,387.8412780761719,2711366,-0.005660687514948748,0,0.015443647602048562,normal,0.032268589680484405,0.0437555308530746,0.0258240739903004,0.0015615721585653386,57.13311999932941,1.2296519995281656,0.019770201794940098,1.2359554684866263,167167266,-65639.78181818397
2013-04-18,387.2792298165787,391.41416429269134,386.3960339812466,387.9617004394531,2197874,0.0003104939316376232,0,0.014421902970372172,normal,0.024488645324430847,0.027975552533476167,0.02359407221586851,0.0029639668095553517,62.135966976512606,1.1517808112870909,0.01923191108908124,1.0226595115171533,169365140,-69343.13333332622
2013-04-22,387.4799647353654,391.0127236625998,386.31574867291096,387.7208251953125,2283739,-0.0006208737714773482,0,0.012568127289391657,normal,0.00803686709364193,0.023743995750581615,0.0207267014556749,0.004133525255322068,59.18864114536811,0.9952003957962869,0.01867438697804555,1.0725281927750678,167081401,-122674.07878787388
2013-04-23,386.9981655074529,393.0199211948095,383.50554230826873,384.8704833984375,1320840,-0.007351531338145589,0,0.012010287554411211,normal,0.009157642962591028,0.0029289188066807803,0.011948436277378072,0.00471204387162838,56.40630484159227,0.6286964434171622,0.019803613203242063,0.6561958866239329,165760561,-95684.77575757075
2013-04-25,385.59317912833535,390.49087979706377,376.6408384853224,384.30853271484375,2833099,-0.0014601033538131913,0,0.011964537351353473,normal,-0.014717865779191874,0.013766935766992283,0.009464221660543837,0.005113571693846852,63.53552317327061,0.2944360761977971,0.020936866451862792,1.3797476966494244,162927462,-363352.58787878667
2013-04-26,383.2647647680877,383.2647647680877,371.5022710155006,373.3890686035156,2239631,-0.028413275224961843,0,0.013749998138714383,normal,-0.037263206083540834,-0.006197047510345555,-0.017419563616538625,0.003833032297285266,46.1478589194947,-0.6637555450107593,0.022439984060750408,1.0631850796315598,160687831,-825531.3151515133
2013-04-29,373.34884871080334,401.1693547948653,367.4073880619444,399.32269287109375,11096404,0.0694546960482012,0,0.020080191815964717,normal,0.02928379893884303,0.05448956482923917,0.04576324376521579,0.006526944787348388,63.422299924618066,0.3906056374164102,0.026152900536237624,4.381611776203269,171784235,-470470.6060606067
2013-04-30,439.226970577069,479.33188426237,439.226970577069,468.7335815429688,19185543,0.17382154811392536,0,0.04290832144917567,high_volatility,0.20894610524685264,0.21866224441809745,0.2015023665815261,0.018926662597361643,80.11381773418192,5.4248517463094315,0.03345080469767687,5.996159378749837,190969778,989027.5030303054
2013-05-02,467.97079588731214,467.97079588731214,457.9345340813289,459.1388854980469,7162821,-0.02046940185795587,0,0.043520205260258835,high_volatility,0.1929698568822773,0.20389464889673858,0.157407846909847,0.02806364223346547,77.40520376807001,7.635392944562979,0.034412141917276234,2.0403649128452144,183806957,1709419.242424248
2013-05-03,458.0548827749712,463.6751880850935,458.0548827749712,459.5804138183594,2935748,0.0009616443613429393,0,0.04349568018895013,high_volatility,0.19586315341940952,0.17826260003710148,0.14129054163567667,0.03582467271540479,79.29878820458569,8.583296174261168,0.033780101334424315,0.8121937343502341,186742705,2500272.4000000013
2013-05-06,459.4198820867207,462.5913502860936,458.5366617372407,460.1826477050781,1541686,0.0013103993743230902,0,0.04306706510014564,high_volatility,0.23244809877850114,0.1865231312864497,0.1274542046817333,0.042400083518606246,78.95043019989842,8.680804518601624,0.03324363303418124,0.42745403877725685,188284391,2990046.7818181785
2013-05-07,460.0622129314259,466.8066000529121,459.6607624838418,465.1606140136719,1953522,0.010817370740550114,0,0.043056369156983444,high_volatility,0.16487397865923792,0.19898591403938526,0.12469186147141009,0.04853482879504023,78.80534093662875,8.499653986362539,0.03251800404164434,0.5399383341258881,190237913,3476936.6909090923
2013-05-08,464.2774130254223,472.4268761937851,464.2774130254223,471.30279541015625,2665710,0.013204431354336021,0,0.04301842418143392,high_volatility,0.0054811815674271624,0.2155725583549446,0.12459712021475644,0.05441266943805467,81.51378757683915,8.208266735392264,0.03222198851065343,0.7238440397693744,192903623,3703976.387878795
2013-05-09,472.1056339777308,472.18590444946767,468.8940310255013,469.5764770507813,1192515,-0.003662864672535182,0,0.0431544420013569,high_volatility,0.022732972271369167,0.22008960755936124,0.10776725949780763,0.058975911136475156,79.29602719659863,7.342202673531432,0.030948145488491348,0.32681600531449584,191711108,3464917.1818181872
2013-05-10,471.8648943506914,471.9050295968341,468.5328358327063,469.6970520019531,962470,0.00025677383145139565,0,0.04289364705870987,high_volatility,0.022012770517222613,0.2221874145856333,0.0967652899302569,0.06264744421876367,80.62477393213763,6.262472880501786,0.03073262918053007,0.27172330754403495,192673578,2774930.9878787906
2013-05-13,470.3795338726145,471.302889629842,466.6862088540812,467.448974609375,1858762,-0.004786228448733776,0,0.04280017354692988,high_volatility,0.015790093217408208,0.251908569143831,0.08208468486858389,0.06522979338389945,79.27261243421178,4.939987465051132,0.030819086450169914,0.5260606350483743,190814816,1473690.0606060612
2013-05-14,467.6496497578912,469.6970372989268,466.92701932920426,468.773681640625,762210,0.002833907235237909,0,0.04283934637541239,high_volatility,0.007767355012664456,0.17392196839649898,0.076421819809662,0.06734150797985983,79.61277302679258,3.751421923769545,0.030438378115535823,0.22017920885003658,191577026,588608.9151515148
2013-05-15,470.25897862275474,471.7844606431807,468.5327224098496,470.098388671875,1871906,0.0028258988998992596,0,0.0428700993624392,high_volatility,-0.002555483969139405,0.0029116905266601822,0.07135569191782687,0.06904024118344987,81.48916958960938,2.7005510854446477,0.029401034826365056,0.5378644559480682,193448932,844755.31515152
2013-05-16,468.17143757287806,470.3794147761556,467.3284015326618,467.8904418945313,3247546,-0.00469677588894013,0,0.04278906032648826,high_volatility,-0.003590544328027856,0.01906080419869305,0.059630564957520615,0.06992120061541351,80.50993295151899,1.559472189839962,0.027891187297152713,0.9087270418506597,190201386,416191.0909090912
2013-05-17,467.6897857457705,471.1021146546452,467.6897857457705,470.49993896484375,1493246,0.0055771540443236844,0,0.04271479989241563,high_volatility,0.0017093719440404165,0.023759770473595676,0.05893051539215133,0.07071926391419692,87.73788908356626,0.7255535321645041,0.02631036419971506,0.4175940149759277,191694632,187284.9515151511
2013-05-20,470.499956492677,471.98530364744846,469.7371907894761,470.8211364746094,1476948,0.000682672797944095,0,0.04261416520532215,high_volatility,0.007213967830504542,0.023117970272423793,0.05366724198391837,0.07114869703513937,84.69029339690394,-0.019815260372155308,0.021511428444883792,0.420290651035212,193171580,81695.32121212877
2013-05-21,470.49988439995343,473.71148770643777,469.8977087799876,470.33929443359375,1565233,-0.0010234078372596267,0,0.042632041241785976,high_volatility,0.0033398052285900093,0.011133101694138059,0.047343325472064546,0.07115858976064748,52.35279808399164,-0.7218121942649525,0.009961969542607859,0.44945942889331747,191606347,-38274.509090917025
2013-05-22,468.9744732354987,470.13868953305183,468.9744732354987,469.7773742675781,1053010,-0.0011947123548168292,0,0.042640085859593904,high_volatility,-0.0006828664212268354,-0.003236605336173759,0.041520070823060085,0.0707993431786278,71.20006519317145,-1.3632898910048041,0.00853943301878827,0.3078128322823315,190553337,-54554.32727272572
2013-05-23,469.0948042578292,470.4196102133881,469.0948042578292,469.897705078125,2498040,0.0002561443295017174,0,0.042506795165538576,high_volatility,0.004290028185799377,0.0006840803214018809,0.03765728555594339,0.07021149982629948,70.82660319079619,-1.8865611046066135,0.007884292684969462,0.7178683272973106,193051377,14409.896969700987
2013-05-24,470.4999676159127,471.3028685845405,469.8175213946535,470.6204223632813,1290939,0.0015380311019739246,0,0.042466495063455685,high_volatility,0.00025607526900572886,0.001965884940926532,0.03538255715756344,0.06950568618718145,70.9678210386285,-2.265569291041519,0.007482222378632705,0.37938727675963857,194342316,201707.9575757602
2013-05-27,470.6604285934256,475.8391482225238,469.85752784488864,474.9960632324219,1185438,0.009297600914060844,0,0.04145111871493427,high_volatility,0.008867330785260252,0.01614526725479215,0.04054873152594607,0.06915769671237437,70.24783315616624,-2.2960032315470045,0.00723822480092641,0.35386368986116457,195527754,309521.67878788256
2013-05-28,475.3172847730103,475.5581452176369,472.9487175562986,474.7953796386719,826579,-0.0004224952779278146,0,0.03931898573753117,high_volatility,0.009474192902475531,0.012845640090057842,0.03615109577354403,0.06854685893817702,59.51856971523732,-2.393179470553207,0.006407837131052811,0.29140873083584606,194701175,365936.75151515845
2013-05-29,474.9960818731493,477.6858288894081,473.7114602271455,477.0435180664063,898094,0.004734962731619996,0,0.006946123458036744,normal,0.015467206802278755,0.01477377834489646,0.03700233297844813,0.0680166822072108,69.78759951218419,-2.3653617096014834,0.006479830468525517,0.4672410997610635,195599269,558264.0303030314
2013-05-30,474.5948050306077,478.930490430378,474.5948050306077,478.167724609375,2469202,0.0023566121336799917,0,0.004790611437742178,normal,0.017599616771644122,0.021965147809453134,0.035555794374362515,0.06741832761870747,71.31350082085174,-2.326993953384328,0.006608522055473485,1.4632826692169596,198068471,642707.2969697017
2013-05-31,476.1603356630993,480.0142499126966,474.594669216494,475.71875,1683995,-0.005121580741100029,0,0.005049049611822651,normal,0.010833205263632184,0.011092054648589977,0.027292324883069208,0.06632418759245629,70.59975430871972,-2.506753349320352,0.00676309678484166,1.0363986566042562,196384476,639487.418181817
2013-06-03,472.306525234188,476.802751346199,472.306525234188,475.3976745605469,1389907,-0.0006749270224332138,0,0.005077360378954312,normal,0.0008455045403785721,0.009720332694078904,0.024004931422148656,0.06507058815491185,67.36859625285479,-2.672296382016409,0.007027027495020833,0.8594189592840648,194994569,602071.0363636438
2013-06-04,474.5144505663292,476.08011718395534,474.0327296094521,474.2735900878906,1301781,-0.0023645140327944736,0,0.004661907147249907,normal,-0.0010989777347419905,0.00836480324067912,0.019488011681717543,0.06358706605961828,61.06408960414062,-2.8654062908485436,0.006862299632884191,0.8214805728020649,193692788,367202.7151515162
2013-06-05,474.3136161624778,475.1165169092615,473.39026070160753,473.9523010253906,1881857,-0.0006774340153337111,0,0.00367518279004469,normal,-0.0064799476859999094,0.008887032425351604,0.016976757318477143,0.06201024480949813,67.84831782738155,-3.007908074914921,0.006667299586372355,1.217649048301312,191810931,-65803.21212120978
2013-06-06,473.9524572135316,474.7954934744374,473.0291504535637,474.39404296875,2907337,0.0009320388199480778,0,0.0035570076920981623,normal,-0.007891962268485986,0.009568758991656434,0.016189874709255037,0.0604527838872686,63.143463392526066,-3.0556690006723546,0.006413258355808921,1.7823028705420774,194718268,-188934.68484847972
2013-06-07,474.1529653181203,475.5580414445423,474.1529653181203,474.6347351074219,982944,0.0005073675402111899,0,0.0035564860211654338,normal,-0.002278688600308776,0.008529831161984358,0.015090451766239132,0.058894008250259144,62.942073233881956,-3.0474105263231106,0.006283136125601741,0.6022023482083337,195701212,-192593.16969696592
2013-06-10,474.5946931954457,476.9231253624188,474.5946931954457,475.8793640136719,824294,0.0026222878651480652,0,0.003353779683674616,normal,0.0010132347693334598,0.0018595960043099602,0.01603450536201967,0.057462465141443264,67.87566195396798,-2.933458535990205,0.006043755352734145,0.5215316705148598,196525506,-88732.43030302941
2013-06-11,475.47790614801767,477.5252935703602,475.31731617259896,476.5216674804688,1117140,0.0013497190997726616,0,0.0033250198010126224,normal,0.004740043383317127,0.0036358564464351595,0.015722102410770766,0.05607335496737065,71.64892606154658,-2.7909865061150363,0.0061619945046192445,0.6989674722409542,197642646,8863.987878786882
2013-06-12,477.56539638063873,477.56539638063873,476.2004551900458,476.64208984375,733188,0.00025271120181780127,0,0.003293162173660411,normal,0.0056752310570917786,-0.0008414918292641849,0.014435030474662769,0.05466338904122736,71.64909269730063,-2.6650512972206943,0.00616645227410065,0.4756834639354083,198375834,170671.21818183165
2013-06-13,476.9232804420148,477.7261815875401,475.35761340720114,477.4853210449219,1071002,0.001769107720739349,0,0.0030437612107514023,normal,0.006516266639493784,-0.0014271217594424845,0.014661330181372945,0.05332853848594432,71.86675557923091,-2.5038806166822116,0.0062876863018168855,0.7476408345722438,199446836,521854.87272726337
2013-06-14,477.7261318700799,477.7261318700799,475.8393339765353,476.60205078125,1029944,-0.001849837523253961,0,0.0029085490304135344,normal,0.004144904551460771,0.001856771004401292,0.011552746228935984,0.05185579800514439,56.57935862974307,-2.433548298193207,0.005685646101855202,0.7307969468907369,198416892,687885.9757575786
2013-06-17,477.0435015643837,479.61274476751527,476.64205118824776,478.4485778808594,787063,0.0038743582755940142,0,0.0029967441271905293,normal,0.005398876399090202,0.006417581497706548,0.013977756750705339,0.050598767559636215,63.18788338151308,-2.2440828023111337,0.0057236087619732725,0.5724721766788484,199203955,779551.9757575798
2013-06-18,478.2880295271791,480.1748268570478,476.4011831921331,478.2478942871094,1831701,-0.0004194465257664204,0,0.002980314721777791,normal,0.0036225567995002983,0.008379771259205526,0.012245932098395862,0.04928684157285512,55.10193528369919,-2.1154125183582373,0.005696031295156288,1.3195050832110053,197372254,633498.7515151615
2013-06-19,477.7260853533687,477.7260853533687,476.5217338776879,477.5253601074219,2962206,-0.0015107942728415091,0,0.002992476092090524,normal,0.001853110085098475,0.007538857970097457,0.009686118707465274,0.04787035228683911,47.18297229947297,-2.060074436569117,0.005314315306653715,1.9965900586368235,194410048,155813.93333333466
2013-06-20,477.3647406697919,477.72605589125067,475.7589388012499,476.3611145019531,2592060,-0.0024380812051675305,0,0.0030787131192232743,normal,-0.002354431630502418,0.004146492904702592,0.0065318875706763535,0.046316489032076635,53.174763578226575,-2.077094137028297,0.0048096196718942705,1.7415854127591224,191817988,-300937.9575757678
2013-06-21,476.5215848886197,477.2040309093907,472.9486668268367,474.23333740234375,6623347,-0.004466731298657822,0,0.003277790239831467,normal,-0.004970002489547487,-0.0008456981240264616,0.0018417201052887133,0.04453488887488222,45.11744094679645,-2.195330304055439,0.00479492093283473,3.7740859240209694,185194641,-1018278.8121212099
2013-06-24,473.75177244482313,475.1167140818382,466.9271132649404,468.8540954589844,8830754,-0.011343027828504604,0,0.0035618577600670374,normal,-0.02005331997091686,-0.014762708967741012,-0.00862314248829199,0.04217400321224862,33.25102803033161,-2.5733061446676695,0.005785682369302828,4.131888637094992,176363887,-2034991.8484848458
2013-06-25,466.5656279064287,472.8282932516224,466.5656279064287,471.9049377441406,4177811,0.006507018526029196,0,0.003905081719895399,normal,-0.013262905323239815,-0.009688394151599389,-0.0019657620708352086,0.040330173661578206,44.586027353925715,-2.550414296069108,0.006434919101501091,1.812671297431316,180541698,-2504965.024242429
2013-06-26,470.8209491373981,473.30992148887816,469.7771391140367,472.3865661621094,4619598,0.0010206047435550314,0,0.0037378695917472484,normal,-0.010761300602247559,-0.008928132391823884,-0.0008570348465962718,0.03863378644917437,44.702676323787344,-2.4356146912766707,0.006695457839218449,1.8546222583552636,185161296,-2466796.7090909034
2013-06-27,472.58742453539776,474.1932262484031,471.3028027670652,472.8684692382813,15851546,0.0010201455983118723,0,0.0036961324788973736,normal,-0.007331927727399545,-0.009669096835348001,0.0001467830928219005,0.037071765449249616,45.397770013343184,-2.2636582838311394,0.006913001796153154,5.016353695976114,201012842,-1332422.2606060563
2013-06-28,473.2699076418629,473.2699076418629,468.8940882840668,469.81744384765625,9787702,-0.0064521650080408,0,0.0037934342423268583,normal,-0.009311647255496491,-0.01423537083500237,-0.005709155157924806,0.035209420758029575,35.56385677013314,-2.2851952448827815,0.007269169257362629,2.745375935677036,191225140,-819567.2909090888
2013-07-01,469.1349708077818,472.5071642791192,468.25179944858456,471.6239929199219,7069503,0.0038452149785468404,0,0.003922270216548424,normal,0.005907802635755743,-0.014263988391740812,-0.0017065907596818253,0.03367536748010469,38.94923120356397,-2.1116736213799268,0.007551406485544499,1.8366453338433695,198294643,218540.5515151492
2013-07-02,470.9013634300295,474.5946878548596,469.7772826023784,471.9852600097656,3265981,0.0007660065969228302,0,0.003901782482413944,normal,0.000170208572109809,-0.01309495421130713,-0.0008522639289720857,0.03225885140201856,39.6056275859063,-1.912410934571124,0.008068110124126037,0.8273859450326269,201560624,1323701.375757568
2013-07-03,469.69701211690926,478.9303721841647,467.7700304138446,471.9852600097656,2285572,0.0,0,0.0039006756606567885,normal,-0.0008495291379773118,-0.0116016877018007,-0.000771158529127014,0.030906480246888357,37.243274310726626,-1.7261563776050797,0.009398625886086063,0.5760685669122008,201560624,2180613.678787881
2013-07-04,470.9414566492175,486.0761662033542,468.4123485204533,482.8645629882813,4840129,0.023050090543697443,0,0.0065048354269919865,normal,0.02113926895168583,0.013652349632122363,0.02009843567707903,0.030914837528607686,59.92363237538522,-0.8595928764588168,0.011520710555162182,1.19092556132405,206400753,3042055.3696969664
2013-07-05,501.0100743319788,507.433280413158,485.8352303631235,489.24755859375,4817710,0.013219018529681659,0,0.007061148890339598,normal,0.0413567333451208,0.03165998677707482,0.030287869378409438,0.0315609494412421,64.96118288816896,0.10296375415599845,0.014517807109742573,1.1320039928921943,211218463,3547963.9878787845
2013-07-08,488.1637451979989,492.0176597011573,480.93763712763376,489.5286865234375,1783428,0.0005746128411872053,0,0.007059487618612961,normal,0.03796391589974868,0.04409600185792084,0.027857018629857455,0.03202817987721995,65.59393806956095,0.685586594283488,0.0155755650327333,0.41437782990270905,213001891,3246993.2969697006
2013-07-09,490.1308904895421,491.25492240670974,484.9521696057943,485.7149353027344,1082343,-0.007790659313119841,0,0.007355204991240298,normal,0.02908920353293376,0.029264363336840793,0.01792503622083541,0.03185419722564431,60.42948218691263,0.7366440315341913,0.01637088911814821,0.25158308813305336,211919548,2721409.4303030255
2013-07-10,487.7423279383883,488.71547073584895,479.3896137943735,482.47119140625,2245187,-0.0066782873260066156,0,0.007551994354693737,normal,0.022216650147649508,0.02134824731802354,0.01005666499358715,0.03119521901842215,57.38982347691349,0.4865476322008879,0.017570395445304334,0.5128656480328095,209674361,2000996.442424241
2013-07-11,484.8634333164274,488.9992278831712,481.4979959463232,487.4178771972656,1530058,0.010252810694453274,0,0.007851381363091093,normal,0.009429795760544923,0.030768403700972558,0.018432694892581925,0.031087420814768008,64.9281255420559,0.5823894567805432,0.017867742927140075,0.34768655127705594,211204419,2123682.836363643
2013-07-12,487.37731451185977,488.9992024137295,478.821865728715,487.8638610839844,1379218,0.0009149928789711215,0,0.00782175289792352,normal,-0.002828215461601502,0.03841155213083125,0.01748805812808829,0.030924964987400383,74.23058012236025,0.6014828069069464,0.018142435149067732,0.3121712244968102,212583637,1545551.5696969668
2013-07-15,486.5663730480203,501.1633642394609,485.5526931041703,498.081787109375,2644608,0.02094421587753481,0,0.008975469895512383,normal,0.017472113119009203,0.05609933885179896,0.034974214679307725,0.031864402781868195,78.2115265074149,1.1937224124142878,0.019110823577438624,0.5862545904497807,215228245,1324080.9757575765
2013-07-16,496.8653462880639,510.0026476015125,491.43201216197286,505.2991333007813,2228512,0.014490283279162464,0,0.009370015021512638,normal,0.04032035371908127,0.0705824442278693,0.04499796136482326,0.033394279255288595,80.97384705255917,1.919942078409587,0.020963593294036593,0.4918514817809624,217456757,1236641.8666666683
2013-07-17,505.2585320113688,567.1335349486465,501.69040893732,555.5370483398438,18748031,0.09942212786095972,0,0.023482110367184606,high_volatility,0.15144086991107186,0.1770220288835913,0.13282993496119144,0.040407911218607984,90.17499190236802,5.433164479384422,0.027110587400188773,3.5239633718183656,236204788,1979142.2303030374
2013-07-18,556.1454076649081,583.1498340516112,542.845955227757,557.9700317382812,10021074,0.004379516011953077,0,0.023374246940819427,normal,0.14474675189737063,0.1555414799653101,0.12305338624631035,0.046519361808270654,93.09899066098814,7.44587494071267,0.03159170683415782,1.7606761086889087,246225862,3170992.6363636362
2013-07-19,563.3626965386109,574.796984904299,550.063197740773,556.3885498046875,8816903,-0.0028343492367625123,0,0.023330557613341175,normal,0.14045862829119615,0.13723316556534626,0.10722988596410232,0.051376420655864896,91.53394309167997,8.13941952568549,0.03431050140046792,1.5198193903093924,237408959,3720373.133333332
2013-07-22,555.2534669236957,568.4718466104237,551.7664169934942,565.3497314453125,1801410,0.01610597781670875,0,0.022920107017492142,normal,0.13505401337063128,0.15488580548842834,0.11182028915959008,0.056324035499503156,92.19198511886948,8.624036518864175,0.03526863745696744,0.3305450925115603,239210369,4169447.0000000037
2013-07-23,567.660757968684,585.5015246476999,565.106264759389,582.906494140625,3299142,0.031054693614921858,0,0.023395955614827317,normal,0.15358696606678635,0.20010000058432098,0.13058952927680356,0.062260808236286325,93.26128568371354,9.481191299908108,0.035338003488081124,0.6102873762846596,242509511,4408639.345454545
2013-07-24,582.2577181360485,587.9343254159264,571.9181834476994,575.3241577148438,3485015,-0.01300780914606181,0,0.023911250300130034,high_volatility,0.03561798341646405,0.19245287172060355,0.10370205121560971,0.06623400167620352,87.01279027833294,8.90098394991709,0.03559916670636515,0.6515077450757818,239024496,3937273.4000000027
2013-07-25,572.5265074627554,578.932985347534,547.4683161620513,557.8889770507812,5550291,-0.030304968825425438,0,0.025513941484420256,high_volatility,-0.00014526709839146612,0.1445804578583294,0.06314103021468576,0.06745970825579817,75.24427861656933,6.801208646406678,0.03759462804672185,1.1481561212280487,233474205,2909408.9636363694
2013-07-26,551.0363527940482,552.3744299612978,525.8160185499585,538.2234497070312,8739293,-0.03524989406980161,0,0.027167030027927197,high_volatility,-0.032648227761036486,0.10322467524270595,0.02316447413632816,0.06610316967481378,65.67372776633736,3.7012344348285744,0.041754263994260146,1.8276652861727984,224734912,1226866.884848488
2013-07-29,535.304079215873,535.9934112679617,506.9210410921026,517.8282470703125,4161171,-0.03789356009631384,0,0.028977703230702014,high_volatility,-0.08405679127769583,0.03964501507982532,-0.014141521260974232,0.062457603146209184,59.33959506046259,0.0818586608793872,0.04684721979771756,0.8975287332199113,220573741,-653629.1393939353
2013-07-30,513.3277015503513,515.2739875158102,504.8938616948407,508.4620361328125,1857276,-0.01808748555238282,0,0.029428269986616733,high_volatility,-0.12771252122961063,0.006259466172779726,-0.029016510737089996,0.05804035335218072,57.29904712017475,-2.9696763790162137,0.04821710176325854,0.40677832017656507,218716465,-2551657.5515151387
2013-07-31,503.798935738364,506.88051289074457,490.82383236321095,496.7437133789063,4105005,-0.023046603130947085,0,0.03004321698214855,high_volatility,-0.13658464238326906,-0.10583152849415589,-0.04672840047004101,0.05271034031362798,52.52302800017902,-5.648671126485574,0.0508121884098041,0.8815095427747636,214611460,-3438995.7818181757
2013-08-01,493.945965424944,520.1394959473073,493.3377574313181,515.1116333007812,2143419,0.03697665300469399,0,0.030687463608106418,high_volatility,-0.07667716249949541,-0.07681129092897765,-0.010397679120544456,0.0498867763327453,56.72000340796384,-6.020819319750132,0.05130556314538525,0.4740027581435081,216754879,-3279611.339393935
2013-08-02,517.3823454364839,519.1664323889333,493.3378326252039,499.50103759765625,2783404,-0.030305267235169908,0,0.03150712916873449,high_volatility,-0.07194486254817134,-0.10224421805049877,-0.03668247850480988,0.04554156672982934,50.340954578979094,-7.082278982710001,0.05437014626584168,0.6296953056434001,213971475,-3502618.4303030255
2013-08-05,502.7851847511925,509.1510741467859,498.8521268947177,501.8120422363281,1410809,0.004626626302492998,0,0.031513920668718075,high_volatility,-0.03092956964900684,-0.11238652054640719,-0.029246226221164795,0.04184860566058379,49.142051468952936,-7.360285639094748,0.05294235165261103,0.3205212403661212,215382284,-3244487.587878777
2013-08-06,501.1633670458903,506.96163615561824,490.9860302518627,493.3377380371094,1203007,-0.016887407008913113,0,0.03172303668914575,high_volatility,-0.029745186505433785,-0.1536588749719905,-0.04147336825223247,0.03755203073634594,30.73835940838707,-7.80418319443516,0.04668954660115631,0.27293666217170803,214179277,-2543207.236363626
2013-08-07,491.8781420044504,496.2572600145464,483.28215420223296,489.1614990234375,2424701,-0.008465273770233539,0,0.03174902931908014,high_volatility,-0.015263835557965622,-0.14976367242015287,-0.04507781959795243,0.03321516995865803,28.919247722246013,-8.036708316841628,0.04309754577408496,0.5489950357596635,211754576,-1863120.8606060604
2013-08-08,489.12105307023353,492.3242433190284,483.4038564070004,486.5665588378906,1718456,-0.005304874138147508,0,0.03170493173151909,high_volatility,-0.05541531702550917,-0.1278433902564785,-0.045585682232647584,0.029031313187949825,28.74077242961883,-8.005327861181936,0.04100596545998417,0.3882606274947189,210036120,-1316243.3636363545
2013-08-12,486.5662781394713,503.0284273173071,486.5662781394713,499.257568359375,1366927,0.026082782079794864,0,0.032222670479107283,high_volatility,-0.00048742488995057176,-0.07239721972141189,-0.018758210280126808,0.026691866348172777,30.323336797959,-6.816422156186511,0.03992879746816279,0.3088805505517021,211403047,-993327.7454545505
2013-08-13,495.4867171941423,506.7588570727712,491.75639509553446,504.0827026367188,881909,0.00966461919285444,0,0.03196459526424755,high_volatility,0.004524922100855644,-0.026544601441426008,-0.00839897895043662,0.025094759561863578,24.608016043884746,-5.450772228575232,0.038782434664826906,0.20333190944041007,212284956,-738121.0363636299
2013-08-14,501.9743003971146,504.3665949266581,496.5409660832589,500.0280151367188,946392,-0.008043694970668591,0,0.03186366818672428,high_volatility,0.01356125141820419,-0.01658731703991112,-0.014838721827929668,0.02316270953326338,25.180305388479454,-4.600198140628322,0.03792691060263729,0.22147244263598195,211338564,-557883.9878787757
2013-08-16,499.0142833777581,501.16330440056345,482.5115956607367,485.75537109375,3009323,-0.028543688775250597,0,0.02222786868449489,normal,-0.006963197096434448,-0.022120747558962317,-0.03902721167197243,0.019808114858105963,25.716473118208867,-4.758653442978812,0.037157193605208784,0.8631986090139614,208329241,-726029.7272727222
2013-08-19,484.1334680843505,488.59365916385457,473.0640649704207,477.8891906738281,1650465,-0.016193707549151726,0,0.022176101991030747,normal,-0.017833877002947807,-0.07226092408054463,-0.049648096559270605,0.01593495602267825,27.935810686389075,-5.121550854706992,0.03529612683981777,0.5380110328991026,206678776,-765158.1212121256
2013-08-20,474.4021848540624,484.944455628597,469.8203319882332,478.9434509277344,2575130,0.0022060767945384363,0,0.02226019229104695,normal,-0.040688651948523225,-0.04115624417677555,-0.04321855316374246,0.012619675300136857,33.43684947643537,-5.012610203499989,0.03280563848418616,0.93449866994892,209253906,-727250.5636363586
2013-08-21,482.5116335964659,492.1212992738591,472.9830425128382,477.9703674316406,2540740,-0.002031729412332206,0,0.02161965712501607,normal,-0.051801688628654974,-0.047511165133536704,-0.0410377974367675,0.009575180041688558,36.0117545104924,-4.731597033699461,0.03379954172203089,0.9098136812774862,206713166,-676692.2363636306
2013-08-22,476.0241643183949,486.03930368406526,469.4960745195513,480.6060180664063,1814279,0.0055142553060940624,0,0.019865994573361315,normal,-0.038841817822951596,-0.025807310061784383,-0.032455591883173374,0.007185185552400997,41.923694182921615,-4.1163780692424,0.03345144733890289,0.6674190591897895,208527445,-502293.4848484828
2013-08-23,484.53889706164455,490.09384202450536,476.1050621511776,487.6610107421875,2360748,0.014679368153077021,0,0.02055516889524511,normal,0.003923043906126411,-0.0030674701182443753,-0.016543061161025885,0.005876089359475145,34.50775592200266,-3.032522039108482,0.03109076846109626,0.8867867349814514,210888193,-292266.3393939348
2013-08-26,491.43214284854537,499.947056214733,486.6475526824373,493.4595031738281,1064662,0.011890416301306717,0,0.020312613947864468,normal,0.03258142850656598,0.01416649831505179,-0.004389533280381386,0.005372175610077079,46.165693542907775,-1.7850260783279364,0.028911835795290018,0.43672066247724745,211952855,-128228.84242423948
2013-08-27,490.6209785384378,491.43192230461705,475.29412155921847,482.9575500488281,2297372,-0.021282299879632705,0,0.01947395509450827,normal,0.008381154629671261,-0.032648515202505335,-0.023198887792138523,0.003723810381624837,39.16079229460167,-1.536547498009365,0.03070395792475106,1.0858378414656957,209655483,-21607.230303035492
2013-08-28,477.6460598369364,488.7560035557928,469.9826284343907,482.1467895507813,2582899,-0.0016787407049850822,0,0.01789594068399903,normal,0.008737826450586406,-0.04351649634315313,-0.022526382828963243,0.0021828893699460394,42.944808646656945,-1.30528793973461,0.031170069531201435,1.2680874301674676,207072584,24105.509090913416
2013-08-29,481.70064980822696,495.77050589223865,476.5917134215991,492.242919921875,2485894,0.020939951462707773,0,0.018333863783133633,normal,0.024212975739019482,-0.015569318076538496,-0.001862485159070948,0.001981723274972813,51.80771078918969,-0.39791662904202507,0.03143096386758324,1.2019153816941497,209558478,205499.9333333395
2013-08-30,488.1881897144092,517.9903757144167,486.8095752927431,512.0704956054688,2478561,0.04028006271119278,0,0.019817901005996855,normal,0.0500542063556233,0.054173615110969076,0.03456466565881233,0.004049891504483094,62.44549132343686,1.5076075640392368,0.0333190432039396,1.2474168700914365,212037039,343043.86060606554
2013-09-02,512.5166408602065,525.0051990593528,512.5166408602065,520.0584106445312,1133123,0.015599248751126726,0,0.018336614731676505,normal,0.05390291867848229,0.08824058127626655,0.04565377484542266,0.006728583997236637,60.63878738158609,3.17984829411212,0.03232278954368729,0.5851578002634267,213170162,387420.4909091002
2013-09-03,519.8149805764203,522.2478119987749,493.1349095128327,497.3923645019531,1157960,-0.043583654602349586,0,0.019705239615345573,normal,0.029888371041441708,0.03852002473044025,7.270781921642211e-05,0.006467523238332218,47.10626445191422,2.6546981398567944,0.03582207616575182,0.624180717663903,212012202,461627.5333333302
2013-09-04,495.4866778519902,506.5966181711287,489.8100710680885,499.9468688964844,959682,0.00513579334312686,0,0.01971189556427163,normal,0.03691838197717234,0.0459787948423116,0.004710454504069483,0.006504608849166038,49.96444079506047,2.3832612101184085,0.03691930863807138,0.5236690918942722,212971884,385364.3090909142
2013-09-05,501.9336736063906,512.2732070295532,499.70357816217904,509.272705078125,725423,0.01865365454178214,0,0.019711489600559684,normal,0.03459630289644955,0.05964695807816067,0.021171168429683807,0.007562978355066585,60.77260900854355,2.711774627856042,0.03539019134366939,0.40106708991706513,213697307,393758.2969696959
2013-09-06,510.6512856733768,515.1925508429229,494.6756840118125,500.8388366699219,1284157,-0.01656061344758175,0,0.02001365775695256,normal,-0.021933813863395213,0.027022512846943902,0.003852675098937608,0.0075033600412997,60.458176417251224,2.259540544293234,0.0366974181971635,0.733089719268386,212413150,426825.5636363617
2013-09-10,505.2180540964817,534.73643211179,505.2180540964817,529.9518432617188,2086680,0.05812849256133834,0,0.02360421354778209,normal,0.0190236950594187,0.07395204642565312,0.055949360293521266,0.010690718959775802,68.5108363240733,3.7326598066450316,0.037211785864954515,1.178837797267897,214499830,626204.8787878824
2013-09-11,525.6943092822944,529.1408203728455,515.0709654839692,521.9234008789062,1180964,-0.01514938099544949,0,0.023423816139379387,normal,0.049319286196756185,0.08068173036354565,0.03601037338117896,0.012508580380772294,65.17346652172934,3.9565419088754084,0.03720154332741405,0.6706904969147439,213318866,577137.4181818168
2013-09-12,520.6259944281908,523.0182888812452,505.420795992788,507.8941650390625,1123281,-0.026879875123857033,0,0.024244940734255916,normal,0.01589628145910771,0.053401528427204026,0.007379422129587532,0.012470893938078653,58.73339422702772,2.993715712324138,0.03837740597315001,0.6335886936940558,212195585,250202.17575758602
2013-09-13,510.651513837865,514.9089703976204,502.7853461044305,504.2044982910156,763618,-0.0072646370090964085,0,0.024230852935617858,normal,-0.009951852389834759,0.024300153206955333,5.534966086195858e-05,0.011979421568305337,55.41119845782486,1.9905805453198173,0.038394015186559514,0.4329518606696688,211431967,-14755.67272726893
2013-09-16,509.3132856125284,517.4632615741393,497.3113262838594,502.86627197265625,974416,-0.002654134032709421,0,0.02325879453112378,normal,0.0040480792508319485,-0.01797452442935521,-0.0023519961724234317,0.011358133392616931,53.16932884353392,1.1602929987199002,0.03946952834585953,0.5862902629460229,210457551,-190335.0424242306
2013-09-17,501.9743280016451,511.7056558465882,498.7305520533308,509.7999572753906,737567,0.01378832840694355,0,0.022989952511115408,normal,-0.03802588148820918,-0.019725579202587773,0.010306622343504657,0.01154847971662254,59.26655358779591,1.0071175696697,0.03820549642608823,0.45631418984088795,211195118,-230996.6424242348
2013-09-18,507.7319808801548,522.8966424527312,506.434490374988,520.7882080078125,927405,0.021554044043369913,0,0.02333767989744394,normal,-0.002175018152437924,0.04703699770157521,0.02893888656496557,0.012891466511210092,62.463977370760496,1.542830076017501,0.037082393165771936,0.6045777054991666,212122523,-274329.9212121178
2013-09-19,530.357465700601,555.4967339524643,527.8840959814929,549.4957275390625,2061482,0.05512321340966175,0,0.025864298874722955,high_volatility,0.08190990439277912,0.099108248746403,0.07687235363369882,0.017179373659159225,66.48760551378516,3.60952717696279,0.03716378260776735,1.3652120469641018,214184005,-142577.15151514282
2013-09-20,547.3061322296883,549.4956414601418,518.5986944729362,527.965087890625,1951942,-0.039182542410044374,0,0.02788025946383085,high_volatility,0.04712490602552166,0.03670407352703586,0.031271833727511966,0.018443840597726968,54.532846194415775,3.3131672886986085,0.03864094640583549,1.2868037126972405,212232063,-83624.78787879439
2013-09-23,522.6533008755971,539.07491350978,514.1383906208356,521.1124877929688,1045119,-0.01297926748345124,0,0.028064242713733374,high_volatility,0.036284429553677944,0.04047939105091447,0.016155666273761193,0.018714184715582505,50.30256269021856,2.480391549791932,0.04079415477483157,0.7202202093038617,211186944,-149528.848484838
2013-09-24,520.6259868742615,532.1414002214767,515.9630594217272,521.5180053710938,1425200,0.0007781766655456934,0,0.0280033618272316,high_volatility,0.022985580772367786,-0.015914347686229124,0.015307764746158137,0.018920745835734776,57.9396702805578,1.8125990278432251,0.03899088048619749,0.970093161819973,212612144,16280.375757577804
2013-09-25,520.6259124688779,526.8701895425651,504.9341699522436,513.81396484375,1684929,-0.014772338534815965,0,0.027741175562654617,high_volatility,-0.013391707140876452,-0.015537598087190907,0.0002798298446629044,0.018182694993825743,54.414008352089425,0.7615572447829706,0.040291364382237405,1.1712974024395015,210927215,34334.49090909379
2013-09-26,515.7603062452675,515.8008435399374,503.7178094592017,510.0026245117188,2064365,-0.0074177437609938,0,0.02782671846200634,high_volatility,-0.07187153793572709,0.004151375656174627,-0.0064643863871109986,0.017055076820732262,50.2407925394784,-0.22791311393858127,0.04052431873564326,1.4614058844034117,208862850,-106108.81212120813
2013-09-27,512.5166058870522,512.5166058870522,499.7442379397086,503.5962219238281,1214348,-0.01256150905894693,0,0.027709250767931327,high_volatility,-0.04615620715407076,-0.0012064080531792865,-0.017171418164330543,0.015308150259477626,50.92196453935446,-1.2920133760363894,0.039941384673597216,0.9001764329441024,207648502,-323300.357575755
2013-09-30,503.59627455498907,512.3949980398372,501.9743863921711,508.8268737792969,1205277,0.010386598683140846,0,0.026276617557134417,high_volatility,-0.02357574286063313,0.011853254312042427,-0.006304193546120662,0.01430714308845138,41.59414091501573,-1.601513933541863,0.03623512034499083,0.9377056108354873,208853779,-493850.4060605927
2013-10-01,510.8948451612439,511.7057893599125,492.2025912811529,502.13665771484375,1766671,-0.013148315093426066,0,0.026164842096760597,high_volatility,-0.037163333684824384,-0.01503197372063958,-0.017557281854091444,0.012648069236924409,42.04188281178657,-2.178933251705573,0.0373754205226788,1.3414110886184862,207087108,-692153.5333333318
2013-10-03,502.7850931861081,502.7850931861081,489.2017862330963,494.391845703125,4104263,-0.015423713629999392,0,0.024480540786837594,normal,-0.037799905159314307,-0.05068540704034441,-0.029687424091289993,0.010304659228558721,44.28030541993172,-2.95634520379507,0.037380958718774365,2.802808460838776,202982845,-1002704.4909090945
2013-10-04,495.4866723562397,497.7978424370461,486.5662903661929,492.0401611328125,3274613,-0.004756722002499769,0,0.02447077378969642,normal,-0.03522033518181156,-0.10456053346141003,-0.03113771064926496,0.007966627194017084,44.78800464763417,-3.467440542479235,0.037430118891663755,2.0724270704252805,199708232,-1243654.5939393886
2013-10-07,492.1212074801791,498.365484414157,491.4319250734749,495.5677185058594,1100167,0.007169246845471822,0,0.024129615360948185,normal,-0.015942342433186707,-0.061362711527390146,-0.02193827167092699,0.006292187400589233,46.93041237841155,-3.401718840860733,0.035258454833721004,0.68811048025823,200808399,-1379261.1393939294
2013-10-08,497.0274127238586,498.5681760537192,491.6346173291581,494.391845703125,1201322,-0.0023727792566465844,0,0.023857914406898748,normal,-0.02836923287670745,-0.05127614999788588,-0.021999442741853392,0.004681162441644737,43.18991170366789,-3.270313353795025,0.03446944611773353,0.7533303908438892,199607077,-1511600.2848484893
2013-10-09,490.9048442543103,495.892168775507,490.9048442543103,494.83795166015625,1564012,0.0009023327567161399,0,0.01950608683222826,normal,-0.014535298195321844,-0.05115845174310507,-0.019144323577012012,0.0033111735302471246,37.35182227955105,-2.9936624344268297,0.03278200973133552,0.9971081217435449,201171089,-1323254.3272727241
2013-10-10,495.486637832075,498.68987558634274,485.1876421710468,487.6610107421875,1280329,-0.014503618596533374,0,0.019485865166762487,normal,-0.013614372929967922,-0.05089965608372593,-0.030288418568814368,0.0013071964911566258,11.856031084454386,-3.120138870791657,0.030158341639217705,0.8136738081454892,199890760,-1178393.6424242435
2013-10-11,486.56636377841056,491.18875413352345,483.565861302559,489.7290649414063,784119,0.004240761827711825,0,0.018723969328625748,normal,-0.004696966577048101,-0.03975187302167826,-0.023742329276040808,-0.00021263904538704193,18.960133581734652,-2.895552202058201,0.026636378585012076,0.503751803177035,200674879,-994611.9515151469
2013-10-14,490.62116342786686,494.1082130373081,482.5117227100509,483.6470642089844,1010949,-0.012419113276745386,0,0.018840362566307355,normal,-0.02405454159285414,-0.03961339828689414,-0.032561945960807415,-0.0022163406010452524,19.200356850941034,-2.97621710110308,0.02500118413609653,0.6443578635622901,199663930,-847681.3333333287
2013-10-15,484.1335300730549,490.4183455807034,480.2815463748187,488.75592041015625,1026466,0.010563190762932662,0,0.019043693153230408,normal,-0.011399713288056668,-0.039445545043767405,-0.020257942211250213,-0.0033815939718010446,25.000139722827214,-2.5230214354055915,0.02385691944991724,0.6531646205943932,200690396,-467627.169696959
2013-10-17,491.756343323097,500.5956011030515,488.35036944168473,490.6210021972656,2169271,0.003815977892491329,0,0.018757582985226416,normal,-0.00852187963502593,-0.02293330976866803,-0.014969555599820716,-0.0041745509307205,30.570714350357974,-1.9602292048425474,0.022355364807034567,1.3202206580566047,202859667,11922.896969702957
2013-10-18,494.554131752941,494.6757931398536,488.6747883098853,491.5130920410156,1538435,0.0018182871091019237,0,0.017969656495815448,normal,0.0078990963271095,-0.00582281784606542,-0.011938377184799398,-0.004749273320257652,33.71434838308731,-1.415872783223346,0.021430926247768548,0.9192018505268038,204398102,353011.7757575771
2013-10-21,491.43203630118535,495.0812840955011,490.6616296453894,493.8648681640625,598633,0.004784768017635166,0,0.01195900431397278,normal,0.008445084269505188,0.003708451413902969,-0.006528478539506444,-0.00496739446526151,40.769265951737374,-0.815226803890809,0.020120804441151694,0.37402371664485606,204996735,491291.2000000016
2013-10-22,490.621041597821,497.838461842901,490.621041597821,493.82427978515625,901297,-8.21851917855998e-05,0,0.008933942143208922,normal,0.02104264933938338,-0.0035180635372288327,-0.005984358633190023,-0.00514339901443317,34.21498610637505,-0.36160352177606647,0.019659136750037682,0.5822372474485853,204095438,589650.369696972
2013-10-23,491.6347372618597,522.166794764062,485.91759269065057,498.4466857910156,5484307,0.009360426765306906,0,0.009055637927666841,normal,0.01982741277635469,0.008201672667403681,0.0030029070491179866,-0.004756999769958359,45.940966718162855,0.2744946756018365,0.021876566742450462,3.0985684245698315,209579745,867222.5272727292
2013-10-24,498.7305163163646,503.9205772602064,492.242964884607,494.2703247070313,1471598,-0.00837875183653114,0,0.009129285412972407,normal,0.007438170183139414,-0.0011470966428920315,-0.004889138816059346,-0.004873525206177343,49.8549362477232,0.42947690709134445,0.021786015889987465,0.8303470712720146,208108147,1047912.3454545583
2013-10-25,490.6211389317147,492.8106977154225,480.0788665249176,481.66021728515625,1885723,-0.025512572354711827,0,0.010140413267080794,normal,-0.02004600674001411,-0.01230525575111785,-0.02747267312202284,-0.006379085663577144,40.04680893899741,-0.26442030600408994,0.02279532877967884,1.0580229317796177,206222424,956303.7272727326
2013-10-28,489.8102102364632,501.6905604653064,475.2942918234006,477.8487854003906,2756152,-0.007913113327582821,0,0.010151915717027709,normal,-0.03243009129847907,-0.024258881882857186,-0.03192595325163705,-0.008099700983058455,33.101545446607915,-0.8918898860842708,0.025886424560560475,1.5169550556949383,203466272,689886.7030302958
2013-10-29,478.1326532334186,492.243101306545,478.1326532334186,490.33740234375,1111250,0.026135081483769307,0,0.01182397988606691,normal,-0.0070609680085459425,0.013833099857036846,-0.005998066737454288,-0.008154914208387876,46.81956636021614,-0.40256708668955454,0.02631393750549323,0.6133597226581898,204577522,382851.6484848396
2013-10-30,491.1886981849829,498.5682673966209,488.39093201271686,497.6357116699219,776963,0.014884259881638329,0,0.01209690323400223,normal,-0.0016270027351205085,0.018168150786416648,0.007952452225109097,-0.007346143862338783,51.9816235578829,0.4307726557819853,0.026672970834346884,0.4339782620716774,205354485,127068.76969698387
2013-10-31,499.2724093745995,503.0364687074838,494.3217868483565,499.0268859863281,1568688,0.002795567688938405,0,0.011778245962772818,normal,0.009623400478505628,0.017133151152144865,0.009734528213493077,-0.006458269666120953,58.769037917376735,1.0580891329317121,0.025913342984806235,0.8810736138507381,206923173,44934.34545454997
2013-11-01,495.26271626682575,503.24092607038057,495.26271626682575,498.24945068359375,636680,-0.0015579026392491535,0,0.011233225261152918,normal,0.03444177617977573,0.013705349362323815,0.007378443079806063,-0.005750360221449702,56.70725027626959,1.3825820535986395,0.0260047143477696,0.39617965528984905,206286493,-18620.363636362516
2013-11-05,493.01242005746593,496.69467049772913,486.8753359903605,487.6527099609375,754610,-0.02126794261010745,0,0.012200960612668973,normal,0.020516792885289403,-0.012578659879611709,-0.012725693038439179,-0.006312125747810593,52.94398671474884,0.8704642642496312,0.026537227007592614,0.509510643658508,205531883,-106316.33939393336
2013-11-06,484.420582786653,487.0390824120829,479.5927225415252,481.2292785644531,895583,-0.013172143341516396,0,0.012385242727585828,normal,-0.018575217260117682,-0.025505026253838103,-0.023336902366352996,-0.007506345500448375,44.5730895584459,0.12516803790737008,0.026583185055216896,0.6089007463765009,204636300,-309435.4060605984
2013-11-07,483.5613810052039,490.1485087382333,479.42908720575497,482.74310302734375,703382,0.003145744721531729,0,0.012423701426394002,normal,-0.029926728113227274,-0.03150503997985443,-0.0183700640450013,-0.008347768673088396,44.29090523065899,-0.22095841280565898,0.026274058497675116,0.48645904117880184,205339682,-115123.6181818181
2013-11-08,484.3795870515835,485.85247720425934,477.0559902485612,478.8153076171875,1157678,-0.008136409169855696,0,0.012510436300313506,normal,-0.04050198283243278,-0.03126834915489707,-0.023906826431680406,-0.009497505927678507,41.18576659793186,-0.6455163196283147,0.026906612253267407,0.8120604740869258,204182004,-30669.73333333001
2013-11-11,480.4927236932554,480.4927236932554,468.6276958514376,470.5506286621094,1231490,-0.017260682404259597,0,0.012674567059660996,normal,-0.0555922780917909,-0.023065198711376467,-0.03701712422557368,-0.011408865678422031,35.04402644758309,-1.3722760304655823,0.02850938749407036,0.8653185856272192,202950514,-91513.28484848262
2013-11-12,471.3281047843295,474.1102698247818,468.87327090524445,470.0597839355469,1193468,-0.001043128404605631,0,0.01259888963834937,normal,-0.03607675229939744,-0.0163001386690087,-0.03452555130521695,-0.013092377598260208,34.84274873704982,-1.7511163984557339,0.028238219893783428,0.8267125574285371,201757046,-361539.04242424405
2013-11-13,472.1055292976402,483.47956418692553,468.3414203144677,476.8515319824219,1279188,0.014448689887936128,0,0.012856112698609657,normal,-0.00909700796902968,-0.027503246329705577,-0.018652670548549244,-0.013734549161435239,36.59726683717999,-1.4232790187503248,0.024673756975138482,0.8779342217124531,203036234,-466989.684848488
2013-11-14,479.5108844012549,483.1522313107941,473.4556075217703,474.8057861328125,697871,-0.004290110678903725,0,0.01260207010799239,normal,-0.016442113506656697,-0.04587678295936348,-0.02073049225837964,-0.01447977756305574,37.5914376962992,-1.2304397682751897,0.024482051331509738,0.48442630356021615,202338363,-540026.2060606091
2013-11-18,477.0560415032908,490.1484886114429,475.4194856147718,488.2255554199219,1229930,0.028263702084194042,0,0.01421428585214669,normal,0.01965318913792502,-0.021644786823574402,0.006281486637716993,-0.013532425598644093,54.14261105058295,-0.14254621512847,0.023977547332601483,0.8825266496958374,203568293,-404837.3818181811
2013-11-19,486.8753558022405,488.51191162006313,482.7839662576839,484.6250915527344,416740,-0.007374591164304722,0,0.014295725308264923,normal,0.02991062392296051,-0.02734445389185458,-0.0010310228609011762,-0.013072225336910215,54.28714193369513,0.36345423125392706,0.021109395152465328,0.3115669705068899,203151553,-294159.9515151486
2013-11-20,483.6022845831598,486.8753964923521,474.6830346531211,475.8286437988281,688203,-0.0181510365584302,0,0.014752939417102763,normal,0.01227260884771253,-0.024246899321151205,-0.017369966369256695,-0.013636235930092666,40.37094182377773,0.1457860333369032,0.021169091554928143,0.5128036231109496,202463350,-233328.92727272972
2013-11-21,474.5192649666639,477.4650447511414,468.463989922928,469.8550720214844,1006746,-0.012554039894809854,0,0.014940883422137853,normal,-0.014672197721271929,-0.02363573259070806,-0.026953059492917708,-0.01476785289232252,31.2327648766328,-0.3342360502094275,0.021259406740821028,0.7472253096441991,201456604,-249922.5151515056
2013-11-22,469.97792551884,474.6012159621676,465.4364928376018,467.7276611328125,696111,-0.004527802327468744,0,0.014687141659157472,normal,-0.014907411001979898,-0.03110441516485163,-0.028457258213766212,-0.015948132909082258,29.064038001065555,-0.7073181216610465,0.02142483056432104,0.628314201238069,200760493,-219051.89090908665
2013-11-25,472.0646052735436,477.71069359218,467.2367450234812,475.4195251464844,560878,0.016445176654813487,0,0.015253205261555948,normal,-0.026229741829927433,-0.007092050769224922,-0.011304925246727326,-0.016028472891980283,36.022095855083954,-0.36555938090368656,0.02145316379575968,0.5279514126336979,201321371,-179261.13333332873
2013-11-26,473.251038503458,486.87538652401423,472.7191877953379,481.7202453613281,1913588,0.013252968970726142,0,0.014531646363690646,normal,-0.005994007000543755,0.02373733243323195,0.0016266822783037593,-0.015309340103284663,46.166089132831466,0.3183858107568911,0.021585086641140543,1.7988908117851214,203234959,-82517.84242424338
2013-11-27,481.1066389922348,482.7840991786001,475.7059733402678,477.66986083984375,1210047,-0.008408167521475551,0,0.014546439072571927,normal,0.00386949601502784,0.016189593673770597,-0.006151985620529543,-0.015096852240991998,47.62690517997351,0.5196443156077502,0.02162129351154812,1.226662511720001,202024912,-134789.46666666443
2013-11-28,478.6926471343127,484.82973235398345,476.15600522100647,482.5794677734375,1302121,0.01027824306302616,0,0.013441857276743588,normal,0.02708153324217233,0.01201198991057617,0.003674649073910796,-0.01428685095102844,49.89562887012121,0.9784352009540163,0.02109853384620775,1.3073526986618702,203327033,-34003.96969696108
2013-11-29,482.7840169270833,489.3711447964112,482.7840169270833,486.67083740234375,749207,0.008478126199159108,0,0.013123215354779427,normal,0.04050044041366263,0.02498927270067508,0.011010778558286916,-0.013054926753628404,55.000042733747776,1.5201437718639053,0.02062691608645407,0.7532667689144027,204076240,57597.79393940383
2013-12-02,489.2074892789668,489.2074892789668,475.0921935782495,476.3196105957031,1222387,-0.021269461843843707,0,0.01383762111953725,normal,0.0018932446010528903,-0.024386156545980975,-0.009503051641727267,-0.013135189949746051,53.57694563757119,1.160268804157072,0.02141262235783182,1.2507855864255577,202853853,143454.06060605543
2013-12-03,476.2377009416492,477.5878793496401,472.6782123296231,473.7828674316406,904361,-0.005325716404768532,0,0.013853556191285086,normal,-0.016477152467888945,-0.022372395301191172,-0.013389558966818926,-0.013451740143945456,52.2513092869876,0.7502215842010758,0.02147792120156767,0.9128694453084699,201949492,160858.75757575227
2013-12-04,472.96459875573646,473.70106880048985,467.0729882288594,468.054931640625,1511053,-0.012089790882617968,0,0.013338922665852425,normal,-0.02012881696641633,-0.016337209328427305,-0.02296164984014848,-0.014345105680965031,44.611462291433845,0.1248583563854404,0.020454548261705983,1.4691790464886005,200438439,64532.61818182065
2013-12-05,469.9779046198264,472.0645532763321,461.5087481028737,462.6134033203125,1685322,-0.01162583268002082,0,0.013274869197919703,normal,-0.04137363022352769,-0.01541255832360311,-0.031153741729458173,-0.01570736346903645,42.82961652662834,-0.5846849217967858,0.020827806151110233,1.578033771991282,198753117,-166292.1999999904
2013-12-06,462.8999131439029,467.5641081211311,457.0083010644426,457.9493408203125,1930183,-0.010081987392766112,0,0.013340275580398315,normal,-0.05901626802899307,-0.020906012462075463,-0.03716919815389985,-0.01738607936564951,30.150216266766222,-1.2588465260464483,0.02029329525629783,1.7091420513037567,196822934,-516037.5878787871
2013-12-09,466.418415596039,466.7866506497274,453.7760117108758,458.0310668945313,2328730,0.00017846094957230108,0,0.013286424355974439,normal,-0.0383955295863202,-0.036574977114361085,-0.03359217537873849,-0.01878049747221955,31.72096262315445,-1.5697566115875308,0.021425388567087582,1.9604064783582735,199151664,-653641.4848484803
2013-12-10,458.2356266924332,465.6001278357044,453.8578598791988,460.8541259765625,4237317,0.006163466380504801,0,0.012909799093511873,normal,-0.02728832624354771,-0.04331584479932826,-0.025069759761139343,-0.01959842752238672,38.786695728759085,-1.4581660009630424,0.02122438201075942,3.166495232621533,203388981,-406246.98787878617
2013-12-11,462.327168885229,466.213990216565,459.2995296489148,462.6954040527344,1073885,0.003995359859847447,0,0.012957199268962364,normal,-0.011450638003331015,-0.03134896717322955,-0.019196650046970354,-0.020024555306533354,44.28496817620211,-1.1469414182859925,0.020817802574672445,0.8061029276980355,204462866,-182813.67878787348
2013-12-12,462.32696492531096,464.8636061713093,458.7674764117788,460.48583984375,807089,-0.004775418535889697,0,0.012477697052693843,normal,-0.004599009586173541,-0.04578236208768849,-0.021655324276457666,-0.020585383487409348,44.22696283263691,-0.9828062160151383,0.020441706386916208,0.6167630472361268,203655777,53853.70303030691
2013-12-13,459.0129795791196,460.6904392180796,456.5990498822175,458.9311218261719,803775,-0.0033762558651220242,0,0.012469271303221334,normal,0.0021438637821833417,-0.05699892708639687,-0.022635273414652213,-0.02118497400795538,35.43013426156142,-0.8754372580486596,0.019517567711939555,0.6117550819663522,202852002,292641.1696969725
2013-12-16,460.0768130217824,461.5087995451939,451.9758407118496,455.9445190429688,1176141,-0.006507736436175526,0,0.010321693510848346,normal,-0.004555472330096233,-0.042776092143786526,-0.026306855970612553,-0.021986924673101038,25.806438676745685,-0.898660982467046,0.018921135059089336,0.8969998494502188,201675861,400622.2727272764
2013-12-17,456.1899206219591,458.0719497676199,453.612325308222,455.6580200195313,1130610,-0.0006283637843456091,0,0.010293918470173349,normal,-0.011274947242840727,-0.03825559904764697,-0.0244176038046493,-0.022642484528826445,27.76847633783545,-0.8281577000212073,0.018522557797009134,0.839424103434904,200545251,400921.69696969684
2013-12-18,454.3488159392704,459.0539139881688,452.09855165501466,456.6399841308594,1029818,0.0021550462587840435,0,0.009708406470470258,normal,-0.013087270521461303,-0.024388050927599436,-0.020232923629978083,-0.023016510614115915,21.544028191326532,-0.6197661512166963,0.01821393648755594,0.7550159976207661,201575069,373677.24848485255
2013-12-19,458.235533557457,460.6085589765777,451.5256461130523,454.1032409667969,870189,-0.005555236624516735,0,0.00943054760815786,normal,-0.013860575776051709,-0.018395840441361333,-0.02328739586639783,-0.023563661747799336,13.011250084051468,-0.5590162432865222,0.01867608641919972,0.6411929611419774,200704880,172835.8121212175
2013-12-20,453.32603902236,466.21391829059496,451.5258173263053,465.354736328125,1130685,0.0247773949760266,0,0.011091993801569625,normal,0.013996903231126234,0.016170774467209492,0.0008259740836118468,-0.022609755917319507,37.796173679594716,0.28721741582639826,0.01831245148692232,0.8200088289731303,201835565,-118668.49696968123
2013-12-23,463.9635517967845,467.277567178018,461.5496220941071,462.49066162109375,497585,-0.0061546052579806165,0,0.01043943317348626,normal,0.014357322666944894,0.00973644595070522,-0.0048281944800596666,-0.02203919722234904,37.522769530204116,0.6799387742800445,0.0185522328954247,0.36169464136070195,201337980,-342824.3030303091
2013-12-24,463.1452835515701,466.4183950961042,461.4269199681772,462.4088134765625,534468,-0.0001769725344169526,0,0.009868637080716062,normal,0.014815482577793304,0.00337349155051081,-0.0045298703023934905,-0.02147176843551102,42.87199236851796,0.9438257875484277,0.018290073786792975,0.40900597065855016,200803512,-340145.90909091046
2013-12-26,461.5088497731541,466.0093793365448,459.790485735534,461.1815185546875,2061908,-0.002654133931072278,0,0.009755130110894199,normal,0.009945546999070132,-0.003271883586451918,-0.006493370777957752,-0.021046416805218238,47.97704558976967,1.0378776286590163,0.017667039099164547,1.528084398488537,198741604,-347003.8727272722
2013-12-27,461.140604373698,468.7915344273978,459.87228333190245,465.3956604003906,741157,0.009137707553654728,0,0.009684439432985482,normal,0.024867515610661473,0.010662261750125968,0.002338235909863595,-0.02009388735837825,60.65555872891936,1.3654439704523034,0.017255887299932514,0.5609329040065663,199482761,-297892.3939393902
2013-12-30,467.4412737527207,472.06456409642897,465.3546749921094,469.1596374511719,758816,0.008087692625975418,0,0.009663070961179115,normal,0.008176345540327867,0.02228769228876626,0.009440701746937563,-0.01873974979329751,64.40656538720154,1.790360519876958,0.016158170697125135,0.5740890868669336,200241577,-210393.93939393293
2013-12-31,472.0236314065906,472.0236314065906,465.0682685969092,466.9503479003906,382527,-0.00470903584712401,0,0.00855127231764767,normal,0.009642759626032449,0.02413852650432813,0.004238916155524519,-0.017757036449763675,58.01934170751391,1.8687389521465683,0.015502375664745903,0.2989003704110457,199859050,-190528.47878787373
2014-01-01,466.9503370542597,470.0188793990208,465.8456318439119,468.3413696289063,251204,0.002978949977808787,0,0.008529639063983815,normal,0.012829677937452377,0.02783523838520674,0.006537373453494144,-0.016669770550403418,57.51608177512581,1.9513094999907228,0.015038258922223801,0.20142678778061282,200110254,-210313.03030302227
2014-01-02,467.236756055384,471.123576705582,457.090088485797,460.1995849609375,531660,-0.017384295293879304,0,0.00897727740844269,normal,-0.0021291694359898417,0.007795201808385777,-0.009927068218557267,-0.016637764216679507,49.670906753638974,1.4193702371933412,0.016536288177762756,0.44373281235387674,199578594,-185169.993939395
2014-01-03,458.2356367533186,464.2909133593329,456.6399848151655,462.3270263671875,1018173,0.004622866851195839,0,0.008676949655425217,normal,-0.006593602593034764,0.01810994650221387,-0.004843027907403874,-0.016294034171837057,53.853361913435535,1.182276250655474,0.017010136349996124,0.8741213053616256,200596767,-138303.15151513967
2014-01-06,463.9635821040373,464.61819445335874,458.3993022192233,461.099609375,603727,-0.0026548674902960867,0,0.008376264700647435,normal,-0.017179713327344248,-0.009143835059464589,-0.0067770081205065225,-0.0160824699004517,56.092768259693344,0.9256205575758352,0.016542036815715932,0.549605579817514,199993040,-47677.412121208894
2014-01-07,460.69051125282095,463.0635374161604,454.96256528697774,457.3764953613281,605461,-0.008074424566783756,0,0.008587137148558207,normal,-0.02050293480262011,-0.01105788004851771,-0.013406393990023302,-0.016286971438053244,51.8784597104067,0.5087790513514014,0.017245361438807068,0.5980985562966276,199387579,-915.5151515186144
2014-01-08,456.5991519153675,459.9950258004732,455.7808738653399,457.5401916503906,564149,0.000357902714115621,0,0.008463757546439606,normal,-0.023062617737728552,-0.010528825758245763,-0.011824819301508915,-0.016386350606834243,51.00193743682271,0.2602752441664662,0.0168112493148636,0.6808038145355101,199951728,64628.169696979516
2014-01-09,458.23572885434544,458.23572885434544,453.1623947247119,453.4488220214844,854783,-0.008942098865999726,0,0.008609171741104522,normal,-0.014669206926873124,-0.01676714313582406,-0.018730304294165667,-0.01690660884951445,49.29599012468894,-0.1418323605027001,0.01633133309157003,1.0453551670317676,199096945,-43588.55151515746
2014-01-10,454.4305923179334,455.7398668680707,448.7436011115619,449.88916015625,985783,-0.007850195418670047,0,0.008707524745723618,normal,-0.02690274524651981,-0.03331896182873739,-0.023976350288473336,-0.01772925655707902,30.063008283606578,-0.5848810925962509,0.01523932461381376,1.1925309595533533,198111162,-160471.95151514822
2014-01-13,450.0528870679626,451.68944302093706,444.7340802207958,446.5343017578125,1488598,-0.0074570776439074615,0,0.008810198880348844,normal,-0.03158820203064172,-0.04822523910257337,-0.028362427080299013,-0.01878959360953225,29.687356743375872,-1.0159624424462228,0.01555015957013679,1.729174403491529,196622564,-291338.43030302855
2014-01-14,446.0433668511577,449.15286354793096,439.5789999068362,440.5609436035156,925057,-0.013377154074798558,0,0.009149968009354897,normal,-0.03676522936432969,-0.056514369066289594,-0.03756909561533739,-0.02037374296879324,25.81510851785619,-1.5817358254770273,0.01650394393027136,1.0904603097494465,195697507,-454297.5393939408
2014-01-15,440.6428008519845,446.9435528399152,440.315469601805,446.1252746582031,2060042,0.01263010517721952,0,0.00969391780946428,normal,-0.024948446498247123,-0.04743568775123641,-0.023048945603256543,-0.02100678387475663,34.7933509843145,-1.462359322782448,0.01636361209957065,2.3022643873223814,197757549,-437700.8424242366
2014-01-16,445.9615469654548,452.2213941618196,445.3478384145849,451.7713012695313,1221864,0.012655697697589119,0,0.01014820169419597,normal,-0.0036994709667006465,-0.018314409588443215,-0.00967718189782285,-0.02079467123828682,36.62635588320767,-0.9112554265352184,0.01583566690914861,1.3510339213601892,198979413,-361383.3818181763
2014-01-17,452.5076509623548,460.69042946076985,452.098512037434,457.3355102539063,1475015,0.012316428619389752,0,0.010460472156519391,normal,0.016551521479357456,-0.010796505132963707,0.002279505745381716,-0.019855220055164824,38.78965687848838,-0.12158741522217564,0.015988049198017093,1.578175435900997,200454428,-129469.5575757506
2014-01-20,458.1538791510936,460.11771641475,448.6618242403789,454.2261047363281,1549558,-0.0067989592932591325,0,0.008847040923604357,normal,0.017225559040450644,-0.014906767429251566,-0.004104824516243277,-0.019344032326981453,38.13871187983619,0.22295956758593238,0.0168052186819225,1.6215944977732035,198904870,-20600.224242423166
2014-01-21,454.79887913431713,459.0539345052854,449.0709334274776,458.0719909667969,1927455,0.008466898292208924,0,0.009016168442988274,normal,0.03974716237906106,0.0015206194732837464,0.003913580172591136,-0.01835857698208787,40.8460420632619,0.713813891554822,0.017570057926099444,1.8766535200488963,200832325,166228.890909089
2014-01-22,459.8312687939632,464.6590783631903,452.42586390204633,463.5135192871094,1892894,0.01187919896352474,0,0.009428374278924512,normal,0.03897614776976743,0.013055306934178557,0.014309182064853765,-0.016769417305486423,53.10338205227717,1.3708426519726356,0.01708636340323138,1.7286836597049537,202725219,476404.63030303014
2014-01-23,463.9636328501105,466.4184668863545,458.358448444844,464.0454406738281,856175,0.0011475854847489142,0,0.009406918079809326,normal,0.0271689223503242,0.023368940744191935,0.013978951653140781,-0.015260415298599894,51.658804072641054,1.7811397240514095,0.017129747311515064,0.8274581477288838,203581394,742677.2181818262
2014-01-24,460.69042990735664,465.4773353560832,455.4534316858077,462.9815979003906,2366263,-0.0022925400837744414,0,0.009189743619518142,normal,0.012345613930896615,0.029101474104407332,0.010532734111668773,-0.014021106256949634,51.82245937596229,1.9093841849405715,0.017756143458481193,2.120382967062804,201215131,759805.0909090883
2014-01-27,461.0177824652645,478.6107570720931,454.226036034165,470.71435546875,3220246,0.01670208406430662,0,0.00978237633005242,normal,0.03629965464444873,0.05415049552912521,0.02473561695110371,-0.011951079282869204,61.98524108692728,2.411147357414354,0.019935428958109222,2.5990021078556746,204435377,815719.0121212105
2014-01-28,475.4195981557677,475.9514989229364,453.7352274997817,466.1730651855469,4204432,-0.009647656228119028,0,0.009973565720752055,normal,0.01768515512518465,0.058135252236705126,0.013416125676212198,-0.010659319550603952,57.19161052497773,2.3319250153986246,0.022887976735589528,2.939901244431482,200230945,485929.0484848507
2014-01-29,465.6002091547166,470.3462118427677,461.1405838058774,466.0911560058594,1073771,-0.00017570551755252684,0,0.00994828671552406,normal,0.005561082064476697,0.044753979390548926,0.011962213404260735,-0.009506675322327074,61.28558414443314,2.1719775298268473,0.023525273929689734,0.7298332247299296,199157174,179955.12727273325
2014-01-30,461.14052418815953,468.709595151049,457.9901740892024,466.7457580566406,1287033,0.0014044507009975948,0,0.009089585072928135,normal,0.0058190796549826285,0.033146100128603306,0.012093434302140382,-0.008389984788640503,65.87073139195768,2.011869849641971,0.024062054324118114,0.8528910359573816,200444207,8675.454545461977
2014-01-31,465.60024973989664,469.52797472259385,462.3271372636935,466.5003356933594,1059275,-0.0005258159480722169,0,0.009046804351237921,normal,0.007600167714928885,0.020039610382244,0.01044868235145957,-0.007417815988443599,69.96743545842142,1.7980319579067692,0.024112299240662213,0.701005681999231,199384932,-139803.59999999808
2014-02-03,465.6819055710852,469.896056486149,462.16332079641467,466.21380615234375,747170,-0.000614210792774128,0,0.009020960860270447,normal,-0.00956110486990458,0.026391484969747303,0.008883733515050674,-0.006579811068625263,78.94725604863558,1.555005303548407,0.02384503934465666,0.4921254137655218,198637762,-419377.66060606315
2014-02-04,464.86369872948336,469.036946378178,462.57253038276,466.6230163574219,1891501,0.0008777307743315088,0,0.008787480338562473,normal,0.0009652019935899592,0.018667426865758285,0.00883063984916821,-0.0057773747456622004,76.17543350979247,1.3472798706509435,0.023799074722202093,1.1952211148415106,200529263,-464044.26666666154
2014-02-05,466.4593304219901,467.4003700319187,459.5448718296658,466.4184265136719,2423902,-0.000438447818856158,0,0.008792526117921445,normal,0.0007021598749417102,0.006267146708105242,0.007583374348085314,-0.005083081310107707,71.72319276263192,1.1303278613899748,0.023959891258389317,1.446638558528728,198105361,-511057.29696969735
2014-02-06,466.418506280154,481.3111773466173,465.0274235533794,479.96099853515625,1720369,0.029035242288154794,0,0.010473093482419614,normal,0.028313573825585525,0.03429741242197659,0.03321381518582567,-0.0028269371371060226,77.13443511894033,1.7937013041591534,0.02437985482517622,1.0009011123124196,199825730,-351155.40606060525
2014-02-07,480.6565869014588,482.4977126685322,470.469014334906,472.6783752441406,927008,-0.015173364738472972,0,0.010984153112869684,normal,0.013243376431013365,0.020944196027929962,0.015839888820923242,-0.0017354203067950769,70.11598955082661,1.6409670319892227,0.024842038067914258,0.5402517912951327,198898722,-354045.2545454429
2014-02-10,471.0417165313616,474.396636110671,460.4041033024893,461.5087585449219,1255220,-0.023630479590799114,0,0.012277395218546594,normal,-0.010092038342348952,-0.019556652175311218,-0.007393034788231612,-0.0021248116534892114,53.23074822219341,0.7329199032721383,0.026063837560131812,0.7365396040693282,197643502,-182640.8969696984
2014-02-11,462.3270774605512,465.8865668405003,459.7085778295515,460.240478515625,1580976,-0.002748116922624777,0,0.011810570081320812,normal,-0.013678146208090158,-0.012726146388489012,-0.009165780554830305,-0.002608524967027015,46.66119595624013,0.02926834210965512,0.025195900302180576,0.9101717380822183,196062526,-295441.3030303075
2014-02-12,462.2042752918231,466.7048039702,461.01781223159225,465.9683837890625,1646508,0.01244546175493122,0,0.011802101049190656,normal,-0.0009648905339638691,-0.0002634081664388832,0.002863259039528332,-0.0023292973142688966,51.77356786878564,-0.0629719663606163,0.024641575567517487,0.9593180339406994,197709034,-339490.6242424301
2014-02-13,468.0549503701211,468.0549503701211,454.5942691688101,455.9853515625,486480,-0.02142426948666476,0,0.012649593709618327,normal,-0.049953323386337734,-0.023054106670284513,-0.016878731587923523,-0.003281481944438891,44.458887538038006,-0.7696479590438989,0.025719421052420338,0.2896468488178663,197222554,-306719.8060606089
2014-02-14,455.7808127584121,461.0587154622225,452.75317439048257,458.4402160644531,749383,0.00538364772802713,0,0.012402481717251015,normal,-0.03012229863981708,-0.017277843148658212,-0.010494108361189136,-0.0038019504621575884,39.391858138564515,-1.028883516329749,0.02307643619633225,0.4560285324308056,197971937,-264641.545454539
2014-02-17,456.5990906987324,463.1453142212949,456.5990906987324,458.4402160644531,380480,0.0,0,0.012293428510927944,normal,-0.006648936609878198,-0.016673873629024283,-0.00950416830508316,-0.004240895346055096,42.747438319308486,-1.1484012046389522,0.020634920167556914,0.24007666956466953,197971937,-255247.40606059862
2014-02-18,458.2357176106047,463.1453860135754,458.1948136959925,460.0768432617188,237065,0.0035699904587680464,0,0.012175304202508012,normal,-0.0003555429423199863,-0.014028825982061788,-0.005402787329800707,-0.004409276448369415,44.51907700608234,-1.0670179618307383,0.01990090317042971,0.15801093582445813,198209002,-98751.77575757541
2014-02-19,460.2812288713434,460.56760610293503,455.9034629386732,457.1717834472656,456096,-0.006314292616550143,0,0.011941157778828359,normal,-0.018878105570739656,-0.019824780799339248,-0.010582076105283389,-0.004891062306627836,41.61888193341699,-1.1513880566717452,0.019081284485894325,0.31929039485073396,197752906,-100603.19999999553
2014-02-20,456.68089798995953,457.3355602964403,452.5895082930643,453.3668823242188,651988,-0.008322694577421852,0,0.01205456640359079,normal,-0.005742441570345647,-0.05540891091589284,-0.017055196744169,-0.005753585253678972,39.177356687497706,-1.3900278364270404,0.018854670188538765,0.45971033626244245,197100918,-19054.157575752473
2014-02-21,456.1080820147493,456.1080820147493,451.566600107307,454.4305725097656,669715,0.0023462017783340006,0,0.012074910078476695,normal,-0.008746273590717779,-0.038605114365449666,-0.0133631130213816,-0.006354563550240999,40.41280414919668,-1.3989806963875047,0.018308927359228823,0.5022494978929917,197770633,70252.28484848156
2014-02-24,454.34875518644816,456.3535458149151,452.6712956603198,454.0623779296875,540669,-0.0008102328548112991,0,0.011347198222381344,normal,-0.009549419927308733,-0.016134863049429127,-0.01283101396026054,-0.0068992683062018,39.77345855361923,-1.3516919016891569,0.017886111259507047,0.4507633298054724,197229964,60060.16363637312
2014-02-25,454.55342629089984,455.6990354615624,452.507731303092,453.6942443847656,541460,-0.0008107554442198239,0,0.011194016461289681,normal,-0.01387289747448206,-0.014223508006015462,-0.012349173210729814,-0.007393027079112269,39.667820782611535,-1.2685462098074871,0.01716630437654106,0.5327739466002994,196688504,-80051.95757575634
2014-02-26,453.3258364154392,457.8263636722711,452.6712242577321,453.9395446777344,1012749,0.0005406731427712863,0,0.011198935899387075,normal,-0.0070700749402310414,-0.025814710889855985,-0.01070196442653415,-0.007765948768588271,23.050529683984834,-1.1252455561414574,0.015405911531476215,0.9995032333258344,197701253,-62743.63636363381
2014-02-28,453.3259680725848,454.9625239140021,443.79301031884086,449.4391479492188,1797780,-0.009914088299380341,0,0.011342247792490141,normal,-0.008663478803004221,-0.014356170852527828,-0.01859294182448412,-0.008610990084817027,24.4601435592526,-1.2520476297438958,0.015423627779450168,1.7306486577600837,195903473,-175833.72727273297
2014-03-03,450.0528355222804,450.8302094996535,443.5066124601381,444.4885559082031,608894,-0.011015044113547146,0,0.011520059778528184,normal,-0.02187796597102598,-0.030432888885752796,-0.026677585968551742,-0.009921048362659612,28.333105418063937,-1.5673744291041518,0.014523725047063939,0.5991455130579635,195294579,-256188.49090908276
2014-03-04,445.14312979996,454.9624635455474,445.14312979996,454.0623779296875,734703,0.021538961789292044,0,0.012700379018005636,normal,0.0,-0.009549419927308733,-0.005171928516619406,-0.00985490144798351,43.50801444858336,-1.0538483852027891,0.014893286102820992,0.7233839936363735,196029282,-264015.72121211805
2014-03-05,454.63521360655113,457.41737864197006,449.8483075284848,451.0348205566406,621406,-0.006667712455832864,0,0.012746048535618476,normal,-0.005861709424441419,-0.01965328800505295,-0.010692877473292839,-0.010131830326977398,33.36359105432179,-0.8495219806735279,0.015168210957191076,0.6526396703938921,195407876,-266386.15757576143
2014-03-06,452.1803280913265,453.7759799163605,447.9253231495254,449.27545166015625,1020063,-0.0039007385157382446,0,0.012752660022012727,normal,-0.010274700832440864,-0.01727213286779805,-0.01318428211405176,-0.010551629528886108,40.84810019097156,-0.7668379893797228,0.014017721444782265,1.1565987936285773,194387813,-320849.7515151508
2014-03-07,450.4619652798247,453.69417283960416,447.76165831048746,450.3801574707031,1001114,0.0024588608312889892,0,0.010568892172969744,normal,0.0020937417796782487,-0.006587876110853097,-0.009743265968575554,-0.01074309077526936,38.58618615296322,-0.5802052018540045,0.013606985422859782,1.1833668769592849,195388927,-323383.9878787826
2014-03-10,451.6894633846578,458.072021900261,449.0300598411793,455.9445190429688,1663986,0.01235481066376165,0,0.0107084728102016,normal,0.025773359026889375,0.003331524384114104,0.0022533797234254305,-0.010187038423231654,46.9469886516785,-0.052275704628827135,0.013831909393295315,1.884817323248041,197052913,-169756.27878787502
2014-03-11,457.253773711844,462.24529988526433,452.2213935675617,458.5220947265625,1920661,0.005653266079399311,0,0.009491541041362557,normal,0.00982181526954351,0.00982181526954351,0.007159757554852542,-0.009349264306976135,48.14086048972733,0.4714064707798449,0.014544477468981106,2.096542463078621,198973574,61289.793939394986
2014-03-12,461.5087583406543,462.817983067678,456.5990906987324,458.4402160644531,971639,-0.00017857081054772905,0,0.009473774056110464,normal,0.016418678049453517,0.010460727105152667,0.006310959826217211,-0.008596071783029458,51.62659278043894,0.7941796281043749,0.014789317238799051,1.0971013737549358,198001935,182105.37575758225
2014-03-13,459.0538429826133,464.1271753002191,457.621856841402,459.7493591308594,1055369,0.002855646211941787,0,0.009035082880475687,normal,0.023312886185969273,0.012798652422426837,0.008302638901382275,-0.007748694159943947,58.744383744237346,1.0610682638989726,0.01502053138938594,1.2327852958526315,199057304,412082.7636363623
2014-03-14,459.7494511228369,459.87221279413234,451.32119813688473,453.0396118164063,1243425,-0.014594359255089784,0,0.008307667709844035,normal,0.005904910111134587,0.008011015247817888,-0.005805686257231657,-0.007805625314625364,48.349626213638004,0.7647735812388974,0.015875156805061862,1.390961115901121,197813879,437947.9878787854
2014-03-18,453.3259886614338,458.2356564086696,450.5438236271777,455.0034484863281,1464949,0.00433480123746377,0,0.008273197830897843,normal,-0.002064002345320448,0.02365616040809071,-0.0013537633046833975,-0.0075854440438329895,51.07584315723003,0.6828035552339307,0.016436081221873566,1.575704395308841,199278828,479970.15151515376
2014-03-19,456.6809184413389,459.95403034543375,453.8578993790365,459.5448913574219,1164209,0.009981117475487133,0,0.008590000642983632,normal,0.0022306376129361816,0.012074361793047217,0.007787087924413516,-0.006808810810746246,56.10590697787003,0.9024056346553602,0.016725158758676195,1.2015817986844834,200443037,586180.8969697064
2014-03-20,459.5449116952203,469.9370524393848,459.5040077833537,468.5050659179688,1434348,0.019497930950945763,0,0.009601991735088845,normal,0.021954552634842583,0.038733695415727354,0.024759121140390583,-0.005011168775571728,62.86147751923368,1.579451731935769,0.017209962245399474,1.3942478290514762,201877385,675701.6787878885
2014-03-21,472.71917692774014,475.1740107529383,466.5002346043382,467.80950927734375,2669144,-0.00148462992446452,0,0.009469456547262152,normal,0.017531618014045236,0.041253216815431815,0.020978188452575708,-0.0035168446103511775,67.38966650065453,1.8879169045642865,0.016854483244553922,2.342559468421277,199208241,473210.2969696944
2014-03-24,470.5097863774682,477.8742873816373,469.81427014900646,476.5241088867188,944114,0.018628521730644332,0,0.009949511568701242,normal,0.0518376240350249,0.05804863065646115,0.03605088869458317,-0.001144422153600444,78.30807540111655,2.545423683678832,0.016957140326268494,0.8181089779348248,200152355,330527.54545454134
2014-03-25,477.05609097394296,486.3844804833429,472.5555618138114,485.0343017578125,1319832,0.01785889257728357,0,0.01052175395616824,normal,0.06600137509152693,0.06380114575322327,0.049102910102398756,0.0019491066087484743,77.89251155949263,3.3683890918724826,0.01715369366299536,1.1123501159730464,201472187,313029.50909090886
2014-03-26,485.2388507272269,490.47584986939535,481.4338380754002,484.0523376464844,1208051,-0.002024525085688511,0,0.010550284101773565,normal,0.053329819893485064,0.05567941700856682,0.04231545952853821,0.004501023713921359,80.87217948995979,3.638475033419089,0.01740584482655562,0.9902911300220314,200264136,304114.8909090905
2014-03-27,484.4204823731218,493.4215386334332,482.824830592778,490.8030395507813,2475382,0.013946223123556312,0,0.010764770980122792,normal,0.047593879458107446,0.07059333442460947,0.051160358429447106,0.007505690772721785,85.51437773056828,4.033056344585308,0.017857150084978495,1.8801451536692226,202739518,349802.0000000007
2014-03-28,491.048512914592,494.23981647527967,483.0294000532396,490.8030395507813,949077,0.0,0,0.010774572907463352,normal,0.04915148114230772,0.06754480414856445,0.04606350283468652,0.010075656663312893,85.23540243167338,4.04497816133244,0.018625264709322954,0.7226067648626591,202739518,408421.7939394034
2014-03-31,490.96680677219615,498.2085471945956,486.8754167157612,495.50823974609375,1090563,0.009586738092777436,0,0.010325340515480678,normal,0.03983876262572883,0.09374153345976688,0.050480091013711315,0.012821042352409329,85.01089411696078,4.107487019804923,0.018778681508236517,0.8533046666652844,203830081,398998.945454549
2014-04-01,495.0581152566895,497.4720449809822,487.1617137713889,492.3987121582031,716986,-0.006275430635591439,0,0.009988744782197186,normal,0.015183277499552617,0.08218676978444628,0.03954279745300826,0.014775299558996258,79.69863378723937,3.690346574072465,0.018938819516554604,0.5586391471649814,203113095,375207.37575757573
2014-04-02,494.23989814745056,495.7946462813643,481.1474505144055,486.5480651855469,2765610,-0.011881929883635678,0,0.00990287179830415,normal,0.005155904320588656,0.058760687662878786,0.024537857844034283,0.015715578631108063,72.37788640957861,2.81109554656914,0.020403887552710567,1.9968355152403285,200347485,231702.3212121207
2014-04-03,483.07040397374016,500.7861428951523,483.07040397374016,496.1219482421875,736770,0.019677157801438527,0,0.010225081824192189,normal,0.010837155157544354,0.05894681687188874,0.040269488039668344,0.017600532583095463,75.59017992140811,2.6662447673149288,0.021624151819533043,0.5297589541752789,201084255,225166.1272727295
2014-04-04,499.96769033909146,502.0133846530812,493.0123296715264,495.3034973144531,877772,-0.0016496970767655439,0,0.010135983055893244,normal,0.009169580057594828,0.058771759641186305,0.03475400212433177,0.019065690029488547,82.42280140450892,2.320003765522955,0.021724785158160637,0.6343887314570616,200206483,2422.224242428494
2014-04-07,495.3037313412689,498.3722742621141,487.7346588031843,494.89459228515625,1601644,-0.0008255645912333964,0,0.010204625077642167,normal,-0.001238420296001408,0.03855100519752419,0.03057249389450689,0.020210878062759008,81.35048910152383,1.886534303865595,0.022167902593102477,1.132963548132704,198604839,-256843.04848484087
2014-04-09,494.2398883149787,500.3769730208766,490.5985414007346,498.4130859375,774135,0.007109581933593567,0,0.010065975615165345,normal,0.012214438484080548,0.0275831711926382,0.034166640165549156,0.02153470334119567,81.04572837349066,1.6674525343727211,0.022539128501747822,0.5653988068805945,199378974,-367136.2060606133
2014-04-10,497.4312333887485,507.16871195943264,494.6081642023244,505.614013671875,1164071,0.014447710017144288,0,0.010307697701835285,normal,0.039186156210604395,0.04454410060330627,0.044224195056480564,0.023434704578193966,80.49763891383006,1.8254333239821285,0.022518681821004135,0.874350896023561,200543045,-469099.03636363085
2014-04-11,501.60434978130905,506.9231561003605,496.080973988448,498.6585693359375,713696,-0.013756431087472487,0,0.011081391397832263,normal,0.005112898356417261,0.016005462786754743,0.026939036851585385,0.02417650189841658,72.9877409266757,1.3038808812254175,0.023143384969244667,0.5413114045744445,199829349,-448345.98787878297
2014-04-15,498.3312485928962,502.9954426817708,486.1798415726757,500.9088439941406,938013,0.004512656147070304,0,0.01107644112185768,normal,0.01131699394427832,0.02059034608385657,0.028480641865248568,0.024984606608904558,70.10793331236235,0.968266485733448,0.024002069489703664,0.7146278133937605,200767362,-341153.8181818122
2014-04-16,499.1495357842031,506.6777027060861,495.87642407414273,497.1447448730469,1340297,-0.00751453915462863,0,0.010539082444661145,normal,0.004546731006901172,0.0033026799469402235,0.018738659997415752,0.025150824693606966,60.83446409898682,0.38075775813457113,0.023748795497948214,1.0173548464299689,199427065,-210459.63636364273
2014-04-17,496.8175857714276,502.3000092782203,492.2351982848944,498.6996154785156,1052882,0.0031276014108643224,0,0.01054479035444037,normal,0.0005748836639725141,0.012796344029202267,0.01979545121706683,0.025376298065056035,62.97104848961801,0.004741119404030769,0.023821245486899508,0.8118891160582522,200479947,-16764.703030305045
2014-04-21,496.1627388361397,499.8859428920466,488.10272224346943,490.230224609375,1190995,-0.016982950470122216,0,0.011506899596907434,normal,-0.03042595467396103,0.007567925323932689,0.00223994773207159,0.024496581730414135,49.50772274693325,-0.8587407165433198,0.024405669549721114,0.9174421113551385,199288952,-40490.18787878418
2014-04-22,490.1484884167259,494.239878136398,485.6888636335388,488.0618896484375,871928,-0.004423095215447592,0,0.010965069096680885,normal,-0.021250371174031057,-0.016246123805462864,-0.00198460711566828,0.023389653148193856,47.72889782947942,-1.5784152382150385,0.024124890377410706,0.6865314786109281,198417024,-49826.67878787766
2014-04-23,488.0617977171811,490.2302038939333,485.23872935361567,487.284423828125,1408755,-0.0015929656398137038,0,0.010966961697909528,normal,-0.027199400308801525,-0.01619022181310592,-0.0032350925070923076,0.022250263977831697,42.712059861726075,-2.077868046838473,0.023233790384758975,1.1671263975382855,197008269,-162192.4121212116
2014-04-25,484.70701285036296,490.107678279865,472.6374108680706,475.3377685546875,973004,-0.024516801049342285,0,0.011759114245348317,normal,-0.04386444097669806,-0.039517149783686034,-0.025103254901665206,0.019797613596684416,36.92805123905182,-3.1211637066392424,0.02489364186524192,0.8051515252945421,196035265,-395641.1272727293
2014-04-28,475.3377173227449,484.4205832817879,464.3727719804301,475.4195251464844,2948014,0.00017199683510416008,0,0.010979944429314091,normal,-0.046681588694816534,-0.046133541513592946,-0.02261446421728941,0.01760051631503079,40.64654902648802,-3.675899339010111,0.025700766968112958,2.2854907880157276,198983279,-385533.72727272124
2014-04-29,475.41952567182346,476.31961150885786,458.7266342249608,460.240478515625,1464745,-0.03192768876327168,0,0.012987408766320869,normal,-0.06117482070316327,-0.08973947305522223,-0.04894527927817616,0.013862303659336606,22.438776486120048,-4.860865544161865,0.02652934348335956,1.1243770183538335,197518534,-372920.4727272643
2014-04-30,458.4811304060963,468.17775418578526,454.9625451713931,464.3727416992188,1680382,0.0089784870659817,0,0.012701924309577438,normal,-0.048537180328262375,-0.06875611840457696,-0.036699259394104566,0.011035378704477461,27.39241904522285,-5.135248602755017,0.026941479588256705,1.3305035416801683,199198916,-279569.01212121244
2014-05-02,466.2138569749234,471.0007629532105,459.2175905667646,459.9949645996094,665237,-0.009427291282409045,0,0.012771702205871503,normal,-0.056003142916263515,-0.08167929132233454,-0.041601907805166705,0.008020665260456417,25.890321604052588,-5.355898792232874,0.02737576540129278,0.5327116787536458,198533679,-152327.39393938764
2014-05-05,458.5220752355958,460.1586312995312,455.3717247900113,455.9036254882813,683052,-0.008894312821205008,0,0.012465966517202252,normal,-0.04088491248128179,-0.08295595962760727,-0.04556982327699277,0.004883556033905556,20.863833628819165,-5.500816432813175,0.026839393338116423,0.5560504181294781,197850627,-124621.34545454576
2014-05-06,457.41730684500936,459.70847477964026,452.34397431165263,453.0804443359375,550299,-0.006192495506742501,0,0.012465212311515646,normal,-0.04698814337434676,-0.09147625088662903,-0.04680674589646949,0.0017972206915006783,11.694535381964343,-5.497201205098242,0.026187469890046198,0.4510407047558653,197300328,-37631.13333333437
2014-05-07,452.507731487254,456.9673565512351,451.23941058304194,452.6304931640625,1299628,-0.0009930933402665376,0,0.012343624932418161,normal,-0.01653480236268301,-0.07669810949594691,-0.04340281044333261,-0.0009550490116387866,12.920298634275355,-5.236694742734885,0.025406436565363347,1.1332983857778478,196000700,-62388.551515155086
2014-05-08,451.6895241103239,457.3356631391962,450.8712459869356,451.93499755859375,885656,-0.0015365637445391434,0,0.011092161273391325,normal,-0.0267839668950276,-0.0740211289921997,-0.04077334264833299,-0.003435238954321851,9.533523800398001,-4.83256459605001,0.023809525014923755,0.7673264034867131,195115044,-153725.41212121642
2014-05-09,451.6894529426396,458.23567689833,450.25746645233227,455.2080383300781,1133925,0.007242282162624569,0,0.011390589225861097,normal,-0.010406475370220436,-0.06582682295907094,-0.0307037089135046,-0.0051966173818320804,15.06472085476888,-4.095321963973939,0.02319535028567975,0.9716431941618034,196248969,-237104.81818181928
2014-05-12,454.5942706860413,468.8732298202715,454.5942706860413,467.6458129882813,852578,0.027323275537556313,0,0.013387039915640962,normal,0.025755854622616647,-0.01618208372079155,-0.0038190501955929212,-0.005229905432685422,28.101352994471483,-2.5937323832097103,0.023222105665871958,0.7547846311755874,197101547,-329643.26666666276
2014-05-13,469.691548426897,474.5194083620843,465.6001586322376,472.6373291015625,1328341,0.010673710690116467,0,0.01354784512884344,normal,0.04316426588282529,-0.005852086205472173,0.00616095637380254,-0.004644794559923837,36.95384542966831,-1.1610719337114332,0.02254403212783251,1.1478180335545167,198429888,-166117.11515151284
2014-05-14,474.1921286050376,476.1560158968553,470.5098773906757,472.5555725097656,660415,-0.00017297954850981068,0,0.01296344612839945,normal,0.04402062973358056,0.026757954958371855,0.005413642334292756,-0.004128589647083958,38.1339533467319,-0.16783545058362392,0.02210884940784969,0.5833580147763596,197769473,-129555.49696968638
2014-05-15,472.5556319452167,482.9477744460056,472.5556319452167,481.9249267578125,1239775,0.019826989232791803,0,0.013691650043103867,normal,0.06635894401015174,0.0377976213555673,0.022878644467877685,-0.002550380985498313,46.375333943154544,1.1014418510111001,0.02247948929495555,1.0702514049491103,199009248,83613.99393939319
2014-05-16,490.8439408162293,497.512925168924,469.7732865019205,475.1739501953125,2603086,-0.014008357293152973,0,0.01388036695575762,normal,0.043861070508506295,0.03299815598832767,0.007729235108262289,-0.001972145215036969,49.88083377288089,1.4459263152164206,0.024342564960682926,2.0964737477889295,196406162,112746.84848484825
2014-05-19,486.0570852231116,486.0570852231116,451.3211774772613,454.7988586425781,2026178,-0.04287922674287914,0,0.01654414204630626,normal,-0.027471547887086722,-0.002423246458108208,-0.03221107996841477,-0.0038843349272840166,38.41907278266665,0.31995535150018295,0.027739960768467443,1.587983796307635,194379984,11612.187878789275
2014-05-20,454.9625144749663,466.377501220771,454.18514047767707,460.3631286621094,1281049,0.012234573402709836,0,0.01688151496093782,normal,-0.02596959589033132,0.01607371145061398,-0.018466364478542108,-0.004873405384954954,50.077222198951596,-0.0139831149875711,0.026566732673594405,0.9951038259074576,195661033,-14265.272727267808
2014-05-21,462.6544593379996,462.6544593379996,456.353707957184,459.3403930664063,923443,-0.0022215845102002696,0,0.016597638242930236,normal,-0.027965344632744138,0.014824233019386401,-0.01871735596460955,-0.005839165649457412,46.70244582932388,-0.2543207897819597,0.025550668998707733,0.7248520280429475,194737590,-157283.9757575763
2014-05-22,463.1452533647404,463.1452533647404,458.235586367941,460.6086120605469,963817,0.00276095682697175,0,0.01664554750030462,normal,-0.044231608521835164,0.019192172654937112,-0.014505613141942986,-0.006507304476326414,50.41918844050559,-0.2766093852798366,0.024414414702278314,0.753824813280504,195701407,-291464.1515151455
2014-05-23,461.5089218941313,466.704968679096,457.41753074258753,459.4632263183594,1759792,-0.002486678955184063,0,0.01664345604042423,normal,-0.03306310009312485,0.009347787450967093,-0.015366157548827641,-0.007202459049128529,52.533568847796424,-0.31446080409143295,0.02517493357079143,1.3577376429727845,193941615,-453145.4121212119
2014-05-26,459.9540098856403,462.20427421960864,454.9625344314175,458.1128845214844,1826156,-0.0029389551100643674,0,0.01584182391147294,normal,0.007286794625644966,-0.02038493278894349,-0.016549689767129894,-0.00794349913188841,53.65857771108102,-0.37244556194751244,0.025229998918004003,1.364046506875223,192115459,-629628.7212121199
2014-05-27,456.0672410287223,460.48596237776354,456.0672410287223,458.35845947265625,1168048,0.0005360577260959953,0,0.015844325344830937,normal,-0.00435453898160576,-0.030211049254296074,-0.014518705762067485,-0.008530453087059686,54.176635726975924,-0.33731329256555487,0.025012457607449343,0.9346028153272723,193283507,-593406.8242424187
2014-05-28,458.6446743868514,461.9177853548218,456.5989800318699,459.790283203125,1122941,0.0031238077990665136,0,0.014176141024262116,normal,0.0009794264634890304,-0.02701330816784908,-0.010361993724158247,-0.008838256700381963,55.666951406379354,-0.16918633507510794,0.02475659563942486,0.9109679571480225,194406448,-477580.890909093
2014-05-29,459.05393475199895,461.917907606958,454.1442670006407,455.3307800292969,2153741,-0.00969899394732976,0,0.014172031574489312,normal,-0.01145838764854934,-0.05518317325362232,-0.018093884469862598,-0.009610797290445894,50.08705785992645,-0.30209948647976503,0.02496697013994795,1.7142735248559953,192252707,-355816.1333333381
2014-05-30,454.5943296793232,503.2409664222158,452.7941081033768,493.7080078125,10941938,0.08428428181537351,0,0.023573062918262094,high_volatility,0.07453214867388014,0.03900478468899515,0.05814864625390759,-0.005633984279073023,63.51300118799648,2.117697422103058,0.028258912430722434,6.181212228339635,203194645,271140.0060606098
2014-06-02,500.7861224537879,500.7861224537879,481.43382829977526,491.7850646972656,1608573,-0.0038948995860011992,0,0.023457600562411873,high_volatility,0.07350192782932319,0.08132431590764955,0.04863157832703546,-0.0023988350413919335,60.25421399226187,3.4339443706193453,0.02988474004804518,0.8855494061706918,201586072,592992.6242424264
2014-06-03,493.3806961289972,495.4263909881906,482.8657945865101,485.6070556640625,909772,-0.012562416951409916,0,0.023646458451653994,high_volatility,0.05944822360812507,0.05483481501943066,0.03197328384948506,-0.0003226554985863439,56.561075837802036,3.710132723334233,0.03128199743081223,0.49593920245855605,200676300,863278.0606060601
2014-06-04,486.8344931664189,498.74042776164777,483.68409298380647,495.0172729492188,1968687,0.019378254857289834,0,0.023869966599083806,high_volatility,0.07661534189171038,0.07766980744855756,0.046789901438099024,0.002595350863538126,56.57891508398122,4.306302291394587,0.031360342076565635,1.053959896205117,202644987,1118592.4424242368
2014-06-05,495.87638622265695,521.9794700953629,495.8354823181477,515.5968627929688,3424990,0.04157347827711266,0,0.025182832155841887,high_volatility,0.13235670727068838,0.11938172516234613,0.0810110186437154,0.007538474164628939,67.8340156849313,5.774766021287201,0.030000918532553295,1.7169055156565323,206069977,1529131.6909090946
2014-06-06,521.2430524883258,528.5666501062234,507.4959929608947,523.656982421875,2497145,0.01563260021646551,0,0.025258524811106197,high_volatility,0.06066131019845433,0.13971467666279813,0.08776686144995938,0.012716399889323826,84.08279409841002,6.900862336204064,0.027675158804638594,1.2104298873025303,208567122,1832879.7454545447
2014-06-09,521.2430111756942,526.9709563534491,514.9831653968032,517.7244262695312,962350,-0.011329088222802097,0,0.02512615528032875,high_volatility,0.05274532195936743,0.13012413263668265,0.06777141997131952,0.016440530243505558,78.28905841050958,6.844629218476808,0.02796406212548026,0.4652378471991833,207604772,1785113.375757572
2014-06-10,516.3333345090724,526.8891389796926,513.0602230383334,523.9024047851562,1302795,0.011932947726922105,0,0.02514166097628845,high_volatility,0.07886077575360861,0.14299713239264444,0.07229084818724485,0.020302250801685018,80.29956867290005,6.807548486425307,0.028660689324906213,0.6302115064785464,208907567,1698529.1696969664
2014-06-11,529.905224593975,530.6504240303404,512.8074811174049,518.1893310546875,1343543,-0.010904843494298544,0,0.02538146960589254,high_volatility,0.04681060514800617,0.127012357557289,0.054511876896482736,0.022896091454890355,75.94091953359263,6.010040977213591,0.03075943198262724,0.6393588970200904,207564024,1424140.9878787864
2014-06-12,519.803975902333,523.364267069229,512.5177880533049,521.7083129882812,786932,0.006790919308260257,0,0.025144731025563808,high_volatility,0.011853156286108835,0.14577870829359152,0.05547353431984425,0.025446581083933273,77.45510649713704,5.353189483065954,0.0307654088696904,0.37856041095489745,208350956,889607.8666666669
2014-06-13,523.0743410976485,530.6089097302071,516.3263099930731,525.723876953125,992552,0.007696952233410048,0,0.024780244248036473,high_volatility,0.003947038998106667,0.06484778175359063,0.057194143112615725,0.028002661941952667,79.1368511147345,4.8384213983769015,0.031487038830192736,0.49671755707235943,209343508,943546.1878787917
2014-06-16,529.9052899763686,530.7332669919567,522.494885579714,525.5584106445312,1144913,-0.00031473995351460893,0,0.022103195764138644,normal,0.015131571889408058,0.06867501347983374,0.05116893149103352,0.030077258606482138,78.97972269059296,4.161842110256195,0.03201608165418645,0.5858853286159413,208198595,753264.8363636375
2014-06-17,523.4056210264296,525.2685690638057,518.6861425579366,521.9152221679688,742699,-0.0069320334386706595,0,0.022300805589234116,normal,-0.0037930396941056044,0.0747686140067616,0.03953769861853296,0.031337573383689366,76.28972302491628,3.1878843147158413,0.03245217210729926,0.38536896274044763,207455896,381669.36969697336
2014-06-18,522.0395692950495,523.7369122680892,511.11026130575857,512.3936157226562,804157,-0.01824358830876971,0,0.02291083303636803,high_volatility,-0.011184551639137452,0.03510249787833164,0.018577088094770655,0.03123293398032856,73.15551302160537,1.6961791740298242,0.033731736075001434,0.41855337833760103,206651739,15279.672727269402
2014-06-19,515.0015932053411,521.0458140152422,512.517662691489,518.1065063476562,848937,0.011149418044451576,0,0.02293058185106262,high_volatility,-0.006903870517213528,0.004867453112675779,0.027005819188429703,0.03166033921491951,63.47206504148336,0.9265217532650034,0.0275977876708225,0.4431857753641995,207500676,-125038.3939393904
2014-06-20,515.001790579703,521.584219071265,513.387225019778,516.9061279296875,1093696,-0.0023168564827157345,0,0.022927250637423027,high_volatility,-0.016772586161658665,-0.012891749215231063,0.022228888245051648,0.031770966557371105,63.982616831383474,0.2064761585959971,0.026120383321728485,0.5810644909829613,206406980,-175878.07878787932
2014-06-23,517.527024014242,518.3136122869946,505.7283515300732,511.4000244140625,796813,-0.010652037610151877,0,0.023151916276747172,high_volatility,-0.02693970059979689,-0.01221576872669361,0.010248992257743561,0.031127463457840232,64.4647991456502,-0.7199796424302303,0.026405059244972936,0.4352359245561859,205610167,-308153.41818181577
2014-06-24,511.0274941414353,516.6577285116633,507.9225799075912,510.2409057617188,634721,-0.0022665596343522942,0,0.023193658918344004,high_volatility,-0.0223682236317162,-0.026076419765700076,0.007195728867849693,0.030319782806736972,59.408150733191825,-1.44818762011813,0.025580141648821116,0.3518224306123611,204975446,-364019.87272727594
2014-06-25,510.0338327843618,519.0588023125232,507.011696515432,517.7340087890625,584342,0.014685422008957838,0,0.023272056816281608,high_volatility,0.010422442634993478,-0.0008786793520010328,0.019851271801880843,0.030336851824218414,51.575598583468704,-1.4584985503844656,0.023152180025132797,0.328805747221642,205559788,-429920.5878787813
2014-06-26,519.1415537074823,520.7975076268044,507.135887792397,512.2279663085938,1605621,-0.010634886615516925,0,0.023306624666796987,high_volatility,-0.011346199993709227,-0.01817173781530379,0.008140642700601441,0.02962095569029244,41.244287251979976,-1.8445558880156376,0.022367880669239722,0.9176241891168085,203954167,-506644.7272727302
2014-06-27,510.9447169592701,514.75344245328,506.7220533952636,510.36517333984375,805135,-0.003636648311442947,0,0.014374173088299316,normal,-0.012654047294895832,-0.029214392358007157,0.004046533020300114,0.028678945761389185,43.98717386100693,-2.2091782422705855,0.0218958002504227,0.6477777125638915,203149032,-507820.77575758146
2014-06-30,511.6898331669588,516.5749181315423,510.9446335839849,513.6355590820312,732790,0.0064079328156072535,0,0.014345526054292422,normal,0.004371401175684575,-0.022686063662986755,0.00947280769800396,0.02811475061186086,41.193107448989615,-2.208628820514381,0.0206968290873992,0.6111016366455834,203881822,-470269.43636363774
2014-07-01,515.0016569805645,525.2685912568372,510.4891725477905,520.6732788085938,650958,0.013701776682168099,0,0.014116321923678161,normal,0.02044597547760474,-0.0023795883059630762,0.021038220453715395,0.028296698957638755,52.08338239284123,-1.7337692401583844,0.019996809219661182,0.5487811046605734,204532780,-394400.0424242474
2014-07-02,524.7718064572476,524.7718064572476,518.35498478105,522.5776977539062,777572,0.0036576083751986843,0,0.013619627366973466,normal,0.009355554942532596,0.019875505312233033,0.022360710274459628,0.028553916147233016,50.74948539966241,-1.3101578179062958,0.019318467224696444,0.6901732556132628,205310352,-294296.38787878584
2014-07-03,522.5777573932336,523.033134682825,514.2565472607143,516.740478515625,607875,-0.011170050431486556,0,0.010455581990085705,normal,0.008809577968869942,-0.002636577258334216,0.009888596284229667,0.028020848989194214,42.49136310858709,-1.4319413073649532,0.018775601943079742,0.6166453619899748,204702477,-154494.51515151092
2014-07-04,516.740507899181,521.5428156936518,511.9796393898838,517.6099243164062,687234,0.0016825579510990618,0,0.009814937631374983,normal,0.014195229915773044,0.0013615555101611498,0.01047263550520805,0.02754622092271153,43.43365280668633,-1.4579162909814638,0.01892688157392219,0.7676175684358583,205389711,-16202.654545453517
2014-07-07,518.3137454172573,521.6256543336616,512.0211386903771,519.6384887695312,1083261,0.003919098838385038,0,0.009520122457881072,normal,0.011687138052179247,0.016109628396885567,0.0130403028345345,0.027251521389180855,48.06761032679982,-1.345183577079336,0.019228564655491852,1.2018508703774977,206472972,140385.83636364253
2014-07-08,519.1413807187079,524.5232291631602,515.0014972998983,519.43115234375,1082625,-0.00039900128697589743,0,0.009112732551848909,normal,-0.002385615923455875,0.01801158330947894,0.011418918542436707,0.026867640697466166,57.09493177843716,-1.2910452258766183,0.018809272988450927,1.215997011407599,205390347,185149.0787878815
2014-07-09,521.5839876681781,525.5168774108798,517.4854924607504,521.5011596679688,942571,0.003985142814169951,0,0.0088116547129702,normal,-0.00206005363520978,0.007276228362353976,0.0139576429089876,0.02665811120743289,53.69364367608463,-1.1281933968257158,0.01864958179413449,1.0830785657144184,206332918,315252.31515151117
2014-07-10,520.0109241939713,528.2493051255623,509.2472236193124,523.1572265625,1090386,0.003175576628795307,0,0.008709174674145254,normal,0.012417738330288364,0.02133671133317594,0.015516202783873556,0.02655455092247072,56.734889275258645,-0.9295843581893521,0.020065804238229616,1.2314582905346014,207423304,388418.4787878915
2014-07-11,519.1415139876399,535.5768351651539,517.4855601950159,531.4369506835938,1918406,0.015826454650157862,0,0.00925155056586415,normal,0.02671321726577891,0.04128764744242974,0.028494099921136495,0.027266768474005554,70.37020490272369,-0.2941497663920991,0.020493225413710306,2.0589596447747622,209341710,470499.1575757627
2014-07-14,533.21717433931,533.7139403123009,513.6769378542009,515.7882690429688,672948,-0.029445979660420507,0,0.011435474888145752,normal,-0.007409419836624465,0.004191123303037614,-0.0016206293770292257,0.026068422453702444,54.356236711484115,-0.944616439674852,0.022680105773880844,0.7410200670636441,208668762,489663.4848484828
2014-07-15,516.0366773789657,520.631939729832,510.36505500994167,512.4349975585938,649427,-0.006501255816843021,0,0.0114238663862279,normal,-0.013468877932308332,-0.01582236228609779,-0.007344513338537695,0.024562774717970637,45.549418834141406,-1.580145252209599,0.02258037391196506,0.7188111442086723,208019335,458778.20606060955
2014-07-16,516.4094067707321,519.8454819425726,511.2759378543622,514.4222412109375,878909,0.003878040457446552,0,0.01069950003499415,normal,-0.013574118342398855,-0.015606208565772661,-0.0031631551899796717,0.02337968622082265,51.95872356886397,-1.8285751622387547,0.021786099543269002,0.9688029145578921,208898244,485410.2787878806
2014-07-17,515.7881935261404,519.8866890782176,513.5112571678416,519.0172729492188,418199,0.008932412656701416,0,0.01059160065117171,normal,-0.007913402325498864,0.004406069445409111,0.005191402219814734,0.022765861909930685,57.36410107223007,-1.65076523708123,0.02136532265656426,0.47218139802949044,209316443,450838.60606060515
2014-07-18,517.8996415839138,517.8996415839138,514.1737448818712,515.4157104492188,352617,-0.0069391958374233065,0,0.010697963258959806,normal,-0.030147019724102164,-0.004239126346128996,-0.0016142046002421973,0.021753009881098295,51.50665457182826,-1.7344425986177834,0.021325280485587465,0.4155178905058268,208963826,386922.0181818276
2014-07-21,516.1608498139057,521.625477458716,513.3870967155212,519.596923828125,385658,0.008112312632577723,0,0.010544607418244954,normal,0.007384143870164284,-7.998818852827938e-05,0.005863771220618208,0.02124751325089269,49.042725856444164,-1.4769968999093361,0.02025448402756192,0.46573523564488317,209349484,372936.11515151005
2014-07-22,518.4378130187994,527.3799544125588,518.4378130187994,524.606201171875,636191,0.009640698614695742,0,0.010694551694143876,normal,0.02375170250132963,0.009962915787346205,0.014058166417476592,0.021273581380871986,51.70966331438566,-0.9630261221980039,0.02040492001497675,0.7682202053104185,209985675,286609.7272727255
2014-07-23,527.3385786968605,527.7525672024991,522.5362716028865,525.0202026367188,494833,0.0007891661667722705,0,0.010230323300048496,normal,0.020601678109472665,0.006747910150363801,0.013424341916843385,0.021259050031278814,57.68043110740204,-0.6062784320050829,0.019904455034378873,0.6007727938491184,210480508,234411.3515151472
2014-07-24,525.7655392805693,533.838317245901,522.536407880149,532.3065795898438,731990,0.013878279191032794,0,0.01026303227170999,normal,0.025604748306566005,0.0174887253062741,0.02480599282338325,0.02195562120322503,62.1825721270602,0.0731843491552242,0.019865311908006233,0.9384736837550486,211212498,244558.28484848418
2014-07-25,532.3064620232964,552.260688577713,529.9053083804143,549.5697631835938,1747468,0.03243090402348914,0,0.012209386315750996,normal,0.06626505952759465,0.034120345746895264,0.05222494093956764,0.024340051085286474,69.80813662288142,1.5558298257859953,0.02089855200052517,2.112775556014726,212959966,431985.76363635686
2014-07-28,549.7353475303397,572.7117096261206,541.7867378892944,568.6546020507812,3856792,0.03472687208377567,0,0.014035901652801127,normal,0.09441487424756922,0.10249619113266095,0.07963832176265129,0.028351277059861513,76.06332680304224,3.576879662809395,0.02288562349620837,3.9223102707628223,216816758,741062.8666666701
2014-07-30,571.2214663762105,580.6603757362508,556.2764381186444,575.1543579101562,3684780,0.011430059364567535,0,0.013972477888555586,normal,0.09635447813115028,0.12239476353172174,0.08249612480438562,0.03238230045649004,77.13588594614151,5.018141121428145,0.024657823422741216,3.246539101633842,220501538,1109069.2484848506
2014-07-31,571.345667241772,577.5554963557737,563.0245063361535,568.4891357421875,2494692,-0.011588579789583942,0,0.014461534207625068,normal,0.08279478177632438,0.10510217132909694,0.06287063406479487,0.03501453423930401,71.82159318743257,5.1688536490003685,0.024385146608745613,2.043417372797536,218006846,1248296.0242424258
2014-08-01,561.3683766337829,581.2398235942708,561.3683766337829,574.243408203125,1905650,0.010122044730767055,0,0.014038884990829694,normal,0.07878322421938622,0.10640519715286945,0.06615288362466942,0.037746088470468786,71.11939817600256,5.2835767789395955,0.02436222316682058,1.4821519743794165,219912496,1408939.981818182
2014-08-04,577.1000907610581,584.4691078301129,573.9951763559592,579.2942504882812,1290311,0.008795646955636727,0,0.014030308834487998,normal,0.05408683172905482,0.12393595838083438,0.06784895504793398,0.04047264941043638,84.99102761396409,5.312794864916286,0.022970657058396023,0.980564649346064,221202807,1488019.7333333357
2014-08-05,578.7559637978425,587.5325004022385,577.7623812206614,583.599609375,863275,0.0074320759839923145,0,0.014028323117012232,normal,0.02628134419438699,0.12317756824912651,0.06807629236844259,0.04310130582640603,88.80372048938253,5.227204442429651,0.022740396151640613,0.6615709995904625,222066082,1491546.4606060649
2014-08-06,582.1092772434689,606.0792238683555,582.1092772434689,586.0835571289062,2052184,0.0042562532839363065,0,0.013956498070881942,normal,0.01900220187579138,0.11718762725202647,0.06525455926322676,0.04544308407096076,88.86404095010927,4.94598900280017,0.024520932022307255,1.5163573652579219,224118266,1495282.6484848463
2014-08-07,585.3798216968304,586.3734043443352,579.0043877890292,581.1985473632812,634909,-0.008335005659526717,0,0.014323985597969347,normal,0.022356472308834974,0.10700225333125779,0.05073414910722107,0.04677137335537718,83.61700077609828,4.075358807267644,0.0248491422785739,0.4745275765262032,223483357,1326072.1696969664
2014-08-08,578.797258194648,582.4817656109119,576.2305499463927,581.2811889648438,747151,0.0001421916863650896,0,0.01436623397310382,normal,0.012255744970135263,0.09200451629347928,0.045815477707144,0.047733891630701075,87.01724320089352,3.1886700729268185,0.025018587880871374,0.565672296630993,224230508,1088804.4242424297
2014-08-11,581.3226711426679,584.5518018772366,574.8644602092397,577.8865966796875,872217,-0.005839845413200817,0,0.014353862502202322,normal,-0.0024299461066759065,0.051525457536196306,0.035791003756203255,0.04802445232769004,83.05178130169651,2.109221278908631,0.025344646860960142,0.6875917143896495,223358291,762665.012121213
2014-08-12,581.9851167776629,581.9851167776629,573.3741348273434,580.3291625976562,811743,0.0042267218724274525,0,0.011963617768829116,normal,-0.005603922149375995,0.020530143438164616,0.03620487870670264,0.048328772968161404,82.54366472110115,1.3332471612658843,0.025197212918122346,0.6364366516032226,224170034,611881.6545454501
2014-08-13,580.3705454730103,597.5510699167535,579.5839571383234,595.067138671875,1673439,0.025395890856577008,0,0.01233265043654087,normal,0.015328158303872685,0.03462162893813847,0.05623110035507062,0.04988258251065236,85.04569242824276,1.569788548860057,0.02610369337965389,1.2614016473367815,225843473,708898.1696969734
2014-08-14,597.7992971326075,601.0698158597938,587.3253695655204,591.630859375,845235,-0.005774607726691805,0,0.0126692007435472,normal,0.01794965259126502,0.040707415811209735,0.04514179734476209,0.050671292615557695,80.87025124485399,1.2651387640007634,0.026550199001212173,0.6379292400329759,224998238,528747.4303030316
2014-08-18,596.9714342327234,610.05346110322,592.9143266013249,600.1177368164062,959536,0.014344886354257902,0,0.012768010782956177,normal,0.032405225232055024,0.04505812037833401,0.05409734808624278,0.051991620079355094,78.94735370397557,1.395275583209692,0.02570662947859624,0.7096983651034399,225957774,443234.20606061054
2014-08-19,595.3982132481854,605.2511593117274,592.0863053996944,595.7708129882812,735686,-0.007243451678640933,0,0.012786115992826228,normal,0.030947622615491666,0.028442475453730243,0.0418518954023841,0.05248337218186383,68.6822133110854,0.96890290531746,0.02376488433233048,0.5365322162476744,225222088,330337.29090909474
2014-08-20,595.7293680844041,596.9713334105008,587.4495992437592,589.3953247070312,765917,-0.010701243065721289,0,0.013403988194290662,normal,0.015622447903174796,0.009930978771966803,0.027697720062046516,0.052062390458926355,59.82840601589906,0.08440544633339897,0.022220804864678805,0.5509401723111844,224456171,184496.1939393929
2014-08-21,587.6981261273525,594.984314384346,587.0771433122272,588.1535034179688,553719,-0.002106941193807055,0,0.01351176515538372,normal,-0.011618244067949646,0.0035318279516365347,0.02304472530197632,0.05136660240844293,64.6695157499424,-0.7134426745511,0.021463288920811605,0.39948665165522806,223902452,116293.73333334585
2014-08-22,589.4783463973271,590.1821067657318,580.7017582211668,583.0615234375,455143,-0.00865756975156562,0,0.013857544405735833,normal,-0.014484261261410003,0.0032054038721716083,0.012819118773679028,0.050057762516914295,56.64391876977411,-1.659238204955848,0.020377759088227615,0.3288387255513425,223447309,-16446.048484851068
2014-08-25,586.3733885430737,597.3440850472759,583.0614801644465,593.4111938476562,641018,0.017750563180946477,0,0.014009239856772228,normal,-0.01117537869206775,0.020867705876417286,0.027782670647626073,0.049745674110254434,59.84979081778662,-1.6589523479562622,0.020480798955006187,0.4646595893242202,224088327,-63974.20000000487
2014-08-26,595.2740279684939,605.1269231809072,594.1976680593331,602.22900390625,1238950,0.014859527676617246,0,0.012726318573364941,normal,0.010840059259660029,0.04212315593824911,0.03879547604069877,0.05014021523122025,62.228251289233896,-1.159674652029267,0.02041168298571125,0.9149502441571995,225327277,-100347.65454546036
2014-08-27,601.9392439165426,612.3303445537662,598.9585471045519,608.4388427734375,1153834,0.010311424436399541,0,0.010700288365686036,normal,0.0323102631936758,0.04843747650033192,0.04458178995697315,0.0508827048324747,63.9896323581649,-0.5376029960079123,0.018959172304890644,0.9465651497664688,226481111,-43535.00606060096
2014-08-28,609.3910448286342,616.7600600143487,607.776479643483,614.7315063476562,1937220,0.010342310733376214,0,0.010660233818166193,normal,0.04518888823280531,0.033045628632207835,0.04984746605646184,0.05192586244394404,70.6211678086922,0.13533449643579587,0.01895270166511775,1.7119429454862,228418331,202493.73333333156
2014-09-01,615.9320991339564,618.7058018184256,609.3910607405302,613.0341796875,515912,-0.00276108616953874,0,0.010179475377772798,normal,0.0514056493957844,0.03617681527821337,0.04228835322131741,0.052447932847312195,69.1463435279639,0.2946662490071432,0.019362127726416194,0.49959887278628934,227902419,332822.41818181804
2014-09-02,612.7030360220706,612.8272527977106,604.4232652650156,606.6588134765625,598031,-0.01039969127689977,0,0.010539567905363237,normal,0.022324519264641962,0.01089965561567352,0.028368776861955602,0.052070713471445096,66.74700233333428,-0.17548571909365762,0.01943886442495408,0.6182659160328822,227304388,459298.10303031007
2014-09-03,607.3210490084493,611.7921444301531,604.6301241150923,606.741455078125,814185,0.00013622418355541122,0,0.010457933100844375,normal,0.007492915722434157,0.018414198632553003,0.02572389179404544,0.05154314793943526,65.8076672148502,-0.6030048061674158,0.019265637892185793,0.8629730063175621,228118573,564815.5515151522
2014-09-04,606.9072547957438,615.0628095606367,604.8373119076273,610.3019409179688,1005897,0.0058682092842745615,0,0.010423874819557158,normal,0.003062095996433589,0.03547129631767865,0.02863334339877377,0.051221249218704745,60.5263357655122,-0.7580689080261536,0.0182471788341425,1.0581747477872572,229124470,639030.0666666622
2014-09-05,609.7222352643232,614.5244913810969,606.7828767159526,607.528076171875,692424,-0.004545069514151456,0,0.010521851973596539,normal,-0.011718010385671329,0.03294135398550502,0.021627059318021002,0.050472282015591174,61.085498706989746,-1.1367504508450743,0.017624724503975453,0.7845201546371137,228432046,581975.9575757677
2014-09-08,609.3911445990638,620.1134581335945,607.5281961271237,617.5053100585938,978707,0.016422671277328993,0,0.010715031297088496,normal,0.007293443855566073,0.05907401746907737,0.034620665819128815,0.05057299460507925,61.87787484281135,-0.8194037511788501,0.0166647485200529,1.0876961078606293,229410753,493058.83030304144
2014-09-09,617.5053394102339,626.0334938244494,616.056379418741,622.5560302734375,726165,0.008179233656087082,0,0.01074937025283149,normal,0.0262045427243911,0.049114065807905005,0.03882063360314936,0.050933999375840866,68.12336720003766,-0.39496687822541965,0.016163806201476803,0.8079731724845505,230136918,414201.06666667486
2014-09-10,620.4858602368182,623.4665566279325,617.6707187841138,620.2374267578125,437341,-0.003724329060962761,0,0.010662786462940705,normal,0.02224336505563107,0.029902948437810384,0.031518072804350705,0.05081968821164318,72.08053421471888,-0.3950504565513153,0.015795144163540782,0.49867554932120695,229699577,320768.7515151445
2014-09-11,619.3268403643046,632.9470730971053,619.3268403643046,625.6194458007812,1149885,0.008677352914838288,0,0.010722910995835118,normal,0.02509824048695153,0.02823718970509792,0.036474158310184635,0.05102236995034004,75.32159275038529,-0.16887470656539527,0.016311538064657006,1.2863511651367998,230849462,313982.12727272086
2014-09-12,623.3839526670994,631.6637233199459,623.3839526670994,627.192626953125,479493,0.0025145975926788022,0,0.009443973631701368,normal,0.03236813499247515,0.02027083446479727,0.03522740920272671,0.05113789079606046,81.3157894736842,-0.05542673594093728,0.01613389476472778,0.5747835479802627,231328955,409547.9575757585
2014-09-15,627.1925723321406,627.1925723321406,619.7407793935408,624.9984130859375,473333,-0.0034984688481541903,0,0.009350042269093967,normal,0.012134475453551508,0.019516421424554897,0.028509815409728967,0.05082551438409477,75.34846951620312,-0.25888150368608365,0.015409876891600905,0.5803353474253568,230855622,409621.1999999968
2014-09-16,621.4795870680815,629.0969864464705,619.9478496571697,625.95068359375,563960,0.0015236366811086643,0,0.008946837197290145,normal,0.005452767550611526,0.03180019755524888,0.027134698495941745,0.050439925132705454,71.7868226092884,-0.4489080079323564,0.015093554191848121,0.7086340110650243,231419582,364790.7636363618
2014-09-17,628.4346269944499,629.9663644348946,623.2597700527961,624.8329467773438,1071944,-0.0017856627458077146,0,0.008725834567754349,normal,0.007409291702297871,0.029817464338066868,0.02283597796130099,0.04980037180840147,66.61059734849843,-0.7516363127720158,0.014358613253596993,1.3190658409440967,230347638,265888.5151515138
2014-09-18,623.4665733505527,624.6257611646864,612.2474970448103,620.69287109375,1837614,-0.0066258920963542245,0,0.008446400635632394,normal,-0.007874714796828775,0.017025884204385777,0.014507182401140684,0.04866465739866732,56.31557506902639,-1.3002998794243545,0.014868885150226802,2.1213712732199985,228510024,106793.60606061238
2014-09-19,621.6451654621719,622.1419820187353,604.4646414969837,610.4260864257812,1576310,-0.016540845152413608,0,0.009431152462726512,normal,-0.02673268116813632,0.004770166791577823,-0.002057533737418238,0.046538203985612814,47.661540381127715,-2.362377660660284,0.01609750920557398,1.718295694324733,226933714,-176995.61818181074
2014-09-22,610.2190327643659,617.7122143078594,597.6751613338289,614.1105346679688,1225660,0.006035863021125021,0,0.009132835709479826,normal,-0.01742064970086843,-0.005497564693496937,0.0035868497760638274,0.04485653065199835,57.02008696262171,-2.794858224567541,0.017329929545985494,1.282213098594651,228159374,-310521.9272727224
2014-09-23,613.5309638372966,625.1226419664762,609.5152955568275,614.4003295898438,934119,0.00047189374797440564,0,0.00841710767461066,normal,-0.018452498426221986,-0.013100348060256728,0.003672307821031673,0.04325185069574178,57.187188918659785,-3.0203169013156366,0.018303586986900794,0.9624643449296543,229093493,-329517.0606060612
2014-09-24,615.1868721450427,634.8927133932885,615.1868721450427,632.6571655273438,1117480,0.02971488630171759,0,0.010116586763076408,normal,0.012522096970645435,0.02002416854212319,0.030209817860923804,0.043380380067790325,66.44303738368104,-1.9507008569862005,0.018934550244425977,1.1586398703461374,230210973,-304067.23030302173
2014-09-25,635.8448131484879,639.1153317158305,626.0746967162846,628.7241821289062,1192497,-0.00621661084824543,0,0.010121336891975944,normal,0.0129392674045119,0.004962659567192551,0.02148950236705338,0.04295576170788218,65.32908286904573,-1.5370844964687862,0.01965501040342872,1.233946688298643,229018476,-273202.43030302756
2014-09-26,627.730559502859,629.1795187375159,617.0496397873999,622.18310546875,759343,-0.010403730039470815,0,0.010250138143858924,normal,0.019260348311471276,-0.007987213607262955,0.009817549770215539,0.041816868439148225,53.55992571817685,-1.7192575745196503,0.01980935242840608,0.8367277675851088,228259133,-229596.36969696006
2014-09-29,620.982697085095,623.4666278734354,608.9770316081165,618.0847778320312,733781,-0.006587012088075106,0,0.010352382839121021,normal,0.006471543703791438,-0.011061844492964545,0.0028634946190322363,0.040290484743481736,46.547207535182125,-2.1055010447764797,0.020462184149594047,0.7989702185340303,227525352,-220360.29696969446
2014-09-30,617.6708984375,622.4731553691481,612.7030359835791,617.6708984375,1063690,-0.000669615899590581,0,0.010039022300985374,normal,0.005323188628234554,-0.013227535927772371,0.001982789137446872,0.038773482249486735,47.958004331653115,-2.3594726203658,0.020935488185947912,1.1295526326352774,226461662,-191179.43636363707
2014-10-01,616.8428964333382,619.9478103415597,607.3625491930936,609.5153198242188,478021,-0.0132037605040356,0,0.010527048103377628,normal,-0.0365788091309065,-0.024514755555269052,-0.010186906119334482,0.03655959059172753,37.72872886653173,-3.005904567995316,0.021094326651234813,0.5168447215821415,225983641,-199439.38181817718
2014-10-07,607.238349397175,616.5530906070298,600.283322412868,609.2254638671875,801424,-0.0004755515531830179,0,0.010445072786787803,normal,-0.031013151419903462,-0.01847517147467037,-0.009652399775440634,0.034472498349782166,36.03599842891107,-3.355612934023771,0.022041149232602038,0.8761992371915867,225182217,-321024.03030303906
2014-10-08,606.1205919848419,616.0149278825706,603.0985060606067,608.3561401367188,951087,-0.0014269326908145086,0,0.010397401825649032,normal,-0.022223305664357595,-0.003390985960614157,-0.01002225845119964,0.03245004512845795,36.79372764179208,-3.5303405760937867,0.02271425434338436,1.0253282502115422,224231130,-559236.4303030178
2014-10-09,608.5630782794279,615.9734823329645,604.0092049045478,611.957763671875,622940,0.00592025508996552,0,0.009777377127120152,normal,-0.00991290253360888,-0.0035055106117951595,-0.0037665125490599083,0.030902682570336237,39.34413885805757,-3.2928624087740292,0.022909158776788792,0.6846966603314218,224854070,-649001.0242424225
2014-10-10,608.0248436248261,610.0533972281274,595.0256461392131,596.4331665039062,503359,-0.02536873962480335,0,0.011025094462052444,normal,-0.034383572202151824,-0.029243413814461716,-0.026346881932250543,0.028012603198936947,32.264588485334514,-4.022556247254512,0.024730066857047428,0.5601192125132857,224350711,-663882.6727272719
2014-10-13,594.4873836676231,600.1176161913191,591.3410817163544,596.4745483398438,495344,6.938218439467292e-05,0,0.011028011972704903,normal,-0.021395313719326903,-0.05719150775339821,-0.023836191689380115,0.025399604266506337,34.05986494032386,-4.317650370529155,0.02427222879527244,0.5494273175443302,224846055,-519758.62424242904
2014-10-14,596.5988267693612,609.3910817307692,593.3283074599963,605.4581909179688,553144,0.015061233715887745,0,0.011434963566526476,normal,-0.006183708942999799,-0.037005084061117466,-0.008271254606931677,0.023863832874399193,46.674027387766714,-3.7443615019664587,0.02372160582269371,0.6345379973538738,225399199,-359933.5757575779
2014-10-16,601.1526976241737,617.3396380523224,600.2833318713633,604.9199829101562,1241581,-0.000888926792775746,0,0.011396165492508891,normal,-0.0056482658756271675,-0.02774604840095718,-0.008288355816300275,0.022390271056777822,43.57637466896006,-3.255967849645043,0.023390746646832807,1.3646273312900612,224157618,-274583.96969696705
2014-10-17,606.0792206592789,613.4896256091812,598.6274269626484,601.3597412109375,680260,-0.005885475434438625,0,0.011427953848135355,normal,-0.017318225358147532,-0.027059454011726047,-0.012797022550617765,0.02069673234603875,41.28390964119359,-3.031825397276893,0.023440719848073107,0.7392700911421585,223477358,-225542.8545454534
2014-10-20,606.0792110467378,612.2062615366307,602.8086915357235,609.8464965820312,453075,0.01411260978994755,0,0.011958741220579546,normal,0.022489242435576706,-0.012667590257630534,0.0010267827831629273,0.01993291269034958,32.46344223864321,-2.2093390429727404,0.021984737222182377,0.4953622688165912,223930433,-173634.6303030145
2014-10-21,611.4611358082902,624.2947818543681,605.1270902873914,620.77587890625,554039,0.01792153006612973,0,0.012699885124455657,normal,0.04074160521022008,0.018474612065991547,0.01712941882857244,0.020203850782778865,44.48294064665147,-0.8940201402609294,0.022302673704544834,0.623399416521217,224484472,-92692.59999999867
2014-10-22,624.2118219826721,629.2624609947973,619.3681266654363,627.1097412109375,436776,0.010203138555974878,0,0.012812176256752999,normal,0.03576060348633092,0.029355761379745715,0.024822556598782963,0.02094406118741654,53.42953141039149,0.37000776676572245,0.021822783498541647,0.5335017311054829,224921248,-23182.94545453756
2014-10-27,633.4024830705703,634.2718489205836,592.4176165189451,596.51611328125,2949098,-0.04878512630119847,0,0.0165616527037337,normal,-0.013892531022825172,-0.01946232818955007,-0.022830797524281854,0.018686391709738848,39.0316138672189,-0.8218444401775074,0.02621873346073171,3.3235418515130517,221972150,-174775.72121211942
2014-10-28,592.8315619475991,595.5638760784841,585.50398534172,593.700927734375,1254748,-0.004719378880462366,0,0.01649496600026864,normal,-0.012735826746799184,-0.029833490187223255,-0.024893926420392787,0.016393431498924915,38.10107559460688,-1.715887415036815,0.026492483237117833,1.4117480805089795,220717402,-325898.3878787834
2014-10-29,597.7994969647667,601.8979939278314,590.1820971456074,599.4140625,962919,0.009622917025625899,0,0.01668011077812691,normal,-0.017106655757639477,0.004997870949341676,-0.014054125945325624,0.014867001430326043,44.86102321837895,-1.8282337895314278,0.026136381178298865,1.0816515681391656,221680321,-407914.0363636487
2014-10-30,597.7995468915368,608.43903384838,594.1978662346633,605.7481079101562,1249596,0.010567061746497242,0,0.015311704451474326,normal,-0.024208045941751632,0.01554728461779864,-0.003290469085172276,0.01407111230999547,48.333402564032056,-1.4009465149093814,0.02562387595930293,1.3933382030451273,222929917,-356378.6060606098
2014-10-31,608.3359508265347,619.4390942113027,602.8260846454946,616.3919677734375,1083674,0.01757142898886266,0,0.015884827549474876,normal,-0.017090746217407138,0.018058681870157578,0.012851148767512477,0.014311338834559706,53.521410800323316,-0.3795910980804387,0.025609769735315018,1.2157057878777529,224013591,-185631.5030302987
2014-11-03,613.6370829460379,620.2739408211817,608.3777044057015,617.6442260742188,733227,0.002031594125576852,0,0.015734605925633045,normal,0.035419182017983664,0.021034588910170404,0.013469834927983149,0.014580463273460076,52.54427431093197,0.36208867628205377,0.025549977839712783,0.8237680461558261,224746818,-40867.01818181826
2014-11-05,616.9344920340449,626.1175494256206,616.1831305933034,624.2391967773438,746808,0.010677620585952896,0,0.01584166474960409,normal,0.051437125354521385,0.03804620429085381,0.02192709857491515,0.015365741725336557,63.52162990647105,1.2297272474556034,0.02447933539972839,0.83841253429029,225493626,92139.96363637518
2014-11-07,626.1177889547768,637.3461781607517,623.8220237286092,635.71826171875,881926,0.018388888427172345,0,0.016326021903879464,normal,0.0605661453242099,0.04242340536794198,0.03669886383607768,0.017041504160335563,67.17325309146814,2.439719991644168,0.02457075298822729,1.0003104398411935,226375552,279017.3878787866
2014-11-10,634.4659875060797,646.153518854876,634.4242565134098,643.6490478515625,768076,0.012475315891304684,0,0.016111368986575468,normal,0.06256881275645299,0.03684609812097239,0.04469388991117951,0.019150391883300477,66.86795089599337,3.5688604004038664,0.023787093080495755,0.8570793636659192,227143628,515087.9939393895
2014-11-11,645.3186396375414,648.4492281221997,638.4730759603711,644.7342529296875,713634,0.0016860198608967814,0,0.016095102545321444,normal,0.045980944979911786,0.02810435010101653,0.04184581475306692,0.020997018479074647,67.50041181100798,4.143129580500217,0.022962661682799396,0.8002484509521589,227857262,786970.2969697007
2014-11-12,644.4837950867492,645.2351566800727,637.3877947522448,642.8141479492188,750579,-0.002978133970304442,0,0.016121080473379505,normal,0.04075148898417047,0.07761405540798827,0.034924378760887276,0.022336617405618764,68.48790345630312,4.138277187386621,0.022251773401921186,0.8512473884738038,227106683,785717.3454545478
2014-11-13,641.1444773702378,646.0281746875224,635.509418487101,638.0973510742188,1157538,-0.0073377303378403536,0,0.016261637058639204,normal,0.022200070691520413,0.07477910386508091,0.024663293226319105,0.022980675206603518,63.037778578993624,3.5827866681755047,0.022379567964732665,1.274161982555176,225949145,575439.327272739
2014-11-14,636.9704134279116,637.7635060468817,629.0813201351049,631.2518920898438,409119,-0.010727922585559768,0,0.015252491578169191,normal,-0.007025706036555945,0.05311491935483881,0.012352722250116521,0.022829847882329224,55.024063778232716,2.567274431663682,0.021473558479688768,0.45268642420391164,225540026,343625.26060605823
2014-11-17,631.2518634101714,638.8904685104558,626.1176780685743,632.12841796875,586703,0.0013885516857690128,0,0.015242212724874011,normal,-0.017898930979960648,0.04354996691546642,0.012431810283940248,0.022690100685529124,52.53978981390648,1.8036120206158488,0.021769039386745157,0.6459167743739582,226126729,180335.2727272698
2014-11-18,630.4587990343174,633.5893875647245,626.1177060814349,627.662109375,448206,-0.007065508315702407,0,0.015124726613240502,normal,-0.026479349401883456,0.018284050070076496,0.004773354348085679,0.022078395451920363,71.42865541376987,0.8927586356687733,0.018011174747081405,0.49630868436662967,225678523,26093.38181818363
2014-11-19,629.7910888394885,640.142873284401,627.9544663070296,634.633056640625,941820,0.01110621011130708,0,0.015245123000334902,normal,-0.012726993229215666,0.02750585183057286,0.014393349620855034,0.022091629093108134,76.63830044154074,0.6652614113104418,0.017978632508915175,1.0604993710948893,226620343,-48075.70303030529
2014-11-20,635.6347654168437,638.6401102601601,630.3753355106501,635.509521484375,853211,0.0013810576593495938,0,0.015120521349709135,normal,-0.004055540405374258,0.01805449700245454,0.014268604588987488,0.022096540361316253,75.06879858926861,0.4875524743557458,0.0175659457637306,0.9514601021970059,227473554,-48628.200000006545
2014-11-21,633.6310726332949,636.7199299501559,627.6620638864746,628.6221313476562,687247,-0.010837587642482105,0,0.015173815709131904,normal,-0.0041659451245069645,-0.011162382455253694,0.0029634188385894156,0.021396265502518164,65.76515485497175,-0.14621665027199793,0.017169439991856297,0.7565073677369473,226786307,-51870.95757575968
2014-11-24,630.7091168185751,631.5439402690299,622.7782940392549,626.2010498046875,540115,-0.0038514099683037983,0,0.01471753769970127,normal,-0.009376841786530088,-0.027107937322543574,-0.0008138166114961543,0.02048927758507202,57.62482042445302,-0.7472496027479023,0.016340700821795392,0.5950034756227204,226246192,-38348.3151515156
2014-11-25,626.2011478315962,646.9048134067357,623.6966770881767,639.2244262695312,1503248,0.02079743633279718,0,0.015264149771842499,normal,0.018421244044896312,-0.008545887914469308,0.01803081725637723,0.020793954375060375,64.17987185698288,-0.3089246542090702,0.017271800647238128,1.564132482535695,227749440,115623.28484848577
2014-11-26,638.639995975129,644.2750547631448,636.5529371647527,642.6054077148438,685238,0.005289193132126835,0,0.009768382101155526,normal,0.012562142785974117,-0.00032472874942302,0.021138203823843238,0.021280268417477988,62.600224106713654,0.14322095089952036,0.01693501986135277,0.8081765189856697,228434678,258239.83636364757
2014-11-27,643.6489889393526,661.7646710626045,640.1427196649186,659.5523681640625,1180496,0.026372265539257533,0,0.010768518417598755,normal,0.03783239411351391,0.03362342290518039,0.043291847757082946,0.023132098135836276,65.21033607029898,1.4457495139515464,0.017376860375065886,1.3984119293648547,229615174,371980.9696969696
2014-11-28,662.8499487012734,666.8988228427609,653.7503509384221,656.2548217773438,811909,-0.00499967333283613,0,0.01095632072223739,normal,0.0439575526404834,0.039608482763868524,0.034324998026390885,0.024348110130675504,58.55032792409681,1.9177486537877302,0.01761864620202001,0.9704650327479012,228803265,369724.8424242491
2014-12-01,656.1713045031136,680.2559433264056,654.4599264314497,675.080078125,1200960,0.028685894141960766,0,0.012159048036493494,normal,0.07805644582607751,0.06794768109661753,0.05754996625364206,0.026970672035810273,66.5905411231432,3.2518997168333073,0.018801194513986375,1.4396777124353577,230004225,432534.7454545461
2014-12-02,677.459433018384,682.176207308083,671.4069611891994,672.700927734375,573874,-0.0035242491486832117,0,0.011970546552728986,normal,0.05237049788633752,0.07175647165355059,0.04844855968463557,0.028916347343659332,66.25796936496754,3.6958650614602107,0.019177939769522985,0.7096282203204243,229430351,387162.07878788246
2014-12-03,674.036646930344,686.4754889561307,669.820746662798,683.7205810546875,937567,0.01638120725866421,0,0.012244989672785336,normal,0.06398199088621515,0.07734788457743291,0.059004792961924624,0.031446137349343095,73.2257056194145,4.405262573273966,0.01950987430470133,1.1448910916986736,230367918,410240.72727273795
2014-12-04,681.6334840270931,692.6948969644586,679.8385928671412,688.4373168945312,1121315,0.006898630771897896,0,0.012184461491576084,normal,0.043794776767875465,0.08328403213618496,0.05961868369903289,0.033911869128190775,79.75668101367455,4.831562082075305,0.019774651209945794,1.3386613243496706,231489233,505937.5939394046
2014-12-05,684.5554277146383,690.8166054071502,678.4612249513123,685.0980834960938,688493,-0.0048504537980311735,0,0.011943795685003967,normal,0.043951313973790596,0.0898408588118953,0.04903614793548061,0.035611519635020406,76.87421694089348,4.532948678546594,0.019827515431335485,0.8315460246381681,230800740,469588.93333333003
2014-12-08,684.5552368164062,691.6095052401694,679.7550019240961,684.5552368164062,1016796,-0.000792363448044342,0,0.01180508714751105,normal,0.01403560703157325,0.09318762245754697,0.04341466992546672,0.03688798554327111,80.0615849414885,3.9637550740761682,0.020300555422623868,1.2098903931135927,229783944,293111.212121225
2014-12-09,683.7205334665528,684.1379452696459,676.2488520004679,678.6698608398438,945417,-0.00859737192857224,0,0.012092698345127396,normal,0.00887308588316027,0.06170827169498705,0.031061766043936734,0.037335915418376775,73.53850630924191,2.9048231727561795,0.02003725577670911,1.1096540691582337,228838527,122399.98181819414
2014-12-10,677.1672658543897,680.7152665857711,663.7683046824144,666.0223388671875,1152293,-0.01863575016725383,0,0.012951676927532319,normal,-0.025885197371416258,0.03644060705249319,0.010706775478236397,0.03648923671929971,64.48671361094208,1.1562787153870637,0.02134889024751119,1.3213183564662918,227686234,-78682.11515150878
2014-12-11,667.3162481197379,670.363374750038,659.8028354513066,664.5613403320312,1573622,-0.00219361791624173,0,0.012809833311524414,normal,-0.0346814095874437,0.007594502589554519,0.007674925408523103,0.03548822474556057,67.98998377067772,-0.22157754337124302,0.021557335264510213,1.7624066863448824,226112612,-277826.3575757534
2014-12-12,666.5231855089427,671.4486141981272,662.8499412715939,665.9805297851562,767757,0.0021355281551826977,0,0.012449113627740756,normal,-0.027904841907277822,0.01482001759845697,0.008882640544696008,0.03460462241335427,70.11404647407707,-1.1105522299705441,0.021493488642183495,0.8429346770832058,226880369,-446764.91515152046
2014-12-15,663.6847108821493,675.2469964701716,655.0443076690798,659.5940551757812,704516,-0.009589581562444827,0,0.012750873094947138,normal,-0.03646335649510113,-0.022939534806345363,-0.000716735720719619,0.03315773532489996,61.040697635951005,-2.1421119681586287,0.021376132819175952,0.7685307705314142,226175853,-550759.78787879
2014-12-16,661.5142242446622,661.5142242446622,636.9703906456868,640.0175170898438,1179886,-0.02967967635899993,0,0.014499098065409001,normal,-0.056953087178747364,-0.04858535092943517,-0.027562002459946888,0.030097223845105825,48.80680212839485,-4.04584191850439,0.023907347634248028,1.2377002147302654,224995967,-710965.8363636273
2014-12-17,634.6746253627185,645.36035697357,634.6746253627185,639.7670288085938,1984735,-0.00039137722728121993,0,0.014307089614827326,normal,-0.03942106522020028,-0.06428584053780018,-0.0253488516028173,0.0273030081550516,39.217447243615716,-5.153869949843111,0.022695703378013264,1.9740067667245438,223011232,-863175.5818181708
2014-12-18,640.4766960363712,642.8141919983744,628.6639213474324,639.4331665039062,1165188,-0.0005218498135317606,0,0.014307248718244212,normal,-0.03781166959782878,-0.07118171718476507,-0.023452611422548064,0.02474343533120571,40.52656834127811,-5.6986567965861905,0.02281946031980244,1.1411847758976785,221846044,-915014.751515148
2014-12-19,643.6489867186406,643.6489867186406,626.1176913605452,630.4170532226562,1147950,-0.0141001651987267,0,0.014459963244186878,normal,-0.053400174587645566,-0.07981489306523404,-0.03379693871635525,0.021647611877953832,21.723021563273576,-6.402948936339634,0.022209396852441367,1.0994965609304943,220698094,-958481.7696969574
2014-12-22,633.4639626992936,642.7305326745475,628.0376107965722,641.0191040039062,958306,0.016817519017058524,0,0.0148844091174463,normal,-0.028161186454181752,-0.06359769156827899,-0.015903158939760687,0.01979144757586293,31.833208855713522,-5.903716731197727,0.02227928151062161,0.8998361750657267,221656400,-895007.6363636286
2014-12-23,641.9794197349827,643.4820921912377,635.4260741282285,639.5584106445312,1277960,-0.0022787048782966224,0,0.014168624544281949,normal,-0.0007173341870392314,-0.05762956696929589,-0.016445891476086993,0.017977724383219984,21.558965521849842,-5.432669745607651,0.02136982370403931,1.2128149775759816,220378440,-865752.5272727241
2014-12-24,637.1372804340699,640.3930613843914,627.7872474095939,631.9613647460938,2527523,-0.011878580239108039,0,0.014357834589248978,normal,-0.012200791399075483,-0.051140888425794784,-0.025518517446217914,0.015675075252820303,14.929799107650453,-5.383207301085346,0.021598406316792197,2.2058482330007343,217850917,-948635.3333333385
2014-12-26,628.288142905653,631.1265631743781,621.5260929673605,626.4097900390625,625243,-0.00878467421700968,0,0.012946945985464921,normal,-0.02036706437366853,-0.05740862126272239,-0.030933798250689315,0.013131002985261153,14.530554549337822,-5.45777217133709,0.021570875690919276,0.5592185788757457,217225674,-1051314.4727272666
2014-12-29,628.956050986441,637.1790421545954,627.9125216019756,633.5057983398438,616322,0.011328060981196986,0,0.01329091013251613,normal,0.00489952659338444,-0.04876228356974455,-0.018089952337745907,0.011486581792446104,21.41174492148086,-4.786587578698816,0.021206893141023298,0.5561036741278415,217841996,-961471.7878787813
2014-12-30,636.0521199667019,640.5184058364557,632.796287551689,634.0485229492188,397534,0.0008567003029762432,0,0.011243760313219652,normal,-0.010874217337904835,-0.03872917293009048,-0.015631690408405174,0.010061063065050613,23.42110123362714,-4.090471929916216,0.02112292034631748,0.3721828228490597,218239530,-787357.1272727324
2014-12-31,635.2172159632615,637.3042746949669,628.8725268467281,634.54931640625,1044950,0.0007898345929453487,0,0.011275923396528139,normal,-0.00783211377555526,-0.008543829719626417,-0.013458555965024988,0.008827681924511221,28.08119141498382,-3.4085744459608316,0.020147727749510364,0.9572043678271791,219284480,-538706.4060606082
2015-01-01,633.8815767796502,636.0521488059376,629.5822656253497,633.1719970703125,372132,-0.002170547348057883,0,0.010333990024339153,normal,0.0019156745835327005,-0.01030848956152497,-0.014135187690163531,0.007601899899927211,28.11395927010642,-2.883422765346001,0.0197300847252713,0.3499464781211982,218912348,-373439.3151515109
2015-01-02,631.9613933568205,639.4748049026744,628.329931491091,631.0848388671875,1207322,-0.003296352670020597,0,0.010026282125771521,normal,0.007463243554723942,-0.013055825180860015,-0.015755322904901226,0.006324895109776962,25.893722251034063,-2.522773990916144,0.02008352574882837,1.1307718550366221,217705026,-302021.90909091086
2015-01-05,634.257043868969,636.0519344633875,630.3750948873543,634.7161865234375,849252,0.005754135470546817,0,0.010272557872782355,normal,0.0019106189505537774,0.006819506672296249,-0.009139501767669755,0.0055087421578539075,32.13405627172432,-1.9134466591287786,0.018333939167190134,0.7894619419351528,218554278,-210617.5090909061
2015-01-06,640.3097020843107,651.0789469206194,630.6257686923722,646.7378540039062,2738679,0.018940225152151324,0,0.011452567995628585,normal,0.02001318605027924,0.008921340977639858,0.008702723385160649,0.005831573030020021,55.41361501608754,-0.640382629040583,0.017541354990402908,2.3572127868864734,221292957,120042.09696969973
2015-01-07,650.327528156166,673.5356120382878,650.327528156166,669.4450073242188,3744143,0.03511028955508655,0,0.014138275257497494,normal,0.05499287449492396,0.04673005026947963,0.03974978031942422,0.008073030697748118,67.5556335414401,1.665344889333384,0.01866548734601935,2.8762035624461286,225037100,574135.7212121149
2015-01-08,671.1147509687943,688.7295095591119,670.4886332328315,682.0926513671875,3076833,0.018892730402937152,0,0.014107465770614754,normal,0.07726282040777366,0.07932650541261377,0.05343471480132722,0.0110811434695135,72.0259168103163,3.851685790501609,0.018857039604091918,2.200893545470357,228113933,971086.4606060527
2015-01-09,683.3031052113125,724.9608225384344,682.0926008207704,721.7884521484375,3825060,0.05819708026715098,0,0.018953797785454852,normal,0.1437264971284451,0.1522624065365059,0.10269158422455615,0.017060884057296333,85.8265873598973,7.565957272690949,0.020327325203214366,2.5322055916114277,231938993,1410593.7757575726
2015-01-12,724.2094616203493,751.1742532859283,721.496284962982,748.5028076171875,4338065,0.037011336755573554,0,0.020300061723481626,high_volatility,0.1792716548115767,0.18152479358311058,0.1280861023539681,0.024412351033085145,87.41653581953507,11.197507933610062,0.021031837015035405,2.5683005709706044,236277058,1949467.6909091
2015-01-13,751.2994795874737,758.5624548137505,731.639394768142,738.4431762695312,3371700,-0.01343967082726183,0,0.020473692589723487,high_volatility,0.1417967445354933,0.16464773521548537,0.10108311015624127,0.029772209716757203,82.47869004947597,12.21448758633898,0.023143331078413522,1.8501029238754008,232905358,2107477.6666666656
2015-01-14,741.9912293603014,780.142679298411,739.6537333958183,771.4187622070312,4578199,0.0446555496715213,0,0.020430027187849163,high_volatility,0.15232581282576607,0.21569552162775474,0.13402494588362313,0.03700505184048053,89.2597172039855,14.25796077099508,0.024847925014010615,2.2978833890429557,237483557,2407103.3090909114
2015-01-15,780.5183833890288,782.5637115265207,759.4390861824859,769.3317260742188,3534537,-0.0027054516107976045,0,0.020495885747581145,high_volatility,0.12789915641543592,0.21504382637564112,0.11702526185335871,0.042871352534398,91.03550811217943,14.567586569424584,0.026093474732518843,1.7076337458908153,233949020,2268532.351515158
2015-01-16,774.716159895313,790.5778054104111,772.211689550824,785.610595703125,2021113,0.02115975342908949,0,0.02051358533973574,high_volatility,0.08842222865261684,0.24485734297359274,0.1255825891772009,0.04904355665741034,91.48453987856698,14.91310604348378,0.026505348668422468,0.956675959852434,235970133,1977453.0969697025
2015-01-19,789.9934671884596,790.9118036098295,739.6953513561702,745.1217041015625,7705398,-0.05153811802312158,0,0.02424874669337446,high_volatility,-0.004517155421752572,0.17394470146232544,0.060745808696877734,0.05085232850580068,74.87382141975539,11.606234389105666,0.03211505015305782,3.1572854819839047,228264735,1101300.9696969772
2015-01-20,742.9096462753671,753.8458165886252,732.7665177305269,747.5429077148438,4355821,0.003249406908903074,0,0.024198583405623583,high_volatility,0.012322859412531306,0.1558669452960899,0.0577261089157759,0.05239413346311372,75.0880928497688,8.895435485398853,0.03321952110276805,1.6686480441825287,232620556,527615.1696969671
2015-01-21,748.8366733063741,791.7466212328991,741.740673615065,786.3619995117188,4103989,0.051928914576342855,0,0.02595930887851228,high_volatility,0.019371109489137783,0.17464764231317353,0.1008419356005692,0.056601747425332416,79.16400090262209,9.00290168682034,0.03553418947480072,1.491442670292801,236724545,290088.61818182236
2015-01-22,788.0734331768919,802.5158704374038,777.4711638745788,788.6160888671875,3585572,0.002866477979440063,0,0.025489358137455384,high_volatility,0.025066381821238437,0.15617150732599772,0.09317014763961451,0.060145352647514194,79.97142892975307,8.5171558340684,0.03669159419900493,1.2784641993712313,240310117,311594.92121212167
2015-01-23,790.5779027819273,808.8187769894951,788.616087818549,805.8551635742188,2450001,0.0218599074383512,0,0.025128098427719132,high_volatility,0.02576921439428248,0.11647001441426874,0.1047496556715708,0.06427510045249019,80.95743969079005,8.621954194935388,0.03719420505284343,0.8460441632801029,242760118,573909.1090909123
2015-01-27,803.1836623254371,808.025679348255,781.8956632515102,786.3619995117188,3274894,-0.024189413859485254,0,0.026469680099131865,high_volatility,0.055347059659041964,0.050579892966672535,0.07007459210358347,0.06602526063013503,74.59196889520709,6.727583682191938,0.03863186501244184,1.081265707543586,239485224,815631.8969697038
2015-01-28,783.0643911928461,785.4018866474819,774.8414006433081,779.599853515625,2246526,-0.00859927870407351,0,0.026747088953966405,high_volatility,0.04288308466302726,0.05573438629903671,0.05475786693877871,0.06672884681740254,70.55614137356594,4.47660918934006,0.037567227378591826,0.7197614078620105,237238698,671150.0424242433
2015-01-29,777.220835779774,791.4128381516927,773.3806672841039,786.0699462890625,3421454,0.008299248318557773,0,0.026652839477949095,high_volatility,-0.0003713979348412,0.018992517164236666,0.05711735705029586,0.06755128323605297,69.86126202590087,2.9543695002792703,0.03714421707464647,1.055993076616931,240660152,965980.8848484936
2015-01-30,785.5690404131868,785.5690404131868,774.5493582421774,778.5147705078125,1562161,-0.009611327613931908,0,0.02689861701133319,high_volatility,-0.01280891742125767,0.01193639118518286,0.042295804163241746,0.0673995211923959,62.35230197859262,1.066891508903666,0.03462854791112299,0.47344869814193113,239097991,901462.9636363628
2015-02-02,773.3387669898274,776.3441623102233,755.3483298681348,758.019775390625,1822825,-0.02632576271329956,0,0.028000868405315654,high_volatility,-0.059359783675553945,-0.03512022427320505,0.013422668622862233,0.0654311678055135,52.130037675845664,-1.7787867611045414,0.03495123447954957,0.5473437601670307,237275166,809847.3212121243
2015-02-03,759.8563820976981,777.0954573043645,758.0197601533059,760.3989868164062,1544881,0.0031387194675167596,0,0.028025752135140396,high_volatility,-0.033016616661834974,0.020503070345084806,0.014998513684087333,0.06364879798513834,55.08899272111804,-3.612038607066154,0.034104728489118,0.45909019649400135,238820047,272986.1333333255
2015-02-04,760.4409960839002,767.8708971000069,747.2507396924128,751.2579345703125,1181845,-0.012021389302956598,0,0.02832715850613403,high_volatility,-0.03635444365145002,0.004969650326594799,0.0025297836222959447,0.061159632901331085,44.746613126858996,-5.441582840800997,0.032515508083609,0.3595238252048821,237638202,-165894.43636363358
2015-02-05,757.4353601276189,767.8706539984215,752.3429571001005,758.8963012695312,1711139,0.010167435640580091,0,0.02760588441667691,high_volatility,-0.034568991153795636,-0.03492755023671279,0.011497300660823884,0.059343827392935644,47.357256223139615,-6.089669697788711,0.03157532493893921,0.5371479943664628,239349341,-298660.8363636343
2015-02-06,756.3501243412314,764.5731157972821,750.8403093797823,756.1414184570312,717674,-0.0036301175903630245,0,0.027539479789672236,high_volatility,-0.028738506831652577,-0.04117931509209338,0.007074893115682546,0.057328981502973386,41.988215206067956,-6.612661489965358,0.030980626618776565,0.23394967086616703,238631667,-263350.66666666506
2015-02-09,756.1414835261701,763.529652081203,747.9184913624965,751.4664916992188,860239,-0.006182609024846242,0,0.02467189638342987,high_volatility,-0.008645267451009686,-0.06749186992085443,0.0007676671555483239,0.05500545052932515,52.142098532452415,-7.137291150941369,0.027788996684802683,0.29466277790176626,237771428,-91284.37575757268
2015-02-10,747.1669103031056,757.6022023464451,739.1526263952506,741.1144409179688,1058750,-0.013775798249955118,0,0.023497379597321504,high_volatility,-0.025361088366486206,-0.057540367695598116,-0.011793451957054168,0.051994765837814594,47.9399679545355,-7.981478904732494,0.027923706992463493,0.38424047534547984,236712678,-134825.38181817497
2015-02-11,743.2850490958031,753.8038552903618,738.4848141887506,751.591552734375,897359,0.014136968918631476,0,0.02349082559823318,high_volatility,0.00044407938833068705,-0.035926508522219236,0.001969071435024672,0.04997765224307571,36.384429733467236,-7.634245862051454,0.024237933821995395,0.340978292571032,237610037,-245581.31515150386
2015-02-12,755.515410208436,760.3573772323131,739.0693739612466,741.1564331054688,1121008,-0.01388402995076532,0,0.021331740259691014,high_volatility,-0.023375879068571193,-0.05713678966563318,-0.010817238640214777,0.04724590585457733,32.53456457197072,-7.87562564115634,0.024217141706143794,0.4559057120511125,236489029,-193887.28484849617
2015-02-13,744.9966065007912,750.3394470079338,738.9858663458652,745.3305053710938,1344229,0.005631837057846978,0,0.021394133642612112,high_volatility,-0.014297475078138278,-0.04262509382458246,-0.004749045604666491,0.045011628947462023,25.356884762081805,-7.523008365865071,0.023233466311844957,0.5721720860023941,237833258,-122456.67272727157
2015-02-16,739.9457507200432,768.0375804291276,739.9457507200432,757.1848754882812,1635273,0.015904850307026264,0,0.021133613246067225,normal,0.007609632435016556,-0.0011014223235976672,0.010014439980035483,0.043797953018756886,37.33231222573192,-6.309284900632171,0.023054793217060766,0.7018182728032797,239468531,-68020.92121211598
2015-02-18,753.0108158385724,770.8342776280407,753.0108158385724,762.1104125976562,2178775,0.006505065366233964,0,0.01761088269665675,normal,0.028330269281598763,0.002250694452415436,0.01498149633246082,0.04294727133120113,42.2836366143189,-5.047263946589096,0.02349652350870473,1.0608915549984097,241647306,181662.9272727254
2015-02-19,767.9960507858341,770.3752778805597,747.1671898827418,758.1451416015625,1034454,-0.005203013802918766,0,0.017662312975681667,normal,0.008719614853765822,0.009167566443327058,0.00876857231850603,0.041742986069488675,37.40107175705372,-4.377015153290666,0.02410706418782221,0.5480108519979632,240612852,261862.53939393966
2015-02-20,755.9327505461807,759.4390197675929,750.5063972843915,751.5499267578125,623253,-0.008699145429881372,0,0.013029586631413364,normal,0.014023346743135878,-0.009680340383039443,-6.19961102399369e-06,0.040040072739215615,37.72787727877279,-4.270674004509029,0.024072650751497254,0.3637064228406884,239989599,386086.10303029895
2015-02-23,753.8455631165418,762.9033770206191,737.1908253686001,739.77880859375,1054383,-0.01566245667116639,0,0.013307605614842418,normal,-0.007448637533733593,-0.021639615902367182,-0.014197501582262073,0.0375219982439603,40.98216710419119,-4.843934149467165,0.024701523981473284,0.6643640176184062,238935216,397192.23030303675
2015-02-24,742.1581081733735,764.3643933908282,740.4884611358631,762.7782592773438,2100402,0.031089631679655172,0,0.014339050515460111,normal,0.007387078070538067,0.015052923454440092,0.014860715507649003,0.036927683575535,50.977045373884906,-3.5830871959879165,0.024472678865331988,1.3381968967164513,241035618,461837.0909091
2015-02-25,765.1157093957864,765.950532864849,746.3321813418801,752.9273071289062,1141174,-0.01291456859005169,0,0.013652678787516238,normal,-0.012049573548600812,0.015939328069637604,0.001586892810886864,0.03552746106346727,50.6815521177679,-3.3270225102251185,0.024697828921192468,0.7800817860424522,239894444,354086.82424243574
2015-02-26,756.0996317094092,756.0996317094092,737.8169772203701,739.987548828125,1194401,-0.017185933061883096,0,0.013999037788657957,normal,-0.023950021937857446,-0.01543924205112912,-0.014159164202690033,0.03320251242698635,42.60046307862735,-3.9036966532941832,0.025290899727951312,0.8469223520554141,238700043,202444.48484847482
2015-02-27,742.8260826938958,745.4975285973933,734.978770859763,740.6138305664062,1906598,0.0008463409138073086,0,0.013793818817568073,normal,-0.014551390136626874,-0.0007321025829715166,-0.012071096126425984,0.031105472471011808,43.82066411271087,-4.097434853095064,0.0249595338740871,1.4286543356119068,240606641,66852.33939394297
2015-03-02,763.0287112133383,784.6923921436462,756.433584903474,781.1026611328125,2792110,0.05466928768457002,0,0.018744280854557132,normal,0.05585974085634504,0.047995024360244276,0.037793201432001045,0.03221429034234968,59.17783403729132,-1.4877265229023902,0.026268969225493786,2.0000234950523574,243398751,123261.92121212702
2015-03-03,784.6507088142655,784.6507088142655,770.7508757267907,776.135498046875,1510436,-0.0063591680493493286,0,0.01775548048976831,normal,0.017511299787419166,0.025027735196603285,0.028139274525225355,0.032672296962351854,61.21964525596829,-0.15518193422289972,0.026018369453456838,1.094186501252174,241888315,138841.76363637325
2015-03-04,777.3040899676819,789.1585930882198,762.1938059808192,764.78173828125,1202376,-0.014628579409389775,0,0.018101258596971134,normal,0.015744456390548,0.0035051688566865025,0.011836761511195615,0.0320907074654857,54.20211727537102,-0.1002170140395533,0.02749231327331674,0.8819638964129453,240685939,204758.41212121115
2015-03-05,762.5695259981852,790.0351882062272,762.5695259981852,784.483642578125,2301603,0.02576147325530087,0,0.018694147452319648,normal,0.060130868175371166,0.03474071062557105,0.03416999402182497,0.03293185325714165,63.03358676872628,1.1332327124419095,0.027364344292294313,1.6216673813473828,242987542,338906.3757575763
2015-03-09,781.3947218597913,818.9617757953582,777.2206047558394,814.7876586914062,3529726,0.03862925173772935,0,0.020333656337219525,normal,0.10015182685458823,0.08414308841250429,0.06659017675955359,0.03577587418949291,68.05548592067294,3.714693552700929,0.029010531032050535,2.337240060768986,246517268,595250.5272727244
2015-03-10,816.7080041080168,817.0002229710908,793.9590586008712,799.051513671875,1323330,-0.01931318528413206,0,0.020927088674262302,normal,0.022978864920305986,0.0801221992162724,0.041429370857293035,0.03692082793306817,60.6679964926436,4.059095137555566,0.029130363247942385,0.8590296638295788,245193938,629997.5818181813
2015-03-11,799.0512376481871,817.2086465972044,792.6230872778196,808.8604125976562,1742798,0.012275677797926265,0,0.020909290418289088,normal,0.04216391935832431,0.060413564177839385,0.04879846381110897,0.038481714754860175,61.6230637888221,4.604270747808272,0.02937424980065265,1.099819458509314,246936736,823969.8484848487
2015-03-12,808.1090317735474,812.1161738065027,797.7572014809684,801.8895874023438,1358419,-0.008618081793526855,0,0.020710789243787293,normal,0.04852083576745558,0.06502922634077724,0.035837478102704434,0.0391632709477201,60.71567297378842,4.1653717638962675,0.02884136230967292,0.8492213407513296,245578317,796239.5636363676
2015-03-13,804.5193128616336,805.5211111225004,783.8574339147568,786.1531982421875,1466001,-0.01962413455340284,0,0.02122339614286358,normal,0.0021282224044540943,0.06238706244067527,0.014012216967463687,0.03844704863908266,58.113102028690506,2.5637901599389057,0.03057540086095683,0.9004713005834111,244112316,540023.4242424285
2015-03-16,784.2750144846315,799.1348638675281,753.4282733250918,777.8468627929688,1244490,-0.010565797439724744,0,0.021101515130956785,normal,-0.04533794235146671,0.05027320675079405,0.0029833017280214147,0.03707033689762085,59.0728645986528,0.7857444423061786,0.03273792828317381,0.7615231944725883,242867826,277429.236363642
2015-03-17,780.5182642878442,790.4109026700353,769.2064157235303,777.8885498046875,1239535,5.3592826188220144e-05,0,0.021096572498233462,normal,-0.02648510578490426,-0.004114838532829568,0.002747016601900576,0.03573668273941344,54.0437970893194,-0.4787370480702453,0.03242570908957901,0.7609285546323141,244107361,241178.4121212149
2015-03-18,778.3895564890834,782.438430627298,760.941722610597,769.7908325195312,1436285,-0.010409868209513284,0,0.02102704618877856,normal,-0.048302005475398424,-0.008174687980784245,-0.006964030144136046,0.033852085996714854,54.55574660675266,-1.873386849535576,0.032941099152955636,0.8871282571521564,242671076,17299.824242433144
2015-03-19,777.2208181310494,785.4020797101316,765.2411191352784,770.2500610351562,1249067,0.0005965627235673399,0,0.020987577996397822,normal,-0.03945621300518587,0.007150174331039372,-0.005768301094904338,0.03212117180757357,58.76670208797096,-2.7261596614723302,0.033095642767257,0.7942979966736025,243920143,-228094.24848483698
2015-03-20,769.7073316049749,769.7073316049749,744.6626245028608,747.793212890625,1854369,-0.029155269542401552,0,0.022003185889987703,normal,-0.048794542129109386,-0.046770165362429617,-0.03154978769706107,0.028856138815664067,51.8462664222704,-4.650827721336162,0.03552887964628043,1.1492566210720319,242065774,-460397.9939393966
2015-03-23,751.0907538348162,759.6894261599757,744.9547702052189,753.3447875976562,989354,0.007423943693700252,0,0.021980807555948296,normal,-0.031499870176675104,-0.07540967322999304,-0.02209131337858561,0.026316521001952475,41.29806266443435,-5.34841238573104,0.032484809353214295,0.606280194198847,243055128,-392248.9636363595
2015-03-24,748.1688067655379,752.301193148003,739.1109415104647,740.6553955078125,1288989,-0.01684406967267804,0,0.022027636687175386,normal,-0.04786438148012784,-0.07308179405820192,-0.03501919728867853,0.02307924123046079,39.39085560689228,-6.392222182642731,0.033073572436424024,0.784260195537996,241766139,-440665.09090907284
2015-03-25,742.7841870887237,749.3375309878717,737.1491286308997,739.987548828125,2848966,-0.0009016969075471559,0,0.020800450604645013,normal,-0.038716080306984035,-0.08514802145940847,-0.032582655759376244,0.020127928848954202,42.07999163991752,-6.816564839830418,0.031677105726002394,1.6948029220797471,238917173,-486743.75151513534
2015-03-26,738.6934587217651,738.8187026121128,716.4454458762692,722.8735961914062,2570353,-0.023127352161291248,0,0.021221347704000023,normal,-0.06150790144706997,-0.0985372455912582,-0.04998412336448599,0.016220693704682487,29.989053064289564,-7.8644084825853255,0.03203936304990812,1.4667111146540666,236346820,-666377.9272727174
2015-03-27,726.7138632329246,727.0478130173369,708.7234268381508,710.6852416992188,2023538,-0.016860976187820564,0,0.021209087746113117,normal,-0.049623305683617946,-0.09599650133296234,-0.06009413115681339,0.011850634005958094,11.677795952115602,-8.915856024412932,0.030235300857196633,1.1279996960840695,234323282,-942223.3696969692
2015-03-30,716.2369723646392,727.1314109837227,711.2697613755818,719.6597290039062,1415143,0.012627935375764787,0,0.021448940220985126,normal,-0.044713999682892025,-0.07480538467447617,-0.04383351901666499,0.00866475654229304,19.24313940802344,-8.543559640191758,0.029203678034178556,0.79981206598331,235738425,-1105190.2363636247
2015-03-31,720.4110222242612,737.9840484821282,716.2786352914774,729.2601318359375,1503993,0.013340197380947494,0,0.017387515167850535,normal,-0.0153853785998036,-0.06251334844941425,-0.028201725216354223,0.006574656165602377,19.112469394802204,-7.238987569971378,0.028537123295251175,0.8821391246036404,237242418,-1017068.4727272707
2015-04-01,729.2184747373175,739.4867956734093,727.5488273996247,737.5667114257812,865861,0.01139042054709849,0,0.017672983017749295,normal,-0.0032714569402924054,-0.04186087925765525,-0.01552619788784948,0.005352950233459941,25.29668839771857,-5.484540644312954,0.02798127561340023,0.5176397005625243,238108279,-894258.8303030175
2015-04-06,737.6917071371411,760.3571315476443,736.7316398595765,757.9779052734375,1482378,0.027673691791485044,0,0.0186371943112259,normal,0.04856216808441305,-0.015932690411248895,0.010590024901449224,0.005799109064613672,39.554307085595006,-2.755103300834829,0.02741265529885836,0.8788577099120602,239590657,-552014.442424231
2015-04-07,760.8164809500853,767.2446329746242,749.3376562468336,762.5696411132812,1212932,0.006057875576448657,0,0.01768445647822364,normal,0.07300615852104797,0.019760045916353386,0.015096401588000852,0.006507602349861585,44.1757128935609,-0.5609238830945706,0.024643651316789927,0.7430923078680886,240803589,-214756.1090909045
2015-04-08,763.7801032629711,769.4151623507953,759.188573635855,761.8182373046875,1296825,-0.000985357622546812,0,0.014994591795655194,normal,0.058581169129935384,0.011247771069143875,0.012736577605692023,0.007041527820615956,43.906330569346686,0.8430354948528507,0.023638663227740532,0.8528201412137183,239506764,133022.46060605763
2015-04-09,762.9452766925237,778.0555628426907,762.6947888600698,773.4223022460938,1237632,0.015232065042786846,0,0.015036258181484494,normal,0.060557499967777595,0.044240421303912036,0.02541233031121215,0.008342656117348302,51.3413416753312,2.464678093015194,0.022798275307215125,0.8161934502564849,240744396,505386.1030303108
2015-04-10,776.3023854578194,781.2278134876173,764.9904863803122,779.5581665039062,1161659,0.007933394524560988,0,0.014856836721087905,normal,0.0569324163192666,0.053474707430478885,0.030255680572679466,0.009894212372235867,53.29972391230971,3.78316583891036,0.02225932045554851,0.7810577826663129,241906055,763566.6606060634
2015-04-13,777.5128427058764,793.8754138014717,774.7162043753939,792.3727416992188,1374251,0.016438254059709445,0,0.015296100923228117,normal,0.0453770963328719,0.09614287459658466,0.042505838497018944,0.012148712410884777,66.96310664639616,5.260121819294463,0.02131986005312051,0.9235054770706206,243280306,889120.6242424241
2015-04-15,787.1551950779984,792.2058676817595,778.89042103287,780.3096313476562,924855,-0.015224034998596148,0,0.015035765960163894,normal,0.02326343625282057,0.09796796888868631,0.02403708232199686,0.01316237365240469,59.77603663712412,5.159353491539157,0.021534814857164644,0.6330184570921589,242355451,745283.1636363653
2015-04-16,778.4730031770204,782.8975580445741,766.4515230146206,778.973876953125,1071747,-0.0017118261019337666,0,0.014845669021351995,normal,0.022519334413854564,0.08241971248178159,0.020119114110820124,0.013891573749566177,65.1385451409854,4.747816161174892,0.021774590188557024,0.7379212945093269,241283704,539970.0181818146
2015-04-17,781.9793072602366,788.2404845080442,775.4259111687102,782.7723999023438,764984,0.004876316217530041,0,0.014882673937815352,normal,0.012089252700751452,0.07337884758856528,0.022649547513585055,0.014749384454819658,66.49504598226409,4.479904659516601,0.021726064229024393,0.5354559578088278,242048688,409433.96969697735
2015-04-20,783.3985004928086,785.3603156061102,756.0162451650891,762.5696411132812,879556,-0.025809237514739847,0,0.015839938915453572,normal,-0.021792505191515876,0.033899211149547526,-0.003388870052510984,0.013952129873439967,64.94818538526317,2.7741430703391483,0.022845113084726202,0.6278853582173788,241169132,230388.38787878037
2015-04-21,763.0704329590635,767.9123992141306,726.5886347199408,728.8843994140625,2535704,-0.04417333169734039,0,0.018618624396422572,normal,-0.08012433914499317,-0.03838305266811126,-0.043091606631400325,0.010726118463427525,55.89825818654697,-0.6101596517646741,0.026154768078892915,1.7306735136353715,238633428,-25244.369696957285
2015-04-22,740.8642067496846,762.1939393299193,730.4706428408317,757.3102416992188,2106687,0.03899910919757277,0,0.019705854574881252,normal,-0.02947469661333768,-0.006896943086252771,-0.005226092534111548,0.009976684559970472,60.83611116576211,-0.9039537419188595,0.02676357426672172,1.4255848346124957,240740115,-73502.01818181564
2015-04-23,760.5243459707738,769.7074061306843,745.3305453336579,753.5535888671875,1027886,-0.004960520306185545,0,0.019681906797014436,normal,-0.03263304308145265,-0.010848583077690988,-0.009201908609463127,0.00901063761889298,57.23522140623864,-1.2970270837645597,0.027150221145641158,0.694659808550663,239712229,-263511.7939393878
2015-04-24,754.6387102091335,754.6387102091335,729.4270304121818,742.5755004882812,1122637,-0.014568424251564571,0,0.019584533903247093,normal,-0.05135196312373469,-0.03988351728186579,-0.021433449969341267,0.007325449376375914,51.46838106621528,-2.189620142035186,0.028828407105289777,0.7629827073487201,238589592,-434738.00000000594
2015-04-27,738.818807954874,752.8438327626227,718.156926037492,723.4998168945312,945769,-0.025688544237194466,0,0.020431370825896703,normal,-0.05123443435502062,-0.07191041286987032,-0.042323750195446985,0.004416879345963798,39.812601600944134,-3.8602903001354014,0.03068054668464725,0.6872224961207133,237643823,-553988.8363636446
2015-04-28,720.7449838064855,729.5524141496949,710.8523438536121,718.44921875,1844291,-0.006980787039048475,0,0.019817768533756667,normal,-0.014316647018993933,-0.09329387428281799,-0.044549488479299626,0.0014885501059656026,36.99879172966112,-5.027218249548626,0.030975076412328138,1.3764224394895086,235799532,-630557.2121212161
2015-04-29,718.2821708825842,730.4705737895246,711.3948769011402,716.0281372070312,1323821,-0.003369871495136567,0,0.01944401888563901,normal,-0.054511483166476915,-0.08237947035153959,-0.043417307981964415,-0.001252231749736099,36.63826159994272,-5.637970396526033,0.03196256880864371,1.0144762110136818,234475711,-750314.9575757438
2015-04-30,715.6524534755408,717.4890753870462,694.7401347545488,709.8921508789062,3001302,-0.008569476546074428,0,0.01932867471243798,normal,-0.05794072065122435,-0.08868298169949518,-0.04692972509112692,-0.004099573598686512,30.850541656517436,-6.09233215840367,0.03289403036698799,2.1681971712244676,231474409,-1009717.8848484806
2015-05-04,717.9482994157057,722.7068041490625,704.7163656741891,719.4092407226562,558193,0.01340638832527885,0,0.019331175628994775,normal,-0.03119717759391738,-0.08094710440428465,-0.031000709808105653,-0.0058530151681951414,32.23189906720536,-5.4120246521410005,0.032632936692966796,0.4175127164584126,232032602,-1068774.4424242373
2015-05-05,716.2786577611786,737.4831978478987,712.9393633194015,733.8516845703125,1663346,0.020075421651727154,0,0.019706286099765137,normal,0.014308044638096096,-0.037659454290683736,-0.01045936814829973,-0.006270887826370752,32.87745062848167,-3.729531589511419,0.0325148157172293,1.20810467433081,233695948,-974333.0000000002
2015-05-06,733.8100632476975,733.8100632476975,709.6836369187519,716.4457397460938,1989322,-0.023718613979077152,0,0.019243816802674816,normal,-0.002788616024097079,-0.017065339411802438,-0.030798002578332095,-0.007926315203200529,31.880701535648228,-3.5310765067394367,0.03437010946500736,1.4187452811979033,231706626,-1066862.915151521
2015-05-07,717.9483070098305,727.7574844602555,712.688928439895,723.1659545898438,982642,0.009379935521888427,0,0.01933692906895796,normal,0.00996862694621825,-0.045086260860230265,-0.01968030739391169,-0.00883212007824441,34.635748970207345,-2.7254678379952892,0.03391465954297261,0.7066034940574245,232689268,-881387.1393939354
2015-05-08,731.0550460376219,757.2267458500886,713.3567753011071,747.3341064453125,5244650,0.033419924848614,0,0.020939991851529453,normal,0.05274316038013649,-0.008253536992935961,0.01182127945179623,-0.007758097788354901,41.22752758484711,-0.461839930670493,0.035786095630003685,3.3025791999693714,237933918,-380779.254545461
2015-05-11,751.1740445108168,752.1758427273616,719.7847067495728,721.8717651367188,2712131,-0.03407089424796239,0,0.021842052738670147,normal,0.0034229813500712414,-0.027880983600925058,-0.02053931807299536,-0.008723397131470745,40.18123355916111,-0.5692664277259372,0.037349871045378014,1.6320720118194338,235221787,-81392.96969696402
2015-05-12,723.7920509584064,729.2601352703157,702.6292933792931,704.5493774414062,1837756,-0.023996488755910428,0,0.022148997947115164,normal,-0.03992946769082295,-0.02619273565882263,-0.04001622069522426,-0.010849457393403927,43.62565425355541,-1.6364221194769364,0.036778576061769416,1.0838531909353544,233384031,95522.69090909645
2015-05-13,709.6835000898533,714.3168116898195,690.4825578820664,702.1283569335938,1842567,-0.003436268039302637,0,0.021584034404048002,normal,-0.0199839038997901,-0.022716792489248183,-0.03935208251068956,-0.012851331347044193,33.26581168864823,-2.294475234046322,0.03594145780855985,1.0718878729125196,231541464,100615.80606061548
2015-05-14,703.5892264224162,710.3095453189515,693.7383194417574,706.6363525390625,1458520,0.00642047221273967,0,0.021629543556699663,normal,-0.02285727355646372,-0.01311650224333738,-0.030119051102711736,-0.01420794107448442,35.8366504942023,-2.214191353137533,0.03492315570354333,0.8355046274205994,232999984,148622.76969697603
2015-05-15,707.9301728325204,711.5199029049899,701.3350482466379,705.2587280273438,861417,-0.0019495522792858377,0,0.021627866473714764,normal,-0.05630062652713641,-0.00652693912142277,-0.029049884597245335,-0.015446279416583053,38.041685638866326,-2.0459006971462568,0.033469457058365265,0.4964484379688421,232138567,-32555.84848483244
2015-05-18,707.9303839903649,713.6906869773817,699.1647365470881,711.8540649414062,794940,0.009351655856156604,0,0.02175532488948613,normal,-0.013877395791225045,-0.010501916508134812,-0.018102427577078473,-0.015964002601291605,45.94360970349854,-1.31779238034839,0.031136379628314424,0.4577415509575193,232933507,-141211.63636363414
2015-05-19,711.6035833461603,714.4836837051006,702.295280788452,705.2171630859375,1115144,-0.009323402340920883,0,0.0212114364750943,normal,0.0009478195083449936,-0.0390194941109131,-0.024725328550518455,-0.016868895941484885,45.441451307128524,-1.1184168902880032,0.0307698684083205,0.6377950582985225,231818363,-210723.7878787939
2015-05-20,707.2624765789346,716.4038040583091,706.2606781922009,714.2749633789062,1051609,0.012843987309289151,0,0.019222017408066058,normal,0.017299695027787276,-0.003029924314933874,-0.011049949649979407,-0.016898381026172915,49.42242883914711,-0.2567441616581956,0.02959075481724586,0.6281144513169177,232869972,-332738.3090909197
2015-05-21,714.9429054833761,722.8737291737876,707.9720982991262,721.5797119140625,998351,0.010226801875570235,0,0.017036098825762756,normal,0.021147170424088646,-0.0021934697917035395,-0.0008470714743710195,-0.016298647799078303,53.82096274636648,0.8635828411392783,0.028514400901467174,0.6167172808598785,233868323,-348889.01818182267
2015-05-22,724.1676535199891,725.3363758450221,712.8975362971576,721.0787963867188,1369038,-0.0006941929201627062,0,0.01702741593849331,normal,0.022431581107297704,-0.03513195749017384,-0.0013941498463898583,-0.015755397433208085,50.580013638399215,1.5871924142855978,0.02798427926115316,0.8368856175387284,232499285,-104362.76969696717
2015-05-25,722.080742639075,722.080742639075,707.5547904181078,711.6454467773438,642231,-0.013082272917529836,0,0.01697312209478144,normal,-0.00029306310708454575,-0.01416639194558078,-0.01309925147461255,-0.015953519374942604,42.00724171883835,1.4505497707993555,0.02734972516659028,0.3984429091504679,231857054,-9801.696969688039
2015-05-26,713.7742383467339,716.4039532905014,706.2190943186947,714.06640625,732655,0.003401918024796613,0,0.016056906997753747,normal,0.012548252690475437,0.013507965677515887,-0.00882228171730115,-0.015880854547716372,49.040047476809505,1.5350889523896178,0.02585825076266106,0.45756725768102263,232589709,42989.95151514616
2015-05-27,714.1915152879295,717.9482210959899,706.0102550522035,716.0281372070312,530542,0.002747266836614637,0,0.015998553546395185,normal,0.0024544803024195705,0.019796637090890412,-0.005521578276472483,-0.015607738362913626,47.005227139332,1.721023264075658,0.025475108695309924,0.34551542962451826,233120251,11510.59999999797
2015-05-28,716.8629673476009,717.9482277336908,703.2135722133041,706.4276733398438,2062630,-0.013407942185952981,0,0.01626355063080234,normal,-0.02099842654115991,-0.000295313421774801,-0.01709041704909431,-0.01605702884951643,30.446924277566268,1.218968272662872,0.022875378900766023,1.3117306866428062,231057621,-54377.98787879018
2015-05-29,707.5128970542717,718.5325771460102,703.8396533724983,717.572509765625,3787109,0.015776330467195177,0,0.01654038056098312,normal,-0.004862556822726627,0.017459949446813283,-0.0014330972169196432,-0.015525364964165567,47.619092687022516,1.633151791519671,0.020758379782287832,2.3497026954694578,234844730,52419.000000015185
2015-06-01,717.5726204404908,737.5666559975253,711.6453932185508,735.3126220703125,950336,0.02472239677977872,0,0.01718020985728974,normal,0.03325697564727559,0.032954166147575625,0.020992724056243084,-0.01363007677670891,66.95807995607268,3.0170764891987956,0.020188635433672227,0.5825468870261062,235795066,231246.521212125
2015-06-02,737.9839235080439,738.5265791273491,710.351287930068,711.8956909179688,928603,-0.031846224924593436,0,0.018082523564344383,normal,-0.003039934819831447,0.009470172000362043,-0.01043615472905024,-0.013745731831197094,54.37213948181727,2.302845660595116,0.021288276849190053,0.5823387560711175,234866463,250394.47272728148
2015-06-03,712.10438740326,713.523597428191,691.7346752836814,694.1139526367188,1074518,-0.02497801083515616,0,0.018166473740279684,normal,-0.030605200314881342,-0.02822583987378624,-0.03191238074179048,-0.015177813785801186,44.98997589820103,0.6653489495073401,0.022370570549035625,0.6937434268588615,233791945,244092.95151515392
2015-06-04,695.8253927906921,697.0776280506634,684.5970064355666,686.767578125,1273078,-0.010583816221835352,0,0.01808985637484769,normal,-0.02783030161020572,-0.04824433560738539,-0.03829711882679376,-0.016946253755591778,42.939193803175876,-0.8005485746417484,0.02284864486967207,0.8143054401769231,232518867,223732.11515152303
2015-06-05,685.8909842391582,707.3459589122865,681.5081607553972,692.1521606445312,1564172,0.007840472804834686,0,0.016231106721609396,normal,-0.03542547794841888,-0.04011577637164909,-0.027909436835394597,-0.01800889284596241,42.406658135420976,-1.2677617343165215,0.023838251994397673,1.1339778341135882,234083039,213777.59393938523
2015-06-08,691.2339827519045,692.068806402571,675.37233338924,678.0855102539062,1108643,-0.020323060723419717,0,0.015131118829215988,normal,-0.07782691347699189,-0.0471582255959232,-0.043322405019497356,-0.01997567073981199,40.10957397244364,-2.3229695534716353,0.02481642248769146,0.8533320628009874,232974396,81339.21818182462
2015-06-09,673.7026181792515,691.6930558469763,672.9512565879514,684.3466186523438,769058,0.009233508611757646,0,0.014517906144001906,normal,-0.03869818657014379,-0.041620481425156286,-0.03130708880684363,-0.021130428004967006,38.863001651655196,-2.388840702243531,0.02537794473621555,0.6173413850305843,233743454,26149.587878798255
2015-06-10,683.094347298031,688.7294060750083,679.5463473273416,684.9309692382812,959272,0.000853881015863367,0,0.014517199232475174,normal,-0.01322979226041232,-0.0434300921330395,-0.02765737410953495,-0.022017267434085497,35.64416940297545,-2.187994488669281,0.02475992763152874,0.7983333462328726,234702726,44668.56363637654
2015-06-11,684.5552000465144,698.3297863889137,681.2159063877509,681.80029296875,1263695,-0.0045707909411847325,0,0.014423728261662617,normal,-0.007232847493778838,-0.03486185677673215,-0.029133509703263116,-0.022960759795158214,34.92464183260269,-2.0626011428590036,0.025363398740392097,1.0602784129120724,233439031,-162431.46060605752
2015-06-12,679.0036777045882,685.8075096547201,676.9166189411837,679.9637451171875,833644,-0.0026936741894986183,0,0.014425397941389284,normal,-0.01760944517747931,-0.05241110011407957,-0.028812140138779863,-0.02384862274707178,37.08735729058714,-1.9037841816474916,0.02483995421782923,0.7002684836845887,232605387,-191394.61818181927
2015-06-15,679.5462925385515,690.7746782018025,674.9130325528682,686.0161743164062,626620,0.008901105746712545,0,0.014407529912338604,normal,0.011695669561690547,-0.06704148177833458,-0.018281894842208657,-0.02405734148053762,38.89614528381847,-1.224548198826911,0.02521187358065034,0.530114105407279,233232007,-95679.21818181977
2015-06-16,682.9690821821166,700.709081484739,682.3012335755578,697.035888671875,864766,0.016063344813188385,0,0.014817456833855859,normal,0.018542168067579246,-0.02087356678185881,-0.0022735034694770784,-0.023275467566441388,42.984879466328806,0.0650611991763288,0.02547628862258311,0.7394142169258808,234096773,16365.751515155558
2015-06-17,701.2518774125455,725.3365197255749,701.2518774125455,719.6597290039062,2574818,0.03245721016623482,0,0.016318571768760146,normal,0.05070402905601901,0.036803433024429566,0.027164407201418994,-0.0207101544074465,54.45854344732275,2.4100372961327956,0.026021861412758397,2.0669830939738207,236671591,206550.38181818096
2015-06-18,719.6179616578072,724.6269033862837,715.5273055314485,720.1188354492188,1234051,0.0006379493346779785,0,0.016157894256717587,normal,0.056202003542150214,0.04856265552790617,0.025103680094401337,-0.018367037133077968,50.924563802415186,3.8735747739620567,0.025450469492503427,0.9813730137312189,237905642,344270.21818182565
2015-06-19,718.0096772543918,729.6517509113148,712.737017623835,723.57763671875,1376406,0.004803097904491738,0,0.016191778093624674,normal,0.06414149565289828,0.04540255432411766,0.027090134529654808,-0.015988488394429567,45.24602405348737,4.890527404051371,0.02443972563561185,1.0942595469138083,239282048,596050.636363647
2015-06-22,728.808132398728,739.0159809455995,724.2103628583802,736.86474609375,1039509,0.018363073567687627,0,0.016350112756121818,normal,0.07412153485741468,0.08668410539820282,0.041393264866028456,-0.012813693719826547,61.01967844938539,6.190332127425087,0.022764363582237535,0.813574325084502,240321557,767603.7212121312
2015-06-23,740.7032680119399,742.2217837757595,735.093137242173,738.762939453125,741773,0.002576040405566582,0,0.016347082485471696,normal,0.05986356148857164,0.0795157297743958,0.039711530388119254,-0.009861724138980676,72.91819265807287,6.858362119062332,0.02128841825635705,0.5803434251280247,241063330,941831.1878787869
2015-06-24,740.2814813049835,766.7713463605445,739.8596684951231,756.3525390625,1812148,0.02380953167790989,0,0.01707175434963877,normal,0.05098633226202742,0.10427557379051988,0.05797097829939868,-0.0058865748099363735,82.31918683828273,8.081146006644472,0.022259754676202476,1.350089918553835,242875478,1190128.7878787818
2015-06-25,749.6035296787056,757.4914600710136,741.6312573212522,745.13232421875,1257404,-0.014834636316098715,0,0.017146221852386352,normal,0.034735223602264886,0.092889416304347,0.038096653927449875,-0.0032965747048074867,73.34167655788744,7.730544917078667,0.02163848763229504,0.9657620619161806,241618074,1186530.7212121324
2015-06-26,745.764958940205,752.0078083783384,738.1723292677369,749.0972900390625,758668,0.005321156647538627,0,0.0168875355503343,normal,0.03526871482103555,0.1016723985923107,0.03930291523962426,-0.0007304750845518182,84.34281625633824,7.363618972859802,0.02124320326861323,0.6593907257784497,242376742,1069598.363636372
2015-06-29,735.6415368223514,763.4811821378762,732.5622827290028,759.6005249023438,1221747,0.01402118924063056,0,0.016298563214613985,normal,0.03085475174259611,0.10726328815681652,0.048495380440117586,0.0023093741084232455,84.95993512495818,7.406169668909255,0.022094533005056982,1.0494939287904919,243598489,942640.7515151666
2015-06-30,765.1683238662372,778.7506737376585,764.3246983713461,773.3515014648438,2318253,0.018102905555874793,0,0.01461961376439113,normal,0.04681956844955315,0.10948591605287317,0.06066006911310695,0.005991286262025497,86.59929301626184,7.89352494153711,0.022622253711586444,1.8792397594333035,245916742,874130.0424242349
2015-07-01,773.3515137284079,781.1972206571472,769.3864635413804,774.7012939453125,1456248,0.0017453803062541517,0,0.012931433079732971,normal,0.024259527052762797,0.07648276362162187,0.05622314265095607,0.009254353926054781,89.02926970861577,7.824721600034571,0.022093882527796933,1.1624886799391059,247372990,913433.2242424157
2015-07-02,775.9667666695503,783.8968673957929,769.3864977109752,779.0460205078125,962649,0.005608260366229301,0,0.012360036140952031,normal,0.04551365601354096,0.08182980663439277,0.05589714171697979,0.012370350421661458,90.76698067530944,7.584231171729725,0.022485899775513803,0.778101148323781,248335639,957800.6727272731
2015-07-03,777.8227598480175,784.1499514953713,773.6468030626006,779.9318237304688,512931,0.0011370358096161048,0,0.01240958894188602,normal,0.041162255025376515,0.07788270968029276,0.05138045437601568,0.015082056094497531,90.35700160199079,7.01071110534642,0.021969613772829577,0.43299378705396435,248848570,995482.3696969788
2015-07-06,773.6047555629058,784.5718895021837,771.6222557932897,782.420654296875,595187,0.0031910873369700443,0,0.010786076920488689,normal,0.030042277021155472,0.061823975763021455,0.04926577853394409,0.01755463348858699,89.59406953891299,6.344842014632356,0.021401439751954437,0.513560489009656,249443757,1018971.5696969735
2015-07-07,777.4852666126036,782.3783358714584,772.4235134406705,779.8052368164062,715696,-0.0033427255097440156,0,0.011027404459028046,normal,0.008345151382441518,0.05555543621836678,0.041220793201934613,0.019425868167201488,84.24488632809513,5.315793938319148,0.01979665640574548,0.6189673427389739,248728061,942302.2181818135
2015-07-08,776.1354170491028,796.3824279286446,774.5325080914811,782.5891723632812,1791894,0.003570039563007388,0,0.010969388930610351,normal,0.010181831990751178,0.03468836547214038,0.04048491610473626,0.021176333755707155,84.65122420237256,4.4455150370320204,0.020889981868441265,1.495856079113429,250519955,991276.5757575701
2015-07-09,782.5893848617376,788.6212775963025,769.7240932053504,777.4432373046875,1153644,-0.00657552549961038,0,0.011086748856921723,normal,-0.002057366523841919,0.04336265121743921,0.030341849830466616,0.02222218013375654,79.32938169066321,3.2041729924322766,0.021210393865568965,0.9674952121883645,249366311,800837.6363636397
2015-07-10,779.9318585616951,779.9318585616951,751.9234786537439,759.4739379882812,2198242,-0.023113326419435976,0,0.012799722740982055,normal,-0.026230351320114087,0.01385220329481851,0.0059019132430009336,0.021699930276016355,61.71328107460308,0.9696688518864782,0.022894448503288835,1.7437608908605973,247168069,447154.43030303775
2015-07-13,759.9378814214363,771.4955616980171,751.2485485971397,768.289794921875,1103160,0.011607846553557177,0,0.012850427088543144,normal,-0.01806043756308906,0.011439262789672666,0.015877566545137833,0.02182116112412591,64.27402993318674,-0.0630376248518516,0.023851368672811797,0.8588513909778563,248271229,177016.6969697097
2015-07-14,768.1211665356733,783.8125832787874,761.6252386292441,782.2940673828125,662369,0.018227851721447808,0,0.012950515660221859,normal,0.0031916053508014297,0.011563391163048387,0.031017529821117718,0.022883236731600753,62.99112622812123,0.042911804740292325,0.022892891217849487,0.51977421878473,248933598,40919.10909091366
2015-07-15,782.0408982850763,788.7899028010208,776.4307676848701,783.7281494140625,980533,0.0018331751332945068,0,0.011352859184700413,normal,0.0014553958718106497,0.011652046458808796,0.02968049140123452,0.023818786734667086,71.42852301870015,0.05469666116845673,0.022531915867284348,0.8207868641020248,249914131,18820.387878791124
2015-07-16,784.5717108542055,792.5861530618561,778.877238759296,790.3505249023438,667588,0.008449837476467215,0,0.011353370750435968,normal,0.016602225060705855,0.01451070167480295,0.03459930663562605,0.025024198466922165,72.2474465696972,0.33782330863404475,0.022331681735985962,0.5723969798743028,250581719,66510.44848484872
2015-07-17,790.5191632000999,794.652948216829,778.0335176978514,779.762939453125,848156,-0.01339606303231966,0,0.012054460260962529,normal,0.026714546016662455,-0.00021653723082615262,0.01872754399886123,0.025188106589477233,60.863499947711716,-0.32288970182615806,0.021325027012258573,0.7440683199286037,249733563,74907.64242424147
2015-07-20,779.5100537892799,785.8372457843228,766.8978407809972,770.3145141601562,738505,-0.012117048419350684,0,0.012045153137932063,normal,0.0026353587561152025,-0.015472674539245057,0.0057721044818577205,0.024536435292225045,48.284116960613105,-1.4671129860464962,0.021567051263797907,0.656542409707694,248995058,71974.69090909582
2015-07-21,771.9174609237696,773.478147762095,734.8822747159065,751.9235229492188,4915170,-0.02387465233079311,0,0.01338933599277413,normal,-0.038822414357812085,-0.03575471483240611,-0.016531897011032748,0.022522114974672602,39.20868738964808,-3.4217588855693357,0.02463898869652673,3.6858902253122134,244079888,-241332.73333332327
2015-07-22,754.2012944094582,778.6664370692729,751.796982020253,776.557373046875,1433553,0.03276111113140412,0,0.014310948555199685,normal,-0.009149571024785308,-0.007707491400872901,0.014172378275679742,0.022503514732527874,49.01108101500623,-3.0283524728256133,0.02499419575165823,1.09050279448601,245513441,-300645.26666666166
2015-07-23,775.291741229567,775.291741229567,755.2134670432197,762.8482666015625,1049783,-0.017653694267976472,0,0.01449216711153547,normal,-0.03479754543615876,-0.018773037056344033,-0.0033773290839602677,0.021391594284182247,43.839321442076454,-3.623911056891277,0.026458429158836734,0.8049255987660776,244463658,-433443.2727272598
2015-07-24,763.481239934466,768.922635865313,757.2383893099425,764.999755859375,624104,0.002820337086688607,0,0.014466185950276565,normal,-0.018932912615857278,0.007275849235499399,-0.0005125908406733437,0.020503556767077935,43.70234683691994,-3.787667785559897,0.02626586723752136,0.48101590895392926,245087762,-619322.6121211998
2015-07-27,764.3248853785366,767.8259526352656,755.0450026642277,759.3474731445312,1305606,-0.0073886072139908165,0,0.014254210798187075,normal,-0.014237095126763855,-0.011639256223952676,-0.007150654620775465,0.019238603709700763,42.76341072685427,-4.161580713556981,0.026723241006266753,1.003028778058662,243782156,-777656.9818181688
2015-07-28,753.5685692455401,772.7610516976375,752.0922244415326,763.270263671875,1648693,0.005166001950462906,0,0.013675050923066414,normal,0.015090285615951604,-0.02431797006282077,-0.0018294125242648285,0.018356349509878855,43.22088095714381,-4.02707045289662,0.026475368867819947,1.3000408339300191,245430849,-747491.7030302981
2015-07-29,764.4512198536395,775.3339572319768,756.7320264126377,758.5880126953125,1332413,-0.00613446009810148,0,0.01371836140636177,normal,-0.023139771735163017,-0.03207762377496004,-0.007200708693084534,0.017175878576158654,43.36198909121539,-4.1209167751898335,0.026610982375000453,1.0557999571788703,244098436,-682177.0666666578
2015-07-30,763.4810224551964,788.3258019371215,758.5880052061317,776.7259521484375,1997547,0.02391013191558322,0,0.01475118530391526,normal,0.018191934299987444,-0.01723864579654666,0.014938748642194133,0.017421457509320115,56.06639495727981,-2.8872493563846717,0.026148607436917895,1.520505561722434,246095983,-392906.1818181796
2015-07-31,776.388601441963,783.0532640384502,770.3988804938431,777.5275268554688,1616033,0.001031991662972187,0,0.01475076057418463,normal,0.01637617646298528,-0.002866784870827588,0.01444167850173006,0.017626163893531333,53.442316168794505,-1.9859785993793375,0.02542414338197393,1.1805393522857652,247712016,-17659.218181818207
2015-08-03,776.9790635394285,780.1848300506578,764.7464941351703,767.4461059570312,1813626,-0.012965998694875136,0,0.015004098547488265,normal,0.010665252863702568,-0.0037236844826328275,0.001165578471070683,0.016995773220317423,44.30047649683686,-2.0302946406869538,0.025129972155793653,1.268433362830141,245898390,233932.62424243314
2015-08-04,768.1209741227331,771.4533049566282,759.3050778502901,766.0962524414062,2728548,-0.0017588903053220584,0,0.014994477181438412,normal,0.003702474607010453,0.018848631622267575,-0.0005386913643931068,0.01628488461152844,43.227458425487995,-2.1031073639924047,0.025154586456357333,1.7828306141098187,243169842,46551.945454541295
2015-08-05,768.2897719292031,770.1035359040525,763.481096163491,766.5181274414062,2869226,0.0005506814563516205,0,0.01496354277148058,normal,0.010453783362483593,-0.012927886533456112,1.0579771439367391e-05,0.015636934056742602,40.38794809634748,-2.0721033103448336,0.024480383424375883,1.8110085307941406,246039068,122275.56363638076
2015-08-06,767.6993050833964,768.0367759237175,761.4142839908682,765.8011474609375,1105175,-0.0009353725043163008,0,0.014904596647406296,normal,-0.014065198487679953,0.0038708626455032924,-0.0008367998904122986,0.014962477079971226,43.88181839578738,-2.0456105175853088,0.023570858674581276,0.6986370516748356,244933893,61360.13939394176
2015-08-07,765.8011491284151,766.8978521256153,760.0223342837855,763.3546142578125,849340,-0.003194736925162145,0,0.013960072065105664,normal,-0.018228181135882537,-0.0021505125837777417,-0.0036465613684262266,0.014140599881220739,46.75071479088555,-2.1290477776907606,0.022517561396448817,0.5608216915323545,244084553,-9975.806060613024
2015-08-10,763.4811039903243,766.8556061074087,760.10660187324,764.4512939453125,1089645,0.0014366582280587181,0,0.013711301712356789,normal,-0.003902309215556121,0.0067213245336101846,-0.002004598999779117,0.013453938736927684,56.97501425552839,-2.0460410465487398,0.019509559560198775,0.719816969519329,245174198,-96756.86060604917
2015-08-11,761.7938133908877,764.1981254281881,746.6085546521989,749.3081665039062,1430428,-0.019809146195898242,0,0.013664226326052615,normal,-0.02191380767625417,-0.01829246838570797,-0.01974125589737319,0.011694037639936372,33.035809958939495,-2.89478500665705,0.019043356627938934,0.9215585063519547,243743770,-168521.63030303334
2015-08-12,749.9829520740682,749.9829520740682,725.1803456611229,730.8748168945312,1406250,-0.024600492071747526,0,0.014519150434337609,normal,-0.04650028390828842,-0.03653260444007611,-0.0398457582487195,0.008761018103161655,31.200525384618146,-4.486416179774589,0.019861667597025325,0.8937256455789466,242337520,-385369.03636363073
2015-08-13,730.579778419594,741.5469113519898,717.0817686566454,731.0437622070312,976700,0.00023115492365421986,0,0.014280908744685569,normal,-0.04538695896336353,-0.05881378086447164,-0.035985917241450616,0.0061857502228992445,29.55827637470486,-5.262858276205256,0.021105868921540195,0.6146923040831913,243314220,-394427.66060605325
2015-08-14,734.7978546866174,741.5468590924646,723.4089097517501,734.418212890625,742844,0.004615935266865989,0,0.01421141599571185,normal,-0.037906892585330754,-0.05544410001686939,-0.028618607626230586,0.004169692597917107,34.56923238503835,-5.271090291784064,0.02152990810363494,0.4690680183798354,244057064,-221513.64848484754
2015-08-17,737.7083349504902,741.5468207094696,725.5179360752489,736.1898193359375,373170,0.002412258321235816,0,0.014086016841227083,normal,-0.03696962099902834,-0.04072766332186428,-0.023832606314796,0.0025302313617594496,32.77907931732052,-4.887667469271959,0.02102790850074926,0.23838746660821913,244430234,-104850.86060606485
2015-08-18,735.6415203820436,740.5767095268108,732.3091889766445,736.3585815429688,606035,0.00022923735509339238,0,0.013129852192983299,normal,-0.01728205502064284,-0.038817147066924185,-0.021408508244982416,0.001105953186026909,35.00303474765475,-4.370012431706446,0.020020626319318842,0.4489361143393507,245036269,-119238.98787879152
2015-08-19,733.4058872228941,746.8195547213047,726.6991049645086,739.1847534179688,548163,0.0038380375347537576,0,0.010561420481966444,normal,0.011369849297512058,-0.03565913583110514,-0.015998330259305638,7.259263813219619e-05,18.077934318108447,-3.6158097555985735,0.019014741007311244,0.4198338710472342,245584432,64931.06060606422
2015-08-20,733.9544153709629,760.8238753833264,731.4235380765803,735.683837890625,1086427,-0.004736184710460556,0,0.00995787162811401,normal,0.00634719277213347,-0.03932784596911143,-0.01872809201159209,-0.0010885696142990398,15.981112058331107,-3.14841892783563,0.020731114932420018,0.830920169592527,244498005,121673.86060606303
2015-08-21,731.4234616469489,749.1396008563905,726.3195366014414,745.8916625976562,1428246,0.013875287428223748,0,0.010516871472025029,normal,0.015622501601468164,-0.022876591473983465,-0.004627995493945769,-0.0013323161820766316,32.51219671624584,-2.0032619504272198,0.021154295319838225,1.059761004952305,245926251,204981.81212120768
2015-10-01,689.9169457222849,697.8892172510585,684.3490378400896,688.7359008789062,903859,-0.07662743074469858,0,0.019882836414460606,normal,-0.06445880832722728,-0.09904541161234892,-0.07376429917724514,-0.005825047656789262,17.06191509244698,-4.787746174840745,0.02803249219818519,0.6808123478855069,245022392,289307.75151515024
2015-10-05,692.2370672182177,695.1475862208272,675.7441948578671,683.1680908203125,1344972,-0.008084100235647096,0,0.01975809069231597,normal,-0.07223449560566086,-0.08826819009885833,-0.07408709564388671,-0.010156530398173325,16.001479834270512,-6.586151312485773,0.029597267723093724,1.0247933922079868,243677420,206749.78787878357
2015-10-06,689.1998974865284,701.8964516074665,684.9395987935648,699.61865234375,1470601,0.024079815413633465,0,0.020820352595012047,normal,-0.05352667366482633,-0.04276541458028049,-0.047091057389380464,-0.012660734561531606,26.07501306201989,-6.252053606514634,0.030137295127015164,1.1146475126706177,245148021,111460.66666667817
2015-10-07,690.0858319357612,698.5220890498904,688.3985805129355,694.7679443359375,1126929,-0.006933360040591308,0,0.019773865373881285,normal,-0.0556161375951969,-0.049621951169621537,-0.048833569875823435,-0.015173516281791977,25.629515827789348,-5.944005948432707,0.03079436704211373,0.8833041355621015,244021092,-14250.654545450448
2015-10-08,697.6782013380356,701.85415733949,689.6637600892915,693.375732421875,673062,-0.0020038516822954433,0,0.019733768448752517,normal,-0.07040691404551735,-0.055884344571479616,-0.04613014319682185,-0.017422405524590734,24.798082017223408,-5.434173590024946,0.03141674707968894,0.5478006446523181,243348030,-135719.66060606137
2015-10-09,696.834697695408,700.5466706765528,683.3366890233419,690.085693359375,740404,-0.004744958481613271,0,0.01965595291073326,normal,0.001959811415008561,-0.06262532402057619,-0.04605399751033812,-0.01957920838943028,27.07383196693229,-4.933322059468848,0.03150103422169147,0.6301304202923368,242607626,-264101.9878787808
2015-10-12,690.9294117929048,693.8821015868916,681.1011523108766,687.4283447265625,760378,-0.0038507516651683504,0,0.0196427550170895,normal,0.006236025896839692,-0.06644892589406326,-0.045205554125596015,-0.02160058431790246,30.840854856274177,-4.412734138647986,0.030373672262850378,0.7062819578843513,241847248,-371464.9272727156
2015-10-13,689.2421084901559,690.9293596737303,679.7934915639751,685.7832641601562,860797,-0.002393093882476771,0,0.01960829547851178,normal,-0.019775613667881276,-0.07224376451338532,-0.043162786301608635,-0.023419074698855957,30.29740883192852,-3.8324078129450356,0.02905820723037751,0.8818094161244762,240986451,-450581.4303030222
2015-10-14,686.7534006612908,687.5548552692778,663.9333387692291,672.538330078125,3479601,-0.019313586047118858,0,0.019819535941046587,normal,-0.03199573964089497,-0.08583239777776375,-0.05610136300003543,-0.02595830082583661,25.194414486007844,-3.976600996696675,0.030212873623506397,3.1780296614494272,237506850,-736189.7151515109
2015-10-15,660.5588618182701,675.7441230094947,648.7481031139843,667.7718505859375,4110634,-0.007087297896662292,0,0.019806766206339074,normal,-0.03692641758099369,-0.10473345651787713,-0.05715273253711339,-0.028463966308192146,23.216606774218207,-4.0172114849757214,0.03160163513852176,3.26770563944045,233396216,-1066056.7272727205
2015-10-16,664.7769092729897,667.2234438755236,659.7151561566978,662.2460327148438,2121262,-0.008275008696825292,0,0.019721501466646384,normal,-0.040342324022117126,-0.03846157595423494,-0.059134446099455396,-0.030994378667207,22.155236859122823,-4.030072641377934,0.031842581650367935,1.6198551229628217,231274954,-1420006.9939393874
2015-10-19,667.6902301652278,677.9407829397442,661.8205923185348,675.3462524414062,1733760,0.019781499743922737,0,0.02034099067888771,normal,-0.017575784265867145,-0.011449361414866743,-0.0368054517595815,-0.032067085750817736,27.734231971184542,-2.8270112946708466,0.03080181536323901,1.3087898004740226,233008714,-1602417.7212121235
2015-10-20,678.3663494285197,678.3663494285197,666.0741657429842,669.5618896484375,1428531,-0.008565032784379922,0,0.019836666030830265,normal,-0.023653791743641128,-0.042961637164219635,-0.04093994125498879,-0.033351695061175524,27.299392494694388,-2.1236263510896087,0.029242822663178552,1.0774708081327105,231580183,-1635390.6060605948
2015-10-21,670.3274857685025,675.8143137709332,669.476816370319,672.3265380859375,879891,0.004129040915025195,0,0.019901304282664994,normal,-0.0003149143814047406,-0.032300578103743094,-0.0335762960307493,-0.03413890350417126,23.38376903484361,-1.219883398979011,0.027371451749504908,0.6660904270721176,232460074,-1531039.393939394
2015-10-23,676.2820757780208,685.2991493534349,673.0920659866151,680.70556640625,1956438,0.012462736253379125,0,0.020155465765919686,normal,0.01936846515612145,-0.01827316045713001,-0.019521376319723727,-0.034038548088775156,45.50972837011832,0.12314134131332466,0.021937923613741316,1.416007434546031,234416512,-1224710.6303030313
2015-10-26,682.9172639846654,689.0420929730161,681.0883562483482,687.8511352539062,754383,0.010497297510553505,0,0.020362213598923023,normal,0.038664033114846674,-0.003238087859191552,-0.008357393826845083,-0.03325915822727221,52.5731859051107,1.5920986540217612,0.020560809820373456,0.5385685412270338,235170895,-818333.145454539
2015-10-27,686.2776406431376,693.1680430408868,679.8550961009088,690.8712768554688,876427,0.004390690727649416,0,0.02042012981453387,normal,0.022988243968096178,0.005008423285594477,-0.0036235034017192413,-0.03221861021274641,44.3613767467626,2.7960790497558783,0.019911033448222266,0.6197166566524417,236047322,-324700.2242424183
2015-10-28,690.4032486877885,697.9742269451908,687.2558135154248,696.2728881835938,1123867,0.007818549575125955,0,0.020509262762931232,normal,0.039893248029963635,0.015295829705444408,0.0037683901616987203,-0.030763230420983723,50.96325662544135,3.9164694102174202,0.019705102111250802,0.7788279532117098,237171189,243150.20000000435
2015-10-29,689.8928023296397,695.8474874298956,679.8549149733552,681.7689208984375,1558590,-0.020830866074641463,0,0.020902096470604974,normal,0.014044340476848882,0.013725003330650631,-0.015533859577143594,-0.030544315465128036,43.638656586606004,3.6464804918807694,0.020567229805527484,1.0627004082006688,235612599,540258.824242426
2015-10-30,682.2368228025172,689.8503239149471,676.2821373167097,681.0884399414062,1209468,-0.0009981108498382518,0,0.020509128397925777,normal,0.000562465703310755,0.019941824956808407,-0.014967012221195786,-0.03029884669320171,44.923671351187544,3.393053579579286,0.02020584852879928,0.8308539295415853,234403131,520314.8181818316
2015-11-02,679.8974741861776,684.6612017512488,673.3473098436524,682.8748168945312,553599,0.00262282671143077,0,0.011468130234969641,normal,-0.0072345862415973405,0.031149728591231884,-0.011217295420749895,-0.02983288278890739,47.40535934755769,3.312988122656428,0.01999953681444909,0.3849303393727502,234956730,376944.6242424159
2015-11-03,684.7887805783699,687.7661231026237,681.5562476504697,684.3209228515625,349296,0.002117673578310608,0,0.011332800724870569,normal,-0.009481294451435973,0.013288991206677148,-0.008261661921041163,-0.029203133171645468,49.1648511762635,3.3165131608334555,0.01944310480278616,0.25158241968303136,235306026,323583.35151515587
2015-11-04,686.3201029019781,695.9326573172015,679.8550358406093,681.38623046875,945881,-0.00428847385022757,0,0.009858924176611241,normal,-0.021380493147850954,0.017659817565962577,-0.011336340623318675,-0.028785221687778084,55.7275747298284,3.0851149935356403,0.018736031352478526,0.69439791906956,234360145,95546.9636363631
2015-11-05,681.3861087745078,690.4031825792603,678.6214335516399,682.7897338867188,462520,0.002059776607172159,0,0.009792039994204204,normal,0.0014973005618033053,0.015562669637538384,-0.008421667339614358,-0.028204223764280667,60.16417808100344,2.988423706626703,0.01710591059608215,0.3480369252338773,234822665,-82298.16969696099
2015-11-06,686.2349974655932,686.4476648100464,677.3880151680465,679.7273559570312,726024,-0.0044850966230192135,0,0.00982344910839194,normal,-0.0019983953691712353,-0.0014370536947173607,-0.01165766153105563,-0.02784324501613933,62.23957977217717,2.689419463056412,0.017288372608305163,0.5452318925631289,234096641,-197952.87878788318
2015-11-09,675.4315171989714,686.4902196216246,666.9248230276997,682.7472534179688,1247468,0.004442807008532945,0,0.009851312683162307,normal,-0.00018680360353984238,-0.007420038398357143,-0.006579138788399108,-0.027184326571808137,56.03348074787337,2.66131054938859,0.017572338640235864,0.9193238540444747,235344109,-191394.45454545392
2015-11-10,682.2368317531389,688.7018981685394,674.9210959714627,683.5553588867188,880293,0.0011836085238050575,0,0.009825155770220485,normal,-0.001118720675167495,-0.01058940820647336,-0.004891232769699161,-0.02644639727624043,62.415131938766116,2.657250033229369,0.017707118639441286,0.6458796869846835,236224402,-80491.14545453707
2015-11-13,674.0278894161783,680.1101964945888,674.0278894161783,677.7283325195312,1029232,-0.00852458588968974,0,0.009990262908370344,normal,-0.005368317975404824,-0.02663403383756724,-0.012115829179179971,-0.02617923735410388,54.54551991281115,2.238980422476546,0.018195566560483874,0.7505201503691686,235195170,47050.27878788704
2015-11-16,675.4313505093216,682.3217503192742,663.6070277610814,667.0097045898438,1186659,-0.01581552285093324,0,0.009669826865883874,normal,-0.02311111095219409,-0.021648414669803384,-0.02516433558209663,-0.026721704783094657,38.91175677051266,1.265745286621975,0.019102873171235612,0.9442575567185826,234008511,29910.593939405593
2015-11-17,668.5409661381178,680.5353814682032,665.2233353851686,679.0892333984375,792593,0.0181099746007769,0,0.010364808182355953,normal,-0.0009387919332675132,-0.002935311224986803,-0.006799703593111883,-0.026118141271362028,43.431113519034234,1.447727317962583,0.01949677970673119,0.7266101832117094,234801104,-5184.454545460298
2015-11-18,678.8342382074078,686.3626422613352,672.4116940822008,675.0062255859375,721764,-0.00601247613964806,0,0.010271419008408843,normal,-0.011338057814627822,-0.01152274342811066,-0.011569054310265892,-0.025829746716959034,38.292392687885716,1.3094822987031502,0.01968222543478371,0.7070335221919486,234079340,-47565.7636363654
2015-11-19,678.4087953383457,682.1091861809878,673.9853044077918,675.9418334960938,861404,0.0013860730089476636,0,0.009277025477933824,normal,-0.011138125525085307,-0.012244385748945263,-0.009236653801195649,-0.025409068322088335,33.93800172045998,1.295063956284018,0.01938081113333785,0.881487457639884,234940744,-9039.969696982569
2015-11-20,680.4078884134748,683.4703293590723,675.6866836998431,678.9617919921875,845026,0.0044677786555598065,0,0.00909335398042193,normal,0.0018199910103664507,-0.0035580972554943857,-0.0043540282823397725,-0.024704420898817192,47.29069320835366,1.4890802815724733,0.01838625306626765,0.8913389466269476,235785770,16947.07878788271
2015-11-23,676.3246165835949,681.1309188969078,669.4767391027139,673.049560546875,692990,-0.008707752799999247,0,0.00929216650990026,normal,0.009055124558862593,-0.014265260381697176,-0.011798132998272592,-0.024483138333891485,42.95293179738789,1.230143352153224,0.018344635049082157,0.7382474477096475,235092780,18689.036363643314
2015-11-24,675.4314038747232,692.0194547255508,672.6667287329186,690.700927734375,1188716,0.026225954554011777,0,0.010664603635886522,normal,0.01709892274072411,0.01614407847672017,0.012756641619786402,-0.022760993081454517,55.36755280984104,2.2018480699101506,0.018707157430939557,1.3203407715120348,236281496,33594.327272723676
2015-11-26,693.0402876593186,698.8248285031959,687.468414140001,691.1262817382812,1282221,0.0006158294955553867,0,0.010416889037920768,normal,0.023881344410343397,0.012272518532100207,0.01209060291223052,-0.021143899277441314,54.73374866158955,2.7896143882473403,0.019227543889109945,1.3836391184694883,237563717,175120.38787878922
2015-11-27,691.1689189426666,698.1869418119305,687.3409064685226,694.31640625,897445,0.0046158344661630935,0,0.010421675521266787,normal,0.027183659663242876,0.015742759124597328,0.015141669030973137,-0.019399123765036164,58.962270536632914,3.2760069736348187,0.018600995273891086,0.9673320306874849,238461162,397379.8545454599
2015-11-30,692.0194731839185,702.652839397562,684.0231610229653,690.7434692382812,2959644,-0.005145978086584679,0,0.010332234084105546,normal,0.01735248932274125,0.01920406170768274,0.008964754852670787,-0.018100401429402946,55.35200323303478,3.234293494851406,0.01940534308130488,2.9029162271104862,235501518,362476.4848484858
2015-12-01,690.615850001375,711.8400594071429,690.615850001375,708.9478149414062,1404347,0.026354712731775587,0,0.010786230769152798,normal,0.05333671767850601,0.06287481285950847,0.03206090445457033,-0.015424549398171505,66.33374683900163,4.246163753699346,0.02013266819773286,1.38792849981148,236905865,321349.9515151511
2015-12-02,708.5225280900864,710.9043919051238,700.4411691999951,705.9705200195312,983626,-0.004199596725072197,0,0.010856767357205309,normal,0.022107386383920513,0.03958432161642289,0.025019961531733248,-0.013284123782639434,62.9876025723297,4.503915290362542,0.019296635572792764,0.9830976833049919,235922239,244291.18181817353
2015-12-03,704.2264614009375,704.2690363966096,692.4447140010287,694.6564331054688,680102,-0.016026288057679028,0,0.011564776531793433,normal,0.005107823939654921,0.029111150052688606,0.007767987380471908,-0.012290505154187503,55.55545374018754,3.7331881375313856,0.01958470574637437,0.6754665768430854,235242137,68428.82424242675
2015-12-04,691.8920104535111,701.3344729658429,684.7889409645989,693.2531127929688,1445988,-0.0020201645671464874,0,0.011579202033255943,normal,-0.0015314249345973474,0.025610604994423802,0.0051833833405900975,-0.011494331636668687,58.12919630392874,2.982206538228138,0.02034744851145543,1.3619590106274657,233796149,-142973.18181819483
2015-12-07,693.2955150913176,710.7342366365594,693.2955150913176,709.0328979492188,1273142,0.022761939131692666,0,0.012507048559621136,normal,0.026477888717653997,0.0442898353216572,0.025322929997897425,-0.009483428574248887,70.8968831985548,3.3727573619240143,0.019770334866838504,1.180956313942394,235069291,-214722.13333332486
2015-12-08,707.6717611028955,714.3920169424558,699.7604956390225,702.4401245117188,1136199,-0.009298261697826327,0,0.012762522200219123,normal,-0.009179364535068624,0.04366775596876238,0.01426402556981432,-0.008233380799602341,62.281901946646514,3.0228736543217094,0.019886689874019692,1.021996832634559,233933092,-385960.3151515224
2015-12-09,703.503455074212,710.3088089322454,694.2737146725458,697.6763916015625,1028736,-0.0067816924801492595,0,0.012829330010984739,normal,-0.01174854782567869,0.01009910887200971,0.006677511590276408,-0.007500417964798722,61.83908221836328,2.3370767621703257,0.02023585240716914,0.9129066344479081,232904356,-520006.8121212158
2015-12-10,700.1007658307267,706.7784984181718,690.9560717448454,694.06103515625,1144862,-0.005181996250458232,0,0.012888837710921076,normal,-0.000857111401901256,0.0042463345636161165,0.0013215940966395667,-0.007126744936977403,59.20479090041468,1.5446466324622512,0.02113354850616052,1.0206040216912966,231759494,-590083.8969696973
2015-12-11,696.1027936546105,707.7144523003717,694.6992202284613,699.3353271484375,1214169,0.007599176045086864,0,0.012975800194218732,normal,0.008773439661835525,0.007228578862977786,0.008073392679395663,-0.006350071365391452,60.11826671484312,1.2907173854269143,0.021573687698585666,1.0665169300270347,232973663,-463749.6969696957
2015-12-14,701.8023576156743,716.6890742923705,691.9771349932043,713.7117309570312,1307321,0.02055723949655741,0,0.013447116513753717,normal,0.006598894101169872,0.0332515076024944,0.025982806908511513,-0.004494114661105386,68.62824486947264,1.9655551558065993,0.022445951715695026,1.1344848434200894,234280984,-396901.5393939372
2015-12-15,713.8816902115934,733.7022746081658,713.8816902115934,730.3846435546875,2303845,0.023360849870436073,0,0.013465200200821358,normal,0.039782065499737174,0.030237526883488464,0.044979457251081545,-0.0015293831437790395,68.34445173005714,3.3292279165185743,0.021995940903106463,1.9068297071611073,236584829,-95971.62424241632
2015-12-16,735.8288793748699,738.7211755071783,725.3656582950724,727.6624755859375,1101128,-0.003727033410096836,0,0.013197658240327358,normal,0.04297993216531237,0.030726432551045013,0.03702706647953291,0.0008274595886472724,66.53827090639746,3.8078264095818763,0.022274462488601505,0.899883645739585,235483701,83213.04242424645
2015-12-17,714.5622474553443,736.4244599342562,714.5622474553443,735.1909790039062,1214526,0.010346147658509608,0,0.013080734881280478,normal,0.0592598370522226,0.058351933368308906,0.04301245236999618,0.0034660380335849172,67.80283797370231,4.35208366839929,0.0231166605651519,0.9729659448781128,236698227,288620.06060607027
2015-12-18,736.3393747283425,744.8460682992371,724.897913412079,729.066162109375,2114632,-0.008330919542606008,0,0.013374177334553995,normal,0.042512988843515176,0.05165941364781346,0.030953141414342022,0.005251840663790253,66.3284024884288,4.027721420005891,0.02344003616421529,1.613073739643113,234583595,264634.7393939362
2015-12-21,733.2345133167169,733.2345133167169,722.8563360600386,724.4300537109375,1112136,-0.006358968005076626,0,0.013566619567520116,normal,0.015017719744544245,0.021715714187949375,0.02202261606863498,0.00641237430894126,57.4590512462971,3.2617548039787385,0.022520629204018955,0.8397987221442453,233471459,255318.78787878685
2015-12-22,725.5784332255535,729.789256896605,717.2844070543784,724.3024291992188,913032,-0.00017617230409616713,0,0.013299596666405705,normal,-0.008327412698420633,0.03112337112390473,0.01972129469135475,0.007384205821393985,59.08132708621078,2.5394390713555186,0.022725936666901377,0.6837701314286696,232558427,139822.15151516264
2015-12-23,731.1076772835697,740.5075618546147,728.2153811444502,734.3402099609375,770192,0.013858549077098159,0,0.012461115291176038,normal,0.009176966793049024,0.052551324368609986,0.030530608523661185,0.008990541470297542,69.91046432506491,2.5252923720572333,0.022675908770696154,0.5859804583149737,233328619,14416.193939398809
2015-12-24,738.380989037189,739.4868487979131,733.2769729839366,735.1909790039062,538736,0.0011585489006709082,0,0.012455916405943011,normal,0.0,0.0592598370522226,0.02861668296962061,0.01041448949941759,71.15872104767864,2.3637046192002984,0.021645491995910534,0.421813380369912,233867355,-163070.87878787093
2015-12-28,735.8289538072728,742.6343082933516,733.7022805303732,736.552001953125,976331,0.0018512508832233543,0,0.012454346762988353,normal,0.010267709890816379,0.05321720977036826,0.027534122227417912,0.01171478845278151,66.24806211607195,2.145350218691833,0.02077642948613538,0.7620830190611495,234843686,-231908.76363636306
2015-12-29,737.5304391756476,737.5304391756476,727.322405415431,729.7893676757812,754046,-0.009181475658760263,0,0.012625296478968618,normal,0.0073979729821951334,0.022526793411663748,0.01634786778792585,0.012266816154989701,66.11544686207517,1.3795395687134828,0.02053600394760075,0.6440132457073242,234089640,-277388.6424242453
2015-12-30,729.8742908564859,734.0425913744269,727.0670924296467,729.4064331054688,677471,-0.0005247193056978627,0,0.011355937804996516,normal,0.007046785569797098,-0.0013393086202605486,0.014286902662399958,0.012668555527307834,69.71463243519976,0.7147322887030434,0.01965960640542878,0.5971480223638201,233412169,-203912.49696968685
2015-12-31,729.4063802189203,737.0624036937736,724.3448876486209,733.9149169921875,743363,0.006181031153678962,0,0.011319646280037239,normal,-0.00057914977687612,0.008592502177902306,0.018562164468992615,0.013320457138825681,74.49036387149428,0.45861213960921177,0.01923664954476962,0.6622400212169671,234155532,-124841.32727272518
2016-04-01,737.6153365296733,744.2505986716396,728.1729279749276,738.2108154296875,1096484,0.005853401175037964,0,0.010514081690615719,normal,0.004107553699683297,0.004107553699683297,0.022136873920411748,0.01416908314013865,74.17988911818435,0.4574634314576045,0.019359273425953706,0.9590376491838069,235252016,111105.47878787512
2016-04-04,734.2126139707319,744.2930758051974,732.681419694317,741.9537353515625,960124,0.0050702588524069725,0,0.010451799800296887,normal,0.00733381130471944,0.017676822642406664,0.02465338317653787,0.015140751803483843,70.24383585376674,0.5798536513462338,0.018000435703881597,0.8580014499245436,236212140,275977.04848485073
2016-04-05,740.2524225834755,751.0133578919891,733.5321144601207,738.8062744140625,1096886,-0.0042421256037057375,0,0.00952950934757121,normal,0.012355492060672324,0.01984487063931417,0.01833724213550081,0.01567986466935256,57.488673097004316,0.33221016739402565,0.017834519325046226,0.9879978214950952,235115254,287136.1333333384
2016-04-06,739.2317465709998,742.5493781697076,734.1277299088296,741.528564453125,1041648,0.003684714292960578,0,0.009146582700667353,normal,0.01661917251818834,0.02378306983306855,0.019943802685388867,0.01629751984453387,62.32996114017759,0.2394552276036066,0.017293785003627677,0.9422556684252338,236156902,274318.7939393977
2016-04-07,740.0824393338935,744.2081654975148,727.3649203657887,731.5757446289062,848064,-0.013422031599765738,0,0.0096191337115454,normal,-0.003187252785197381,-0.00376455666533404,0.005655089293532756,0.016000266239464045,46.918146059231205,-0.5607978731891023,0.01703902568061213,0.7734635913107923,235308838,222971.67272728347
2016-04-08,732.4264387150062,734.1277777131827,719.4962519447151,723.4093627929688,712487,-0.011162729076098499,0,0.009954962105619886,normal,-0.020050441320211942,-0.016025245884953798,-0.005042892370457186,0.01504962090970352,45.33998907916,-1.6472620541240541,0.016706417277515956,0.6628827851595839,234596351,144674.70303030685
2016-04-11,725.6209670841628,738.2533863641677,718.9006583440449,735.2335205078125,943737,0.016345043792621805,0,0.010390872790812146,normal,-0.00905745806450553,-0.0017900724481316743,0.010140344458572814,0.01508181854658397,57.95739607515928,-1.5766595715867524,0.017309627026712893,0.8892194449036518,235540088,174106.7151515194
2016-04-12,737.4453175775386,743.8253380251904,731.7458222601551,742.2090454101562,867406,0.009487495751725028,0,0.009650011318670505,normal,0.004605768946389199,0.017018167548711993,0.017812106351696944,0.01559056653136559,61.98070229027584,-1.0903661120054213,0.01710601223540397,0.8345949832086309,236407494,192140.8121212248
2016-04-13,744.3355507105459,765.2619922822313,743.0595469093278,763.645751953125,1897529,0.028882303005512977,0,0.010346981174671855,normal,0.029826480813063938,0.04694134476149503,0.04252160110582426,0.017621254398274333,67.01238844236703,0.5563460852768038,0.017266339222337015,1.8621520220993586,238305023,240416.55757576294
2016-04-18,765.7725258905313,769.8132051269847,754.11834591914,764.8793334960938,1091523,0.0016153845416067014,0,0.010252277103640323,normal,0.0455230905503583,0.042190744168013605,0.039827932005666256,0.01940273607177545,67.15835606232706,1.5534786272767658,0.0181242515069703,1.0716780411218205,239396546,338480.13333333185
2016-04-20,764.836741420882,770.7063803174207,759.7753006584746,769.090087890625,1424850,0.0055051224554398814,0,0.010114669159901507,normal,0.06314643885903037,0.0418298835718951,0.041035969684657836,0.02118860232036668,68.20566130006092,2.2776514144001716,0.0182106817581289,1.384648328138088,240821396,523834.29090909206
2016-04-21,769.8556925807566,771.4719849688322,762.1996691186275,769.0475463867188,1162870,-5.531407123304799e-05,0,0.009821708298011007,normal,0.045990865399542,0.036516847000329866,0.03693154945860577,0.022646047091867016,73.75182235929614,2.516149345077931,0.01812478032837528,1.1848540787914157,239658526,642259.806060614
2016-04-22,763.7308858917769,769.2602363326251,751.1409906567616,752.1618041992188,1078366,-0.021956694702214063,0,0.011114601124116741,normal,0.01340964361807595,0.0180771742846233,0.012797747924835567,0.022536619830787252,61.47577314891196,1.3571046970345577,0.019589933532168147,1.1006461039201292,238580160,586965.2484848478
2016-04-25,749.0143598463998,756.2450492940935,744.7610131124623,752.1193237304688,828061,-5.6477832978019116e-05,0,0.011113434648482433,normal,-0.015093946627969701,0.014282334875601821,0.011513191905752729,0.02235149946955106,59.61372463698045,0.4546709690701718,0.019473896738238766,0.8488504510518461,237752099,513948.0666666658
2016-04-26,749.9500482498405,762.1997071690657,749.184477017848,753.4803466796875,1214609,0.001809583807085513,0,0.010754379214652566,normal,-0.014902987068958984,0.02994167345158827,0.012057466947756224,0.022207873401530964,58.32177974107535,-0.15108491616141073,0.019148406929908945,1.2173729844926413,238966708,431308.96363636537
2016-04-27,752.3319529017431,760.4983574483309,749.354610339026,758.9671630859375,778693,0.007281963531535318,0,0.010835734987063705,normal,-0.013162209426533567,0.049153082779694435,0.017544558729537307,0.02241253369159235,59.0992301424811,-0.27549129979791154,0.018965940715857475,0.7711913136159324,239745401,299307.07272728364
2016-04-28,759.8178420810531,762.8802308449009,740.9329729153665,745.3989868164062,2715410,-0.017877158498351142,0,0.011681275404281186,normal,-0.03075045188223091,0.013826173623820326,-0.0005847353171694047,0.021478273856174512,53.17234918014972,-1.3070927691548082,0.019739129669010372,2.4760245991235283,237029991,19694.981818180226
2016-04-29,745.186298926403,748.0360202829995,730.89506522155,738.2958984375,1581281,-0.009529243404587273,0,0.011696947429071507,normal,-0.018434737957055636,-0.005272297605176446,-0.009154514342967879,0.020048759642712355,48.507400435120786,-2.4376623549133143,0.020772612873764373,1.3894737378575555,235448710,-306401.16363635735
2016-05-02,737.5303221337939,737.5303221337939,727.3222899935338,734.935791015625,787156,-0.004551166312837696,0,0.01175264849811393,normal,-0.022846817217266002,-0.03759591520553929,-0.012378790945244744,0.0184772676062801,51.65198760056536,-3.3265726868511702,0.020297113439671482,0.6883578254599682,234661554,-537309.5333333432
2016-05-03,734.9357951635716,739.2316649960295,721.3676086497503,723.9196166992188,1305303,-0.014989301720062853,0,0.012155135559091933,normal,-0.03923225086192639,-0.053550560203603936,-0.024657563428233775,0.01620755177628186,50.24403116126139,-4.498427902948087,0.02092493394703092,1.1140968519474692,233356251,-722484.7878787795
2016-05-04,723.068885331008,728.087854832775,717.964869669848,725.961181640625,568460,0.0028201541915868766,0,0.01208891840373359,normal,-0.04348802300103627,-0.056077833961284296,-0.019862011049710526,0.01432819227868265,45.10768263668204,-4.942629662752864,0.019957958058728447,0.4963748768089433,233924711,-708447.43636363
2016-05-05,730.7249358131155,733.1918975754231,720.3467598679442,723.196533203125,760873,-0.003808259322147345,0,0.012026136196004983,normal,-0.02978599918428626,-0.05962051813183655,-0.02139560121891937,0.012430216737367994,39.50204465138475,-5.202922599744648,0.02010987253027503,0.6702188026255821,233163838,-729840.7333333299
2016-05-06,721.367546777288,728.5982356305981,720.3042101812131,725.961181640625,411253,0.0038228176029204697,0,0.012054327672961579,normal,-0.01670700978155193,-0.0348337583912387,-0.016000089352398605,0.010943747603406884,23.786961749302037,-4.969574741467587,0.018581133213648827,0.3735339354126616,233575091,-721969.6242424268
2016-05-09,723.9194026971836,739.8269252205022,713.8815177207794,719.24072265625,3215773,-0.009257325535212746,0,0.01214749125111304,normal,-0.021355700118626197,-0.04371460755873524,-0.022772392271473207,0.009097655237964686,20.505584959305025,-5.033045607093861,0.019772745058607707,2.658355248125711,230359318,-884040.8787878908
2016-05-10,722.0480725939417,738.2958869519435,719.3259205209051,733.6597290039062,1523285,0.020047538874613524,0,0.012704732044508666,normal,0.013454687620013006,-0.026305420921890588,-0.0028792672674372577,0.00855905811721458,29.771760591503096,-3.918686830007749,0.020175095646471925,1.2250509420893745,231882603,-792440.4606060584
2016-05-11,727.3223295270124,737.3602179597285,724.0046981328039,733.744873046875,697299,0.00011605385930657519,0,0.012420075997450031,normal,0.010721911313025467,-0.03323238641380666,-0.00250101080621834,0.008065437479020776,29.854460064463055,-3.0303259055217993,0.02057024612499448,0.5611220558099572,232579902,-525024.745454531
2016-05-12,730.2146684616401,733.2770576790097,722.5160684888573,725.6210327148438,730642,-0.011071750727602359,0,0.012121448664649962,normal,0.00335247667875338,-0.02653337937315159,-0.012270893742840738,0.006985729106989691,33.17161972637686,-2.8471568837657686,0.02012226438825488,0.5930381197048356,231849260,-391635.0303030319
2016-05-13,725.5784704549525,725.5784704549525,699.2077192242883,707.5867919921875,2369627,-0.02485352533840257,0,0.01301816742015686,normal,-0.025310429969427006,-0.041594578149904415,-0.03343005668325705,0.004640130952081156,27.009282361119077,-3.741559861564888,0.022142181558381966,1.8128289927541603,229479633,-430119.6909090931
2016-05-16,708.6074777713027,721.7928510071432,694.9967699149511,719.8788452148438,1940183,0.01737179574543557,0,0.011760501945711262,normal,0.0008872169476681346,-0.02048743031003253,-0.015078228254428172,0.0035233513397292526,34.411991390065054,-3.320597007017608,0.02313147805783667,1.4818748852657748,231419816,-342900.80606059876
2016-05-17,723.0689183923249,723.3666318845455,706.9062013929671,709.500732421875,1434067,-0.014416471413146503,0,0.011982188644635391,normal,-0.03292942985276304,-0.019917797424924166,-0.026563074434076017,0.001740980845303719,28.04833787105784,-3.536444621278802,0.024005084185021862,1.0811698600964466,229985749,-381630.1636363515
2016-05-18,709.2029763822038,709.9260244889243,700.1008048655408,702.2274780273438,1428456,-0.010251228874287532,0,0.01186372268001055,normal,-0.042954160468141045,-0.03269279985418039,-0.033177271980532,-0.0003785453820474016,29.708125103995144,-3.933912529595589,0.023020695483923412,1.0767932523802592,228557293,-419523.3999999952
2016-05-19,702.7379787431829,705.9279890302765,689.3399355373897,693.380615234375,1866764,-0.012598286267322956,0,0.01194927579625834,normal,-0.04443148148537568,-0.04122796031210452,-0.041215854812634345,-0.0029089950830067934,29.228988845233246,-4.515838424466472,0.023257460056735194,1.3708283813210236,226690529,-544905.3818181781
2016-05-20,697.5488675664869,698.3995369171778,685.7671178277135,691.0838012695312,1624617,-0.0033124865541090953,0,0.011272898392004958,normal,-0.02332292081963916,-0.04804303763497819,-0.040334548629946454,-0.005284394179773999,29.51929255042276,-4.754572171436239,0.023506206349743,1.1695543832778077,225065912,-653021.6181818173
2016-05-23,694.9968376549691,702.4401942394011,691.6366834412785,697.2085571289062,1118741,0.00886253714545715,0,0.011615208559076202,normal,-0.03149181037424664,-0.03063253349445516,-0.028885662456672345,-0.00686084445682511,36.92754191165664,-4.217403367744613,0.0226330058315304,0.7970371850137137,226184653,-811358.9212121229
2016-05-24,696.6982502908643,701.3344089828088,693.6783842543377,700.1859741210938,946784,0.0042704825718842265,0,0.011689655895992213,normal,-0.013128609845102446,-0.04562572206090687,-0.022435343406576158,-0.007978028765521006,37.50005179933117,-3.41331665172601,0.022285099182790615,0.6810252393959618,227131437,-765899.1272727333
2016-05-25,704.3542599430784,715.795773704321,703.5461136326674,714.6473388671875,1127694,0.020653605300001043,0,0.012684615828644448,normal,0.01768637831537556,-0.026027485685024332,-0.0020317233679710833,-0.007793056669657239,46.27641757715926,-1.7434241575133935,0.022110471653056456,0.8010991676111262,228259131,-554852.260606051
2016-05-26,714.7324963191821,726.4717245757182,707.7569963079598,723.3667602539062,2479387,0.012201012880759032,0,0.012601667714054066,normal,0.0432462984408577,-0.003106680153004082,0.00916949848588744,-0.006922939271879924,48.92572986530113,0.019136306457365748,0.02287294157357424,1.7762150066740945,230738518,-204902.58787878713
2016-05-27,724.2173718519641,736.6371762260627,723.494323631328,732.5964965820312,1531278,0.012759414497958588,0,0.012830592799841396,normal,0.0600689746109524,0.035345069852745103,0.01990450818528111,-0.005421753765550652,55.41763533504165,1.7799064184398485,0.021348954272699953,1.0989648855113037,232269796,84059.74545455047
2016-05-30,734.9782048012277,737.7003566846372,722.8561684373185,726.7692260742188,776274,-0.007954270236071204,0,0.012912115389280629,normal,0.04239860317699318,0.009571584031363711,0.010656904741113582,-0.004550980848899822,46.99551512222437,2.4822921265544196,0.021106266682855042,0.5573325828272921,231493522,426205.2363636364
2016-05-31,729.7041243410644,731.4905610459914,718.8155675481504,721.5377197265625,12132028,-0.007198304716223625,0,0.012564157057792203,normal,0.030494392053868946,0.01696543323302757,0.003058818571497701,-0.004184106066863147,44.905902777070274,2.516845406195916,0.021191928932978478,6.2724586474047,219361494,10105.872727265547
2016-06-01,724.8978821754192,734.4679120302924,719.708768168336,727.4498901367188,1223721,0.008193848011711413,0,0.012686524631546672,normal,0.017914502123278053,0.035917723100537646,0.010192712864144138,-0.0033899246703037456,50.777542504826556,2.836429934955973,0.02136634204333436,0.6221454034147402,220585215,-305696.6242424186
2016-06-02,727.3223015441781,743.4424962724919,710.3089143735541,738.5511474609375,3409326,0.015260511376436359,0,0.01308150246686277,normal,0.020991270322818556,0.06514536350470945,0.023113467609968907,-0.0018256003737906479,63.98924582931201,3.642603986234292,0.021695128900902444,1.6239835384113142,223994541,-463355.569696965
2016-06-03,741.7836417637336,755.3943507869214,739.5719223157595,752.7147216796875,1752265,0.01917751298260506,0,0.013684395590651944,normal,0.027461536045447765,0.08918009696789198,0.03850758875725235,0.0006346799607201969,64.58807980636831,4.898629626284901,0.0203424246432461,0.8088333026258574,225746806,-601065.5818181795
2016-06-06,755.0539090879566,758.7968740781564,744.378021748244,748.035888671875,1941227,-0.006215944597671275,0,0.013570306037040698,normal,0.029261919512652,0.07290118720325944,0.028911429744809647,0.002403493508740251,68.03333379033623,5.157127209859391,0.020274716389625084,0.9232141835913706,223805579,-778331.230303027
2016-06-07,751.9917916711998,764.5816891114108,748.9294024281662,763.093017578125,2185954,0.020128885704914,0,0.01357599457002932,normal,0.057592689495582494,0.08984333560236646,0.04468516084366447,0.00508548028160094,76.54913269867369,6.024591508945487,0.020503734955679365,1.0234745331844253,225991533,-744406.8303030262
2016-06-08,761.3489153708658,772.4076147002751,758.4566193933451,763.2203979492188,1470489,0.0001669264010539795,0,0.013575616694577717,normal,0.049172469880746306,0.06796787232010981,0.04041454404534739,0.007397415090607318,82.97171461387603,6.261757500096424,0.02025351487131379,0.6762497561481703,227462022,-541277.3212121255
2016-06-09,764.7516108385399,764.7516108385399,743.8676923616331,745.5690307617188,1376923,-0.0231274835354629,0,0.014430082598811554,normal,0.009502230583363191,0.030692964797026878,0.014771999420806203,0.008022686420487535,72.46569316319504,4.942562142827116,0.021523544878129384,0.6239482886966715,226085099,-238298.30909091985
2016-06-10,745.1863467154064,752.6722265722358,741.0606211577082,744.0379638671875,793113,-0.0020535548438311846,0,0.013079625900864584,normal,-0.011527285919342378,0.015617693148325174,0.011465862838503815,0.008417722021907714,70.06925927262854,3.7345188504282314,0.02159233632404235,0.3727096863526228,225291986,179910.27272727236
2016-06-13,737.8279140909583,749.3970464298662,737.8279140909583,743.655029296875,1071858,-0.000514670741157075,0,0.012619552141234303,normal,-0.005856482879154523,0.023234064702860602,0.009892570190152439,0.00869932131320894,69.05283827491098,2.724230543310842,0.021979311638072242,0.5141919714693106,224220128,572481.787878794
2016-06-14,741.8686909556238,744.5057969920736,731.8308033941886,736.4244384765625,826228,-0.009723044335690156,0,0.012344693450653569,normal,-0.03494800566541967,0.020631934191384316,6.63547347321547e-05,0.008359439808304003,60.19105005552585,1.4476417153338303,0.02191045788018924,0.40222254747064407,223393900,199346.80606060944
2016-06-15,738.3809919508822,745.6967275544512,734.1276452230545,744.0379638671875,863255,0.010338501810688294,0,0.0121315228000598,normal,-0.0251335448234542,0.02280304658146437,0.009405217892158868,0.008613067702305521,59.77469627693563,1.015079125528711,0.021000263587091818,0.42611016170965904,224257155,-93997.78787877924
2016-06-16,741.6561577216908,749.3121829627413,730.8526969736926,748.1212768554688,803719,0.005488043872194259,0,0.011571447822038037,normal,0.0034232190292862175,0.012957977829203049,0.013502338126205604,0.009111296301662852,57.71671344786536,0.906607997083583,0.021381080465452017,0.4074116964134298,225060874,-160723.1272727168
2016-06-17,751.9491982671711,752.5872002932047,742.209023618913,749.7374267578125,849716,0.002160277955382872,0,0.011456798337016825,normal,0.007660177527772483,-0.0039554094481255575,0.014176143563057186,0.009631669381571228,61.91534054460032,0.8474424263020293,0.02090950755854785,0.43935700070165495,225910590,-77207.90303029977
2016-06-20,744.3356475424571,750.58804621352,740.5501587222371,748.07861328125,526386,-0.0022125259022161003,0,0.01148433254394656,normal,0.005948435511230921,5.7115721347145154e-05,0.010783593039648709,0.009920435039172615,64.29880150049192,0.6113501762038407,0.020704074948793547,0.27640788838894526,225384204,-153805.03636363058
2016-06-21,745.6116047382218,747.7382778835105,736.807198685019,740.294921875,1214022,-0.010404911018788376,0,0.011899873874874897,normal,0.005255778048925519,-0.029875906577524036,0.00024109455752241438,0.009542662148589898,56.783419103924565,-0.11552873433281707,0.020585244755410213,0.6330472357573015,224170182,-170026.13333331773
2016-06-22,742.1872307066399,746.3154995485139,737.0698739418916,739.0050048828125,723156,-0.00174243663447049,0,0.011168219187299296,normal,-0.006764384653460187,-0.03172791651202356,-0.0013589315616111541,0.009080646631012046,50.26738929378446,-0.6972381960947507,0.018312284052557776,0.3811066176640121,223447026,-105582.52121211185
2016-06-23,739.6499452730136,750.8307002596987,734.7476037416343,747.6914672851562,574726,0.0117542673526565,0,0.011146613437885184,normal,-0.000574518575543137,0.002846733750822672,0.009381578037026772,0.009304165173270151,46.836389915010244,-0.5192057153461,0.018026922617150307,0.318887730851622,224021752,-52918.46666667614
2016-06-24,738.4028330604118,741.5420659605389,728.5551578260527,738.8758544921875,1157925,-0.011790441885043745,0,0.011217771121738742,normal,-0.014487168277826479,-0.006937965030936799,-0.002280073731434684,0.008794503699046663,44.516785261764156,-0.9900726365807122,0.01869804969504903,0.6492010007425647,222863827,-91277.89090908361
2016-06-27,737.929921248763,751.5618224561356,735.5647612447605,738.6609497070312,815766,-0.00029085371223014356,0,0.011043811696973176,normal,-0.012589136231165088,-0.006715586384947403,-0.002326046588012387,0.008302343321616723,32.21459691988338,-1.2918398415799572,0.018650426548305277,0.45686071912975107,222048061,-216158.61212121366
2016-06-28,740.5101058818159,765.4088011253798,738.7899894918464,763.5166625976562,1607560,0.03364969124262407,0,0.013065330742643901,normal,0.031368229115824375,0.036788871614770624,0.028185750265969478,0.009726551341552536,50.1585760433219,0.13109312992949018,0.019240448384515864,1.2764828037583174,223655621,-282108.0242424176
2016-06-29,765.3657095363068,769.0209563913353,754.270939261179,760.1193237304688,857945,-0.0044495936154542726,0,0.013102149439726285,normal,0.02857127990764341,0.021613628126846196,0.021314171524601022,0.010666673096958679,59.19042868003436,0.7570997147642808,0.01875003921357952,0.6912901804435411,222797676,-340476.47878788
2016-06-30,766.3117477886431,776.5464599182366,765.9247111546405,772.80517578125,2029009,0.01668929029263766,0,0.013180312471103177,normal,0.03358833100942138,0.03299451531379183,0.034579596860699224,0.012396236579016673,65.92607510349946,1.8754580675799621,0.01888733935560534,1.7311446210913226,224826685,-216899.79393939656
2016-07-01,772.8481562095291,777.9655121950218,762.0974303970563,771.9880981445312,1099564,-0.0010572879974474203,0,0.01258386746929167,normal,0.04481435338701245,0.029677952030406463,0.03020031698645509,0.01378429031730155,65.61068473821167,2.377786801620532,0.0193050922223708,0.9650148291634817,223727121,-93812.93939393779
2016-07-04,774.0522430326255,776.417402664114,763.7315464588571,768.0748291015625,674938,-0.005069079500544471,0,0.012550193357165545,normal,0.03982054203108665,0.026730099571493415,0.022545645089991684,0.014639903159886059,68.10007818608287,2.2646560434155285,0.019404460040974233,0.6272001647411246,223052183,-16166.993939383929
2016-07-05,769.9239473115312,770.7840053285248,762.7424313733683,765.6236572265625,631452,-0.0031913191034618205,0,0.011777805280723906,normal,0.002759592202922878,0.03421438483923489,0.017413979587756367,0.015141538938550081,63.11892573633059,1.8598437165060666,0.019137486554214968,0.632471860875662,222420731,-25631.76363635822
2016-07-07,765.4518060537597,791.2535523252348,764.247703563576,789.7914428710938,1689043,0.0315661427339875,0,0.013704032086301004,normal,0.03903613316262233,0.06872272535736701,0.04460229468996202,0.017320111586142994,70.3559527813358,2.9879526863614414,0.019324806652800335,1.6734544372263491,224109774,30028.15151515135
2016-07-08,790.3934813897135,796.6718957159235,785.6201689051053,791.8555908203125,1579861,0.002613535469205619,0,0.012384865285501697,normal,0.02465099307830587,0.05906730980295216,0.04263237199874337,0.019288968661077766,70.48513807483684,3.6003170229371353,0.01933518918228107,1.5497005724881778,225689635,202144.06060605613
2016-07-11,797.2738522744362,804.0683322071889,792.4145030510875,799.3380126953125,746028,0.00944922529024339,0,0.01240060852058925,normal,0.03542789664311741,0.0818299283100532,0.04724974336658927,0.021468280870847067,73.59458071447274,4.19489719770263,0.01934854106116565,0.7334797386530838,226435663,317540.64242425223
2016-07-12,803.2083605054929,803.2083605054929,785.7921822476103,795.8118286132812,813346,-0.00441138044985645,0,0.012499918540840975,normal,0.03611236621848879,0.07737092224642073,0.038413972879138836,0.023007231913438453,76.59674507577064,4.035057195802619,0.01998580000779639,0.8099585508507047,225622317,290893.515151521
2016-07-13,793.9194829741361,799.638889413538,789.0601869896933,797.6607666015625,598072,0.002323335645190161,0,0.012115137983389222,normal,0.0418444611430282,0.04471952699465698,0.03679524467359108,0.024382876325096392,77.95077952582771,3.744571341443642,0.020058847687007667,0.6024248508812853,226220389,360714.8484848473
2016-07-14,797.2739396732305,804.1544051720286,793.0166411470921,802.3912963867188,757072,0.005930503270595411,0,0.012034940656891391,normal,0.01595339330320078,0.05561228525120265,0.03869579910121734,0.02582193308240366,77.08691489130197,3.5627887673014325,0.019500358314452536,0.7666821305011933,226977461,383546.5878787886
2016-07-15,804.1543123687891,818.3022784167072,801.617130510153,809.7446899414062,1284879,0.009164348601238492,0,0.012089224954454388,normal,0.022591365557653953,0.04779925823195108,0.04342349110348587,0.027498980469981227,85.6093565128,3.617933368189476,0.019107053139205413,1.270241624686253,228262340,561065.8424242494
2016-07-18,811.89481179001,814.1309417571745,782.6528376365562,792.9305419921875,3013256,-0.02076475234488473,0,0.013302214060683331,normal,-0.008015971468089522,0.027127936166362332,0.01964425481848031,0.027618992948888588,73.37031287700815,2.2681265202689183,0.02090677899413647,2.6911272596783262,225249084,459277.10909091885
2016-07-19,777.5785206131009,779.9867253296278,763.7316059619785,769.8810424804688,2602482,-0.029068749771964053,0,0.015080788300919115,normal,-0.032584067238605186,0.0023516112108752374,-0.00905219102941257,0.025942807037425242,52.78402537485582,-0.2946126608492392,0.021760116364772365,2.1270708229986126,222646602,152090.90909091727
2016-07-20,773.5793116701283,782.9109215778452,771.6441808372464,779.9867553710938,897886,0.013126330345874626,0,0.01501720996908508,normal,-0.022157302916838928,0.018759997825251284,0.003577272836591927,0.02512321957594499,58.208995122640125,-1.3666916266673184,0.02132066211964571,0.7434687951452775,223544488,-143300.35757575047
2016-07-21,780.0726342848907,785.7920411897821,774.4822570821875,782.69580078125,876194,0.0034731941170813574,0,0.014980852830561085,normal,-0.024545998559755478,-0.00898419722559829,0.006385939638973381,0.024512505969568332,54.45389930572734,-1.9171765694772613,0.020779859690377513,0.7209395283762655,224420682,-291917.6545454535
2016-07-22,783.6850309295186,786.9532415431812,771.4721941685613,776.8045654296875,967993,-0.007526851869758544,0,0.015007017035418608,normal,-0.04067964251065648,-0.019007285627715365,-0.0010758640550174725,0.02346155678142492,52.074141633439424,-2.6563593464678537,0.02090186428750907,0.7837914005073061,223452689,-391779.08484849526
2016-07-25,774.4822781352416,782.0507785166527,770.354009972088,780.0296630859375,1297630,0.004151749101096058,0,0.01465419710443463,normal,-0.01626987260931756,-0.02415542524278136,0.0027780896614113537,0.022693923615526357,55.17887077412839,-2.8872276322075674,0.020724871438801785,1.0447916696859931,224750319,-344011.0000000041
2016-07-26,784.286995634217,784.286995634217,773.1922252422389,776.3744506835938,1094799,-0.004685991540223089,0,0.01473595733729821,normal,0.008434300683913376,-0.024424590375286992,-0.001738293234772481,0.021676288019155,54.609194157080154,-3.2198964839699435,0.021103347658149717,0.871689643488722,223655520,-389753.8787878772
2016-07-27,774.0523833390124,782.1799438628294,772.5472814825199,777.3635864257812,1168069,0.0012740446846448705,0,0.012795563038210094,normal,-0.0033630942157018007,-0.02544588003526549,-0.00042205689534868807,0.020782261094438814,43.35015460503541,-3.2952026634468066,0.01948014844755607,0.9465897996873359,224823589,-308072.4727272597
2016-07-28,778.2665187179203,785.2329676414349,769.837908176475,782.1367797851562,1760367,0.0061402327594497486,0,0.012778290740314313,normal,-0.0007142251121518006,-0.025242692303333092,0.005168429581127398,0.02027296505830556,44.946213079613024,-2.95625108121191,0.01975792023521522,1.3762576254967371,226583956,-62968.67272726313
2016-07-29,778.696569333842,795.5536858969588,776.2453724269745,793.446533203125,1284438,0.014460071064648528,0,0.012647941804991592,normal,0.021423622509520124,-0.02012752530610684,0.017793348594299596,0.020571575173919054,47.0537027880031,-1.9515332749286198,0.02011505755902293,1.0342786307197032,227868394,342623.7393939398
2016-08-01,799.8540012668919,799.8969936714301,787.9422180519878,795.5537109375,1270582,0.0026557274450091928,0,0.012637299848084685,normal,0.019901868590672,0.0033081951146969324,0.01850817033338137,0.02090271235323704,49.86905831595804,-1.1650340072137961,0.019571428406235228,1.0161247104821274,229138976,621411.9939394002
2016-08-02,798.9079459654698,809.1855976978319,794.8656626199607,797.6178588867188,1442265,0.002594605393501759,0,0.012540881061830642,normal,0.027362322632358937,0.036027405372764054,0.019097965285956198,0.02125725964897729,49.97828057541954,-0.5566301953186947,0.019855815945360324,1.1190883014918618,230581241,758220.2424242393
2016-08-03,797.1018368466921,797.1018368466921,782.2658346167515,785.9210815429688,1067729,-0.01466463822672659,0,0.01304152440423408,normal,0.011008356021065646,0.007608239666905048,0.0037562277449152415,0.020640623772403277,42.21218792243818,-0.9686681293650565,0.020534341639028165,0.8146874459097746,229513512,800470.3515151569
2016-08-04,792.973595089424,793.1886096217149,781.6638096934013,789.5763549804688,685515,0.004650942089915455,0,0.010991289382538379,normal,0.00951185954630085,0.008790840825197765,0.0076161823634190995,0.020289633118401706,40.117960753915284,-1.016759664884944,0.019972451816832687,0.5438768718267354,230199027,866173.3151515193
2016-08-05,792.2424721951053,798.6929073945646,788.157196568781,795.9837036132812,936293,0.00811491959250854,0,0.011126973763057052,normal,0.003197657692086464,0.02468978561291646,0.014267360971640386,0.02036759318085002,51.66587074657305,-0.6562672003013184,0.0179323903308795,0.7623016503836063,231135320,848373.3939394064
2016-08-08,796.8868293136062,803.5952720559447,793.3176196623691,799.4240112304688,640018,0.004322082979300479,0,0.010963418016079592,normal,0.004864913882945521,0.024863603350421037,0.01684489109150622,0.02060319295974211,70.50757119978307,-0.24643367108905423,0.016164601048901318,0.5233419266659131,231775338,858869.4121212224
2016-08-09,799.4241228315452,804.9285164876102,794.8228323098042,803.5093994140625,912239,0.005110414656304352,0,0.010965634131884769,normal,0.007386420027714724,0.034950852267970234,0.019900435517647308,0.021019950673733856,67.81772974952219,0.2145709376250542,0.015822464745328807,0.742932850032279,232687577,760985.5757575809
2016-08-10,804.154315507839,804.4553148423353,793.6615962933657,795.5107421875,675289,-0.009954652966592925,0,0.011201632444081384,normal,0.012201811186568712,0.023344489089277998,0.008811150250150224,0.020728029737736353,58.986798018761164,-0.08818263385316083,0.015935218277876372,0.5482355486575093,232012288,594659.5818181944
2016-08-11,795.4676940359086,806.8204180524638,793.4465261663697,804.7133178710938,859803,0.011568135030192606,0,0.011429325642730378,normal,0.019170993147330728,0.028865204487812157,0.018494546749221907,0.021051984733625684,68.7030794061899,0.24416929144202015,0.015565948685885324,0.695135033834557,232872091,505453.987878801
2016-08-12,803.9825188503387,814.4752410072695,796.4140160218917,804.154541015625,664203,-0.0006943800270970968,0,0.011233596271246062,normal,0.010265081263916676,0.013495563172066571,0.016066077144393676,0.021211264964230647,66.76649195826681,0.3336673750180692,0.016142084117217455,0.5508161238625785,232207888,389428.5212121356
2016-08-16,800.9290369282461,811.8087919575871,792.4144414710421,796.5857543945312,847402,-0.009412104558328527,0,0.010400252054623593,normal,-0.003550377266713367,0.0012972643365776193,0.005879805375412772,0.02072883729944741,63.321924035640784,-0.18186520398731787,0.017039668760139362,0.7720782047593215,231360486,259286.66666667457
2016-08-17,795.4676572600647,796.1556931544443,782.9107790890968,785.4049682617188,685242,-0.014035885114855984,0,0.008545183253587144,normal,-0.022531698030596625,-0.015311706588473584,-0.007459831880619716,0.019435438158986962,54.672562429689904,-1.2796890741992035,0.017649868019192574,0.6840805680116299,230675244,160991.58181818124
2016-08-18,785.2330890760601,788.4153147222225,778.567638429467,779.9867553710938,1047855,-0.0068986231429332134,0,0.008220676622053877,normal,-0.019514490494142556,-0.00755079143598536,-0.012962083500045019,0.017852778394139568,48.7599919458967,-2.314261471388857,0.01726446286882561,1.0383064740876713,229627389,-66780.59393938487
2016-08-19,781.7928581530005,787.555258255305,775.1274074921799,783.2119750976562,1232642,0.004134967298294656,0,0.008236572444090533,normal,-0.026719258021378756,-0.008060499586477476,-0.008041733263615347,0.016640516918164705,43.49024835842126,-2.6980767290476564,0.016565873820741494,1.200213842270537,230860031,-182997.07878786066
2016-08-22,784.2868908228838,803.2081663313368,784.2868908228838,799.8969116210938,1405730,0.02130321937602786,0,0.009292993250274247,normal,-0.005294541257149343,0.004916191110507562,0.011828741632265993,0.016713864138675927,52.33036346452237,-1.7887726446240668,0.016938404670785893,1.3401874620735614,232265761,-168130.01818182215
2016-08-23,800.7141061534919,801.2731649265145,790.4364011665141,792.715576171875,923109,-0.008977826198459549,0,0.009556330396841537,normal,-0.004858457738298183,-0.008391585647106292,0.00248266825927157,0.016202361405715404,47.506579768399604,-1.635646377770473,0.016777997093108392,0.8960662144833117,231342652,-174648.80606061453
2016-08-24,792.1134987004968,795.5107386453624,781.1477580833076,790.7374267578125,929753,-0.0024954087866106978,0,0.009501936187784006,normal,0.006789438202683851,-0.015895237399293216,-1.713242094558698e-05,0.015556024314349104,52.7184648636582,-1.6287217031840235,0.016730627899808267,0.9098035999924261,230412899,-165820.78181817965
2016-08-25,792.1136076167159,792.9736658225972,780.2448148743107,783.3410034179688,1760911,-0.009353829842316475,0,0.009776646431499654,normal,0.004300391030715778,-0.015298019403316654,-0.00848591799502496,0.014409429974037602,46.62322071232326,-2.0558657547688854,0.016998391811127795,1.674555432274194,228651988,-270489.86060605844
2016-08-26,786.781257720692,786.781257720692,774.0524064249067,777.9226684570312,753284,-0.006916955626343535,0,0.009811052200002402,normal,-0.006753352615638253,-0.03329216606597041,-0.013903144084023045,0.012972937962353326,40.11306532663317,-2.601761364522461,0.017318161219361843,0.7523697954615347,227898704,-318196.04848484613
2016-08-29,779.2125720552982,780.9326881084004,774.9122819225427,778.5245361328125,488018,0.000773685740479868,0,0.009190593356207045,normal,-0.026718912372054815,-0.03187198924530421,-0.011903662786967306,0.01171865402733352,38.19231366058035,-2.8033461920067912,0.0169141761916822,0.507614931275322,228386722,-323279.7939393872
2016-08-30,780.9328083306654,796.6718621407755,780.58876406957,795.3817749023438,921470,0.021652803459820014,0,0.010470881976284757,normal,0.003363373712604645,-0.0015114248347343207,0.008579695262869391,0.011787205219286667,45.98720248983112,-1.7347870810908086,0.017277871577147583,0.9761970721609512,229308192,-288277.842424238
2016-08-31,795.5537197568817,796.843806870001,784.2439350676912,788.7162475585938,2185015,-0.008380286742889487,0,0.01061658184023909,normal,-0.0025560687161425566,0.004216015215951163,0.00011536317319982281,0.011326896306246725,46.60065091514713,-1.4233560398768028,0.01758745955997699,2.227161810094223,227123177,-393265.03636363253
2016-09-01,788.7591839948467,799.4239243707291,785.5339664409034,796.24169921875,654587,0.009541392970476625,0,0.010292541398081164,normal,0.016468812106721575,0.020840025469307744,0.008730031129983162,0.01142044195684666,45.68922839738146,-0.6939246908947969,0.01746753150726296,0.6815640550180759,227777764,-489349.1272727274
2016-09-02,794.2634746666482,796.8866407761601,789.1461196370158,791.8983154296875,968873,-0.005454855973160089,0,0.010336473179228908,normal,0.0179653422368784,0.01109066333025388,0.0029192706469109986,0.011149041361372403,43.99473418521026,-0.49659659952545265,0.01663241805165295,0.9941372076863754,226808891,-533685.0060606068
2016-09-06,794.9086995779049,808.2396001388544,793.2315757827713,806.60546875,811241,0.018572022485402462,0,0.011001158324241355,normal,0.03606942532174351,0.008386777135206636,0.019453638610928525,0.011916921251351686,54.58845271682531,0.5737678308001652,0.016058789843991762,0.8377696460581482,227620132,-390951.3151515163
2016-09-07,805.874497784679,807.5086292899738,797.6179604270882,802.4342651367188,728867,-0.005171305892266442,0,0.011042297108978699,normal,0.008866798884398452,0.012259994955285958,0.012813784035656806,0.012240944280605515,58.33344284975263,0.9291438835624604,0.015805406944418822,0.7492644894385572,226891265,-293203.95151515806
2016-09-08,802.4341779560807,820.1513531706756,801.1440908532575,818.3882446289062,1528195,0.019881976861331196,0,0.011849333276005729,normal,0.03762062359202023,0.03496839397683238,0.029719116186745387,0.013605144950165071,67.03549790863859,2.099974135814409,0.016296734879541048,1.522751999116757,228419460,-120127.8242424084
2016-09-09,817.0551894452597,820.4954218218713,797.6178975149161,799.81103515625,888951,-0.022699751120056733,0,0.012775127986381713,normal,0.0044827292278237785,0.02102536655992382,0.005737020099497725,0.013421348265191035,56.48085880512122,1.5120523513859006,0.017608486111509662,0.8764549004343127,227530509,-88771.10303029738
2016-09-12,795.4246893023079,795.4246893023079,784.7600006734548,789.9203491210938,677577,-0.012366278533809005,0,0.012789670121650843,normal,-0.002497752893337646,0.015422716357988753,-0.006065960132117021,0.012511367900494674,45.88656237448751,0.4035060538024222,0.017381798098316966,0.6741078723618578,226852932,-130998.37575758203
2016-09-14,788.6733107834597,795.1237468040441,778.3526131505246,781.31982421875,1349809,-0.010887838136988237,0,0.012984766071193171,normal,-0.03134821856642667,0.0035904945267655197,-0.015304009959349996,0.011064787152416988,45.35576730779372,-0.8918303762213169,0.018115653983502275,1.2986093149150366,225503123,-201641.0363636372
2016-09-15,782.8249292164894,791.9845169075893,779.2126745311646,786.0931396484375,964711,0.00610929773151514,0,0.012941920909351114,normal,-0.02036444129849946,-0.011678209819487861,-0.008411057998617744,0.010104105322581658,48.149425410355164,-1.3808196583418488,0.01786107288092093,0.9229105360033368,226467834,-123279.04848484923
2016-09-16,788.0282441403539,798.6499408128369,782.1368670779904,784.114990234375,1542460,-0.00251643134164381,0,0.012562490297954481,normal,-0.041878967127725875,-0.005833856394440451,-0.009877886150436499,0.009091019076178153,50.322322531974265,-1.766488089874417,0.018250854357199038,1.4175029998082072,224925374,-240290.32727272646
2016-09-19,787.3402205254146,793.4036198040222,781.8788199388954,784.3300170898438,793036,0.0002742287268406862,0,0.012457351260609893,normal,-0.019355844550684287,-0.014959882332956975,-0.008699433244495403,0.00819163782199861,52.78918187045068,-1.9231900679055707,0.018136198414571505,0.7374253187348346,225718410,-243765.92727272646
2016-09-20,784.5019231933557,788.5011613843253,774.8262707242407,776.54638671875,1133099,-0.009923922585513112,0,0.012628087716720377,normal,-0.01693077335863591,-0.019386237363830605,-0.016801253985964104,0.006826211550494454,49.189565220870364,-2.4342380107646857,0.019022062243928554,1.0585408845078654,224585311,-348676.59393939003
2016-09-21,775.7723699148315,786.5660880662213,774.5252752294057,785.2760009765625,1102665,0.011241587633546324,0,0.011899376974851451,normal,0.005063453703825216,-0.026443495116009852,-0.005203908240373645,0.006234017742537512,45.564330112661885,-2.081208346835932,0.018255153822872166,1.0449012398634279,225687976,-312406.67878787254
2016-09-22,785.2330660389442,789.4903642451407,776.8474993424715,782.7819213867188,1250220,-0.003176054771497072,0,0.0117608424787981,normal,-0.004212246736054248,-0.024490907983162447,-0.007572949472107848,0.005518557910047628,47.296272154728825,-1.9166244032289423,0.01831724102873525,1.1666449397841863,224437756,-369501.6424242379
2016-09-23,783.5130743131441,784.8031617022438,774.9124917191469,783.1260375976562,1498875,0.00043960674299658997,0,0.01175379388882826,normal,-0.0012612341927338289,-0.043087382135161834,-0.006461380506249115,0.004900442459575993,43.60598841807523,-1.6932869484342221,0.017944418940939996,1.3624981956074267,225936631,-213220.61818182297
2016-09-26,781.7928405472568,786.0071463838034,762.4415326129188,767.6878662109375,1153660,-0.019713520743196544,0,0.012379913080981693,normal,-0.02121830162850946,-0.04016344803124272,-0.023625416016159084,0.003244579180365248,39.349323417934286,-2.4481610302084063,0.019777706708534622,1.0784583951109563,224782971,-149035.00606060438
2016-09-27,769.7519794593195,774.869335519844,764.9356752222253,771.7301025390625,849724,0.0052654685661195355,0,0.012369847144185663,normal,-0.006202184778733466,-0.02302795035255223,-0.016753425362221464,0.0020796910810698677,33.06888622868047,-2.527813440483415,0.019081046541018668,0.7907700008929298,225632695,-50369.121212116916
2016-09-28,774.0522127660101,774.7832410805568,757.9261250000516,763.00048828125,1877866,-0.011311745167243425,0,0.012606184134036365,normal,-0.02836647582201779,-0.023446654455258065,-0.02528797041447628,0.0004336648509648544,31.6672956492377,-2.989382746182379,0.01995152245659993,1.6414266203940133,223754829,-129328.80606060465
2016-09-29,766.3118486522683,767.8599428982631,751.2608303005121,755.3890991210938,3307074,-0.009975601951843882,0,0.011564803977333156,normal,-0.03499419380700297,-0.03905903636441277,-0.0317828763522382,-0.0015477097130931483,18.248883365530148,-3.5879580159382214,0.01992484495684436,2.6177534249394605,220447755,-303168.83636362175
2016-09-30,754.3568425654752,756.7220020396494,743.9501618766182,746.4013061523438,3104818,-0.011898229639807356,0,0.011684876923445909,normal,-0.046895045857459294,-0.04809713441488794,-0.039341102182402055,-0.00391607341303013,20.20156547642965,-4.3206888584253145,0.01919768358155127,2.3713293221785983,217342937,-676222.587878781
2016-10-03,755.1310135173111,755.1310135173111,739.8219898012517,747.1754760742188,2066037,0.0010372033321670582,0,0.011366815009599154,normal,-0.026719700857018025,-0.047371055813319685,-0.03481998532901753,-0.00591201529171359,23.450993296141903,-4.46626146348342,0.01920245559735168,1.4972498852986538,219408974,-791806.0181818181
2016-10-04,749.9706716293081,749.9706716293081,738.6178940829521,739.9940185546875,1465854,-0.009611473809691629,0,0.011449572057328463,normal,-0.04112329411533955,-0.047070424625259455,-0.040065355926926394,-0.008151878289232362,23.871799779577245,-4.733713548168998,0.01886579906927665,1.043507825433082,217943120,-986407.0424242389
2016-10-05,743.9502706619542,751.4327867731486,741.714140556899,749.067626953125,1781339,0.012261732082861299,0,0.0108876575028891,normal,-0.01826061915046795,-0.04610910556085901,-0.0256693150811953,-0.009417798537203037,27.797939901094168,-4.015387626469491,0.018510156339562763,1.225769131270201,219724459,-929821.7151515187
2016-10-06,751.6906673869383,762.7423913275553,751.6906673869383,760.6782836914062,1360160,0.015500144874112776,0,0.011686234777667608,normal,0.007001933939034366,-0.028237286901255154,-0.009570294162145054,-0.009642408661922675,37.40172851511876,-2.5457906011826363,0.01796110496886938,0.9160520242873398,221084619,-810108.7878787876
2016-10-07,765.1935718655077,765.1935718655077,746.6593334629991,754.48583984375,1088191,-0.00814068704262949,0,0.010464463638908588,normal,0.010831349871400331,-0.036571632634976425,-0.015980569015657697,-0.010253496004181906,34.92611447924381,-1.8127000235314235,0.018772117293938136,0.7439064215132243,219996428,-609182.6484848477
2016-10-10,756.5930514322604,761.6243698566678,752.0777468228471,753.5398559570312,734544,-0.00125381264533031,0,0.009502512953545355,normal,0.008517918596916418,-0.0184293784969356,-0.015600459943236777,-0.010817476225408407,37.517526308504095,-1.2407189101675637,0.018404362176078794,0.5048114168101204,219261884,-453230.75151515217
2016-10-13,747.8205293791832,752.335834473192,733.1995414557259,741.4130859375,2130773,-0.016093070490783346,0,0.009731037307413907,normal,0.0019176741260478192,-0.03928448106639448,-0.02853339392124732,-0.012155672533919915,27.04773840458067,-1.5104060841994773,0.01950497265950073,1.3947170201586225,217131111,-289932.30303029827
2016-10-14,735.134575091685,735.822610992548,719.8685456001642,724.3838500976562,2077909,-0.02296862054749227,0,0.010576867241922118,normal,-0.032952668046637434,-0.050611551075913974,-0.04622796510517957,-0.014528447782278575,23.476555656337396,-2.602918582255782,0.020841265205168175,1.328458270406481,215053202,-262115.9090909106
2016-10-17,725.8890527832463,731.9094596191262,721.5887621861891,730.4043579101562,1136539,0.00831121208967911,0,0.010695391801761414,normal,-0.039798593479410505,-0.033075326662785565,-0.03478012045548462,-0.016106259643515752,27.22881796488386,-2.6769773727416233,0.020711530555385882,0.7226480195752368,216189741,-287303.81212120206
2016-10-18,731.3073643616931,737.0697639132125,730.1892993725991,735.8656616210938,1146943,0.00747709628480786,0,0.0109789821812986,normal,-0.024679294480214997,-0.014115254681909217,-0.025003659370156806,-0.017022776733980227,34.9593270779135,-2.1383925523056213,0.018938233606867524,0.7385498320214675,217336684,-405306.76363635977
2016-10-19,735.3496535280917,736.1667191974343,725.9320071157306,727.609130859375,1171167,-0.011220160407444224,0,0.011092603981145484,normal,-0.03441188265313855,-0.026187081671428136,-0.03263180988949532,-0.018372288394480463,29.945279936790612,-2.11461441118254,0.01918268876784229,0.7450774405830598,216165517,-449379.9575757543
2016-10-20,729.8021429317045,730.5762160629552,721.2445560654611,722.7066650390625,818580,-0.0067377739123782865,0,0.011020975057523837,normal,-0.02523076710304306,-0.02336147736624905,-0.03555373716266352,-0.01984898755555664,31.024684402952474,-2.195885389800443,0.018569037167842268,0.5260300296842155,215346937,-596511.9393939364
2016-10-21,722.4487000307828,732.9844102395651,719.9115185021583,732.0813598632812,1247395,0.012971645728093728,0,0.011149050059714003,normal,0.010626285724878226,-0.02267654678781983,-0.02089453875828584,-0.020369809862031296,39.20314399615483,-1.4225988572704562,0.017987200231980863,0.7978816968377687,216594332,-525379.3757575775
2016-10-24,732.5975211728318,735.3497177497161,726.1040926435062,729.6303100585938,1639740,-0.0033480565672990847,0,0.011148900593632532,normal,-0.0010597525099346194,-0.04081616933001353,-0.02192094855674309,-0.020933780406231173,41.73034973924852,-0.9056781946769412,0.01770241905228109,1.0359353458683698,214954592,-415068.9090909011
2016-10-25,728.5551804430748,730.8773477637993,713.461171599035,715.8693237304688,1925999,-0.01886021748057576,0,0.01161978037804674,normal,-0.027173897266212332,-0.051182559133619465,-0.03666414324061473,-0.02238006333563991,36.31576925375428,-1.2962500310776495,0.018252957569133053,1.2005861306921588,213028593,-408055.6424242385
2016-10-26,714.7942804977021,728.2972034419822,710.8810265616091,724.8999633789062,1928005,0.012614927542051735,0,0.011628257925648533,normal,-0.003723383016467907,-0.038007137050171,-0.022229173524887402,-0.02288648104109514,43.50720033605944,-0.7776834232879093,0.018623028039069768,1.1735141822747046,214956598,-260389.46060606255
2016-10-27,731.0492374237106,731.0492374237106,703.8714279475842,722.7066650390625,3193498,-0.0030256565742124986,0,0.011472369166550717,normal,0.0,-0.02523076710304306,-0.022843553339436662,-0.02341135324100707,37.94724334123273,-0.4309835735045997,0.020235110984379762,1.8143621956108655,211763100,-376780.32727272826
2016-10-28,723.3089214354593,728.4262780490094,717.1164921087175,719.4386596679688,1396899,-0.004521897374389239,0,0.01131955884343825,normal,-0.01726952889180733,-0.006826754115267564,-0.024729967623140392,-0.024031951270547247,29.587157071972896,-0.27778405032714204,0.020092223778852475,0.8046313945748371,210366201,-642826.1515151461
2016-11-01,724.2087691717254,730.8871121214994,721.3032821108307,724.4255981445312,891827,0.006931707671734122,0,0.011392389714113708,normal,-0.007133354854247376,-0.008185547773471025,-0.016286154776370854,-0.02411133954645761,34.94102776254066,0.2735466020469861,0.01925524859026226,0.5521085925968986,211258028,-727645.4666666709
2016-11-02,724.2087837799593,735.8741933395758,721.6501912618874,729.4993896484375,1085441,0.007003882133516104,0,0.011314312624172127,normal,0.019039879858157693,-0.008651405147281244,-0.00850906419894093,-0.02371045553042672,38.434990847916865,1.050435758553359,0.01957930833559591,0.716774018022349,212343469,-617017.7030303056
2016-11-03,726.9408794842923,735.9175783280847,723.9486288907733,728.0250244140625,1975240,-0.0020210643837351716,0,0.011304803715356852,normal,0.004311023855746443,0.000571589246270543,-0.00952123263014637,-0.023386787621906713,42.82401682323952,1.507692581398894,0.018797621474813828,1.3082773792579379,210368229,-631684.2848484907
2016-11-04,736.3512637300311,751.4425828893106,730.7137098852194,735.4839477539062,2273336,0.010245421640344032,0,0.011402107286357968,normal,0.01767976321922138,0.01767976321922138,0.0005669261363236977,-0.022455429435709662,56.629813307746936,2.3073051622263456,0.01878888843893892,1.466501631669302,212641565,-506652.5636363632
2016-11-07,737.2185325943683,738.736335455592,723.8184910322123,726.5072021484375,803129,-0.012205223013884714,0,0.011301875505522623,normal,0.009825080130849484,-0.007614123266141859,-0.010547846396124272,-0.022242083474825036,47.751720602226634,2.225437876284529,0.01947302579150822,0.5349679095789669,211838436,-309475.82424242824
2016-11-08,727.2010122295057,734.3997234665079,725.1627881436865,732.5349731445312,797363,0.008296918431459854,0,0.010837971837489906,normal,0.011194213761593241,0.003981006608270166,-0.002116205065669674,-0.021518635095060246,48.09099419427152,2.547848678508375,0.019542565681590705,0.5412728131383747,212635799,-120475.33333333283
2016-11-09,711.1991754100899,724.512455872631,692.9855379910509,718.3978881835938,2122893,-0.019298853268741034,0,0.011449994231912383,normal,-0.015217972245588629,0.0035321592493282594,-0.01937802487238416,-0.021882848904363428,45.053928717738636,1.8140707863024002,0.022841828863209096,1.3921878781082342,210512906,-147562.35757576436
2016-11-10,728.5453425488678,730.1932639031469,705.821655801063,709.94140625,1017007,-0.011771306782339286,0,0.011635326423503413,normal,-0.02483928101045263,-0.02063533988770172,-0.02805897850903538,-0.022765610089350297,43.39756063374528,0.8151483118329388,0.024627107915007843,0.6608300676780849,209495899,-71095.64848484511
2016-11-11,706.862480465705,706.862480465705,692.2048201255145,695.3705444335938,1758762,-0.020524034361330434,0,0.01193779122462605,normal,-0.054540147943153316,-0.03782464162550825,-0.043634523601866815,-0.024568222270239026,31.98099686756285,-0.6896598110473544,0.025622202141467213,1.1567883263144905,207737137,-237270.98787878393
2016-11-15,697.322032148996,702.352454131872,679.3252259710213,698.5796508789062,2007604,0.004614958846044459,0,0.011088674215597694,normal,-0.038440845716248284,-0.02899344997485853,-0.035618656359385104,-0.0258116246813338,34.87178602694884,-1.2964148179106747,0.026913645204571464,1.3235189461234391,209744741,-338267.7030303083
2016-11-16,701.6585403937645,705.5614618174628,692.1180658025019,701.4417114257812,2677282,0.004096970965693281,0,0.010926207742556298,normal,-0.04244611227949546,-0.03172704937210746,-0.028738324487212252,-0.026586784544459507,42.13549013867078,-1.3276732966276654,0.02639927817031075,1.6796993297281426,212422023,-226242.87272726593
2016-11-17,701.4417329344084,707.7297731987353,696.4546665178732,703.9569702148438,665671,0.0035858414863152444,0,0.010782947959201946,normal,-0.020101559604055352,-0.035013626873496406,-0.02290533907656722,-0.026975556255982247,37.7110534262785,-1.0156891216043284,0.025681835330470294,0.4240369683087195,213087694,-19655.012121211646
2016-11-18,705.127924780297,706.6890830300952,689.9932496327757,696.3246459960938,1462211,-0.010842032314021477,0,0.010766542563524545,normal,-0.0191801184351702,-0.043542979093997736,-0.030405652767909408,-0.027808727172051295,35.448372446901274,-1.1502019069094231,0.024888095676903525,0.9228833911966725,211625483,-33527.69090908332
2016-11-21,696.3244735169415,698.8830657314214,687.477894647121,691.9011840820312,993597,-0.006352585592794502,0,0.01075822582071841,normal,-0.004989225355221838,-0.0592572602093796,-0.033198304318711624,-0.02878119715819505,35.00222054388699,-1.350115315781597,0.02505705733010182,0.6236701814232284,210631886,34719.72121212967
2016-11-22,699.3168370879887,713.3673660088905,696.2812312751848,711.1123657226562,1226008,0.02776578806714025,0,0.012255011993775749,normal,0.017940280436142375,-0.021190204832457815,-0.00575260384764531,-0.028036689590418606,43.72191578794671,-0.06915585452258277,0.02538636734744576,0.7700689590368698,211857894,140658.10909090805
2016-11-23,711.502551779626,723.3414345631877,706.9491434685267,721.3466186523438,1254013,0.014391892790792893,0,0.012737617037506945,normal,0.02837713654938323,-0.015273474854257896,0.007735289982520488,-0.026491782546664067,46.333852069593,1.5001070224068904,0.02524089953105931,0.7973178860422654,213111907,367918.884848499
2016-11-24,718.8314432038268,723.7751546678804,711.6760866717597,715.7958374023438,1588843,-0.00769502636661723,0,0.012119989051449622,normal,0.016817600632446084,-0.003622018973119534,-1.7425424574502024e-05,-0.0254804296873673,44.695245967351205,2.157026489846473,0.02544961951351188,1.021152313618958,211523064,361218.2909090969
2016-11-25,719.8721907975441,726.8107179377614,716.0993878397553,722.9945068359375,788448,0.010056875239339291,0,0.011993410182777378,normal,0.03830090029585609,0.01838616605683785,0.009074476880451376,-0.02394784512370074,44.57009360178192,3.016393837149314,0.023970896016845173,0.5259989368583523,212311512,317479.14545455086
2016-11-28,720.2626181446554,730.2367526342803,719.0049992955661,726.6807250976562,930063,0.005098542557191665,0,0.012025337189383515,normal,0.05026663028734113,0.04502661338576819,0.0128476697836446,-0.02223997391294552,50.079078582916246,3.7265707373291015,0.023486977615221057,0.6711467609422074,213241575,173091.26666667097
2016-11-29,725.9434371888733,729.4127009269324,720.0890546308985,722.2139892578125,1157881,-0.006146765265094167,0,0.012065355468407528,normal,0.015611630552752942,0.033831988019077164,0.005987496554981098,-0.02101808633081992,45.228591599449885,3.777213216439762,0.023640815352068884,0.8428118466831745,212083694,32666.048484855517
2016-11-30,724.4255736111464,737.478666744654,720.7828364040199,732.0145874023438,2734453,0.013570213662854824,0,0.012346550089080763,normal,0.014788963411141332,0.043585768394666324,0.017735412595268008,-0.01911809369824302,56.55796688211439,4.313716426108897,0.021094288948183375,1.8652956445501923,214818147,191527.33333332947
2016-12-01,732.01464354417,742.1622504934502,729.3259853409287,735.5706176757812,951938,0.004857868046122649,0,0.012297133467429357,normal,0.027626285653184368,0.04490849412470377,0.02047526508611419,-0.017119998575309325,62.954836440596914,4.718277778831044,0.019872156121884837,0.6523308538806379,215770085,417646.648484856
2016-12-02,732.8820037648072,735.8308992741887,718.267750663257,721.1298828125,623704,-0.0196320169896268,0,0.013091017493892791,normal,-0.002579029309085268,0.03562309184234369,0.0003992341523129106,-0.01643508241531244,63.03776320902941,3.859667340373454,0.020252919907212532,0.44815648774030054,215146381,479751.1818181738
2016-12-05,722.3874963911395,738.4328419206197,721.6068908393233,732.7952880859375,760110,0.016176566179646912,0,0.013408071753112273,normal,0.008414373434027178,0.05910396591987599,0.014979339536213665,-0.014876932272484322,65.95228108436663,3.9115709851020304,0.01937254459628148,0.577569680156286,215906491,474398.9090909171
2016-12-06,733.2289016818869,737.045059976881,722.6476368454361,725.0761108398438,611314,-0.010533879477113262,0,0.013333641009735308,normal,0.003962982751099187,0.01963648192644918,0.0038777365537279174,-0.014062766066471277,60.54158091317936,3.2854523107775315,0.01967276811244309,0.4679169808908934,215295177,453501.4969696923
2016-12-07,728.415198530991,732.0145804984296,721.650145459708,723.0812377929688,394177,-0.0027512602015867804,0,0.01319937656919877,normal,-0.012203786322177335,0.002404695739567808,0.0010094330210299596,-0.013456494339967207,58.56972191316392,2.625008068446677,0.019637082911078397,0.30644275967107026,214901000,453040.35151515255
2016-12-08,725.0761272751705,734.4431288583581,725.0761272751705,731.1473388671875,609858,0.01115517960172574,0,0.012670684010231218,normal,-0.006013397901305839,0.02144675990371092,0.011003506331746404,-0.01225654018909772,65.54387134986632,2.6137557433672116,0.018899351201281802,0.5037454346732888,215510858,358235.34545454994
2016-12-09,728.4587084952186,734.6166307423191,725.3796944349024,732.9253540039062,463868,0.0024318150969044883,0,0.012312772890223258,normal,0.016356930245911228,0.013735715934315218,0.01216438108415141,-0.011030506916372307,68.75497377640914,2.60274596809417,0.018642193710256345,0.3921148124424525,215974726,292958.5333333456
2016-12-12,732.8821214343072,733.6193189616317,720.1759191010025,722.1273803710938,317031,-0.01473270582580355,0,0.011821753493338357,normal,-0.014557827934058243,-0.006265949500656731,-0.0024865192581838835,-0.010755962743798975,55.45537756883685,1.7839629609420748,0.018127384334739524,0.28538117210339653,215657695,227990.7272727303
2016-12-13,723.3414580377897,725.423037365121,715.4489045504512,720.86962890625,716723,-0.0017417307514325797,0,0.011831945257889451,normal,-0.005801435008969569,-0.0018614432447424667,-0.0038231791279910166,-0.01057444225960602,49.740707439025606,1.1065739780406245,0.017523058510106847,0.684968117797738,214940972,17450.569696979117
2016-12-14,720.7394479846107,722.3439610803912,710.1581843702891,712.7601318359375,418711,-0.011249602903394273,0,0.012157239250832801,normal,-0.014273784766610675,-0.02630337686948747,-0.013617858549647366,-0.011003838830912382,48.394448472374386,0.11353337655110285,0.01773111822696943,0.4485719406606444,214522261,-68265.17575758188
2016-12-15,709.4644089230625,714.4081201593897,705.6916059182863,707.7731323242188,552176,-0.006996743068208855,0,0.012262683847284156,normal,-0.03196921509580253,-0.037790369386144884,-0.018601451264099844,-0.01172359708831927,41.756733618876815,-0.8262829810943122,0.01762410096448365,0.5951735064923026,213970085,-117050.5818181763
2016-12-16,709.030846231379,717.2703484200005,705.6482925792374,708.5538330078125,907271,0.0011030380328651557,0,0.01197688283995958,normal,-0.03325239175170336,-0.017439368558184398,-0.015876951900471892,-0.012247741406685053,39.86425194206135,-1.3135082692631754,0.0176440283176612,1.0080684161781208,214877356,-136110.56363635583
2016-12-19,708.5971225928141,709.2909647570823,700.7912791370794,702.30908203125,709550,-0.008813375477842667,0,0.012068023090272427,normal,-0.027444324752870286,-0.04160262292940986,-0.022264321660211972,-0.013144778806537416,39.08705539694204,-1.9368712496967713,0.017717113274666945,0.8010209898996057,214167806,-139938.36363635745
2016-12-20,701.4417060011098,704.9109694620117,692.5083631766393,695.0669555664062,1057366,-0.010311879271015179,0,0.010493429882747082,normal,-0.03579381389529923,-0.04138759341923204,-0.029356420301814068,-0.014443137790105087,29.158633321398085,-2.672120632968204,0.017460520316629285,1.2051473093201093,213110440,-221119.9696969601
2016-12-21,695.5874464592293,698.1893945133163,690.2968399239602,691.077392578125,1024157,-0.005739825431681167,0,0.009877863103289513,normal,-0.030420808192458515,-0.04426037289050366,-0.031706764126301246,-0.015835561393267583,25.02447952319575,-3.2252939523954085,0.01705034579708032,1.182790359103162,212086283,-357961.4909090933
2016-12-22,690.3834596081109,696.0210129843078,679.8455501994382,682.6209716796875,1147406,-0.012236575800707472,0,0.010063832565975683,normal,-0.03553703792334617,-0.06637016180990951,-0.03957137558190038,-0.017656640795795542,26.826808370600645,-3.913060602028864,0.017116362644271278,1.3597914934074338,210938877,-482613.8121212025
2016-12-23,682.1440237189034,693.3324211249818,678.1977465657342,684.7459716796875,893290,0.0031130013406577284,0,0.00972849370646316,normal,-0.03360063867985952,-0.0657357288310727,-0.03321331569256414,-0.019017393399304305,17.33514463588338,-3.9649336610228714,0.016837062368978653,1.0521023821440456,211832167,-472198.7393939303
2016-12-26,683.4449905231081,698.102651722993,680.8863978011823,695.4139404296875,686679,0.01557945455864651,0,0.010426199916310492,normal,-0.009817816368855814,-0.03699269778093517,-0.016451049482637203,-0.01929702081551543,30.612388188670437,-3.0612924717120125,0.016868306783272682,0.8205195671582107,212518846,-395251.0121212182
2016-12-27,695.5006314052177,701.2248950883778,690.9038148517667,699.7070922851562,552306,0.006173519979792319,0,0.01054064931354371,normal,0.006675812569695294,-0.02935695411832362,-0.009399897242426958,-0.019132631760860663,35.167940362232514,-2.005972443986221,0.016760383089233912,0.6847297138473333,213071152,-297912.38181819004
2016-12-28,700.7912557703005,712.2398363776628,699.0566239490869,702.7860717773438,811567,0.004400383426344856,0,0.010036691868281288,normal,0.016942645389597333,-0.013993571768530888,-0.004562984060797026,-0.018676966217088697,30.78736608822568,-0.9838183052667517,0.01687206644555498,1.1423118624114148,213882719,-161556.0424242391
2016-12-29,703.6101519398815,712.8904443463503,699.5337558805796,709.898193359375,1295881,0.010119895466973006,0,0.010291318150972428,normal,0.03995954242742927,0.003002460729440104,0.004983287240910128,-0.0176507623214448,35.452182074360735,0.22359311471460686,0.01711755491846601,1.7808947825366956,215178600,16425.006060604217
2016-12-30,710.7221549603388,719.3953155482086,709.898194117137,716.7066040039062,709395,0.009590685971903268,0,0.00967079103240894,normal,0.046675166625396836,0.011506212536435356,0.013210820461942552,-0.016155970138408526,46.3935275648616,1.463933971328962,0.016561650567304357,0.9691959114782076,215887995,278936.39393940003
2017-01-02,718.1376419537936,718.1376419537936,710.4185084440761,715.8392333984375,439748,-0.0012102171245851334,0,0.008862919904195318,normal,0.029371417196683458,0.019265237647297706,0.010830861177955509,-0.01486438731039752,46.63577480288476,2.166706614611388,0.016356707497407846,0.614238640234986,215448247,457908.02424242935
2017-01-03,716.7932839701401,722.3007191279172,710.7654274755811,719.7421264648438,617599,0.005452192174320025,0,0.008689592867267497,normal,0.028633458772377995,0.035500422946059595,0.01476273771712111,-0.013378906904800036,54.94780695797654,2.795190133645442,0.0162034558053963,0.862281871548415,216065846,584555.3090909137
2017-01-04,719.7421488673419,726.2904269025026,708.2068568559614,712.5867919921875,1298675,-0.009941525179026356,0,0.008940030679464311,normal,0.01394552426182516,0.031124443723762774,0.0042273808776363,-0.012600205613326643,53.309503887042055,2.6320834730023597,0.017305099239426237,1.7055001435723358,214767171,536265.5393939423
2017-01-05,715.4489524532904,724.8593093903224,712.9337150090877,722.6043090820312,800848,0.014057960661658653,0,0.00916327782405453,normal,0.017898504097507928,0.058573262558809125,0.016568701425901944,-0.011088913601626227,58.571376443841096,3.0713059612150624,0.017129494712902833,1.03869672126523,215568019,422669.0424242454
2017-01-06,722.3874974194943,758.7280050435032,721.3467076611796,723.1246948242188,545826,0.0007201531123564031,0,0.009141954482258642,normal,0.00895497653357391,0.05604811818080213,0.01562734350450823,-0.009693281848107249,63.6518660668609,3.2519470591392423,0.019970026005250743,0.7041914359924927,216113845,342286.72727272735
2017-01-09,726.810754291134,727.2877674685309,718.4411343349137,720.7828979492188,323290,-0.003238441297554129,0,0.008551135645651882,normal,0.006906110087472106,0.036480369524741096,0.011150116126380727,-0.008627777937729175,68.02428849128667,3.0709751931386124,0.019682515940340636,0.41692072148473247,215790555,238149.88484847947
2017-01-10,723.16808124221,725.0328318453577,719.0049749660689,720.3493041992188,337793,-0.0006015594310487815,0,0.008543120045181688,normal,0.0008436045523099178,0.029501218640856752,0.009528297322420443,-0.007703398553628449,71.59302418770255,2.787615863082321,0.01950946312144633,0.44653457271056735,215452762,112751.29090909829
2017-01-11,721.6936437314773,732.8820416364936,719.9590116802667,729.846435546875,867646,0.013184064026012798,0,0.008596819665971176,normal,0.024221110675423096,0.03850441102382085,0.020618091729492916,-0.006128126850288629,84.31003198016272,3.0823383537605635,0.018937287189544898,1.1139040684935086,216320408,59915.30909091126
2017-01-12,731.7544355806235,731.7544355806235,715.2754334769467,716.3162231445312,985100,-0.018538437325114177,0,0.00951571043836841,normal,-0.00870197680593432,0.009040774924056194,0.0015355192378296856,-0.005794306078452105,69.6756101661776,2.2473649357495913,0.019429037763729944,1.2304988079425694,215335308,10190.921212116888
2017-01-13,719.8723477314966,724.7292966137712,715.622477756927,718.0943603515625,567779,0.0024823355238632328,0,0.009524213486945392,normal,-0.006956385957582412,0.001936296302982976,0.003637257457370646,-0.005343456759356213,65.89666542891513,1.7199116040098406,0.018574285393265257,0.7245821677918971,215903087,36829.806060610135
2017-01-16,718.1375764138029,721.0430635494679,713.3239836809904,717.7039184570312,472383,-0.0005437194832446091,0,0.00926488959384978,normal,-0.0042717155206482005,0.0026048936291758196,0.00279630268211295,-0.004962079661530061,63.34396530188877,1.2705422014024887,0.018325429304590322,0.6121038431890048,215430704,8202.878787873322
2017-01-17,717.0535387538562,731.1474244566082,717.0535387538562,729.1092529296875,1081184,0.015891420095874853,0,0.009413902569586291,normal,0.012160695761630258,0.01301455913224392,0.016917962857127877,-0.0037212789454329487,67.37258743715071,1.643554047458767,0.018127983504824603,1.3988166550140013,216511888,79935.53333332604
2017-01-18,729.1524655526231,752.6133493471084,726.4637545822975,750.1848754882812,2032995,0.028905986961361707,0,0.01090057284538508,normal,0.027866738742331032,0.05276281278099515,0.041718211192011356,-0.0009887919583346783,72.45029220273449,3.1258538326193754,0.01883676943298376,2.4691162351775238,218544883,170573.92121211844
2017-01-19,750.5751983047184,759.7253704290852,744.6340526492706,746.15185546875,1350359,-0.005376034829956078,0,0.010456053459478828,normal,0.041651482069251955,0.03258705503241832,0.032566077228983525,0.0010699226656509797,66.93252485488594,3.6162298392613064,0.019474112172396425,1.6200734441996785,217194524,195155.78181817834
2017-01-20,741.7286952377273,756.2995942646461,741.121563416445,746.2821044921875,1032081,0.0001745610125913899,0,0.010497295227986224,normal,0.039253537831469565,0.03202408911453092,0.029535513250313672,0.002860658089529844,67.65588760856699,3.716628902583373,0.020184623511253056,1.22800020512657,218226605,292706.15757576167
2017-01-23,741.2080996290414,751.7893635206356,738.5627968903324,747.9732055664062,1615902,0.0022660346054652614,0,0.010165543403287921,normal,0.04217517325870257,0.037723297395859,0.028746136168840142,0.00453274203904952,66.80423817115155,3.658473870520737,0.02030049813941017,1.821929731147028,219842507,431234.7636363647
2017-01-24,742.4223875554821,747.973230319386,730.3666757417348,746.1951904296875,1843785,-0.0023771107353669496,0,0.010235537176310925,normal,0.023433988022159458,0.03587965738260901,0.02373640919047726,0.005828020058727512,71.37325408802688,3.2742594919733845,0.020303207965885323,1.9377833839450849,217998722,397559.1757575827
2017-01-25,743.2898277385962,754.5215807637735,742.379156506667,753.87109375,1360342,0.010286723123868358,0,0.010353670659957678,normal,0.004913746440595057,0.03291741527123215,0.030902896367280164,0.007518514597247394,70.49449226148135,3.3016828746298774,0.020084154827989826,1.389620540496974,219359064,465067.00606060604
2017-01-27,753.6975517839743,759.5085791687409,740.5143389099513,742.3790893554688,1272497,-0.015243991300112447,0,0.011039234305996348,normal,-0.005056297971558488,0.03638458179339432,0.013721514774077903,0.008073701093033625,61.03371280112707,2.3548989584596267,0.018625932144878232,1.3014392520219786,218086567,360660.3818181864
2017-01-30,743.2463806240851,748.667105068603,738.2159589269249,740.2974853515625,600766,-0.0028039636807570822,0,0.010955823097009605,normal,-0.008019245141483444,0.030919508947444996,0.009832786169312158,0.008365231889479352,61.216263717451206,1.4423152357333135,0.01883311897175334,0.6178623119581121,217485801,227988.04242425272
2017-01-31,742.4224680150531,748.4069693641798,738.3027171703435,741.902099609375,1210100,0.002167526284450938,0,0.01093498272930602,normal,-0.008116742567581547,0.03371610566703698,0.01086426989929512,0.008709300509274431,62.223211436174815,0.8309651880207714,0.019184851636767343,1.1971143026025193,218695901,110644.54545453649
2017-02-01,743.2897326509326,752.4399048867626,736.5246791604818,740.7311401367188,1750447,-0.0015783207424170387,0,0.010925961304762578,normal,-0.007322548259554362,0.015939843254399122,0.008378662614542565,0.008885249878707313,56.816810939617895,0.2614459826670341,0.01950371625612377,1.639778512190139,216945454,-69677.0909090791
2017-02-02,743.7234778125687,744.8509780370591,730.1066058821744,733.1422119140625,1617828,-0.010245185886549213,0,0.010942887696776258,normal,-0.02749658662839205,-0.022717951442470796,-0.0017667532868252955,0.008424176109156134,61.38492175259001,-0.6621749836232258,0.01953660232263519,1.4932222607361103,215327626,-207966.23636363793
2017-02-03,732.8818976370578,739.3434113455883,727.3310549891269,737.0016479492188,999913,0.0052642392873276656,0,0.010581585629931955,normal,-0.007243524882844854,-0.01226319743423121,0.00315492916308191,0.008286998200882634,62.44273227020006,-1.027205244113789,0.01971589381565829,0.9144981419439239,216327539,-342741.55151515396
2017-02-06,737.2619563994034,747.6263932034404,737.2186011866871,746.3687744140625,1007603,0.012709776824663344,0,0.0108974343447145,normal,0.008201147758345906,0.00011613560254675193,0.014368296872819153,0.008851983649975859,66.87082625360573,-0.6691570376835232,0.019746530489643487,0.9024741071267433,217335142,-343242.39393939247
2017-02-07,748.4936713269146,748.7538555268131,738.0858798368532,741.77197265625,866921,-0.006158888093116155,0,0.010985445704554961,normal,-0.0001753963942054959,-0.008290715314407948,0.007341817158798003,0.008957839929167655,58.102026502459516,-0.7662868678146353,0.019539004487495085,0.758015940245763,216468221,-272497.42424241465
2017-02-08,745.8049556374951,745.8049556374951,734.9200988590737,739.777099609375,995337,-0.0026893346208962665,0,0.011016275690696903,normal,-0.0012879714050737512,-0.008601088431857473,0.004189676257981834,0.00886367567659474,41.1895031078365,-0.9758262322758986,0.01811781884287385,0.8459804968499384,215472884,-338062.12727272476
2017-02-09,742.4224271323097,742.5091375495593,731.5809781379711,737.8690185546875,884351,-0.002579264829493999,0,0.01068694254904182,normal,0.006447325721819164,-0.021226540356804158,0.0014470413497111867,0.008602953804505376,42.72665880587416,-1.2370743478361472,0.01776166052564064,0.7511154074544861,214588533,-330558.4727272785
2017-02-10,735.7008588103159,744.5041381246353,735.1804903413039,737.999267578125,648644,0.00017652052079997205,0,0.009696348442039773,normal,0.0013536192648717638,-0.005899710592800145,0.0014689408654229297,0.008353980896851576,42.72665880587416,-1.3841364425621627,0.017191898906178282,0.5589056360121056,215237177,-314682.7515151451
2017-02-13,741.5117845650282,750.0114703166205,739.3434946826442,747.8865356445312,688095,0.013397395499934683,0,0.010053002569761185,normal,0.002033527235461241,0.010251352251135604,0.013449233313377995,0.008859173893960959,49.93346989184641,-0.8260948254844926,0.016848636688172228,0.5898412247493553,215925272,-266787.5818181786
2017-02-14,748.4937580283374,752.8736935337331,732.8820689848727,735.6141357421875,1294385,-0.016409440894356142,0,0.010864365250860625,normal,-0.008301522760440272,-0.008475463097487146,-0.0028788310562322117,0.008330129072384285,43.004746894181864,-1.2676567291962133,0.01736131763015372,1.0717975650355114,214630887,-189906.393939396
2017-02-15,735.9609279496229,739.3868364890363,731.4942826349438,737.2619018554688,863541,0.0022399870165881186,0,0.010313527119685579,normal,-0.0033999400025147564,-0.004683532382086297,-0.0005838720299717881,0.007964606773972926,38.06847129987785,-1.4213616283837691,0.01691077276722134,0.721544866596156,215494428,-133346.5393939282
2017-02-16,738.9531837759158,739.3868417476153,732.0580114385413,733.8359985351562,529692,-0.0046467928312727835,0,0.007918816100823513,normal,-0.005465766847659537,0.0009463192949734633,-0.004732407830864038,0.007356276647860982,43.05846225870506,-1.707136028623852,0.01585425755563159,0.47225222197937117,214964736,-195945.98181818193
2017-02-17,734.6166445863902,735.4406053654285,726.3771426695416,729.6295776367188,917969,-0.005732099415719727,0,0.007929396691682687,normal,-0.011341054536372241,-0.010002786741404868,-0.009452740732369458,0.006479569011050623,41.621293571833306,-2.1066281673090215,0.015809809568857587,0.8345097242074947,214046767,-237556.9272727251
2017-02-20,737.8256901833957,744.1570860390323,735.0502685525406,741.078125,1511663,0.015690903595716676,0,0.008773658443751707,normal,-0.009103534186056361,-0.007088519235301516,0.005506662199225021,0.006565599974703851,49.439509358948165,-1.552589410010543,0.015991905779537893,1.3449090095673084,215558430,-101894.27272726905
2017-02-21,740.254122340275,751.6159394815137,738.996503695051,748.2767944335938,1061217,0.009713779412384937,0,0.009042821942808987,normal,0.017213723984015772,0.008769301102130145,0.013799198766968779,0.007163262842957874,54.74375700274738,-0.6976182028970266,0.015523450773238684,0.9680386348137312,216619647,55394.11515150944
2017-02-22,751.0956021775032,753.6975499910511,738.9531790476128,749.4910888671875,1996095,0.0016227877740253582,0,0.009030328428460093,normal,0.01658730361753613,0.013130967777918112,0.013952963086134584,0.00774687801837759,61.17370171313963,-0.07916618863035385,0.01549830020550547,1.8082695041256205,218615742,253369.1454545478
2017-02-23,755.3455310566776,756.2995574888945,742.6393303897545,744.3739624023438,1313518,-0.006827468052459373,0,0.008838944490187779,normal,0.014360107555670298,0.008815851708204203,0.006356429833681787,0.007835423184081813,54.95347860606418,-0.04525615346021894,0.015762968000378807,1.1924496592963363,217302224,282645.75757576607
2017-02-27,745.0678023126515,755.0419363541508,740.9046960826835,751.4859619140625,1194357,0.009554336759397097,0,0.008404757532594474,normal,0.029955452667005167,0.018274671708274903,0.014428455957564479,0.008422020150462117,53.54570337213984,0.40103407187894735,0.015947650466244714,1.088131334090303,218496581,387418.82424241974
2017-02-28,750.6619025670573,753.2204950291325,744.2871519521974,751.0088500976562,1409380,-0.0006348911897050558,0,0.008371863369817505,normal,0.013400375429589495,0.004174850467703939,0.012455252601109246,0.008862725800358406,56.78775793228972,0.5971675470286817,0.015792800737103322,1.238413542851439,217087201,421681.69090909517
2017-03-01,753.177221730862,764.0186715315898,748.4503390303914,759.3351440429688,1199589,0.011086812018566539,0,0.008683028593966182,normal,0.01477842115596495,0.03224653680267875,0.021376691093068168,0.009840904770984649,63.148772315108666,1.186677700356272,0.016060190545983278,1.0545584732145976,218286790,421000.3636363631
2017-03-02,761.5034822382479,765.8400624332265,757.4704414822098,761.06982421875,1116347,0.002284472395871484,0,0.008660962390539496,normal,0.015448796554823785,0.03229235405134023,0.021403571607885974,0.010782064872165487,65.63423357616199,1.568479568157148,0.01578345898385721,1.0095175784354131,219403137,494466.1151515225
2017-03-03,761.5034327621039,763.0212357317323,755.3455104600326,760.7662353515625,909059,-0.00039889752231225817,0,0.008234046396122964,normal,0.02202155606882772,0.036697895538189584,0.018958594017978836,0.011533699643853312,65.30612747350867,1.6664267709994327,0.015635033537050345,0.8492832197198799,218494078,435655.7393939404
2017-03-06,760.636216057888,765.9702312220569,751.3125680275319,757.253662109375,620823,-0.004617151864743652,0,0.008316539856807418,normal,0.007675060463700367,0.037860423041142344,0.012878909138429151,0.011877058440842303,56.887858831005985,1.372736805066845,0.01595709293905913,0.5904562484610235,217873255,239004.45454545028
2017-03-07,758.1209438715794,758.858194281725,752.9604556844153,756.3429565429688,581168,-0.0012026426704486726,0,0.007890748276346242,normal,0.007102587998289112,0.020598140773577356,0.010538523920637699,0.012061116618553136,68.30014257709993,1.011888334109023,0.01464528866105255,0.5641818662527034,217292087,65048.957575754976
2017-03-08,754.5648826556549,759.898896966375,748.7104999453954,755.6923828125,689050,-0.000860157055527222,0,0.007736002618687995,normal,-0.004797303613623627,0.009910220969126193,0.008740367285978934,0.01212597383820202,66.56270808628088,0.6421571942560194,0.014969422150700476,0.6747361473696992,216603037,-96757.30909089783
2017-03-09,753.6108626540671,756.2995209690445,747.7998351051399,754.8250732421875,649123,-0.0011477018824572749,0,0.007705362889257594,normal,-0.00820522740206242,0.007116808263940788,0.006855527684171969,0.012071020906329055,69.77120970125141,0.2709453058230826,0.015097419571757397,0.6465991296173645,215953914,-160695.95151514356
2017-03-10,755.4322742353049,761.2866575316175,752.3099576519796,759.0750122070312,1533750,0.005630362736347649,0,0.0077213159083371645,normal,-0.0022230523200726937,0.019749548677444828,0.011318180579342751,0.012295836668515081,77.7141780430022,0.2442181609868772,0.015004727209878933,1.4799204823165786,217487664,-196278.7878787879
2017-03-14,764.2787663051188,793.5940325485209,762.4140159828963,792.5098876953125,2763421,0.04404686618660847,0,0.012246905143684341,normal,0.04655801265817483,0.05459040868409648,0.050275752339872914,0.014941400744664213,84.23774457621417,2.296766305758787,0.01617352518564724,2.4195707233992176,220251085,-3753.527272713761
2017-03-15,789.257630173992,795.5023165165692,779.7171533257349,781.0181274414062,1247829,-0.01450046293721996,0,0.012658834059605795,normal,0.03262431504779362,0.03995862011459361,0.03160304519522095,0.01631585636635169,70.61723251566565,2.6726182231242372,0.016701023390164178,1.0664304586928899,219003256,5482.951515160616
2017-03-16,787.5229502489394,791.3391619314614,776.5513813642659,785.9617919921875,1052674,0.006329769280742026,0,0.011893244278016657,normal,0.04005519953374703,0.03506573896665577,0.03437630957769966,0.01780870826007752,71.93536450524874,3.020625626921632,0.016599919786027033,0.9090345037071035,220055930,128885.7030303055
2017-03-17,787.1326003709512,790.1248510638701,780.584375364965,782.7960205078125,2071209,-0.004027894888313455,0,0.012006947175001321,normal,0.03705619786248193,0.02854691593030223,0.027254397714959744,0.018797108684940556,73.66448457107799,2.8085276264344454,0.016291133846745794,1.699946400870357,217984721,192292.4303030292
2017-03-20,781.0613936492045,793.8109491172168,777.1151165354015,779.2400512695312,849554,-0.004542651144259002,0,0.012003447373264023,normal,0.026565278448396734,0.02428317012443615,0.02039283730003616,0.019317511515974717,67.87707234992786,2.225182225598875,0.01660000832518142,0.6882380544718554,217135167,165948.83636363334
2017-03-21,779.5435588123111,786.7422705503001,770.4367414127822,783.5765991210938,1016256,0.005565098770908161,0,0.011831853873641211,normal,-0.01127214778379304,0.03476105607517921,0.023530006604838505,0.020012743774750374,69.98407535965268,1.9383364382411425,0.017180166013254894,0.8200214943208853,218151423,170120.83636363223
2017-03-22,775.4238589403317,787.5229277234363,775.4238589403317,784.8776245117188,928431,0.0016603678467226324,0,0.011490649966812799,normal,0.004941622908236631,0.037727155018635994,0.022771922362405217,0.020632615766847717,67.15204732051518,1.654229981871815,0.01683596409558795,0.7672079940998684,219079854,182818.26060607017
2017-03-23,784.9209175194446,788.3901812432875,778.9798245670692,782.3189697265625,737393,-0.00325994104717664,0,0.011454073815739194,normal,-0.004634859229469046,0.03523469009303093,0.017554035992031203,0.020901737374865892,64.1128522274362,1.1366477183561923,0.01698605081305917,0.6176072675661058,218342461,87687.67878787858
2017-03-24,781.4517157475786,785.0944535337554,777.9824517486992,780.7578735351562,809976,-0.0019954727570417052,0,0.011493640668141611,normal,-0.0026036756948943918,0.03435603984586799,0.01402436869082102,0.02093972710230907,63.05952207228005,0.5609310685209081,0.016968440866920405,0.7138582994236922,217532485,-115982.20606060865
2017-03-27,780.4542502778647,792.1630158105754,776.3344994422813,779.5435791015625,2830764,-0.0015552765777380184,0,0.0113373347817993,normal,0.00038951775070694694,0.02696514384661186,0.011248490488039886,0.02080303985517351,65.0116246185415,-0.0001894676766429626,0.017102156358447564,2.338493275940883,214701721,-390941.5939393894
2017-03-28,780.5843519939662,784.920931727266,778.4160621273162,783.2730102539062,565803,0.004784121442757527,0,0.011227903933188484,normal,-0.00038743993571022095,-0.01165522043929057,0.014532121696603673,0.020876707245100823,67.47322516209053,-0.20724912761929382,0.01707609288601889,0.479868222676503,215267524,-417041.92727271863
2017-03-29,784.2271705533741,793.5074627284702,780.8879720517975,791.46923828125,1067420,0.010464075641629655,0,0.011357478184398667,normal,0.008398269441853401,0.013381393430753397,0.022698824600829504,0.021457121830378734,71.14307232609578,0.10399702389424625,0.017028411215174403,0.9186201214227123,216334944,-407701.15151514293
2017-03-30,790.2115860823942,801.2265098649681,788.5637174451698,797.2368774414062,2105056,0.0072872562586023815,0,0.01124075993000745,normal,0.019068830351969934,0.014345589778149037,0.027201810324879894,0.02229538128955655,73.6919196361903,0.5685672810727347,0.01727821278390221,1.7436709534429047,218440000,-181017.69696968532
2017-03-31,797.2369056380805,798.1475768825405,785.0944812138963,790.775390625,1454650,-0.008104851894387144,0,0.011488439237878857,normal,0.012830504090193706,0.010193421923646362,0.017048082284477184,0.022465493479827625,67.28135408244411,0.3231544465542022,0.017787604043008096,1.1882740675532562,216985350,-152172.35757576942
2017-04-03,792.7268341871118,801.7035337277619,784.400621654821,798.4945068359375,832000,0.009761452243520763,0,0.011601897769347709,normal,0.024310286483555155,0.024709273522372177,0.024344266830107042,0.023084396011890718,54.533617905876525,0.5498393335087624,0.016075599025815096,0.6817897801186986,217817350,-122468.54545454562
2017-04-05,796.3261055267477,813.0652916153139,796.3261055267477,811.243896484375,2246395,0.015966784416535873,0,0.011849002659569821,normal,0.035710264319463336,0.035308988801241004,0.036681400927131236,0.024449800280712752,72.4692443599914,1.3803098339599202,0.015906957284767913,1.7258771749546575,220063745,89247.41818181626
2017-04-06,807.3409372081567,812.0244639694395,798.7978972665994,810.6367797851562,1588953,-0.0007483775247490998,0,0.011839915484693717,normal,0.024217670854183027,0.03281932682112387,0.03237528377638266,0.025490472017866583,69.60704908030803,1.6901597865657045,0.015781305575933484,1.1752738297053291,218474792,253008.95757576198
2017-04-07,802.874346806096,808.945558163481,798.9714252192058,801.8335571289062,770117,-0.010859638836746455,0,0.012239776570161481,normal,0.005765764000095208,0.024944540727632525,0.019109917763272977,0.025659241692846724,63.88360439310002,1.130543468742248,0.016143853895517396,0.5679166826138516,217704675,332938.66666666453
2017-04-10,800.3592418564086,806.3437437873608,794.4615032926816,803.09130859375,460843,0.0015685941972138906,0,0.012205913752489618,normal,0.015574483114624948,0.02860481567412343,0.018699371155785238,0.0257954620805807,67.99741722263006,0.6947896759644667,0.015690439746699213,0.3422208132674234,218165518,391737.6060606071
2017-04-11,800.4891615603888,802.9609905187083,795.5454507069923,801.1396484375,715100,-0.0024301846320158305,0,0.01225350414353428,normal,0.0033126609875426816,0.027703479208727844,0.0146559799364967,0.02567348742468356,63.74731386737169,0.15311273003528214,0.014947662381106789,0.5476788480470359,217450418,215140.36363637517
2017-04-12,798.1043268482442,802.874565643544,796.5865235951942,801.1832885742188,2006885,5.4472571422214955e-05,0,0.007468139931940056,normal,-0.0124014589863235,0.0228659459547913,0.013291556924925008,0.025471286234452162,63.01938248188557,-0.29957276720364945,0.01442877280595535,1.5828849024510017,219457303,152412.23636364087
2017-04-13,799.5352653915851,805.9100700085172,796.6297778501275,801.2698974609375,1200252,0.00010810121473303624,0,0.006577825472717037,normal,-0.01155496833822578,0.012382868096011634,0.01210934512004802,0.025203538923281865,65.75340241670014,-0.6693246744858303,0.014415618708085342,0.9484510127744937,220657555,175528.53333334453
2017-04-17,800.5325683878552,801.2264105141653,791.0788039895023,792.7700805664062,449115,-0.010607932385161889,0,0.006974720012711599,normal,-0.011303438827071854,-0.005602847787642973,0.0012420373458370548,0.024268693664037944,58.95265475453983,-1.5141525158875488,0.014847604284093796,0.3635650233472024,220208440,262089.4303030309
2017-04-18,793.5938553194972,798.7543942556458,790.1679477610961,791.6423950195312,605252,-0.0014224622933162179,0,0.006910632043972468,normal,-0.014256054637506121,0.001096397794885906,-0.00016484296869923032,0.023284535856558986,59.02886017740068,-2.1385382177573007,0.014215314654761581,0.5208660935365701,219603188,197224.27878787814
2017-04-19,793.247128720936,796.5863268148311,785.7882328946546,787.9998779296875,1245002,-0.004601215287053817,0,0.006912930991974345,normal,-0.016401348420889694,-0.013143019540403977,-0.004313419297599319,0.02208229604667311,53.53205322912989,-2.747640239789064,0.014670185799571139,1.0534944587761301,218358186,88185.22424242788
2017-04-20,790.9921532798915,795.8491014674304,786.0050865240149,794.2012329101562,1955164,0.007869741042043854,0,0.007018768707998474,normal,-0.008714679604073794,-0.021008063848708458,0.003185843109692721,0.021396463642303187,52.10415622681883,-2.6807572665598407,0.014306017016586492,1.591209059153057,220313350,228995.55757576562
2017-04-21,797.4969486462976,801.3131596785804,783.6198946187383,786.1351318359375,761841,-0.010156243455657354,0,0.007419327227162034,normal,-0.01888847399978333,-0.030225186618984212,-0.006340055717766857,0.020145428372606133,41.741919256581596,-3.098091836241693,0.014909874081726785,0.6242556481832725,219551509,219295.21212121102
2017-04-24,789.1707503921675,789.1707503921675,779.3266832673039,784.5305786132812,789135,-0.0020410654067946066,0,0.007395189031637946,normal,-0.01039330589675913,-0.021579264626415906,-0.007577249907582018,0.01886857188072022,44.992977493723785,-3.377625146705043,0.014648198318353232,0.6452526056815934,218762374,102158.89090909206
2017-04-25,786.6555917582987,804.0019113119547,783.2296830590984,801.3999633789062,1105317,0.02150252039307743,0,0.008771975533670272,normal,0.012325727400102515,-0.002106043480666453,0.012435342426098783,0.018889810425688935,52.031480847671574,-2.3694718446457506,0.014649074541265626,0.8930027407725547,219867691,63214.86060606236
2017-04-26,801.4000248199484,819.6136617476745,798.1909448691379,816.4479370117188,1296199,0.018777107961630568,0,0.009561221810118781,normal,0.036101603412392436,0.019108140015383412,0.028366145340957827,0.019904235535876946,53.525324301058546,-0.7179082801992811,0.01478882506417694,1.1164264816186766,221163890,26666.860606056995
2017-04-27,816.2310895330676,824.8175393508599,811.9812727748143,821.6084594726562,1096343,0.006320699982200306,0,0.009587874130702048,normal,0.034509171513210646,0.02549375553599731,0.03144115152382421,0.021070012224392087,57.00056702412033,0.6209969039435013,0.014662004748248402,0.9231958231385162,222260233,138699.9393939408
2017-04-28,818.7462322158689,820.0472061018052,808.4685596916778,810.8970336914062,3585324,-0.013037141545651831,0,0.009984055145776214,normal,0.031498276635519185,0.012014848256467925,0.016252530377316665,0.021240196369650466,55.645548830560536,0.6794202157127254,0.0149855669552614,2.729705569044023,218674909,101211.78181819477
2017-05-02,806.7773279208513,812.8918949374556,801.3999583059044,804.9559326171875,1615426,-0.007326578871763023,0,0.010054274365096294,normal,0.02603512796149987,0.015371231015775644,0.007961448293378082,0.02088634550165014,51.09742709922895,0.23508209274175496,0.0150615362326982,1.2532731186436195,217059483,-30299.448484858873
2017-05-03,809.2058041427579,812.6317128291078,800.1856968339844,810.0731201171875,977037,0.006357102659473979,0,0.009919747109090613,normal,0.010822507030962436,0.02328162970251424,0.012982904015347518,0.020859995752378513,55.0689313152638,0.20409412420975048,0.015398467037752496,0.7723093705166056,218036520,-110698.70909091178
2017-05-04,810.2900948242736,832.6234851820205,809.8997919782395,829.7613525390625,1234682,0.02430426579149647,0,0.011045420331247644,normal,0.016306508870696845,0.052996803399379955,0.033900095925863516,0.0221410517721512,63.259502507061285,1.363235339575934,0.016447933226899886,0.9606782221023636,219271202,-187761.8969696891
2017-05-05,826.9857550833729,832.1462955529975,823.3430175202989,827.3327026367188,571239,-0.0029269257900624845,0,0.010584550121224806,normal,0.006967118093862634,0.04171671908032715,0.027851676759810484,0.022992286242577986,61.83527024892114,1.7930075229212186,0.016455032950937365,0.4754535164803061,218699963,-176706.16969696447
2017-05-08,828.2866737337946,832.623253177427,820.5241859423404,828.1565551757812,672197,0.000995793513826948,0,0.010576263082678923,normal,0.02128447973943781,0.053453180805832945,0.026053537552218398,0.023696663731934242,67.27340006268538,1.9465764397451295,0.016603226331544946,0.5816747409515296,219372160,-160218.34545454316
2017-05-09,830.021251299894,830.8885671319733,821.7817508951406,825.72802734375,1292861,-0.0029324501712308937,0,0.010247000107880667,normal,0.02580525701453662,0.05251222814448919,0.020804294762736708,0.02404440633631344,66.42975872812269,1.7069802050916785,0.016697071595345524,1.0940125187781249,218079299,-264685.2848484841
2017-05-10,827.506167846034,866.4486771111206,827.506167846034,864.1502685546875,2928370,0.046531351654050646,0,0.014363812653757621,normal,0.06675588548065514,0.07830085855159008,0.06139917559682284,0.026920805619889743,77.48891099981228,3.836625793204721,0.018428004929203996,2.2437260516050785,221007669,-127455.45454544661
2017-05-11,862.4590760418054,863.8467605064656,846.4570848004914,848.8855590820312,1354465,-0.017664415586176707,0,0.015095063611213214,normal,0.023047839579957374,0.039730178251215165,0.03843214921651916,0.028240457924908702,68.52770631881086,3.9047064988114712,0.01941983833649061,1.0129830462866312,219653204,8489.818181827792
2017-05-12,848.4952668346137,856.90824296525,841.5133833370788,850.1431884765625,890243,0.0014815064069311212,0,0.015083750210832365,normal,0.02757111590916983,0.03473032522355113,0.03602672617385849,0.02935565115287586,72.7356253062251,3.7225868234820894,0.01919799949965314,0.6948112237109151,220543447,284394.67878787214
2017-05-15,851.0971144565964,857.6453391633248,845.2427319089079,852.7883911132812,734446,0.0031114789515149788,0,0.01506758315020363,normal,0.02974297043663654,0.05166051382772374,0.035379923032931915,0.030384774596559527,74.06721300185939,3.4732605652076245,0.019352750981821154,0.5838282857421989,221277893,382148.1575757521
2017-05-16,852.5715240619688,869.4841840001259,851.7475633750654,867.662841796875,1503815,0.01744213551520768,0,0.015017441132332552,normal,0.05078526229516922,0.07790104605578319,0.04810488902499088,0.032170172252451223,73.69718532746899,3.9674063944037687,0.018771084196025745,1.1473216319087427,222781708,422681.5212121291
2017-05-17,870.785283356341,877.7238115105748,859.5968855329315,875.4688110351562,1999387,0.008996546656435678,0,0.014977121644018862,normal,0.013097886898073119,0.08072813341653462,0.051771087619819633,0.034113013719339724,72.26031780525244,4.441505689400071,0.01833481492318911,1.4483854660230822,224781095,568047.8545454598
2017-05-18,874.2545393761045,875.1218553873903,852.571639093959,858.8596801757812,2690943,-0.018971699105689854,0,0.015792103233616826,normal,0.011749665178113933,0.03506830915621473,0.028700026105561882,0.03452778928228106,62.932807141561526,3.3099493966727174,0.01952611713642503,1.8523458416020082,222090152,567195.187878792
2017-05-19,867.3157464890253,887.0471797216507,867.3157464890253,874.2542724609375,3059815,0.017924455694561692,0,0.016064999062773505,normal,0.028361203513941557,0.05671426945251801,0.04245887799875003,0.035788873739703186,71.30350014878967,3.2661761392936057,0.020411708396080207,2.0291165995254827,225149967,660989.8303030324
2017-05-22,877.1598968616582,891.7741483115774,875.1217257118601,883.4479370117188,1788720,0.010516007573977415,0,0.01570393599253869,normal,0.03595211451977276,0.06676440763570546,0.04808896796458728,0.0373518181902599,75.82754763286692,3.5033258834839884,0.02068666368999088,1.1471314466982647,226938687,818982.2848484807
2017-05-23,883.6215514265776,895.070133488788,879.4584451139835,888.8255004882812,2640069,0.006087017979522713,0,0.015590522916131343,normal,0.024390417189676716,0.07641435321931223,0.049026881966622415,0.03890927784410514,75.86889671159129,3.652601497426275,0.020815907966305152,1.5982547756148293,229578756,943072.2909090869
2017-05-24,890.3430681048804,902.0084231510356,887.6977125914278,900.3171997070312,1992083,0.012929083619267256,0,0.015267187069737544,normal,0.028382951349796404,0.04185259493448257,0.0562933402138055,0.04085975147679166,74.49551595638053,4.120838876257288,0.01988275075758581,1.174450377765798,231570839,1231658.6787878838
2017-05-25,900.1873141277948,910.681816746066,893.5957335812926,905.0008544921876,1918721,0.005202227377951285,0,0.014965484314353822,normal,0.05372376347549901,0.0661046648865582,0.05557675945114915,0.042684333507490235,76.54905937113377,4.320583816602554,0.020433584488629333,1.1108149536391658,233489560,1406566.4848484863
2017-05-26,903.7866518001496,908.0364153680184,895.4170314879742,902.83251953125,716421,-0.0023959479708495213,0,0.015059811608262065,normal,0.032688713078710574,0.06197700783688642,0.047754233178055605,0.04394028495097557,75.29375914540985,3.8944464756515558,0.020523825290219084,0.41937333271205773,232773139,1434032.9090909057
2017-05-29,902.8758105195524,934.099181488528,900.9243498339912,929.9794311523438,1771026,0.03006860190989613,0,0.015447542740587754,normal,0.05267032972878827,0.0905160539747647,0.07117304063835306,0.04662090011055908,80.24659745589678,4.960311389530506,0.021773299685246574,1.0948490734689817,234544165,1458825.1272727305
2017-05-30,928.9821071097462,932.3212523937228,913.5439464872272,930.2830810546876,890684,0.00032651249282755757,0,0.015166562967284287,normal,0.04664310434796426,0.07217116631170928,0.0642732875423575,0.048754055973163624,74.63649617510391,5.181080206644687,0.020081348926680846,0.5632388097039437,235434849,1471651.1454545467
2017-05-31,924.3854716044642,931.8876706015008,920.2657204419934,925.4262084960938,2226704,-0.005220854444743295,0,0.015425967723544924,normal,0.027889069316051174,0.05706359476343614,0.05282936242724112,0.05007530111873559,80.9106962216266,4.519444878991205,0.01971813575327996,1.3545709051382018,233208145,1342941.6424242414
2017-06-01,925.426020886634,953.5703781415108,920.3955465586488,950.014404296875,1782269,0.026569590935553222,0,0.015568987709216988,normal,0.04973868210317356,0.10613459477156639,0.07254882295874121,0.052586755277279185,83.93750466661677,5.208234490160358,0.020544612289303342,1.0664453757512684,234990414,1029904.5515151593
2017-06-02,954.0910827662184,956.6496228169004,907.2993173826436,942.252197265625,2216247,-0.008170620357061842,0,0.015785888457101167,normal,0.043662226250824165,0.07777820131582569,0.05736216662727389,0.05403216804716893,79.37922942446747,4.630939049095609,0.023514722457947917,1.2639175835083525,232774167,643602.115151518
2017-06-05,947.109063416292,955.1751444926024,943.639799447734,952.0961303710938,612171,0.010447238153474592,0,0.0157494157614743,normal,0.023781922995162352,0.07770485444969055,0.061492935131791215,0.05567734155498827,78.67464679952415,4.403376691926173,0.022910465019369462,0.34971747636210326,233386338,317524.2787878811
2017-06-06,952.2696100641772,955.6088615390856,942.7725417128069,946.7188720703124,1203091,-0.005647810267525699,0,0.0158519486012952,normal,0.017667515781315757,0.06513468791143717,0.049948315170993185,0.05652286768416159,74.60331778625957,3.425532388817569,0.02264142533008344,0.6890616726551696,232183247,23674.55151515195
2017-06-07,958.5575581455114,966.4068099452304,946.6753718242934,959.5549926757812,2392047,0.013558534623270502,0,0.012975451777139248,normal,0.036878990314257454,0.06579658034748892,0.057718486851321193,0.057823333739530414,85.7013141471199,3.183213922345903,0.022102892453421542,1.3913977650879856,234575294,-38463.93939393266
2017-06-08,959.858501115658,967.0572657120734,944.1168016237403,948.4099731445312,935574,-0.011614779367851935,0,0.012471954685631862,normal,-0.0016888492901654395,0.047965831675044424,0.04092923702978779,0.05800734870191371,77.10862889978804,1.8769360075633053,0.02196745410659513,0.5509132541894655,233639720,-60136.64242422748
2017-06-09,946.2416014876452,958.7309710229556,945.3742856292698,950.014404296875,691085,0.001691706327195286,0,0.012468361104794953,normal,0.008237929350311424,0.052259841936267204,0.03846805105682205,0.05802810470854025,75.76383800100243,0.7816284104730116,0.021617337294547664,0.40934606331858037,234330805,-93695.32121212027
2017-06-12,950.5781724543264,958.384015111342,939.303066394193,953.743896484375,1059705,0.003925721726567133,0,0.012460989023416634,normal,0.0017306719990963781,0.02555375370247126,0.0383375637276866,0.058039732129064214,75.4506529784228,0.009805696966409982,0.021792628187867303,0.621699656183584,235390510,29735.690909095156
2017-06-13,950.5784167953694,962.1570652048014,949.7545088747546,956.4328002929688,1040661,0.0028193143028285572,0,0.012160086022262297,normal,0.010260625946342028,0.02810942149849116,0.03718881521691486,0.057978370251505096,73.6306091333504,-0.585233004939429,0.02158885536498121,0.6189359202458066,236431171,259050.23636364331
2017-06-14,958.384141983881,971.0469339068804,949.0170872060288,965.9297485351562,1139136,0.009929550972403334,0,0.012178194925824122,normal,0.0066434502535372975,0.0437674443053484,0.042771562544518416,0.058272024153714685,74.6579291231414,-0.6024666459231014,0.021742176789316697,0.6952910064988214,237570307,389975.9090909065
2017-06-15,969.225549697876,972.694813410441,955.4352052657244,957.5167846679688,1051935,-0.008709705731649642,0,0.011299593104202685,normal,0.009602188696142822,0.007897122756413744,0.03038333639342161,0.057771394076578275,71.06596812549282,-1.3982354593747246,0.022279358744027422,0.6758734630156793,236518372,529466.5515151657
2017-06-16,957.5168819947528,963.4579755316976,944.0300755918792,946.9356689453124,1550451,-0.011050579887563527,0,0.011480408039623474,normal,-0.0032407249170514074,0.004970507570349669,0.0171567240333097,0.056459189000468646,57.487710991190205,-2.7754390448219795,0.021491360947257957,1.046937080502924,234967921,418116.63636363164
2017-06-19,949.1907572230808,954.9150222855052,945.6347824019948,950.27490234375,859068,0.0035263571834365237,0,0.011379575634122077,normal,-0.003637238627069772,-0.0019128614950193468,0.018730998149121714,0.05530284749663461,58.59769388423634,-3.5501894459912613,0.02070198249772981,0.5988801061641845,235826989,367845.41818182555
2017-06-20,953.0500831973338,954.9148336111524,946.3283847772734,948.0197143554688,1272735,-0.0023731953592787125,0,0.011443767745345695,normal,-0.008796316829496997,0.0013740534001520643,0.014736802177606645,0.053945151236111766,59.9389868662275,-4.255651469904318,0.020522519287819296,0.9316621509830936,234554254,138362.57575756987
2017-06-21,949.06034544721,979.1995704911128,948.800108349224,974.3859252929688,1411671,0.027811880426374502,0,0.012535331325793887,normal,0.008754442826340414,0.015456052785292052,0.03870888193948674,0.054155402719127776,60.55601466251933,-3.044453091111393,0.019820949918848915,1.0557943072693046,235965925,116610.2909090985
2017-06-22,977.4926204954044,977.8426839804214,955.6587859813231,957.4089965820312,1000211,-0.017423208063922946,0,0.013414522174013,normal,-0.00011257044018797568,0.009488537333346425,0.01861173127163429,0.05309089778586329,56.07956022713305,-3.454541114673294,0.018145637877797806,0.7746700098501748,234965714,-38926.69090909205
2017-06-23,957.2777767944152,965.0224378827344,940.738264088814,960.7781982421876,1600881,0.0035190829334008633,0,0.01335661695479399,normal,0.014618236223262082,0.01133013762383861,0.020040012833123955,0.052161994937458545,53.673269653375506,-3.553006447865794,0.01892665046890725,1.1988316924867728,236566595,-77143.2121212034
2017-06-27,959.553183329136,975.6988371177724,951.2396810567908,955.7026977539062,1809437,-0.0052826973983873815,0,0.011870074892117949,normal,0.005711816019521532,0.0020538021545948304,0.013237602474572174,0.05084530566960899,53.810669595262496,-3.9818141427525333,0.019895848122180006,1.3530644087439196,234757158,-170509.78181818093
2017-06-28,958.2403337671122,966.94758904739,948.8329514949694,953.8648071289062,1084236,-0.0019230777827868861,0,0.01189173640893219,normal,0.00616558145883217,-0.0026849697786147653,0.010202948749495011,0.049394500955414866,47.33802522520054,-4.379503164519857,0.019813111699194245,0.8049469706263875,233672922,-245962.10303029674
2017-06-29,957.934131441316,957.934131441316,948.8330140687692,952.2021484375,1771369,-0.0017430758310611472,0,0.011816258903289809,normal,-0.02276693071977487,-0.014211799686751903,0.0076319438384298,0.04784447026836447,51.946768504029755,-4.715675422951335,0.01880956184939514,1.3376909361810423,231901553,-308658.83030303527
2017-06-30,949.489261916696,956.2275300779664,931.1120503957278,944.763671875,1501780,-0.007811867022885943,0,0.010391031563263098,normal,-0.013207860749350875,-0.013318944374840491,-0.0002167342484010737,0.045868545167208286,47.45679736444413,-5.353518685613839,0.019846676624116318,1.146244216085559,230399773,-454687.66060605086
2017-07-03,956.4902826916028,962.7035101895872,946.0765061903736,960.6470336914062,823810,0.016811994670459462,0,0.01087602383088948,normal,-0.00013651907487211012,0.014479721480304297,0.014987779717211547,0.044930521386039146,52.99136030841153,-4.646459698310174,0.01943368432032832,0.6640669114661554,231223583,-584979.963636361
2017-07-04,966.4664089485058,973.1171885123094,948.4829505497506,952.2021484375,938993,-0.008790830510823189,0,0.010849357237745215,normal,-0.0036628015434436723,0.002028093227545602,0.0054843886459006175,0.04343626431785297,48.25382526009351,-4.6754889075597745,0.020523586061285543,0.74707425559741,230284590,-663832.9515151544
2017-07-05,951.2396688796712,960.8658292823172,946.9079394282408,959.7281494140624,364842,0.00790378491469701,0,0.010897113276097463,normal,0.00614693218717699,0.012350413057131249,0.012136803206381774,0.0424224545925842,47.397994852686935,-4.13448114559273,0.01976188195227891,0.3002860908111881,230649432,-740453.8727272765
2017-07-06,959.7281346515332,959.7281346515332,950.7146123259782,956.052734375,653440,-0.0038296418014895917,0,0.010507140966848799,normal,0.0040438744481081645,-0.01881512288106635,0.007468074825923932,0.04115887268191587,49.360297196316516,-3.969970657090176,0.019221773714751898,0.5792645899875094,229995992,-711274.399999997
2017-07-07,954.7401073222396,971.2796227553056,953.6900234444968,960.603271484375,780216,0.00475971350298976,0,0.01019861929787871,normal,0.01676567387264094,0.0033363744374110826,0.011082454028999322,0.04017513612819945,56.30415810365704,-3.5160558623198472,0.018994024560779806,0.6964453895626918,230776208,-633855.5999999959
2017-07-10,964.8038210374056,966.9477867988388,953.865002204782,959.3344116210938,123910,-0.0013208989610461463,0,0.01020526104003549,normal,-0.001366393716189962,-0.0015027262522561147,0.008810459972458773,0.039090494963354594,54.26004618486921,-3.2679095357616603,0.01930227066171479,0.11347855737441884,230652298,-405688.2363636309
2017-07-11,964.3662602694296,973.9486227574096,959.9907327727444,968.2604370117188,1088867,0.009304394049142628,0,0.010368810328759782,normal,0.01686436918943035,0.013139796808490534,0.01643531566453027,0.03852918170372255,58.95591717510414,-2.503681152506136,0.019568998374919655,0.9958702007700966,231741165,-167068.81212121027
2017-07-12,971.3671157374102,996.2201335770136,966.9915881890436,990.3131713867188,1749266,0.02277562268583444,0,0.011474034627356683,normal,0.03186842231451603,0.03821124753257288,0.03568072065046968,0.03919891685013521,57.327016900725084,-0.6126223521750855,0.018992484521764472,1.5496512397495175,233490431,131240.2121212159
2017-07-13,992.9820556640624,997.5326678433424,989.7442084105126,992.9820556640624,1390586,0.002694990185383883,0,0.011317361813615938,normal,0.038626866449165354,0.04282694309551749,0.034680812338997,0.03977796349953788,68.84556908652684,0.6499437573432338,0.01790592475056841,1.2183319005713409,234881017,389520.12727273325
2017-07-14,993.2446942327914,1001.9519508048974,984.756214025054,997.0076904296876,1430776,0.0040540861163227415,0,0.011071964343875114,normal,0.03789745467872341,0.05529850491711108,0.03504332373153818,0.04035565252223616,69.06075715889445,1.537500315686927,0.01732578916253277,1.2330797195360188,236311793,589608.9878787943
2017-07-17,997.6201862452444,1011.621873069739,988.9129299810188,1008.9527587890624,1177146,0.01198091897789344,0,0.010829403217494227,normal,0.051721638009547766,0.05028457217219029,0.0427325225275359,0.04139264488044203,76.12693792355817,2.6453764475791424,0.01699676191587616,1.0310810029588442,237488939,837165.6303030348
2017-07-18,1009.2152593534264,1023.6982958332771,1004.008425176046,1013.24072265625,3322231,0.004249915399739734,0,0.010831645941328849,normal,0.04645473875122996,0.06410253780555975,0.04248141486589896,0.042370627874416034,78.44859300364908,3.3385800540320147,0.017035879125146265,2.6266430053316276,240811170,1127391.630303028
2017-07-19,1041.3751953035155,1045.7945193242558,993.6819615690268,1010.1776733398438,4799441,-0.0030230223163320025,0,0.01085041788645677,normal,0.020058808190250632,0.05256647307529949,0.03545146785945974,0.04286561168852088,77.40980804180252,3.2588022892280435,0.020128827585587733,3.3302729417565606,236011729,1052557.8303030306
2017-07-20,1011.1403288276464,1016.0410037377666,1001.9955216004308,1008.9088745117188,1295206,-0.0012560155125287409,0,0.009207695142140503,normal,0.016039382340101938,0.05528579986884541,0.03079828526042272,0.04304735031339879,82.20553958999466,2.8057942631762884,0.019370409559114923,0.9023736804622652,234716523,798516.2242424297
2017-07-21,1014.159755372447,1018.797750290872,1001.9957679167009,1013.9409790039062,1690899,0.00498766996635136,0,0.008036602088094796,normal,0.01698411028998259,0.05552521951867906,0.03240583181680079,0.04332249153056944,80.0295078584449,2.538314126495713,0.01919411788832264,1.1503758232209644,236407422,631501.315151517
2017-07-24,1016.8725175692914,1018.8853028037043,1009.9154720764363,1014.553466796875,1102676,0.0006040665143749457,0,0.008051261637869959,normal,0.005551011144004914,0.05755975654252987,0.029790099806720427,0.04342167497292704,88.53434566254563,2.1133060832993493,0.01807969422215033,0.7631206299069172,237510098,448114.5636363705
2017-07-25,1011.2280592421646,1015.9973408081934,1000.2454440514772,1006.0211181640624,1686360,-0.008409954637236372,0,0.008243691385971781,normal,-0.007125260888904195,0.03899847572919746,0.019078874543964952,0.04284399776027392,78.25846564710301,1.0234234753084905,0.018360409606119565,1.1720580135216612,235823738,162210.82424242428
2017-07-26,1009.8715390177392,1021.2479081747848,998.8014353577382,1019.1039428710938,1563285,0.01300452293775578,0,0.00848477486116078,normal,0.008836336188007499,0.0290723907509578,0.029162520814619564,0.04292385909283314,84.52313716001737,0.9510410945669605,0.019066215322815168,1.068726514991455,237387023,28709.17575757764
2017-07-27,1018.4475573401148,1043.519237900195,1017.0036122777772,1025.535888671875,2090566,0.006311373678587362,0,0.008421359068269638,normal,0.01648019417829305,0.03278390865385994,0.03215276418148383,0.04318827838130668,84.83556957316713,1.0935913788534428,0.019568333727522175,1.4137722838778648,239477589,54712.71515151693
2017-07-28,1022.64816124897,1022.64816124897,999.0203151676984,1009.7403564453124,860381,-0.01540222278034431,0,0.00911250528983262,normal,-0.004142866937600798,0.012770880443396804,0.014684458516809995,0.04234473585762699,73.3955703571668,-0.05761366404034618,0.020824673696571757,0.5947423792370324,238617208,73455.42424242992
2017-07-31,1015.0783536449904,1017.3974040631812,999.4577453488554,1011.4029541015624,955459,0.0016465595790415843,0,0.008548673887179293,normal,-0.0031053195306298687,0.002428453950054754,0.014774545737704425,0.04154245694307024,71.47206296108844,-0.8451030342395036,0.021025294937942373,0.6574738858814447,239572667,194846.05454545576
2017-08-01,1009.871765804672,1029.9117034927133,1009.871765804672,1027.330078125,1359063,0.015747555372315203,0,0.00858675842232338,normal,0.02118142410352708,0.013905240041886868,0.027744474671850705,0.041587879760659474,69.61963810981695,-0.451086064105759,0.020060462288110387,0.9218793963604613,240931730,586592.1515151552
2017-08-02,1027.3737222175805,1028.248827602774,1014.8596724795532,1022.7794189453124,587711,-0.004429597922405937,0,0.008721304277893723,normal,0.0036065762476238383,0.01247478135584279,0.020936975140334768,0.04120405428468188,65.48427530927307,-0.6429949978919431,0.02054085719040283,0.3956652675243293,240344019,624857.2181818136
2017-08-03,1019.9353425163096,1032.2743072771116,1013.3720520239266,1023.7858276367188,597333,0.0009839938825169092,0,0.008581747620462788,normal,-0.0017064844385140665,0.014745586544870015,0.019810499986128383,0.04076568417108928,64.3661209020995,-0.8359861486865157,0.02063972716567447,0.4029040404125569,240941352,556844.4121212205
2017-08-04,1016.8724833685468,1046.88864157123,1016.8724833685468,1043.213134765625,1116836,0.018975948488905825,0,0.009256978226629197,normal,0.033149886608622836,0.028869684101806126,0.03530095809871425,0.04131834256553102,67.01429472101643,0.1579453881306101,0.020755685845618082,0.7448553251204032,242058188,587024.0606060686
2017-08-07,1026.498628754179,1044.088225835984,1025.0546834869615,1038.1375732421875,868190,-0.0048653159688003544,0,0.00940052745566796,normal,0.026433202545244283,0.023245799474493678,0.027302921863498808,0.04134543480386732,62.26823558284562,0.2796377137631296,0.020812004168482084,0.565002047684197,241189998,574865.4909090946
2017-08-08,1034.1117234339642,1058.0021369991734,1033.4991925525426,1042.250244140625,1329938,0.003961585636086173,0,0.009317305756508102,normal,0.014523244605916918,0.03601229171280118,0.02830023946299387,0.04143402073836033,65.64235283191061,0.43398226397321693,0.01883771040191456,0.8587628028212254,242519936,478220.14545454277
2017-08-09,1040.9381060713645,1046.188739645495,1029.4304461231793,1037.306396484375,833002,-0.004743436313921268,0,0.008337012750812835,normal,0.014203431619735474,0.01786123362647385,0.02114467464792935,0.041069695286114705,63.370659812526455,0.021746609758686475,0.01911429503802234,0.5542799642746461,241686934,359191.2909090889
2017-08-10,1028.1175485859917,1035.774720767181,1020.5478655791384,1024.48583984375,699787,-0.012359469375756493,0,0.00896084558056339,normal,0.0006837486788102698,-0.0010239025661841206,0.007705815773182412,0.0398781542365958,54.62567450557675,-1.2267231968024106,0.01935046445727465,0.47659210293055104,240987147,289243.16969696595
2017-08-11,1015.1661700990288,1028.0739761235077,1000.7269294614762,1008.8216552734376,861457,-0.015289800952935972,0,0.00969592676901285,normal,-0.0329668773772811,-0.0009098390155554137,-0.006973415313847764,0.037818360603689705,47.778945605807955,-3.1125592601814205,0.020952102883044374,0.5982970359343746,240125690,96650.0787878926
2017-08-14,1010.309230166927,1023.7858753036296,1003.9209177271488,1011.3593139648438,526828,0.002515468098985618,0,0.009337282551366493,normal,-0.02579451892268292,-4.314812067895968e-05,-0.00405097828420431,0.03602820783927929,52.16931258926055,-4.130332236560633,0.02119002106825089,0.37434509521897263,240652518,-21794.303030299034
2017-08-16,1007.2463197551824,1041.9004723801438,1007.2463197551824,1038.1812744140625,1366648,0.026520703452137306,0,0.011025926536095236,normal,-0.00390402376918364,0.01056252174458594,0.02018954990258459,0.03583008545354871,56.9738296479517,-2.991485477699076,0.021482474062355792,1.0435986072502739,242019166,11820.848484855578
2017-08-17,1037.0001110484152,1037.0001110484152,1019.4979994695392,1030.2618408203125,961319,-0.007628179961365222,0,0.011167561998448417,normal,-0.0067912004475608745,0.00731577282100182,0.011212457809178789,0.03507801205716299,51.70901347346228,-2.7709078834824528,0.021104585085342586,0.8601274176681157,241057847,-59361.35757574776
2017-08-18,1023.8730478852348,1055.6394082544955,1023.3916973124672,1052.0513916015625,1407292,0.021149527156999914,0,0.012016274704561543,normal,0.026906718166076926,0.02760886427788445,0.02940315740461008,0.035496946575098276,64.66490208787809,-1.2351732170398595,0.021056658681348626,1.2528734660047194,242465139,-22612.442424243316
2017-08-21,1052.1393893500383,1057.1274479891003,1034.6809704645177,1042.6444091796875,965962,-0.00894156169267979,0,0.012245486601347793,normal,0.03352699035498241,-0.0005451672021606901,0.018239913390668994,0.03519878721749281,60.27653033690544,-0.943703984070682,0.021555385997013267,0.8886456925460255,241499177,17433.224242431977
2017-08-22,1055.6396371868498,1056.558433719078,1039.6689643866823,1049.7763671875,916218,0.006840259195772802,0,0.012301609475780755,normal,0.03798556328319114,0.011211225029611027,0.022749857647402116,0.03519559123371607,57.83691310522125,-0.38976808568450316,0.021194580044825242,0.8501749240905304,242415395,56350.97575759275
2017-08-23,1045.8382865514848,1046.1445520310338,1035.2495341519984,1039.75634765625,831796,-0.00954490865334967,0,0.012353595099868995,normal,0.00151714664963154,-0.0023928000961336293,0.011736352906796421,0.03450277557357517,55.7092902868788,-0.7940721774548223,0.021476985451330068,0.8037037024511873,241583599,123707.27272727822
2017-08-24,1039.625234087968,1041.1128705652395,1028.5114380358075,1032.36181640625,780599,-0.0071117923604585576,0,0.012204719409604452,normal,0.002038293085052434,-0.004766749819419935,0.004106832750431222,0.03336162015553712,52.76526654084361,-1.6084258626836245,0.02119486873480857,0.7838761903829435,240803000,104301.51515151211
2017-08-28,1033.8058492945113,1052.6206173303829,1031.530596385286,1049.864013671875,630713,0.016953549605846385,0,0.012684050482882361,normal,-0.0020791550176627593,0.0247716199103305,0.01907923136278966,0.03320469329610698,52.17148705652786,-1.044583944814196,0.02023423193502625,0.6834577590199502,241433713,83360.16969696173
2017-08-29,1045.8822244518635,1048.857604132012,1035.2496726368277,1041.7691650390625,1002082,-0.007710378227463011,0,0.012262195828780588,normal,-0.0008394464430242499,0.03265939979915933,0.010142168105238492,0.0324950043630996,51.162776154451066,-1.2776360998116303,0.02008845665476868,1.0776098998222035,240431631,-55083.58181817293
2017-08-30,1047.9385238706595,1058.527275899385,1038.9686951694705,1053.8892822265625,666156,0.011634167716075172,0,0.01246445967449024,normal,0.0039178963897630315,0.04205228317420451,0.01976793747915795,0.03241707384955572,53.544859216143216,-0.7049651582961936,0.01952232196135991,0.7276842502538379,241097787,-125778.060606047
2017-08-31,1051.7453823313283,1070.078904184779,1045.1384007897282,1067.4097900390625,1425125,0.012829153916372515,0,0.012312846502121721,normal,0.02659607940374409,0.028153576206136233,0.029629359932570765,0.03296011227812268,58.71327086055418,0.4336734699302802,0.019822573897150936,1.5511571379187539,242522912,-33025.78181817999
2017-09-01,1064.3471327454272,1069.3789896936582,1056.3836935487602,1064.2596435546875,622867,-0.0029512062881301704,0,0.012276681948282242,normal,0.030897914511674784,0.03299918660221879,0.0239974901840192,0.03312783153565846,62.1950096676181,0.8024897200688841,0.01962867528166017,0.6766561572454496,241900045,-44442.01212121201
2017-09-04,1063.1218929451577,1063.1218929451577,1044.6571883011134,1047.632568359375,586791,-0.015623137921285002,0,0.012899199512153875,normal,-0.0021254612820716945,-0.004200197136245087,0.007232075336319088,0.03223936294930785,61.82992742174934,-0.19243288188067353,0.019412170327956058,0.6378299622285389,241313254,-4254.018181819939
2017-09-05,1046.9760172275307,1060.190086081249,1043.388106811199,1054.6768798828125,699191,0.006724028763700041,0,0.012288572981830897,normal,0.012390187074951431,0.011540339733458804,0.012654070909810855,0.031726849190952144,62.85054893878836,-0.4788738963030461,0.019075072258715457,0.7776582320471054,242012445,23636.442424251574
2017-09-06,1051.8768093629872,1060.627864349368,1050.389172745063,1055.727294921875,670064,0.0009959591028290138,0,0.012220626008263971,normal,0.0017440282639835658,0.005668757575785666,0.012345365982721512,0.031216261844751125,56.14476538339537,-0.6876616862574139,0.01740418788096737,0.7535652461912743,242682509,142935.6181818111
2017-09-07,1058.002711955468,1069.160308793708,1053.3646093635302,1057.783935546875,781792,0.0019480794281747649,0,0.012202452639993958,normal,-0.009017955973436576,0.017338281157178503,0.012936284654173624,0.030763761740232765,60.051214334307275,-0.7710506523023142,0.017175360853453656,0.9071781232534424,243464301,246187.18181818334
2017-09-08,1059.0961399075034,1066.1844711418858,1051.9640106804134,1056.7333984375,663219,-0.0009931490487533612,0,0.012141277966648182,normal,-0.007071812938475586,0.02360759730158346,0.010781819550578664,0.03019527471910055,52.01514815581501,-0.9680061211759785,0.015973906071627936,0.7772444076511379,242801082,238426.84242424718
2017-09-11,1055.3770301481345,1078.129768774877,1055.3770301481345,1067.541015625,794869,0.010227382993175382,0,0.011881120099080593,normal,0.019003272585160547,0.016837420582976437,0.019069737566731026,0.030168571992791993,60.58790976606749,-0.4668521565682262,0.015832680520016174,0.9263674096153438,243595951,291851.3515151519
2017-09-12,1071.1290247404809,1098.2572925239408,1070.2539193281114,1093.706787109375,1164498,0.024510319604962527,0,0.012140641335246847,normal,0.03700650689422447,0.04985521151258587,0.03968598354304809,0.03143445505222653,66.0793912065955,1.4267775356527146,0.01635691134511654,1.3335960447614923,244760449,315779.5212121187
2017-09-13,1093.8817053290163,1101.7576536073857,1089.681156850799,1094.7130126953125,848136,0.0009200140273399882,0,0.012156950564267502,normal,0.036927829716027594,0.03873626115876361,0.03663000973282515,0.03245682854404497,71.5362720945251,2.4850414831005736,0.016181995398741333,0.9537474606188233,245608585,377909.53333334246
2017-09-14,1104.4707429292105,1104.4707429292105,1076.4673640706326,1092.00048828125,1239363,-0.002477840660159769,0,0.011009430291091981,normal,0.032347393058758334,0.02303772971886242,0.030717815485925337,0.033066458583302705,74.26132469931571,2.721252571090769,0.01722964427195603,1.4037369467481464,244369222,412769.9212121301
2017-09-15,1086.9684151710994,1099.8325288729147,1081.2802299706457,1090.38134765625,1333125,-0.001482728847079895,0,0.01079293553670496,normal,0.03184147417740579,0.024544484289862334,0.026336370257934227,0.03337632694781645,68.92875554886422,2.4934091910422556,0.017088988304631725,1.4787970043912713,243036097,311010.41818182543
2017-09-18,1093.8816317111014,1125.3416247093614,1090.3812104896258,1120.1785888671875,781532,0.02732735778632489,0,0.011413446343554248,normal,0.04930730760857038,0.06924758040065693,0.04895052394084143,0.035092558524202566,80.45540149183248,3.985886497593498,0.017931788055119885,0.8981011253786321,243817629,198990.20606061685
2017-09-19,1126.7858950441043,1126.7858950441043,1114.4907260496332,1119.5225830078125,563558,-0.0005856261366666837,0,0.011093927404689568,normal,0.023603945959472128,0.06148395244257676,0.043532381350982474,0.03639781491340921,77.9852346589939,4.525849630464947,0.017478870201006833,0.6629433514095714,243254071,72487.13939394083
2017-09-20,1120.135036802356,1121.316407859103,1098.3448885496798,1102.0640869140625,1179496,-0.015594590371588946,0,0.011859173135790303,normal,0.006715069733802537,0.043890872401491254,0.024598972488131032,0.03646070650019406,64.29607367598359,3.357878572997958,0.01762814742424539,1.3663456853564546,242074575,-88731.15151515145
2017-09-21,1103.507991346383,1104.2956076297492,1092.131620301575,1099.7449951171875,913615,-0.0021043166403950098,0,0.011574735477326016,normal,0.007092036055887707,0.03966883799253251,0.02026216483069354,0.0362491252550996,64.73998052896317,2.1391425553444705,0.01761132724393903,1.053353326272277,241160960,-240294.62424241714
2017-09-22,1095.8070352602886,1095.8508332638858,1079.96764749594,1084.4306640625,1208698,-0.013925347351142592,0,0.01197731590335539,normal,-0.005457433407624612,0.026210268044857488,0.005474868533093202,0.035120516907753085,65.45380723983571,0.11827485126502069,0.01787155412340187,1.3600061660015899,239952262,-474082.3939393864
2017-09-25,1085.0431813116818,1101.7576726937873,1082.942907036189,1091.3876953125,1271436,0.0064153767322823185,0,0.011533003904807215,normal,-0.025702056654915317,0.022337951739998196,0.01077737881675489,0.03437081669912456,65.42846325354424,-0.8783794896081503,0.017889364014253995,1.3808239780017098,241223698,-550996.6909090942
2017-09-26,1103.5954327480242,1103.5954327480242,1051.0454159454434,1065.3095703125,1751337,-0.023894464920216074,0,0.012753666561691322,normal,-0.04842511756186174,-0.025964195460400963,-0.012116267183898022,0.032221960544755346,53.32720716016269,-3.287054960483953,0.021164241742117985,1.8276536003274324,239472361,-617050.6787878721
2017-09-27,1065.0034450774203,1065.4409978486108,1039.625384348377,1055.289794921875,2299025,-0.00940550584529698,0,0.01271493965395152,normal,-0.042442442819421,-0.036012377048823874,-0.01940854494082378,0.029708597319070273,49.17935337930326,-5.422192951923996,0.02204340223518305,2.2108414968416996,237173336,-687865.5939393855
2017-09-28,1055.2020983377115,1061.4590162764423,1043.2568886671052,1052.5767822265625,3007522,-0.0025708698296598165,0,0.012367811143579101,normal,-0.042890136440765336,-0.03610227877895755,-0.019882517556175983,0.02727088896286145,48.64714964191242,-6.795296689076537,0.02237041764365507,2.6876711283319397,234165814,-903105.9212121194
2017-09-29,1058.7028118509172,1058.7028118509172,1022.998460160874,1027.2864990234375,2274339,-0.02402701981477051,0,0.013428644236257272,normal,-0.052695084096007316,-0.05786493759126887,-0.03945867136324577,0.023718066131522608,38.027118658836876,-9.044132555337207,0.02382168700016338,1.8927898534954342,231891475,-1207598.4303030255
2017-10-03,1029.5615075516698,1042.9943541348734,1024.7484278308589,1038.1812744140625,1970990,0.010605391388849972,0,0.013275236872043596,normal,-0.04875116434513471,-0.07320021581205827,-0.026558006515720045,0.02111435043230281,31.834943647651457,-9.394113350145727,0.022713719359203213,1.5509955321108264,233862465,-1217393.9333333278
2017-10-04,1042.3381461736926,1054.0645813115702,1031.486816541263,1047.9388427734375,2448425,0.009398713500089029,0,0.013363634587770805,normal,-0.01630580257902592,-0.06394130973405787,-0.01577707148282259,0.019287930627287952,35.526665679552536,-8.586744812976743,0.023218004420025015,1.8026294753340866,236310890,-1010540.8606060442
2017-10-05,1053.93318745876,1054.064474636171,1035.4246865267958,1039.3189697265625,2305862,-0.008225549712483127,0,0.013477501346369922,normal,-0.015134065800849417,-0.056934181897892455,-0.021648461755839565,0.01717172844788717,34.27368074296872,-8.249530178082521,0.0227670440567419,1.6012465193285874,234005028,-923935.3757575857
2017-10-06,1044.0006001899658,1060.27753705102,1043.2567820660215,1056.5146484375,508700,0.016545140819917536,0,0.014012871639985785,normal,0.0037411676539240712,-0.03930942797796588,-0.004943926685200384,0.016179736470637973,40.75040674259195,-6.558385697789707,0.02255917333838349,0.35663526857801064,234513728,-772677.5939393913
2017-10-09,1065.4408721517427,1070.5602176058271,1054.54585216422,1067.847412109375,720819,0.010726556123604292,0,0.014211335906559291,normal,0.03948354536392307,-0.015292127475444839,0.005181094919618934,0.015857733908454463,34.10418855894024,-4.466486461845924,0.021052453407924256,0.504327654607632,235234547,-582109.769696979
2017-10-10,1071.2167066599875,1076.6861164714044,1054.5022116411794,1058.1776123046875,802675,-0.00905541343738081,0,0.01417923955075316,normal,0.019260930998693526,-0.03042922615899879,-0.0035491098953941425,0.01500571380001059,32.333614567953305,-3.5632172327499054,0.02191233862308467,0.5614456413006037,234431872,-293377.39393939625
2017-10-11,1063.25324861053,1068.066329159796,1048.9014961532923,1065.92236328125,1096016,0.007318951834271559,0,0.013070934500200028,normal,0.017160849253586186,0.0005752252545430103,0.0033861001478028285,0.014619360644493984,38.9749204044015,-2.3328318897955564,0.021498038496117883,0.7684688646167989,235527888,20707.036363648596
2017-10-12,1067.672202976887,1089.5060362343247,1064.3467602971866,1086.005615234375,982442,0.018841195799009558,0,0.013817224838179454,normal,0.044920420840673714,0.029106526435019653,0.02012540731588941,0.015290781503760398,46.21860992347383,-0.1691840336638959,0.02195520406695852,0.6856086095193565,236510330,282922.6727272724
2017-10-13,1083.3805200375302,1096.5071014596328,1077.42976039642,1092.6566162109375,840717,0.0061242786255089054,0,0.013879886296834239,normal,0.03420867645033465,0.03807782449807817,0.023801448713612894,0.01616454395863043,52.37733713686578,1.6091634170496039,0.021775802277583193,0.5949803344469203,237351047,398530.5696969659
2017-10-16,1093.8819796482796,1126.698439037728,1093.838181639329,1121.2728271484375,1276141,0.026189573661974386,0,0.015042138169596963,normal,0.050030944902070384,0.091489889348634,0.04557426882008975,0.018363335790572144,57.6759676204654,4.450888902253646,0.022190068973521295,0.9049571956801578,238627188,393514.67272727186
2017-10-17,1124.5105086718331,1127.7046649446131,1112.2590323127629,1122.0164794921875,654497,0.0006632215868829228,0,0.013760026646821006,normal,0.060329066165424106,0.08075199114474563,0.04167761677987625,0.02023088192195366,66.74425863862494,6.021245142552863,0.01981326355168,0.4662272214546712,239281685,473952.939393937
2017-10-18,1117.5093995930958,1122.4099676077997,1102.6326104050906,1106.0892333984375,697765,-0.014195198007215137,0,0.014130983647887223,normal,0.037682735160505576,0.05549025215164405,0.02426761843144498,0.02093534552766596,64.49425835820739,5.634789673978508,0.019708630676456868,0.49468430514761563,238583920,613872.115151516
2017-10-19,1107.0081843503465,1111.3837107707036,1097.1194519105893,1100.619873046875,67835,-0.004944773157910642,0,0.013727476504726721,normal,0.013456889731961574,0.058981799722601425,0.017342288479152757,0.021178992765425342,63.49553713793896,4.696656181345319,0.01955100792197712,0.05006484406574211,238516085,568815.1878788045
2017-10-23,1107.883497874427,1118.0346997128202,1083.9055872190584,1093.8380126953125,791883,-0.0061618552577904495,0,0.013790424750797134,normal,0.001081214781338824,0.0353268781583016,0.010008391483332657,0.02095525394395903,70.86414026837625,3.367454785653684,0.01956936084057884,0.5870774067687868,237724202,459798.49696969404
2017-10-24,1098.1697446510343,1114.8842357690366,1097.3821284571209,1111.4276123046875,1055569,0.01608062565501145,0,0.013848292145946857,normal,-0.008780391895153561,0.04081126170379168,0.023690735558383746,0.021594440556037098,72.03790598868197,3.4104730660428046,0.019439621375440166,0.7870334005057785,238779771,417498.0606060608
2017-10-25,1121.0100259883288,1123.1103003292974,1107.095828656851,1113.52783203125,1332232,0.0018896594823727408,0,0.013797557174981448,normal,-0.007565528328763338,0.05230711657753839,0.023128226556528686,0.022172644369049976,70.68723486665655,3.31504776965334,0.018981946127927796,0.9910674031276643,240112003,351380.7454545464
2017-10-26,1124.510314687828,1124.510314687828,1096.944497635169,1114.62158203125,2321903,0.0009822385831208535,0,0.01248508440997734,normal,0.007713978560840884,0.045687397532488516,0.021784714284386997,0.02264351147838184,74.9347809391383,3.06606486207183,0.019535328551447136,1.6914025193698992,242433906,416130.3454545461
2017-10-27,1114.621774973347,1114.621774973347,1090.3813966067912,1102.76416015625,875032,-0.010638069517182158,0,0.012548986535230289,normal,0.0019482540356452471,0.015431361207334238,0.009865128478613538,0.022351224311245588,65.87574816426343,1.9003853993553221,0.01995795174086127,0.6722905492005721,241558874,414937.7515151666
2017-10-30,1102.6326913844389,1110.9023938400703,1076.3795320657616,1080.054931640625,1063165,-0.020593005590975433,0,0.01352458170416138,normal,-0.012600660147771614,-0.011533069386439054,-0.00990028600233761,0.0208395022714285,53.88682031948385,-0.4756231718660917,0.02160163215665845,0.8827705326776382,240495709,350607.6666666776
2017-10-31,1086.005959343763,1093.794419901359,1076.7735533012878,1082.8992919921875,722440,0.00263353304377012,0,0.012131056673359163,normal,-0.025668176673551257,-0.03422319191827694,-0.006602856907523935,0.01959489815082449,58.228934383065585,-1.853833899777399,0.021204336420824206,0.6411684381543679,241218149,372642.35151514155
2017-11-01,1091.0466635196406,1112.4501415549855,1090.4301466706825,1108.046142578125,1243886,0.023221781352978255,0,0.012868861114566482,normal,-0.00492281314884202,-0.01245109779527065,0.014874117628598027,0.019738825045003017,62.56570926680912,-1.1068780997923238,0.021392628259660217,1.140760979317502,242462035,474752.90909090184
2017-11-02,1110.6884113731185,1110.7324943655065,1090.4741014538636,1093.5128173828125,762274,-0.013116173268287734,0,0.013288894015395899,normal,-0.018938054841868057,-0.011370164030061303,0.0014137992928004994,0.019038109779634604,52.31612144657882,-1.5968390679057958,0.021356819763091058,0.7576578558644673,241699761,450217.5212121279
2017-11-03,1096.5954964081093,1096.5954964081093,1085.1451016664987,1091.7510986328125,656886,-0.001611063649181954,0,0.01309631180966124,normal,-0.009986778607201985,-0.008057981353281285,-0.00018054150070523356,0.018266633516326403,49.711939334066486,-2.0176973338516557,0.020892284237610442,0.7111897080243647,241042875,347561.8848484753
2017-11-06,1091.3112004876516,1100.559600491784,1087.743917478245,1092.720458984375,532305,0.0008878950090147608,0,0.012676627374314244,normal,0.011726743680074536,-0.0010216811794497849,0.0006397983809378616,0.01757754945316714,38.97829879190608,-2.194291450759396,0.01948624760384485,0.5755743173215317,241575180,190521.1090909093
2017-11-07,1087.8755047722796,1102.93715560206,1080.1685086951063,1087.082763671875,949224,-0.005159320726675132,0,0.012582716632275807,normal,0.0038632139762426743,-0.02190412435617861,-0.004093841599477233,0.01662194276057294,37.005952678251155,-2.6251737989346466,0.020068475559385443,1.013863528255204,240625956,5397.2242424227725
2017-11-08,1092.500098861788,1099.1501808979017,1082.150700374025,1088.0521240234375,872203,0.0008917079581762799,0,0.012360297325004207,normal,-0.0180443916425419,-0.022878375622943148,-0.002901357197433785,0.015779252019074708,42.45082511623154,-2.7652213600964677,0.01986823391425942,0.9281512619573421,241498159,-65714.48484849065
2017-11-09,1100.559336361919,1132.752611657859,1093.2486551053742,1103.5540771484375,1417669,0.0142474361133329,0,0.01262720573811629,normal,0.009182571622395441,-0.009929383264446923,0.010217099758254244,0.015786892033727407,51.13292617056155,-1.7818991677500033,0.021559152328541685,1.4832223865284428,242915828,78492.8484848491
2017-11-10,1105.095408766083,1144.3790554340983,1095.9791530148411,1136.80419921875,1933002,0.030130034185755772,0,0.013640174703963347,normal,0.04126682413450933,0.030867922890853494,0.03664120192084175,0.01744229804843367,63.774307036664545,0.9906900363966953,0.02182524713280683,1.9265837787993079,244848830,263959.70909091097
2017-11-13,1140.6355488975796,1158.2515419307467,1117.9549578673768,1126.983154296875,1413270,-0.008639170165472998,0,0.013824888107698153,normal,0.031355407534279456,0.043449848041492656,0.02498289686996169,0.018303608075571187,55.24828566133316,1.9884541937786668,0.02323553664018516,1.3695020165771112,243435560,261583.19393940075
2017-11-14,1132.7964809948865,1135.350821647566,1126.7630245094251,1130.8587646484375,1131348,0.0034389248293427155,0,0.012578186952527968,normal,0.04026924392462905,0.04428802660681397,0.025722875342404583,0.019176528248699087,55.77806374733531,2.6910444024025093,0.022686813264485694,1.104056388509869,244566908,333444.6787878813
2017-11-15,1130.8584348117763,1131.8272927024148,1108.530190268972,1114.2113037109375,1195740,-0.01472107875705897,0,0.013030003195510495,normal,0.024042211866438512,0.005563993137025713,0.009601687343352205,0.019008687674850977,49.876067950604174,1.8559264601365264,0.022752123722464032,1.1368710546405763,243371168,382418.69696969824
2017-11-16,1118.6157436946116,1133.589340263752,1097.608690011807,1124.3409423828125,911479,0.00909130847814743,0,0.012757644527565198,normal,0.018836290549610224,0.02819182775907758,0.01696135183821612,0.0193064843054076,56.586410658272165,1.8054030108158337,0.023292991740079063,0.8578890314030856,244282647,419271.6909090999
2017-11-17,1129.1854917648025,1142.7498319685335,1119.760975675978,1125.79443359375,1134503,0.0012927495176482395,0,0.012683382560352723,normal,-0.00968483898332384,0.031182322604089485,0.016506722852743128,0.019563897221731352,66.04422011057596,1.6914903716997713,0.022531117575855672,1.0167613722038968,245417150,442906.5575757629
2017-11-20,1127.423622008631,1128.4365631729283,1115.2245676025143,1122.5792236328125,707096,-0.0028559476446103904,0,0.012603579353852052,normal,-0.003907716497155711,0.027325162993826924,0.01229212330953855,0.019548073703410163,63.882563365797076,1.2420172546845034,0.02235329498788977,0.6361286597509287,244710054,410438.03636364226
2017-11-21,1123.0194978980894,1131.827493960035,1120.3770990795056,1125.08935546875,828746,0.0022360398117955427,0,0.012124339978961186,normal,-0.005101794636115375,0.03496200387585846,0.013151165698651823,0.01958645192952968,57.085035857026575,0.9683305839982772,0.02115427969991097,0.7532547008887267,245538800,321893.76969697996
2017-11-22,1123.0197671377423,1124.7813667724683,1113.022710714575,1119.0120849609375,646368,-0.005401589196691425,0,0.012195478078543546,normal,0.004308681157703997,0.02845448324940092,0.0069421731115402174,0.019236270385859955,61.40191915111951,0.2689355827303963,0.020746272856738933,0.6063905223523995,244892432,196690.30909090428
2017-11-23,1123.0196944919564,1123.9004942523422,1111.5692976069404,1116.4136962890625,891839,-0.002322038078762745,0,0.012208351110326546,normal,-0.007050571401366779,0.011652912536786575,0.0041637117249508915,0.018727223059193276,60.94590436067805,-0.43922055826912754,0.020850912653314582,0.8968400040727105,244000593,76209.64848484816
2017-11-24,1118.0870409246434,1118.6154991841408,1103.641905887975,1115.0482177734375,971523,-0.001223093661573471,0,0.011949214059654397,normal,-0.009545451193970211,-0.019137844019457284,0.002655209274113446,0.018144903583714678,59.87492023249461,-1.036062778470784,0.02101467949236928,0.9722538432139439,243029070,18454.957575766635
2017-11-27,1110.6885383313163,1115.8852786109153,1101.4842235075864,1110.072021484375,763155,-0.0044627633224678664,0,0.010944062541061395,normal,-0.011141487286716933,-0.015005666010199481,-0.0016464123684121201,0.01731849674899677,60.22732456473808,-1.7599143105670283,0.020570463307130055,0.7753687638417885,242265915,-153086.67272726758
2017-11-28,1112.4499450089047,1121.213858416659,1111.92148672895,1116.7218017578125,975006,0.005990404356417844,0,0.010989173297526314,normal,-0.007437234802964876,-0.012501086194455002,0.003919737125538392,0.01687197741371471,62.14078350447251,-1.7794734608337102,0.020073300832172996,0.978061365900938,243240921,-181845.44242423194
2017-11-29,1116.7219120337595,1128.3925084129637,1112.890454726373,1124.0325927734375,819468,0.006546653789795354,0,0.009833887776577096,normal,0.004486553702121254,0.008814565989224477,0.009483332867760375,0.016789904663968347,59.31852974308497,-1.3103305263108016,0.01808727823231694,0.8399155767324359,244060389,-229549.3878787773
2017-11-30,1121.2579203005398,1124.0324606174352,1108.045925952929,1120.7734375,2308732,-0.002899520258034416,0,0.009327335968814824,normal,0.003905130531297818,-0.0031729742717114817,0.005928202859464937,0.016489776358177277,39.96693436991944,-1.2310346111482957,0.016074131069411097,2.1925736157285702,241751657,-350773.09696969925
2017-12-01,1120.7739472007904,1126.3230303581693,1096.8162295628624,1101.4404296875,470360,-0.017249702005451062,0,0.010196813854285938,normal,-0.012203766499990443,-0.021632727236452376,-0.010347039183692397,0.015189673253809488,35.714617315102316,-2.4232340187330985,0.015656552877326695,0.450686713710454,241281297,-391340.6060606026
2017-12-04,1106.8568122593454,1122.1386634484084,1093.2483942545036,1117.38232421875,833814,0.014473678377479704,0,0.010666365704834414,normal,0.006585431028700128,-0.00462942775410069,0.003596766773202864,0.014809012362740015,43.359258925080454,-2.093200099223692,0.016731011846916936,0.7875626135059809,242115111,-383435.5333333305
2017-12-05,1122.1387498993236,1122.1387498993236,1105.403556611971,1110.6883544921875,862459,-0.005990760352543423,0,0.010693918106535394,normal,-0.005402820340865477,-0.012799873100357018,-0.0021859923192021347,0.01408411295416312,48.07519414794994,-2.266157893257933,0.016409849832470173,0.8179704075061481,241252652,-335870.0909090832
2017-12-06,1108.266242141532,1129.449518309278,1105.9321013913184,1123.548095703125,1516859,0.011578172363945427,0,0.010945472176495727,normal,-0.00043103471681105177,0.004053585124905723,0.008467233893634463,0.014050945544503923,49.57936716615871,-1.4922772321777016,0.01542968941139423,1.3959401513939809,242769511,-196704.7757575677
2017-12-07,1124.9569394483708,1144.0262677720052,1120.4209085991938,1137.94873046875,1407824,0.012817105756930625,0,0.010863283344517253,normal,0.015324500379899408,0.019289475085507712,0.019316094446156784,0.01469464958791189,55.66942333227804,-0.06376724525108735,0.015273125765799362,1.296184235112653,244177335,-14472.618181817197
2017-12-08,1141.8689871943848,1172.3446415720691,1137.3769293053374,1168.51318359375,1267860,0.02685925323929994,0,0.01042689816547487,normal,0.06089548930510924,0.04794856847273654,0.04206005663193246,0.016732017409284428,67.07063136988401,2.7318493313419348,0.01620350895937029,1.20419144788146,245445195,170005.0121212147
2017-12-11,1170.582815952401,1170.582815952401,1155.3009624700142,1166.222900390625,597953,-0.0019599977435267313,0,0.010191804925284757,normal,0.04370981633884652,0.05058309534832328,0.03606895317895109,0.018314016351691276,65.31165311653118,4.134852037571033,0.016469998529001974,0.5908004156874385,244847242,241703.66060606315
2017-12-12,1161.8629975572292,1166.178938091833,1152.6586826322075,1157.9434814453125,873443,-0.007099345195965001,0,0.010371370388978835,normal,0.042545802125322885,0.03691311445931622,0.02590807017679353,0.019198080039606324,64.2581621211769,4.1998068135161795,0.016680139630059515,0.8741323845050399,243973799,299471.5515151497
2017-12-13,1162.126866426658,1177.6289159176415,1150.5002486688193,1158.29541015625,917877,0.0003039256376298205,0,0.009675592652704956,normal,0.030926414797917356,0.030482049722661886,0.02366364825348466,0.01990646621415637,65.59529816044619,3.963954266125736,0.017587586863903378,0.9315538878709436,244891676,453053.29090909526
2017-12-14,1157.370884733609,1168.689140146624,1148.7830870729144,1164.06494140625,834383,0.004981053364634835,0,0.009559692959749415,normal,0.022950252711949615,0.03862645424825217,0.025952188352274863,0.020729216269847583,67.67249991857918,3.8886293802745246,0.017803078641546316,0.8501417373281571,245726059,488155.15757575596
2017-12-15,1169.9666963266636,1175.8680133860316,1154.3764716374665,1166.6636962890625,1420357,0.002232482733886876,0,0.009559477774364673,normal,-0.00158276973735072,0.0592163360301452,0.025484289686636963,0.021489559680761383,70.759459321492,3.70665426453486,0.01819753464092093,1.4264105437064358,247146416,521199.13939393574
2017-12-18,1162.6556083689225,1184.675600951667,1145.876331013073,1173.0050048828125,918171,0.00543542120486018,0,0.009525396630198997,normal,0.005815444448840745,0.04977945279647478,0.02801742869726609,0.022377480627358448,70.69313418366889,3.6977651068220982,0.019783320497311588,0.9124138057478023,248064587,588820.424242437
2017-12-19,1174.193692449097,1190.840823092372,1168.3804377455856,1188.81494140625,1227087,0.01347814924712698,0,0.009851145143861241,normal,0.02666059307351043,0.07034069151628253,0.03773479363659438,0.023837326622573318,72.41696551898927,4.393666618076537,0.01993830731848218,1.1957267929733668,249291674,593761.6000000148
2017-12-20,1185.732581347549,1204.8899759246765,1174.5464675218084,1200.2218017578125,1198943,0.009595152243013771,0,0.00976402597441164,normal,0.036196631044153715,0.06824247786802973,0.04295481518425781,0.02556518830717569,76.02445857101614,5.203828869562061,0.020603230415243957,1.1376728871738744,250490617,667780.9090908961
2017-12-21,1202.291263333859,1202.4234047567998,1184.7633325696409,1187.7139892578125,557871,-0.010421250873531407,0,0.010179678517755607,normal,0.020315917961581498,0.04373242612482464,0.02894167932416969,0.026345706129560442,79.5829151071259,4.505098364503226,0.02010774618000179,0.5378846843137818,249932746,711636.6606060746
2017-12-22,1181.4168176554772,1197.4473310471285,1181.4168176554772,1194.804931640625,561400,0.0059702440544995294,0,0.010144079525986407,normal,0.024121120286055397,0.022500172369484872,0.03163759719500958,0.027263188314068154,78.26352780961514,4.137730439321011,0.019219620572729003,0.5522051763874548,250494146,800875.6727272773
2017-12-26,1189.432010373507,1192.5148095152751,1180.2716714197816,1187.4061279296875,913529,-0.006192478382875399,0,0.010222690014548341,normal,0.012277119864730457,0.01816396122213626,0.02278971549982023,0.027589569003765302,77.86284044277511,3.063179723668071,0.019206921688201553,0.8919702572756978,249580617,739222.8909090876
2017-12-27,1189.7840714500974,1201.4105824661733,1182.605533636012,1191.2373046875,569851,0.0032265091679224422,0,0.010204814085492966,normal,0.0020376285634369218,0.028752546022912107,0.02354651031278987,0.02794993573653448,76.30917203278695,2.311399771506487,0.018862588253625655,0.5676304014878594,250150468,593049.1151515179
2017-12-28,1196.126134276082,1217.9700124311948,1188.0228190840764,1193.0433349609375,2608574,0.0015160961349436342,0,0.010182141270940621,normal,-0.005980950176343702,0.02999919062098333,0.022653840627913313,0.028239702270145273,73.73800700356279,1.6668275629937277,0.01921372533105623,2.3858166242114325,252759042,575484.278787881
2017-12-29,1197.0065812753053,1211.011315540258,1189.0793853728198,1204.8016357421875,799006,0.009855719768666171,0,0.010190478863351192,normal,0.014387004479969878,0.034995207644279214,0.02952338133647281,0.028947554897512662,68.65901162316297,1.7545722478254078,0.01825336138395319,0.7849699137242018,253558048,561765.1090909119
2018-01-01,1204.0532232917965,1204.0532232917965,1180.315713726286,1184.2352294921875,746852,-0.017070367137516862,0,0.010171162666257437,normal,-0.008846383094455401,0.015061352520882254,0.010798746489358635,0.028455126555700483,57.79638324155647,0.22983294130871101,0.019125518778538513,0.7239002713613132,252811196,507065.82424242893
2018-01-02,1184.6757143634884,1188.9035963519186,1170.1866008647632,1179.03857421875,695988,-0.004388195135577866,0,0.009990471834269392,normal,-0.0070469180797700925,0.005143685927018193,0.005753661885714578,0.02766788787968455,59.38106296746259,-1.24531297299972,0.019521981023533478,0.6791356893080196,252115208,406950.9575757659
2018-01-03,1184.4112777245766,1195.0690397875123,1175.8675639010323,1189.3878173828125,832810,0.008777696837374505,0,0.009856366455460588,normal,-0.0015525767178460326,0.00048188827092365827,0.013174817289624219,0.027376593813483785,62.6978516612311,-1.6171038830698272,0.01887604731555225,0.8138219867864961,252948018,384969.4545454656
2018-01-04,1189.167782373317,1194.4966641437725,1181.548842638516,1191.0615234375,640189,0.0014071995948052862,0,0.009677016895504272,normal,-0.0016611395959915676,-0.007632154579175765,0.013191683871748516,0.027098320146333732,61.406755463128015,-1.8278101619887792,0.018432233553725093,0.6535886122938026,253588207,433517.5636363713
2018-01-05,1189.9603956066028,1200.485909021824,1187.5381964297574,1194.848876953125,568451,0.0031798135034153407,0,0.009396556595656537,normal,-0.008260910753936201,0.006007243966008158,0.014827081807427644,0.026933651240525602,61.790541748157835,-1.7874521513353443,0.017863054548039277,0.6063284925091711,254156658,438334.1454545434
2018-01-08,1187.846258612141,1207.5761901520732,1187.846258612141,1205.2861328125,801796,0.008735210000774485,0,0.007630008919097272,normal,0.01777594754493106,0.008772311608626238,0.02138718941496931,0.027185797563554992,63.05654493585952,-1.1633923442970193,0.01657826678810811,0.877021127859391,254958454,473112.787878796
2018-01-09,1210.2188284012311,1211.8923693912752,1194.3644332693375,1199.03271484375,708386,-0.005188326488215544,0,0.007742124378290043,normal,0.016958003802588495,0.009791584059225089,0.01453345045384058,0.026999191904736097,54.478966451629475,-1.2687020105334526,0.016370893822155456,0.7701955817907554,254250068,354237.4363636401
2018-01-10,1199.076714503373,1206.695653821548,1193.483657611823,1202.996337890625,939525,0.0033056838214722273,0,0.0074850748739230845,normal,0.01144161753544548,0.009871276828599562,0.016156113977632502,0.026921639576766188,51.30112417953441,-1.170726508403149,0.015299762137184387,1.01784590103941,255189593,267999.56363637955
2018-01-11,1195.2452394438378,1218.0579740660835,1195.2452394438378,1214.3145751953125,629248,0.009408372202140969,0,0.007655444337887641,normal,0.019522964431511802,0.017829394466271742,0.02321045269790134,0.0272883041601788,62.615145213803075,-0.4784492160074372,0.015460248540130379,0.6925308834812672,255818841,328908.93939393986
2018-01-12,1216.2082307807225,1219.3790880977847,1195.2451555676855,1210.21875,872539,-0.003372952346103353,0,0.007734258161030739,normal,0.012863445196574341,0.0044962706698812305,0.017843803828119453,0.027304386340049946,57.52363088627144,-0.4325643707592377,0.015990845284101447,0.9582773699652394,254946302,358403.8727272751
2018-01-15,1211.627863849291,1211.627863849291,1201.4106103676556,1204.2291259765625,1324592,-0.004949207755571061,0,0.007886860179024367,normal,-0.0008769758542488404,0.01688338261389899,0.011572522962278953,0.02692792816130707,58.32600300623964,-0.9141030633415674,0.01581437799892708,1.4624411144738603,253621710,249030.87878788932
2018-01-16,1206.0791449324483,1223.8712569373388,1201.1906632949233,1217.2652587890625,896453,0.010825292738147585,0,0.008113100091340695,normal,0.015206043771448297,0.032421911722135155,0.02033441683176962,0.027114479623820742,61.806008511448816,-0.4847147781559862,0.015872431325427122,0.9909341079937147,254518163,132331.70909091705
2018-01-17,1223.4307182403072,1225.1923175466288,1203.3925261308998,1207.75244140625,1409691,-0.00781490912857885,0,0.007906158126555391,normal,0.003953547792144185,0.015440400309335578,0.011170246846050391,0.026720697078669975,56.23591708559617,-0.9448009143122338,0.015515598480037293,1.5426949039527582,253108472,-34865.75757574647
2018-01-18,1233.1195179906972,1239.1970571189777,1189.6079934948418,1195.2010498046875,2465412,-0.01039235456808374,0,0.008001278074814157,normal,-0.01574017621220658,0.003475493318968459,0.0005987401252149915,0.025683296187977378,45.957024623451396,-2.130035225848548,0.017331403348541607,2.523172076704099,250643060,-295805.8727272691
2018-01-19,1207.0478317105149,1209.2057477913124,1189.12358078468,1200.04541015625,1491194,0.004053176118238966,0,0.007674029737518131,normal,-0.008406199163374373,0.004349113350950562,0.004209206458494652,0.024913795451187548,57.6741264790752,-2.5926353929996964,0.016999321338078167,1.4565651823844377,252134254,-401812.6484848474
2018-01-22,1200.5301172085813,1202.2917167936268,1185.9528376345263,1193.57177734375,1014403,-0.00539448987322666,0,0.007671895002029382,normal,-0.008849934288186256,-0.009719148963752589,-0.0010930690296839796,0.023845283956276164,56.96791351209623,-3.294430955364998,0.016949204463052335,0.9693991764049474,251119851,-485183.4424242277
2018-01-23,1198.5039272414333,1208.7652636960188,1189.1234978729092,1205.2420654296875,1284895,0.009777617322612286,0,0.007825595333458876,normal,-0.009877217206819555,0.005178633167441715,0.007841301155007585,0.023377690241109805,57.50620132279475,-2.943948955651477,0.01681118005907989,1.2064823915467968,252404746,-499166.26666667155
2018-01-24,1204.934130739009,1208.4573299516965,1175.9118202323016,1203.08447265625,1819330,-0.0017901738043537563,0,0.007823276862709274,normal,-0.003865004606875222,7.32627048387613e-05,0.005458990394412444,0.0227806330096183,55.66630844250733,-2.828045808424804,0.018004867273641097,1.6136441102872485,250585416,-527382.7333333314
2018-01-25,1205.7268622112804,1213.742118850733,1197.4914056228345,1209.117919921875,2125894,0.005014982241690724,0,0.007885502345459936,normal,0.011643957407384997,-0.004279496746221301,0.009491727916272508,0.02245946358566009,56.58544994828181,-2.3360692479056535,0.01811014831987129,1.9267932510293586,252711310,-341883.2727272725
2018-01-29,1206.6955804310803,1233.11957124344,1204.229298280796,1230.741455078125,1406390,0.01788372730233556,0,0.008552281499585418,normal,0.025579069476944438,0.016957847561133166,0.02485664231675222,0.023110627341029977,60.648630430786206,-0.6339200196965624,0.01832360068361405,1.2405289256373304,254117700,-100173.85454546237
2018-01-30,1230.741771134622,1241.9278871100028,1224.3999471993686,1233.340087890625,1310365,0.0021114368105321635,0,0.007406034479140294,normal,0.03331874236786825,0.024173939399161348,0.024384424906327418,0.02370588448565547,64.80436156763591,0.524832526485179,0.018284993295574103,1.127799568896051,255428065,134747.54545454966
2018-01-31,1233.119454363032,1233.119454363032,1200.1775274354372,1206.1229248046875,1491912,-0.02206784921139382,0,0.009081689438689824,normal,0.0007308568131381143,-0.009153579225171904,0.0016088138734358104,0.022855358578095064,51.123679797980685,-0.6217198020962247,0.0198791143492881,1.2415283266360775,253936153,326160.2484848513
2018-02-01,1209.3379081621754,1219.7313869429593,1189.9603160430436,1207.7965087890625,1563429,0.0013875733144248503,0,0.008904716136014708,normal,0.003916629496854007,3.648709893000479e-05,0.0027122621467432495,0.022108424623664247,47.48294496758695,-1.3079313881858194,0.020263081887743735,1.262657943391751,255499582,515926.1636363623
2018-02-02,1190.8413101893752,1213.6540461414309,1190.8413101893752,1208.6334228515625,1699619,0.0006929263799073659,0,0.008903610274394621,normal,-0.00040070291104754574,0.011238588728708088,0.0030815853441439334,0.021415028317567808,49.37199403860977,-1.720051249509389,0.020170969887345184,1.3163338977282883,257199201,605054.618181829
2018-02-05,1190.92934644785,1199.164802786083,1181.3726904557989,1194.144287109375,1585136,-0.01198803166306861,0,0.009323644681790104,normal,-0.029735870046261548,-0.00491741645518784,-0.008098535117214145,0.020053806168524035,46.25707334532423,-2.9129240730225945,0.021435181664812075,1.181165169019362,255614065,627665.6666666646
2018-02-06,1145.039548166219,1187.7583313093432,1144.1587485137834,1167.3677978515625,1540401,-0.02242316070751338,0,0.010337385745818004,normal,-0.053490753026518845,-0.02195425527780448,-0.027530116828083928,0.017541065200286088,33.19486653247556,-5.310136415683134,0.0235975782352623,1.1170900967677582,254073664,456448.448484859
2018-02-07,1164.4172184931615,1171.4636161844967,1151.249305815277,1156.1817626953125,1561287,-0.009582271480194082,0,0.010464775058111057,normal,-0.0414063617250805,-0.04070576703351636,-0.03345661026138047,0.014764175872888474,32.824910987467916,-7.329490371163685,0.023727933771412097,1.098271419785968,252512377,249925.99393940083
2018-02-08,1167.676095949355,1178.1136582013842,1149.6637854520802,1171.0672607421875,1146084,0.012874704070901188,0,0.010917787512723267,normal,-0.03041012933850895,-0.026612605051225313,-0.01904956745629549,0.012993971326733078,42.08553375329463,-7.325622406395416,0.022136954004822886,0.8003862243932718,253658461,-16676.07272726239
2018-02-09,1161.7746254560066,1180.271416308604,1155.43291160005,1174.14990234375,810004,0.0026323352252275445,0,0.010670752645262722,normal,-0.028531000265121342,-0.02892027072130765,-0.014922458666631555,0.01155154459511265,41.408520523711864,-6.790375052871905,0.022368183519377232,0.5621313416863788,254468465,-134618.86666665674
2018-02-12,1180.2715246255266,1188.9914626173293,1174.23806855951,1184.1910400390625,1166428,0.008551836247883804,0,0.010898726868948121,normal,-0.008335045586832734,-0.03782306580069461,-0.005882998010512175,0.010728196246146737,46.95967785965626,-5.490576341047367,0.02208820051961821,0.8013129841085327,255634893,-116477.83030303054
2018-02-14,1188.9034888480312,1191.898121839589,1173.2252110380723,1188.5511474609375,857401,0.0036819290760139456,0,0.010906244548480187,normal,0.018146251462787477,-0.036315158219084376,-0.002011466976069465,0.010178238680859097,44.32134574620073,-4.129745191967693,0.02194894622039112,0.5986239902857418,256492294,17397.981818193843
2018-02-15,1191.7220385827206,1201.807152516364,1179.170642389222,1196.2581787109375,844856,0.006484391745752216,0,0.010708337238339404,normal,0.03466272977892171,-0.008178889473763551,0.004033417801656114,0.010025715396820845,47.7620374379789,-2.5789917267724434,0.02121587127453703,0.5909296561591607,257337150,84996.30303029354
2018-02-16,1201.4107366804908,1201.4107366804908,1187.3179421153238,1190.92919921875,1091144,-0.0044547068409011015,0,0.010618721429555538,normal,0.016960544575360004,-0.013965357117337374,-0.0003974393850045832,0.009604086254499045,44.0092569809312,-1.8165413996335018,0.02118137879216778,0.7717923704069207,256246006,156082.0727272807
2018-02-19,1197.006852988292,1197.006852988292,1170.4067437074634,1176.660400390625,495950,-0.011981231829302108,0,0.010701090163060025,normal,0.0021381410004495116,-0.026453862566122588,-0.01120865087037115,0.008528547621398763,31.280633319587068,-2.154531233169855,0.021299212036757338,0.37706051846030364,255750056,304376.3939394006
2018-02-20,1173.3572085513918,1183.222121062821,1169.5697272638972,1173.0489501953125,688130,-0.003069237474222497,0,0.010652047490043242,normal,-0.009409030694390697,-0.01766565158145783,-0.012904469028062415,0.007391026615743979,29.276406055810057,-2.4794999500393313,0.021128798279717115,0.5396450888360134,255061926,327026.0121212184
2018-02-21,1179.390927293119,1179.390927293119,1165.298130551752,1171.9921875,1406451,-0.0009008683696759556,0,0.010603598588644805,normal,-0.013932055003532562,0.0039613818857675565,-0.012496441707887551,0.0063243272160045105,35.69596344374493,-2.6105864161478207,0.01998561842917751,1.0862678067430964,253655475,176959.3151515172
2018-02-22,1171.551610195567,1174.810633460203,1156.7101573786351,1168.336669921875,2173259,-0.0031190630936905883,0,0.010310863812599186,normal,-0.023340704612068053,0.010512972630035922,-0.01411398659148333,0.0052000677937795725,33.73279829787063,-2.7731758853852475,0.019334644993438677,1.6228360253544443,251482216,-190665.62424243108
2018-02-23,1168.3810781101452,1172.8731361376106,1162.8319956812336,1165.430419921875,896708,-0.002487510727703479,0,0.010313064695539569,normal,-0.021410827204171534,-0.004813421918003269,-0.015012323040562436,0.00406505412450886,32.488463985765904,-2.8928504828165993,0.018600096199727672,0.6934869266467983,250585508,-518309.5090909021
2018-02-26,1159.352802943201,1178.86254113101,1159.352802943201,1174.3704833984375,1109668,0.00767104009277686,0,0.010418451163557394,normal,-0.0019461154564454075,0.00018786447475505064,-0.006751099852292275,0.003486682105128036,41.60752606279525,-2.216755887509146,0.01798706266874373,0.8932862814334627,251695176,-694177.8666666659
2018-02-27,1180.2715675765069,1191.2815635427055,1175.0748279765628,1185.8646240234375,1316559,0.009787491074995103,0,0.009766419716010617,normal,0.010925097222917346,0.0014132719534170057,0.002686667736738535,0.0035160421231736905,59.02069343239511,-0.9092829027891365,0.01582053615833984,1.063680157913674,253011735,-686856.4242424109
2018-02-28,1178.862487784612,1178.9505462617535,1154.728551474904,1160.6739501953125,1862621,-0.02124245324281393,0,0.010630770970334574,normal,-0.009657263440322583,-0.02345477291842102,-0.01687010872939021,0.002333142010925826,51.927496789251265,-1.6136807860912592,0.016836028783037287,1.4720176557936608,251149114,-692176.5696969703
2018-03-01,1162.6555273031904,1170.5827240802575,1157.5909293622865,1166.39892578125,961945,0.004932458064535794,0,0.009757408888285812,normal,-0.0016585494494104625,-0.02496054234869538,-0.010888483405390281,0.00156723451876295,47.82602269536122,-1.5655122261120091,0.0158067631878616,0.7764797143166184,252111059,-523937.436363617
2018-03-05,1162.655652679602,1163.4923694218369,1139.5346595865417,1144.8194580078125,842790,-0.01850093248241258,0,0.010424602175701164,normal,-0.017685278813508343,-0.038717449568946294,-0.02648177645560268,-0.000132112030206466,38.34848398149917,-2.787112342630931,0.0162311085136051,0.7006772115625914,251268269,-411065.04242424114
2018-03-06,1145.0394066619886,1151.9977445602142,1135.526728583468,1139.0499267578125,738512,-0.0050396865720993,0,0.010407455335787852,normal,-0.030076161773423538,-0.03196374554657122,-0.028483817171570447,-0.0018874631608032377,31.437732909277813,-3.7252349625301324,0.016415503925905055,0.6395335092361081,250529757,-311202.2484848462
2018-03-07,1138.918105409377,1151.7336766487667,1137.2004814671216,1139.6226806640625,917890,0.0005028347685165357,0,0.010206781377384757,normal,-0.03899428520136128,-0.028495204335406865,-0.025396798968851497,-0.003382806407161487,29.233527101661025,-4.023261055556446,0.016147787231580567,0.8185182794003663,251447647,-143871.709090913
2018-03-08,1145.039682408575,1149.928164060504,1131.1230032607314,1139.0062255859375,739272,-0.0005409291062598021,0,0.009040565991283313,normal,-0.01866822685710212,-0.02814520631270201,-0.023513091440190648,-0.004702947640376265,24.144637612129884,-3.971186739414156,0.01591625783539771,0.6836578364993433,250708375,-66819.05454545509
2018-03-09,1140.6357186321293,1147.6821168939496,1132.7965790619537,1145.7003173828125,852176,0.005877133633252374,0,0.008945652083048412,normal,-0.017745736849486216,-0.01937485411681561,-0.01610863976364474,-0.005514428554648898,29.82311496710294,-3.2268129304178537,0.015872685907209964,0.8147836240133306,251560551,-52445.581818187784
2018-03-12,1149.4436683559115,1169.6579795157495,1139.7989541464724,1166.35498046875,874857,0.01802798059192301,0,0.009410770625694407,normal,0.018811282696411524,0.0007933211035773269,0.0014735693517013981,-0.005208218267301112,45.65050284395351,-1.1892549118444578,0.01579117962424228,0.8474577995111161,252435408,-51082.68484848057
2018-03-13,1166.9715940741455,1172.7407678448335,1157.1065724994326,1163.14013671875,1067772,-0.0027563167336139838,0,0.009403773657359676,normal,0.02114938897323637,-0.009562865244355123,-0.0011643984679327035,-0.005076980900858841,45.80384623735178,0.03144814766841364,0.015956528082582355,1.0215768564199605,251367636,-56407.06060605512
2018-03-14,1160.3656928743862,1167.059749936156,1154.8606940539328,1159.92529296875,760665,-0.0027639350139435637,0,0.009172576676538683,normal,0.017815205549311264,-0.021873770858160668,-0.0035526227119028198,-0.005098457507993537,44.98167345239667,0.6760993957664603,0.015884135955127623,0.7421619380733128,250606971,-11481.472727290315
2018-03-15,1157.2828266374363,1162.655683671716,1139.975089842514,1144.99560546875,536838,-0.012871249200703705,0,0.00947037547989636,normal,0.0052584259403247735,-0.013507966405142624,-0.014841471940590378,-0.005816262617603152,41.125235317488304,0.1767439173893237,0.016376973177393374,0.532100628291229,250070133,-90864.03636363707
2018-03-16,1147.6818282912402,1154.4639419049706,1128.392296396264,1144.290771484375,3646692,-0.0006155778948045976,0,0.009273640213836032,normal,-0.0012302919681975721,-0.018954196380168153,-0.013997277084374149,-0.006453928786670504,41.82541345916012,-0.10608169035058879,0.01738771201339981,3.173810293944286,246423441,-291948.8484848503
2018-03-19,1152.0861946533876,1161.070310044256,1147.9023953991034,1153.3193359375,1244199,0.007890096361970356,0,0.009521588496580502,normal,-0.01117639547954008,0.007424644881978804,-0.0056287993637287315,-0.006550156170633259,41.86520422016324,0.3830401465674331,0.01708250570429294,1.075694007777822,247667640,-412413.436363634
2018-03-20,1150.3244072583525,1163.0960028978975,1150.3244072583525,1156.710205078125,1249242,0.002940095630902251,0,0.009242546714776076,normal,-0.005528079925746554,0.015504393534865102,-0.002448240576364502,-0.006446184590115922,37.9811529453681,0.9697055416282936,0.016776809424872266,1.04599274410889,248916882,-470327.6969696986
2018-03-21,1156.7102934196992,1165.3861496163006,1149.4436953456748,1158.7801513671875,1698614,0.0017895115647594828,0,0.009244001936434538,normal,-0.0009872546176069585,0.016810362787762267,-0.0005999947089215807,-0.0062320390190855335,49.035405361042166,1.5002470142219924,0.015810288259048115,1.3645277914007181,250615496,-354847.61818180495
2018-03-22,1156.049592083133,1163.095989596782,1153.0108761631686,1155.47705078125,950972,-0.0028504980707861893,0,0.009257932965266997,normal,0.00915413584335023,0.014460698129054927,-0.0031213522453797937,-0.006181992070084408,44.29629289637551,1.6214845732829826,0.01567580084605928,0.7781696607919127,249664524,-330436.8606060532
2018-03-23,1136.2317031689702,1157.3708976465325,1130.7707876034012,1146.4930419921875,1301609,-0.007775151209613473,0,0.00938053032698125,normal,0.0019245724624308291,0.0006919127081903564,-0.009846979631407904,-0.006549247222079724,51.00638625853336,1.113584914473937,0.015782180240934144,1.1044811492566209,248362915,-307558.48484849144
2018-03-26,1147.6819180348994,1171.375449588788,1143.2779198843434,1166.4429931640625,1032138,0.017400848013180426,0,0.01022012218814388,normal,0.011379031650323057,7.545961288490943e-05,0.006674732209902112,-0.0058813549434721946,64.07246311374661,2.081938819722044,0.01622421773791731,0.8708176757921134,249395053,-131298.64848485045
2018-03-27,1179.390846998314,1180.2716467346834,1163.6685932080245,1173.929931640625,1040328,0.006418606413206351,0,0.010174983704416501,normal,0.014886811309265724,0.009276435900761992,0.01187026576275696,-0.004917737061565619,66.45545384603675,3.124711633247083,0.016246686970448787,0.8803025898417778,250435381,67374.33939393474
2018-03-28,1167.9846544807017,1179.7433106761046,1164.59348912859,1174.4144287109375,1337677,0.00041271378917429047,0,0.00991444658479916,normal,0.013492013411952053,0.012491438741803362,0.011104608987516862,-0.004038715702559426,67.00505114459781,3.7054636013174633,0.016017664636816302,1.1309023123110138,251773058,299600.58787879266
2018-04-02,1158.251657881543,1198.3721290387757,1158.251657881543,1190.2247314453125,708747,0.01346228584038145,0,0.009083866388062271,normal,0.030072151273422998,0.039501571674632086,0.022309930234358122,-0.002499238557229555,69.66156221295533,4.9357974889932175,0.01731931051055804,0.6299151643996661,252481805,520562.17575757107
2018-04-03,1186.525205515284,1193.9239441945672,1179.0824913645083,1187.6702880859375,979726,-0.002146185751217833,0,0.009072659215499998,normal,0.03591582729730214,0.037909522371914806,0.01816526577822053,-0.0012762274122264383,61.20362540245534,5.325535730768116,0.01645337779724911,0.870066475683988,251502079,415738.9757575874
2018-04-04,1187.3179655456768,1197.8875616781309,1179.8752512768704,1195.6414794921875,912607,0.006711619787252987,0,0.007905269519882905,normal,0.025032073148231637,0.03669594555118172,0.02256424363461651,0.000172366454350259,66.26967783409086,5.827557631854944,0.016485755678157063,0.8079552616133493,252414686,382081.6909090913
2018-04-05,1215.5035678763777,1218.8506496942691,1200.2656902857825,1217.4412841796875,588716,0.018232727001708637,0,0.008475210835046482,normal,0.03706469301643356,0.05250327941687072,0.03713801872512601,0.0024705876387220993,74.27487735589511,7.242867548506205,0.01683653274541482,0.5246850849862907,253003402,406279.03636363574
2018-04-06,1217.2210937084617,1217.2210937084617,1200.045499681205,1210.9234619140625,633937,-0.005353705636832129,0,0.008678136344141798,normal,0.0310870100967664,0.04499844986588153,0.028491638558642896,0.004142024132919753,79.95188452285485,7.332743058231626,0.016615421452106115,0.5722283522735069,252369465,459605.3575757612
2018-04-09,1204.8898910552855,1229.9487067085397,1204.4935742031987,1225.7208251953125,923543,0.012219899726660044,0,0.008865414584413643,normal,0.02982301813447985,0.060792011720673056,0.037004550953191995,0.0062782123119196065,82.79534368310772,7.930723077645721,0.016378906689171222,0.8267675810296335,253293008,478648.3878787902
2018-04-10,1232.062816185635,1235.586015422632,1221.6693354286908,1225.6329345703125,969036,-7.170525554711649e-05,0,0.008888732105631325,normal,0.03196396076015007,0.06902780015185139,0.033295923976732755,0.008100116481620345,81.38389569658344,7.847808207636033,0.016213236903794094,0.8629794885233113,252323972,314079.3515151541
2018-04-11,1226.9540180029778,1251.1760104617588,1220.3921030537615,1241.178955078125,1015714,0.012684075361651947,0,0.00849808461828907,normal,0.038086229331286026,0.0640716797580787,0.041798339956808706,0.010380751518636488,83.16055819659562,8.322301089033132,0.017046752796171648,0.8989107903739194,253339686,225709.2848484776
2018-04-12,1240.1660546805876,1247.2124527185454,1230.5653158499697,1244.349853515625,510556,0.002554747181723105,0,0.008386119497404894,normal,0.02210256025124746,0.059986477878270605,0.040055989855006136,0.012463238992437287,83.30487400451739,8.312573061728141,0.017043764046252814,0.46326674940734675,253850242,186729.19393939563
2018-04-13,1243.6889815915326,1245.3184392773994,1232.4147041897106,1242.411865234375,534981,-0.001557430392887249,0,0.008343575408948175,normal,0.026003628066252782,0.057899013211267336,0.03464875213673424,0.014126146627833736,84.19961275302633,7.6548714584648305,0.017232397735044952,0.49045117243078795,253315261,166354.53333333042
2018-04-16,1240.9587107602667,1253.5540818766249,1237.3914289906777,1250.295166015625,325041,0.006345158962050679,0,0.00741730141403927,normal,0.02004888904159463,0.050469825557537984,0.03714285249544802,0.015878867424237164,91.1918378498303,7.234835099139824,0.01652745953119601,0.30090712053165897,253640302,192265.81212121586
2018-04-17,1251.1759157658717,1277.599905539174,1250.5593990122904,1273.239990234375,1176082,0.018351525977557293,0,0.00793227775154883,normal,0.03884283321804882,0.07204836477499366,0.0505554342195933,0.018400616628096333,91.39633940341417,7.9304832970762895,0.016185145806263814,1.2293455471865655,254816384,202969.5636363577
2018-04-18,1277.599853515625,1282.5763928908514,1268.3514574715616,1277.599853515625,765225,0.003424227415640191,0,0.00792083625740649,normal,0.02934379308357471,0.0685476168476915,0.048743975276063445,0.02070888515333058,91.18258629652331,8.084829968282776,0.015996956522006618,0.8204190615546679,255581609,276079.93333333277
2018-04-19,1278.3928338941978,1292.9260303971878,1275.7063515328125,1280.8590087890625,682820,0.002550998471445576,0,0.007927050221073038,normal,0.029339944204830548,0.05209099234063341,0.046295528683717446,0.02277169892347164,91.37276931865412,7.803136645243125,0.016071680114017866,0.7549949085222972,256264429,387295.8181818124
2018-04-20,1270.11333443888,1296.6694703903074,1269.4086515784056,1292.8380126953125,674146,0.009352320453736018,0,0.007939174082624631,normal,0.04058730351180673,0.06764634872279274,0.05047022628862363,0.025013416903376218,91.10793787410508,7.801604172541246,0.015212276767233123,0.7901567787479324,256938575,453493.2363636376
2018-04-23,1295.656258318679,1295.656258318679,1277.159466051723,1279.5816650390625,395622,-0.010253680295656764,0,0.008502501926633004,normal,0.02342366812211716,0.043942175686839224,0.03578288930460194,0.02624454129408016,83.91276540162687,6.3475088116171605,0.01557392223010359,0.47930213806417166,256542953,504297.6545454563
2018-04-24,1289.490881377497,1294.555480126077,1273.3722023524767,1285.659423828125,1218174,0.004749801403943099,0,0.007943419536533122,normal,0.009754196922030278,0.04897591078429753,0.03668400578736275,0.0274821462873871,83.68480146610767,5.278591503564485,0.015676471260037263,1.4833335119248823,257761127,517552.25454545807
2018-04-25,1285.0869445662563,1288.6101438659582,1276.323029316052,1285.2630615234375,504777,-0.0003082949475898822,0,0.007556823561658788,normal,0.0059981284333474605,0.03551792935655884,0.032787572603706794,0.028425338650885257,80.21967621853182,4.081936487241183,0.015074311831987647,0.6350412691842814,257256350,505082.921212118
2018-04-26,1288.6098424075335,1319.9662873354262,1285.8353021041944,1313.492431640625,1321586,0.02196388503045199,0,0.008467074747939604,normal,0.025477763460019398,0.0555652238232307,0.049924837184201154,0.03040469439648641,88.29310842995726,4.685472392687224,0.01569152702151705,1.6337344014941113,258577936,551262.448484848
2018-04-27,1313.4927630716982,1318.9977620787045,1294.6877079676672,1298.2548828125,818770,-0.011600789209795792,0,0.00924938265229383,normal,0.004189906286785616,0.044947266796740104,0.03402780845955666,0.03130612952450895,76.99115767822961,3.6010583831470555,0.015812696675782924,1.0456962238229515,257759166,459811.0121212214
2018-04-30,1299.1798034432582,1333.134681313937,1298.7834865110306,1329.0389404296875,612159,0.023711875090735468,0,0.009993149177036743,normal,0.03865112852262942,0.06298014785180617,0.05267696563482627,0.03334115978708252,81.32328840874669,4.444300710208104,0.01657308571434724,0.7866740670213577,258371325,369553.9515151529
2018-05-02,1331.7692374675055,1333.5308369879654,1290.0633903245234,1296.4931640625,1047583,-0.024488203751701354,0,0.011957722113108858,normal,0.008426601970618952,0.018262993627654378,0.024274820368410888,0.033510499602451116,65.19101494246554,2.399865012813965,0.017687901489016698,1.340385098273791,257323742,243215.73333333415
2018-05-03,1290.8999044065993,1293.8505616361904,1269.7607134801174,1279.09716796875,1243694,-0.013417730672208417,0,0.012588795186218145,normal,-0.004797378637318772,0.0011719745028184736,0.009518841151883173,0.03274911113047985,58.85113427604469,-0.38598482256693245,0.018491654512587538,1.5583026910765598,256080048,69662.44242424746
2018-05-04,1281.5636772361452,1295.656473686852,1275.0898203705026,1289.6669921875,586841,0.00826350373016238,0,0.012163012257473833,normal,-0.01813900017936587,0.006876622124682319,0.016132513694667505,0.032433103740080904,61.530185894067905,-1.7049067677143483,0.01876451391464016,0.7353765004351113,256666889,-32401.69090908017
2018-05-07,1296.8897018074715,1322.9613554848963,1290.3717615082378,1319.35009765625,887065,0.023016100783041837,0,0.012781465318909419,normal,0.016248900830667434,0.020506888489196795,0.03562204560982285,0.03335124231363573,65.22918975147554,-0.8115958779433079,0.019269841921515714,1.0942358534583863,257553954,-46015.69696970177
2018-05-08,1315.9148984606436,1325.4275792886438,1302.262501589064,1317.7205810546875,906975,-0.001235090370976799,0,0.012700636144773146,normal,-0.008516198457917845,0.029805769383590475,0.030970902486537444,0.03393986892732315,60.82760284714682,-0.574977735643909,0.019069276181887224,1.119940195767732,256646979,-142935.00606060185
2018-05-09,1318.4692550035204,1330.888510800938,1309.0887155379842,1317.676513671875,759263,-3.3442129876437576e-05,0,0.01270004068063511,normal,0.016338959738898984,0.024903243619851745,0.027907872773604625,0.034312140329567864,59.96496110026516,-0.6598756434112474,0.019480531709989465,0.949846106923631,255887716,-201317.98181817986
2018-05-10,1315.9148360636352,1327.2330914294923,1303.583639474016,1309.308837890625,932116,-0.006350326270848083,0,0.012704847130758342,normal,0.023619526865071627,0.01870883641414678,0.01930479239649796,0.03412991942225818,56.89872072585147,-1.4715323463983339,0.01995580252608301,1.1722166902380333,254955600,-321487.43636363605
2018-05-11,1311.5108580574888,1326.4844541535113,1308.0757174492066,1324.8109130859375,591179,0.011839891969481542,0,0.01286588845916756,normal,0.027250384100183433,0.008617089198736494,0.02830076169642126,0.03451896310094438,57.62277782240274,-1.1694933338901805,0.019245023409489824,0.7397088819332263,255546779,-293417.15151514485
2018-05-14,1334.4115294515373,1339.872444518063,1315.9588189662588,1324.326416015625,1479249,-0.00036571035573973454,0,0.012845359842058096,normal,0.0037717951953883944,0.020081983552139082,0.025198191607910037,0.03469741147104144,61.35955547153673,-1.2028049894848856,0.019544225189256154,1.7476570539851837,254067530,-363876.5454545479
2018-05-15,1347.6236474399952,1358.5455860865468,1330.448051933407,1334.85205078125,3239290,0.007947915739151767,0,0.012870491292577016,normal,0.013000836423796791,0.004373920262775055,0.030075021065478102,0.0351742386459053,62.212940469090185,-0.7391793670261002,0.020087671024733265,3.264982802670777,257306820,-172089.69090908393
2018-05-16,1329.1266404482906,1393.7773547347622,1327.0126998343364,1386.4666748046875,2420630,0.03866692491743118,0,0.014776766447131209,normal,0.05220565170515168,0.0693975974854042,0.0628289589640385,0.037689900912093455,70.03129391344015,2.6355009351685617,0.022146454944032275,2.2958326686319697,259727450,94795.75151514763
2018-05-17,1386.4668176433906,1406.108694405706,1374.2677630262117,1382.679443359375,2082393,-0.002731570483543,0,0.01486140864234719,normal,0.056037661509223735,0.08098077142576843,0.05391086989682603,0.03954071672944104,65.16117745623487,4.11624376936696,0.022059250456879537,1.8589199624429773,257645057,136047.3333333357
2018-05-18,1376.9541968115211,1420.28949850221,1376.9541968115211,1414.38818359375,2041908,0.02293282104298533,0,0.015439770029832194,normal,0.06761513633606508,0.09670805887239231,0.07012238343132182,0.0423368833888742,73.73527653616512,6.588168539466082,0.022525512280074052,1.7185304135515846,259686965,308828.64242425
2018-05-21,1420.730185370724,1426.3673260230291,1385.5422736943635,1390.4747314453125,1510806,-0.016907276535411242,0,0.016157466655517743,normal,0.049948649086606345,0.05390884035663568,0.04684222292653528,0.043549912662135704,62.91904324299349,5.987070420453151,0.02321831433242523,1.228293566524987,258176159,421733.0363636297
2018-05-22,1379.1120642536607,1399.5465733076148,1372.4619838292178,1386.6429443359375,1137466,-0.0027557401962939876,0,0.015899885986282336,normal,0.03879897665391141,0.052304232226596525,0.03960517505119365,0.04425672181074747,71.56092619138681,4.759290849371411,0.022438563170453635,0.8976950605644624,257038693,404586.95151515736
2018-05-23,1380.2130266719862,1397.21250261837,1374.9282288672434,1381.181884765625,891664,-0.0039383314880153675,0,0.016000855453112767,normal,-0.0038116964043199975,0.048194963205941965,0.032020584880873004,0.044456805751173833,75.89362126385745,3.088257970165273,0.02229724319766429,0.7128916595184074,256147029,283439.0666666694
2018-05-24,1382.9438000812352,1384.309082833933,1365.2838278928705,1375.0166015625,915840,-0.004463773577635055,0,0.016082558280579324,normal,-0.005542023376190031,0.05018507610300271,0.02473844481612586,0.04419080753470528,72.14356656396951,1.1750201377931262,0.02231714763735061,0.7203829299670576,255231189,47052.01818182946
2018-05-25,1379.3323687009165,1401.5725617467003,1371.6694541048212,1387.920166015625,968884,0.009384297206638914,0,0.01556005621962929,normal,-0.01871340406059796,0.04763642290859793,0.030981631547228883,0.04432834986829404,69.48686388758989,0.42451922225573213,0.021935134815033026,0.7728265887366382,256200073,-100415.35151514992
2018-05-28,1396.0675690443225,1396.6840858461958,1388.1403714913895,1394.173828125,563972,0.004505779411886346,0,0.015183736524820413,normal,0.002660312047413127,0.05274184012693661,0.03212495750392397,0.04453198120957147,71.17075396758328,0.016792980996683582,0.021098919824162517,0.45446836910320676,256764045,-323655.92727272044
2018-05-29,1387.7438854424693,1407.3416770036204,1377.3063239212795,1385.2335205078125,944652,-0.006412620461546892,0,0.014573818388105312,normal,-0.0010164288030182211,0.037743111453494516,0.023021234821773318,0.04415494528305408,67.82886924608889,-1.1243969784370194,0.02165975303536708,0.7511704087276012,255819393,-415155.33939394244
2018-05-30,1382.41513858113,1404.699414150956,1371.4051422560176,1396.772216796875,1089156,0.008329784197564472,0,0.01319643318483498,normal,0.011287674855289254,0.007432953261310216,0.028453230940423735,0.04413508042799319,72.70235673593024,-1.3559998087031673,0.02197404221774865,0.8646482284811724,256908549,-267841.4909090916
2018-05-31,1404.8755120635576,1424.825646638453,1391.3992337362788,1419.3646240234375,3315162,0.016174725524231937,0,0.012816219249138236,normal,0.0322527178294012,0.026531949137055033,0.04061964200993917,0.04488118481465042,73.67145565651293,-0.296837438568339,0.022380029965393206,2.4318514276672705,260223711,-44358.32727272558
2018-06-01,1420.7297051235728,1430.7708417163765,1392.6321773621185,1399.4583740234375,1444570,-0.014024761265059804,0,0.013495389535425152,normal,0.00831330813568032,-0.010555666219140836,0.023488391387238794,0.04451873935661599,67.14224519932688,-1.1956599557451284,0.0234244173504012,1.0273505951161785,258779141,205200.89696971833
2018-06-04,1400.4714403719458,1400.4714403719458,1372.2858516349006,1376.865966796875,857157,-0.01614367933046079,0,0.013459264409225121,normal,-0.012414421343285409,-0.009787135530533564,0.006297961893791282,0.04309297580593152,59.08568224583278,-3.4432908341837276,0.023495770614202816,0.6102426811700787,257921984,318289.6303030342
2018-06-05,1377.570832726028,1385.498030612559,1362.641319714196,1376.513916015625,1531015,-0.00025568994349467467,0,0.013447804867523882,normal,-0.006294681989063466,-0.00730471269600208,0.005462218097535665,0.04167532496425497,47.234528957856355,-4.991328590890433,0.021223356239282145,1.0663011330261356,256390969,275118.29696969566
2018-06-06,1375.01644989611,1390.7827867148903,1371.8015093475556,1383.8685302734375,1085135,0.005342927646602158,0,0.013453072141550225,normal,-0.009238218206422122,0.0019451786455109144,0.009792384846038615,0.0405889596596396,50.32397666809238,-5.5165266289296255,0.02044681114844322,0.7472804098746639,257476104,239543.07878788465
2018-06-07,1387.25934890048,1415.180652788018,1387.25934890048,1411.9658203125,1479204,0.020303438819806674,0,0.013840755258788686,normal,-0.0052127575858303965,0.02687183464404197,0.02733058436750513,0.040648349037251785,49.32675787982336,-4.03677440825145,0.019431702655608955,0.9998225035969044,258955308,207485.71515151052
2018-06-08,1409.1916570479682,1410.3807153040416,1392.984918815514,1405.4041748046875,760059,-0.004647170217165875,0,0.013832159058690199,normal,0.004248644255245626,0.012597272679778726,0.02036442784028747,0.040268069063734035,54.592232907635676,-3.5805809359095697,0.01841221476079257,0.5108230292868402,258195249,153422.01818181647
2018-06-11,1405.75635531318,1424.2531494620378,1395.539100049139,1410.5126953125,905198,0.0036349120056673456,0,0.013809115493340986,normal,0.024437185119696503,0.011719390263891238,0.02173083921354002,0.03998946295820138,57.285014198142136,-3.036925073329183,0.018428046464183827,0.6203351194505814,259100447,162146.9393939339
2018-06-12,1413.5074160414824,1448.9155213362478,1400.8238787277098,1443.146240234375,1707972,0.023135945553928616,0,0.014482430468356134,normal,0.048406575075986114,0.04180718909063952,0.04087203456361088,0.040924698193609776,66.22101472894673,-0.7034442964620524,0.01928867373332465,1.2352957704927483,260808419,172737.14545454027
2018-06-13,1448.0346682107422,1448.6952679681376,1426.4550761358255,1427.952392578125,845842,-0.010528279970976717,0,0.012298878972350685,normal,0.03185552770390476,0.022323021181473335,0.02698765797725433,0.040948494341167985,63.232041771326884,-0.4210900251908143,0.019654727617394615,0.6487002193990311,259962577,149327.8727272746
2018-06-14,1424.9577291261578,1448.0346371483415,1407.782135802318,1417.735107421875,1348038,-0.007155200137872297,0,0.012419059772588607,normal,0.004085996294229011,-0.0011480605997797877,0.017735767669494695,0.04039072644456043,57.55410947464787,-1.1205912462337722,0.02031779955463662,1.0638052060275334,258614539,236381.5333333293
2018-06-15,1400.4715747770051,1434.7347058776504,1400.4715747770051,1428.0406494140625,2101892,0.007269017983851711,0,0.011440032472580217,normal,0.016106736421585444,0.02042381246999936,0.022685718365394125,0.04016688808695923,58.40808377625964,-1.0865585206100405,0.021446609366695547,1.654793060723004,260716431,361284.2969696865
2018-06-18,1435.6597000818329,1443.6309818852835,1412.36258660955,1416.8106689453125,846403,-0.007863908127095476,0,0.01087899453558755,normal,0.004465024422497077,0.02901132217057012,0.013230349995470458,0.039359518350711165,57.75150127653454,-1.9664152257365117,0.021678764201426535,0.6842583662799254,259870028,359393.52121212817
2018-06-19,1412.4503359692142,1419.849074736005,1400.2071989945775,1410.1602783203125,1118708,-0.004693916252021646,0,0.010922704976300247,normal,-0.02285697803481468,0.024443169017918986,0.007661069299998768,0.03823721937388025,53.36729023324645,-3.0762159955641017,0.021089470263431557,0.9050844110377438,258751320,170801.98787879452
2018-06-20,1406.6370928282092,1424.7815447822074,1406.6370928282092,1411.3934326171875,1535703,0.000874478111341892,0,0.010863409418495758,normal,-0.01159629694029285,0.01988982460516775,0.007722416978195978,0.037165919991552165,47.75379069319464,-3.761842922152212,0.020297646251641138,1.2109044106497875,260287023,109708.09090909733
2018-06-21,1414.5879918262797,1429.2308411770537,1409.2633193350891,1414.099853515625,1185462,0.0019175524243575381,0,0.0107836312689709,normal,-0.002564127732479382,0.0015113915453368598,0.008727250189467739,0.03620243833974457,54.568703677040276,-4.043069771319793,0.019340943850803437,0.9249071474247045,261472485,177817.6121212243
2018-06-22,1412.8132234617003,1429.4084108321233,1403.0513230483343,1427.10107421875,1098709,0.009193990559296372,0,0.010776350031198093,normal,-0.0006579470939416243,0.015438191947222402,0.01625917726720294,0.0357508235619719,66.6732842390494,-3.3898790635095892,0.019073224137420783,0.8529022016721078,262571194,224674.87878788306
2018-06-25,1434.1120951827215,1445.648888027632,1426.4800846591638,1433.3577880859375,1082199,0.004384212148822453,0,0.010774568584167647,normal,0.011679132225156597,0.016196304258272676,0.018704945486187174,0.03547122942480585,68.15516129560477,-2.607947319695789,0.018806188456898368,0.8235212559540216,263653393,337865.95757576136
2018-06-26,1433.224586191614,1447.2462694383612,1432.55900201846,1439.21484375,759142,0.004086248187818997,0,0.010626494597909696,normal,0.020603732693630583,-0.0027241844067975585,0.020644795846573194,0.03532480284349382,67.8475914252266,-1.8058745561087761,0.018516541716054602,0.5817909878810085,264412535,551142.3575757472
2018-06-27,1445.6486477753135,1470.186536299036,1418.448422883681,1428.166015625,2251405,-0.007676983164105811,0,0.01072436311650909,normal,0.011883704869386058,0.00014960095867722067,0.011575266336435464,0.03461651814879563,55.869459457068814,-2.1080018259407893,0.019681382090874323,1.6518632853949937,262161130,541539.1272727331
2018-06-28,1428.7873739654012,1438.1055524912624,1416.3631359309195,1422.3533935546875,1177218,-0.0040699904679980525,0,0.010174541402711608,normal,0.005836603418452491,0.0032575098892844156,0.00674307363543436,0.033635456978160505,56.174348137752425,-2.7474152738397173,0.019900491851698857,0.9372370106943461,260983912,351205.67878788814
2018-06-29,1424.7495229486042,1459.8480404447953,1424.7495229486042,1456.431396484375,1722592,0.023958886085631015,0,0.010907240654923399,normal,0.020552379081966166,0.01988090960993416,0.02784229460024834,0.034016200903430605,63.81224517372249,-1.0127256434319172,0.01986548609333556,1.3564222256632954,262706504,366238.2545454642
2018-07-02,1456.2093689715564,1462.2883490904278,1442.1433792081311,1458.4722900390625,1099574,0.001401297417519265,0,0.010037541180695978,normal,0.017521446607313695,0.029405214124173185,0.02642010669007666,0.034292054518719306,55.649866753307776,0.07684523638558005,0.01846900138433138,0.8576528568759904,263806078,360698.6303030495
2018-07-03,1459.848136286769,1474.1359899970385,1450.9736795312265,1458.5169677734375,1381265,3.063324183805172e-05,0,0.010032960672595155,normal,0.013411565415170523,0.034291626417618515,0.023872215327789492,0.034396804018960614,62.684208126687565,0.5773820994433763,0.01851359494407572,1.0836969808235772,265187343,308210.5030303124
2018-07-04,1457.1854958909794,1493.0383153853843,1455.1000206537528,1487.358642578125,1244751,0.01977465839750714,0,0.010710599897803855,normal,0.041446600959217594,0.053822845002242214,0.03975011277956697,0.03549317831251675,75.02514115022737,2.5189259902162746,0.01804345711902013,0.970515531822592,266432094,347985.68484849436
2018-07-05,1490.0212896988855,1501.8686678049053,1480.6143872013658,1498.00830078125,1449303,0.007160114513245608,0,0.01001683341198391,normal,0.05318995094284462,0.059337003010797584,0.042509028408489025,0.03671762556671809,75.08677022194794,4.095173088510432,0.01729488966617516,1.1313207086176087,267881397,471358.8484848642
2018-07-06,1498.8954034997223,1506.571828505287,1484.163830317976,1489.3997802734375,1458899,-0.005746644062868622,0,0.01006397094736898,normal,0.022636413818490686,0.04365402505831084,0.03292567312640737,0.03728961255738272,76.52532317492037,4.121484054184165,0.01696992513995815,1.1085742835133752,266422498,510719.1878787972
2018-07-09,1492.683505140135,1505.1077435895772,1485.583940311882,1501.46923828125,773248,0.008103571766068463,0,0.010129268629973672,normal,0.029480812584403493,0.04751880567535505,0.037216730466780756,0.03810730927345296,82.09478564802458,4.48517240037571,0.016827896558323,0.5905287947969181,267195746,617720.8181818202
2018-07-10,1502.66714001776,1507.6368133075223,1489.2223186048093,1497.12060546875,1093651,-0.002896251685767459,0,0.009044106891356166,normal,0.026467733011186434,0.04023427215902764,0.030853805815135305,0.03849148884349263,79.48699431066697,3.9832703928602022,0.016889659859533643,0.8552833572717046,266102095,672740.6121212126
2018-07-11,1495.345805726928,1527.2938466801445,1490.0655478461308,1524.7646484375,1158397,0.018464806955278412,0,0.009271926530379487,normal,0.02514928463691657,0.06763823796088997,0.04492360940100326,0.039743721498674445,82.49074985986809,4.997762802177689,0.017392041758398938,0.8949795142722523,267260492,620372.5151515177
2018-07-12,1526.4064569090424,1552.497379640966,1524.853427083699,1546.2408447265625,1471465,0.014084925375906554,0,0.009224546371738798,normal,0.03219778149437347,0.08710033085537239,0.05365638371127357,0.041493609654344565,83.32078105017203,6.50451200780552,0.017214026373960575,1.1314615855617915,268731957,507974.49696970196
2018-07-13,1545.9302187781004,1553.074199114517,1529.956198147787,1546.507080078125,976456,0.0001721823301139569,0,0.009244358499661503,normal,0.03834249243289345,0.061846842776927424,0.048461910664901575,0.042843758491126094,82.74251536771962,6.872416698330042,0.017393464647437785,0.7847889553960188,269708413,469761.4848484835
2018-07-16,1552.8521633860555,1578.7655283893205,1547.57179771649,1554.138916015625,2218046,0.004934885870108374,0,0.008810256613926067,normal,0.035078759119079095,0.0655937220267655,0.04828113575772419,0.044126234932775565,82.91797377073942,6.96162133226704,0.018115626784450334,1.6895412065260185,271926459,540966.1090909026
2018-07-17,1568.1163900576678,1579.653182966977,1489.3111766986956,1492.417236328125,6188478,-0.039714390426395796,0,0.01317087444259316,normal,-0.0031416100502820177,0.023242971664868106,0.0060122164629357044,0.04269922710916152,64.26320701440233,2.429619627800861,0.020712452750712637,3.9510217132031986,265737981,268272.8606060625
2018-07-18,1502.445592992514,1508.3914359408004,1443.8741759000711,1458.7388916015625,2372869,-0.02256630646361546,0,0.014352609118492322,normal,-0.043302261043104084,-0.019241997294582758,-0.015124302330326134,0.040010131704700136,57.187972956418314,-2.9771671355362983,0.02328515929083616,1.4755212404862723,263365112,-57540.60606060879
2018-07-19,1465.971537132692,1482.0342822381003,1458.6501102893,1462.0223388671875,1457149,0.002250880733028371,0,0.014353007608274805,normal,-0.05446661569353917,-0.024022538390004122,-0.011692555707617625,0.03764981445021576,51.25749193493033,-6.283218748368547,0.022543483441560444,0.8985091822318338,264822261,-170077.47878787585
2018-07-20,1469.5212222538833,1483.320936631679,1445.4714676437345,1469.476806640625,1734748,0.005098737259523256,0,0.01427044360443346,normal,-0.04980919546363061,-0.01337651173088994,-0.006023592085653284,0.035743479340171636,52.416250463019296,-7.818756067295279,0.023289706453181534,1.0491098582120117,266557009,-248171.2303030337
2018-07-23,1481.1025857435031,1511.2757421523695,1473.6481278835863,1499.4727783203125,1382893,0.020412688069750162,0,0.014874582461050423,normal,-0.03517455044202944,-0.001329670905028224,0.012889945133273129,0.03510002601604345,57.94733266566675,-6.707707278867794,0.023711581486345952,0.8287856221477763,267939902,-200915.0242424253
2018-07-24,1508.6576386307486,1517.2658182953337,1475.3340103980966,1480.170654296875,1084438,-0.012872607160671179,0,0.015249834452174172,normal,-0.008205870136813065,-0.011321700543001967,-0.000134439774933659,0.033668796829382286,48.5515716642905,-7.126873681369112,0.024213506602132423,0.6436436408215666,266855464,-294740.1212121218
2018-07-25,1482.9218818657398,1490.4207552909163,1453.8580328944036,1466.9034423828125,1526620,-0.008963298843649103,0,0.015293293477941014,normal,0.005596992599742112,-0.03794763087797237,-0.008237333364701671,0.03179143121651107,43.797590122139354,-8.081798345988016,0.025177923080046294,0.9260082627533737,265328844,-403740.67878787365
2018-07-26,1468.722598596661,1490.5981562479558,1459.8925574238117,1481.9898681640625,2088548,0.010284539081007127,0,0.015357255933769359,normal,0.013657472096046286,-0.0415530198814934,0.001775253067660465,0.03061754417728979,48.55964988544018,-7.494584209424588,0.02532154139787213,1.2327857395614783,267417392,-277308.85454545356
2018-07-27,1482.0341181740694,1486.293900289149,1456.6975035400474,1472.272216796875,1030665,-0.006557164509650826,0,0.014574357096521552,normal,0.0019023166229077404,-0.048001631701226954,-0.00433900418021671,0.029110774511960535,44.27226966421288,-7.537426667192438,0.02597735549434968,0.6210422240200741,266386727,-126063.93333332865
2018-07-30,1478.706042542087,1501.557763829684,1465.1724988669082,1498.629150390625,1237254,0.017902214884617518,0,0.015077906117970387,normal,-0.0005626163688230434,-0.0357173770330077,0.012185546109431122,0.028698279845177588,50.272416015716274,-5.653555464194135,0.026377016086354992,0.742445732853077,267623981,280800.1636363792
2018-07-31,1499.7829881506536,1541.892236408735,1492.4171467108658,1536.7451171875,1877744,0.025433888555377315,0,0.015992692348360465,normal,0.038221581225375445,0.029702069756603278,0.03419352249344687,0.029679915996051465,52.08461483563352,-1.8974934824072953,0.026292021709670387,1.110249502581209,269501725,429672.70909091015
2018-08-01,1537.89890759716,1546.8177797801793,1525.1640840884163,1539.0970458984375,1191134,0.0015304611575679417,0,0.015481956316915698,normal,0.04921496632276967,0.05508741472481682,0.03225913185300722,0.03050019847920371,48.668345664898766,0.5570698456174803,0.025969719887108896,0.7053972661676439,270692859,439703.79393939965
2018-08-02,1546.1520734813712,1561.6823712491566,1543.2678753244968,1551.6986083984375,1127209,0.008187633478721867,0,0.015502280908522853,normal,0.04703725830510064,0.061337140443923355,0.03669140261469006,0.03156471258476978,50.925189904424535,2.7200447745970813,0.025734295749602953,0.6739683104089574,271820068,519541.0969697008
2018-08-03,1556.5796396966286,1568.42701722657,1550.2787973708512,1564.566650390625,758933,0.008292874610146717,0,0.015456688172310227,normal,0.0626884298574546,0.06470999972254421,0.04079938304451014,0.03284331367861837,51.824295003433996,4.597677590534179,0.024878452721684374,0.4634713126999145,272579001,671602.709090902
2018-08-06,1561.9044576721574,1561.9044576721574,1522.0138161338066,1535.54736328125,1629015,-0.018547811371365852,0,0.01609117576603657,normal,0.024634655532359107,0.024058179303093175,0.019407974928469462,0.032728435197072026,58.52039413713773,3.514404359092783,0.023125620221347797,0.9694869729288877,270949986,754007.9818181884
2018-08-07,1535.9910237120137,1545.9303719791117,1529.9563497657798,1535.325439453125,863577,-0.00014452424811617348,0,0.01606563179618162,normal,-0.0009238212104901722,0.03726245010745077,0.01739439118934727,0.03249226177496678,67.43432917526948,2.4618499625457275,0.02087056607100796,0.5174894334604181,270086409,680527.3212121197
2018-08-08,1533.5059400511568,1564.56653490173,1527.6044053633964,1559.375,1423256,0.015664145157030296,0,0.015920466242075274,normal,0.013175227745126028,0.06303861245766673,0.03006119751697578,0.033059270763339255,70.24729477701935,3.0270645534721083,0.02117063896634477,0.8461563454309251,271509665,543741.1696969684
2018-08-09,1563.2352313497613,1566.3412905661817,1542.5577080910075,1556.7568359375,939345,-0.00167898296593183,0,0.015639018879676142,normal,0.00325980026771,0.05045039064002599,0.025564501438232412,0.03332106925054745,68.52506876317486,2.8678647451913264,0.02056085974363779,0.5674364527140668,270570320,420035.5090909218
2018-08-10,1553.0299653478262,1565.0992051266603,1545.486676944708,1555.426025390625,730724,-0.0008548608980885053,0,0.015641685846742026,normal,-0.005842272681523597,0.056479914274727205,0.022284173745573455,0.03336653477423246,63.52131314281466,2.3385809927527355,0.01955960301636355,0.4447140514709026,269839596,149543.86666667368
2018-08-13,1543.2678481189268,1558.7981456129355,1531.5091943020343,1534.26025390625,691024,-0.013607700487755059,0,0.01590633098684447,normal,-0.0008382088405594068,0.023775797705748447,0.0075697492578097325,0.032489247876521965,62.95427462821312,0.3339307546617931,0.019147727496407214,0.441046919667115,269148572,-118009.35151514514
2018-08-14,1534.3933354263338,1561.2829785639667,1534.3933354263338,1547.9268798828125,850399,0.008907632158082102,0,0.013062465283408122,normal,0.008207667316563194,0.007276263688917428,0.014945564102989639,0.03210973267247863,69.36778315590192,-0.26820240064087386,0.018538452438156435,0.6542148750666602,269998971,-232474.12727272764
2018-08-16,1545.042927309849,1554.760414163665,1535.8134705810742,1541.84814453125,638454,-0.0039270171159652145,0,0.011831255205265985,normal,-0.011239666833667283,0.0017874757411457942,0.009905720190231504,0.031430719911737404,64.9523855988925,-1.2191917484181083,0.01806680184000545,0.5262750735900551,269360517,-308381.9575757462
2018-08-17,1545.131508273101,1587.2851741579525,1536.8339136019192,1583.8685302734375,1420289,0.02725325829993608,0,0.013026225062848886,normal,0.01741549721193958,0.020732068522123503,0.03374399462717803,0.032272271726758284,74.00274843136194,0.7333673583729166,0.018527988568992203,1.1725197965893965,270780806,-215522.61212119847
2018-08-20,1588.5277605888612,1605.0786441181338,1573.618629894601,1576.990966796875,924623,-0.0043422565352536635,0,0.013158168058030117,normal,0.01386433109272045,0.007941059208406376,0.026395458936022465,0.03261862121579684,68.39597336976955,1.2812336334072043,0.01838570734387451,0.7897312213317444,269856183,-109904.5999999899
2018-08-21,1576.9909540500178,1576.9909540500178,1553.0299209834166,1555.24853515625,1169476,-0.013787289907428835,0,0.013082844998044902,normal,0.013679739924542522,0.01283006460504188,0.011065225037858895,0.031991002910779276,54.705547815418846,-0.03161575033051989,0.017470945690813266,1.0080504761358438,268686707,-143673.33333333154
2018-08-23,1566.297136945461,1582.7592968783244,1559.6857102683796,1573.263671875,1375102,0.01158344554681734,0,0.012767695018126893,normal,0.016368209843417025,0.024710221980942526,0.020563015006681784,0.03198368125155371,58.04768928644337,0.09540326359945794,0.017536809020612658,1.1706287951364704,270061809,-132574.61818181962
2018-08-24,1573.6628064129773,1587.6400736911412,1563.9009054567991,1580.49609375,866648,0.004597081852389273,0,0.012447653264479134,normal,0.025065989381528597,0.01354458917835677,0.022794598550772482,0.03211638854944976,56.95904555862279,0.4299002334256379,0.017508706292283363,0.759104889197715,270928457,20977.721212128883
2018-08-27,1589.415125003729,1595.6272444202705,1578.499500410928,1590.56884765625,627163,0.00637315963391627,0,0.012371058053198877,normal,0.004230349460668803,0.02171952031184632,0.026447480596254236,0.03247242527881222,56.369603883063164,1.0571890077127009,0.017352000078685457,0.5869006197538335,271555620,153160.896969709
2018-08-28,1587.640079891548,1589.3705553718726,1568.8705849499884,1571.843505859375,991764,-0.011772732644969919,0,0.012648603773133461,normal,-0.0032641029948036193,0.010554973493276165,0.012977694309033394,0.03197049319553957,59.363478221437326,-0.005126239144857436,0.01661102929060332,0.9297874812855665,270563856,170589.89090909268
2018-08-29,1575.2160415486094,1579.1208241064894,1554.1392071898604,1558.221435546875,777922,-0.008666301868933468,0,0.012433513686038634,normal,0.0019115275297953982,0.015617416653803895,0.003797507702776981,0.030915489189656142,55.524621685179866,-1.7450736850574913,0.017169150370691305,0.745357302199058,269785934,90739.60000000952
2018-08-30,1557.4667378447994,1579.4754279568972,1557.4667378447994,1573.3076171875,1586926,0.009681667378250491,0,0.01132181305770668,normal,2.793257944344596e-05,0.016396599629182163,0.012212987829004263,0.030430201229391773,53.513823040453175,-1.982465997321107,0.016325628275730912,1.5419786335148797,271372860,146416.57575758873
2018-08-31,1576.9908835741603,1588.4832611435345,1566.3415360204804,1579.741943359375,1335542,0.004089680938160756,0,0.011339751400554805,normal,-0.00047716055332702734,0.024576868326838586,0.014772217857673686,0.030124994653575765,55.68739647279568,-1.8132641265471463,0.016184896466100347,1.288673523840989,272708402,215724.49696969797
2018-09-03,1589.8588866879848,1589.8588866879848,1504.9746883477,1507.85888671875,1744229,-0.04550303734277206,0,0.015302468628178465,normal,-0.052000239448531604,-0.047989869172768596,-0.028497467476657934,0.02713371904746187,41.276016130202215,-6.391986352219597,0.0200484423422262,1.6343660174084915,270964173,243998.16363636064
2018-09-04,1505.9950230767013,1506.8380529747624,1441.078362672743,1465.3499755859375,3852609,-0.02819157117899551,0,0.01624208579797221,normal,-0.06775072065155385,-0.07079367831617867,-0.05083376721225563,0.0228810109040829,38.27920714866772,-11.817433261108597,0.022555054509291902,3.152954648209575,267111564,-1734.6424242471624
2018-09-05,1458.0733598140914,1462.1112812883107,1416.3634097768045,1430.2962646484375,2693195,-0.023921733047754246,0,0.016551828839013842,normal,-0.0820969138147819,-0.0803423167958548,-0.06700499639067825,0.01780614041702755,31.349375931921543,-16.986472124984182,0.024204701659882737,2.1121220321314964,264418369,-439065.9515151376
2018-09-06,1440.723466920017,1452.304674937893,1418.7148817880352,1427.544921875,2008264,-0.0019236173941303836,0,0.016538116952982178,normal,-0.09264729523973858,-0.09262195053822975,-0.06265792427980799,0.013211958890414488,31.683680774801118,-19.623652557026805,0.024984020923452567,1.5073122428927523,262410105,-842528.0363636372
2018-09-07,1430.4732601663975,1459.581404252147,1420.80008365215,1454.3011474609375,1571003,0.018742825655387874,0,0.01673900295137905,normal,-0.07940587791932863,-0.07984514912001028,-0.04097118847227765,0.01014736986007847,28.16977709403679,-18.60783746699432,0.02395119134602221,1.1726221539102077,263981108,-1009774.587878784
2018-09-10,1448.9324059622372,1455.765802166408,1423.462760255066,1429.0537109375,1423511,-0.01736052850368508,0,0.017021624387697495,normal,-0.052262964708015835,-0.10154551747744045,-0.05242044054993977,0.006500893816384412,26.527683304177785,-18.63198745980074,0.024416479978279528,1.043673111496896,262557597,-1128646.0363636338
2018-09-11,1431.4498676001613,1441.2117699830517,1398.6587933826704,1411.615478515625,2381214,-0.012202643111598022,0,0.017095623842950214,normal,-0.036670077432407355,-0.10193637391156729,-0.05824468029181462,0.002644152857781412,26.89502712960315,-18.76587020620848,0.02565886881269373,1.6462267032067113,260176383,-1334452.5393939384
2018-09-12,1419.8684165002742,1452.6595934652328,1408.81976310773,1443.74072265625,1789295,0.022757786826201443,0,0.018007784949307888,high_volatility,0.009399771460017803,-0.07346883458219577,-0.03342365079485754,0.000473323444082574,30.069544676218285,-15.755716462854014,0.025895798210777293,1.191765796485823,261965678,-1368613.8363636301
2018-09-14,1453.5470489211025,1463.3976725950397,1431.0059108911469,1445.9150390625,1920969,0.0015060296991897815,0,0.017827930234810645,high_volatility,0.012868328629106696,-0.08097118245237478,-0.02901171880211928,-0.0013386621218735018,28.963765765421968,-12.808226563401867,0.02628429733873697,1.235421422167291,263886647,-1097408.9575757626
2018-09-17,1437.6617655042494,1442.9864387098207,1415.4756271477024,1424.7493896484375,904395,-0.014638238653210123,0,0.01800928002447336,high_volatility,-0.02032024650746811,-0.09811257741333412,-0.03927024749975916,-0.003710984946953988,24.94962791227752,-11.514834991393428,0.027342137865172856,0.5767064098268407,262982252,-695756.606060602
2018-09-18,1439.436626593652,1482.8770412587369,1435.8868445305357,1477.5523681640625,2932792,0.03706123961116714,0,0.019004993380194245,high_volatility,0.03393760280342861,-0.020099041642177462,-0.0033165777851957845,-0.003771072185684732,37.085163720825406,-6.579252260821907,0.028126105265668177,1.78411894986112,265915044,-132522.9878787923
2018-09-19,1482.921518222391,1489.5773598661178,1452.8815079365204,1461.7115478515625,1589108,-0.010720987393619819,0,0.019076865241593296,high_volatility,0.03548846700704611,-0.0024829752584669684,-0.012685399893334504,-0.004407718083095702,36.86112402751654,-3.985237505464262,0.029003345138229553,0.9475579040620787,264325936,148392.97575756535
2018-09-21,1465.1727662669434,1470.4087172613677,1425.5039890952337,1438.815673828125,3032792,-0.015663742998466512,0,0.01913405675260698,high_volatility,-0.003411311152229368,0.005956394762578476,-0.02553791457529997,-0.005812363643226015,32.07147599458446,-3.436008616677082,0.030601526384058737,1.7132267834294133,261293144,118102.77575757755
2018-09-24,1439.4809859374143,1454.966866250169,1388.0534553096904,1411.4376220703125,1817390,-0.019028185650056373,0,0.019070670804063668,high_volatility,-0.023844704606255318,-0.011283217472085938,-0.040050184665149646,-0.008055230755196874,28.75062688585915,-4.475414134032128,0.033460871826245936,1.0139780946831665,259475754,-107320.53939394174
2018-09-25,1419.9127345269878,1455.4105528901623,1399.5459045734142,1447.2904052734375,1229970,0.02540160659068702,0,0.020171089359415705,high_volatility,0.015821038976238544,-0.0048206949432310076,-0.014195103986658797,-0.008617886220255166,41.58751408503956,-2.41061302289609,0.031199756591092517,0.679352775319053,260705724,-125353.15757574656
2018-09-26,1459.3156937133372,1463.3979221635884,1418.1381926121371,1429.453125,980726,-0.012324603416456359,0,0.02008843591453425,high_volatility,-0.03255332548641132,0.00027949548672867586,-0.023895688639587576,-0.009756397591482169,44.647373205321855,-1.9292757682660522,0.030513703451731523,0.5364491301954379,259724998,-252079.0303030281
2018-09-27,1428.7874313613488,1442.099115504467,1422.7527578841634,1437.7506103515625,1572603,0.005804657184237838,0,0.020167049714290276,high_volatility,-0.0163923843491679,0.018514342066735967,-0.016522257611033653,-0.010396441168321391,51.20791026341962,-0.7933985800231298,0.028865055405178724,0.8467498042439981,261297601,-417439.624242416
2018-09-28,1437.750624109622,1444.14029755792,1419.957404466512,1427.3675537109375,1735076,-0.007221736903374465,0,0.020153001018335226,high_volatility,-0.007956627332762145,-0.011340795953437177,-0.021422906935894104,-0.011313474028441628,49.971952763280164,-0.4971532340302609,0.028604285902206653,0.9107625874802295,259562525,-571744.9151515067
2018-10-01,1425.6813095290656,1466.4150828960478,1421.3328045658754,1457.451904296875,1721675,0.02107680709689852,0,0.0207187385258833,high_volatility,0.032601003053233324,0.007978937159305977,-0.0007217167296826865,-0.010919169928254369,50.49303983095559,1.8409659717941693,0.028322648508318067,0.9005434042646008,261284200,-474946.9333333357
2018-10-03,1457.185621906345,1457.2300375170253,1425.8144427598356,1436.6412353515625,1213562,-0.014278803220852954,0,0.020766387840474947,high_volatility,-0.007358004919450156,0.00834662277417042,-0.013581965354355074,-0.011333027563469766,51.20403720608044,2.0841269026851563,0.028699828136133167,0.6368001072980911,260070638,-473091.43030303606
2018-10-04,1419.9131706577068,1422.398062038669,1386.2789557615968,1396.795166015625,1544573,-0.027735574028812215,0,0.019245764741284487,high_volatility,-0.02284647073290702,-0.05465606762133424,-0.037186704251361946,-0.013182990547845663,47.80436320601167,-0.21808325441807952,0.02991788983883361,0.8147616115977324,258526065,-324673.6060606041
2018-10-05,1383.9715701223452,1397.593839960761,1356.5494763069244,1383.1285400390625,1638027,-0.009784273534928278,0,0.01843299826654263,high_volatility,-0.037991338636360394,-0.05376095436066164,-0.04235636871008974,-0.015278087590732348,40.50073023478091,-2.3237890656933153,0.030069141447964912,0.9176585862128271,256888038,-281979.8606060601
2018-10-08,1376.428107837715,1393.6445739216954,1364.0925924907478,1383.8382568359375,1998863,0.0005131242515283851,0,0.017751131653676092,normal,-0.030496207344653747,-0.03821018772051188,-0.038029466563597514,-0.01702621803608173,40.226327047965725,-3.273184186406997,0.029907141285219496,1.1420179188550654,258886901,-242287.01818180946
2018-10-09,1387.077332830777,1393.2894514039156,1324.512424344168,1342.2169189453125,1562134,-0.030076735980539837,0,0.018867569247928585,high_volatility,-0.07906606386929516,-0.049042693805671944,-0.06097388195440423,-0.020111387228125444,37.7920334200276,-6.142066074944715,0.03287475125819378,0.9040211543637646,257324767,-379794.2363636369
2018-10-10,1342.261355399561,1369.505889661155,1322.7819694749887,1355.7061767578125,2294071,0.01004998344313801,0,0.01843777674444674,high_volatility,-0.05633630484923691,-0.06327978696046277,-0.04685842241929272,-0.022213359457418425,29.60483192075388,-6.532625073345994,0.0319468154994049,1.3003925488112518,259618838,-284099.73939394456
2018-10-11,1322.2939244562249,1366.6662038003935,1310.9345776118137,1354.3306884765625,1823960,-0.0010145917344269728,0,0.018143665544095362,normal,-0.030401363472779552,-0.05255327034486523,-0.04346865646434428,-0.02402702137892021,31.111416497749687,-6.28308974422832,0.03298322458593123,1.0223075596229543,257794878,-340101.32727271836
2018-10-12,1380.4212462931134,1399.9450440548933,1366.7545661937213,1392.9342041015625,1728063,0.02850375905490532,0,0.019250444701746573,high_volatility,0.007089481402952735,-0.031171196122143474,-0.014683347064978758,-0.02400826733121675,42.35195872437213,-3.0797496820797576,0.032105522861207866,0.9866176588302316,259522941,-173609.33939393368
2018-10-15,1375.2745656836018,1413.6565924242216,1331.168557478136,1354.5084228515625,3913322,-0.027586214149134536,0,0.01934175913485647,high_volatility,-0.02119455351049182,-0.05104440735671234,-0.03802903309778605,-0.025420474553735528,40.84749621232936,-3.1017568168860663,0.03383762943364252,2.1065373966691294,255609619,-314731.9818181688
2018-10-16,1362.8501562181625,1382.240929123689,1354.6857000806067,1372.1683349609375,1374834,0.013037875447239111,0,0.01965278834541665,high_volatility,0.022314884869101714,-0.058515529112489806,-0.023115754038709913,-0.025866119712711133,37.172239676091756,-1.5578679840171041,0.03193771073355467,0.7511125456513036,256984453,-218171.33333333544
2018-10-17,1382.7287603487832,1400.2115010456414,1372.0351074707912,1386.1898193359375,1223188,0.01021848706004369,0,0.019626138898209626,high_volatility,0.022485434602818488,-0.035117616544870334,-0.011897549407971275,-0.025607322089402418,42.5148630696806,0.6579156394525789,0.030734374528946097,0.6624946390458792,258207641,-83677.32727271492
2018-10-19,1376.605675550377,1407.2669666827092,1369.3730800277228,1400.7442626953125,932433,0.01049960341387246,0,0.01770640672263591,normal,0.03427048845135383,0.002827255402774842,-0.0013780305931299086,-0.024712497847108494,43.733084935639035,3.2111875364231643,0.031360828488158826,0.5339421188059338,259140074,21286.909090909216
2018-10-22,1409.2637552844951,1411.0386466639468,1390.2723958582096,1406.5126953125,614209,0.004118119753057536,0,0.017655346406394646,normal,0.009748121031815327,0.016906711557536758,0.002473349747992737,-0.0236143929634699,46.41221656189531,5.274122187273779,0.031058699182879696,0.3618158400264896,259754283,43109.121212122736
2018-10-23,1398.2148330108337,1403.9388132851634,1373.3219428310938,1377.35986328125,989355,-0.020727030853264217,0,0.017899601827988047,normal,0.01687065214521133,-0.004681467304929132,-0.016590540840608625,-0.023728213749365956,36.176993074528454,4.680966189699873,0.03109939612664774,0.620129087238656,258764928,109481.68484848907
2018-10-24,1386.1900566975228,1411.925979645172,1377.6706004223847,1407.4443359375,690618,0.02184212961206855,0,0.018187258650485507,normal,0.025708216752842405,0.04859677751897351,0.004421517572592792,-0.022547049177461864,45.11723845651649,6.223835775460124,0.03058326963882999,0.4487262413087546,259455546,110860.51515151162
2018-10-25,1404.8114850097147,1420.6535459111903,1385.7564081940843,1402.6248779296875,2397242,-0.0034242618942383896,0,0.017184143823741574,normal,0.01185628285859397,0.03460831113426188,0.0008884973536433804,-0.021627379960932558,51.10430971451246,6.7829723482861795,0.029900793360093558,1.500689828209332,257058304,108591.13333334227
2018-10-26,1398.6530901434026,1409.7202414003589,1383.3465142921748,1390.75439453125,1049382,-0.00846304923377561,0,0.017076595195242846,normal,-0.007131828721425593,0.026894248476093452,-0.006864926427885831,-0.021218995982175137,51.45444631579535,6.230773529619174,0.02940252728094432,0.6555116173530532,256008922,-41477.824242414325
2018-10-29,1391.8254928195283,1391.8254928195283,1358.4010172814112,1385.9796142578125,1478828,-0.003433230405176513,0,0.01700100426124424,normal,-0.01459857498842232,-0.0049927626324860475,-0.009305161172064924,-0.020975998767414294,50.40217562754255,5.449588395599633,0.029703395580088998,0.9264848387930927,254530094,-135357.97575757976
2018-10-30,1386.8720362069837,1431.2297628291433,1376.6527259922873,1421.8138427734375,1366068,0.025854802009345645,0,0.018013657220506,normal,0.03227477486260266,0.04968992350758583,0.014732930313831716,-0.019262686901649784,65.28155876783471,7.144981447468638,0.028241401598673693,0.8658492615627351,255896162,-355094.103030304
2018-10-31,1421.7691489010963,1449.4369728910108,1394.0566558090054,1447.3841552734375,1478902,0.01798429001796875,0,0.017835239484873464,normal,0.028377548096304217,0.054815301006520656,0.029747579557170223,-0.016686576648868967,66.82068294535864,9.632466421939217,0.028169667083721817,0.9446341893240066,257375064,-405980.4969696958
2018-11-01,1449.883015389143,1449.883015389143,1413.334761350906,1434.84423828125,1037308,-0.008663848465177204,0,0.017645055921245267,normal,0.022970760649218658,0.03509939134354689,0.018805274830269614,-0.014882733772661916,64.19090781171536,10.031961042220283,0.0274608824269479,0.6663210791067911,256337756,-436636.1393939254
2018-11-02,1437.5663346143422,1471.0354717486769,1435.3797279011712,1462.33349609375,1332970,0.019158356760332618,0,0.016851371745429087,normal,0.05146782339424183,0.043968934971703844,0.034547917276804396,-0.012173134586352163,62.73074117084868,11.633505143573924,0.02648438873971007,0.8621003831453059,257670726,-309756.85454544984
2018-11-05,1459.2547410588086,1469.9648675986898,1436.941977434056,1463.761962890625,764645,0.000976840645920296,0,0.01661092083663602,normal,0.056120846102389876,0.0407029867337283,0.03206339789916646,-0.009719185159383859,73.18933742085225,12.214861072580376,0.02404474569136588,0.5089084519521291,258435371,-82412.11515151052
2018-11-06,1472.6424522703155,1476.2124945788498,1445.9563642242142,1456.5325927734375,656676,-0.004938897375711959,0,0.016697844327350025,normal,0.024418632703896437,0.05748151343946972,0.0243354402492435,-0.00783679534275561,68.73612639820422,11.545944116278623,0.024287848544518424,0.4574831003035787,257778695,59143.745454544776
2018-11-07,1463.717054994353,1469.919958690482,1458.7190185475918,1467.1531982421875,114827,0.007291704642548913,0,0.01482317506111059,normal,0.01365846302567486,0.0424236048134119,0.02868868472116115,-0.005756309386584557,68.25661860641794,11.241274268410226,0.023392024729346653,0.08424299695743731,257893522,264958.43636364286
2018-11-09,1472.6422734767689,1499.4175875399826,1462.199944571728,1492.81298828125,1125863,0.01748950966388918,0,0.015059540996623698,normal,0.040400726750269955,0.06429952282372353,0.04204730623528863,-0.0029258375331291386,69.77060937536862,12.115023235403307,0.022957584803705914,0.8629718672580098,259019385,391301.327272732
2018-11-12,1492.277617531135,1501.1580537926882,1471.9283337124582,1476.480224609375,805817,-0.010940930846722985,0,0.015425117636952335,normal,0.009674078145248233,0.061639805284971816,0.027646946679589224,-0.0010980505963086307,64.37255389701443,10.974099656993424,0.02362098300596882,0.6427369583900808,258213568,379961.0848484859
2018-11-13,1467.3764601745618,1498.168071772257,1460.6380714117329,1491.4742431640625,673435,0.01015524509219512,0,0.014432261583909279,normal,0.018932231452927883,0.0761155704030625,0.034331486843627745,0.0010746094667997141,74.88885776829487,10.604417320759152,0.02359132967431102,0.5607303803900778,258887003,280042.14545454684
2018-11-14,1492.2777177526596,1552.522183032746,1488.7523444751475,1531.1019287109375,1780843,0.02656947361210049,0,0.013326437885996032,normal,0.05119647600573751,0.07686525665295174,0.05559885671833342,0.004488029647634617,75.89241668826492,12.285406879207152,0.024343147917851516,1.6272736838195307,260667846,315520.278787879
2018-11-15,1533.109931949586,1542.6151906919551,1514.2779819366651,1522.6676025390625,997169,-0.005508664063258006,0,0.013472281427773307,normal,0.037838178292074254,0.05201345267691049,0.04483003798050311,0.0070983908536002005,74.76067459298315,12.068391369140787,0.024170261659296397,0.9271773981116868,259670677,337362.2484848506
2018-11-16,1521.6411378626967,1533.3330033510615,1502.3629333007088,1507.5394287109375,1071547,-0.009935309454866315,0,0.013834125491803441,normal,0.0098648930209555,0.0506641686185858,0.031066514057331185,0.008749317007659574,73.76929028257217,10.218427339748862,0.024630589340809434,1.003408677451596,258599130,203776.72121211997
2018-11-19,1511.2878994849848,1523.515248349658,1496.7399364278715,1518.5172119140625,910054,0.007281921118648116,0,0.013776765367891599,normal,0.028471080481832445,0.03842059008454157,0.03477313328625575,0.010566410093964418,76.31106018925097,9.084672311830982,0.024139762155967408,0.8530786672777223,259509184,181284.57575758023
2018-11-20,1518.1602929485732,1526.1036578349356,1503.9247946866042,1511.9127197265625,740827,-0.004349303475576161,0,0.013906782537448013,normal,0.013703539740077098,0.03289520977908844,0.027310747283987302,0.011846782994512584,70.23448303087658,7.316490976900305,0.022714597617839477,0.6903494748204951,258768357,147075.6787878828
2018-11-21,1508.3874339135268,1522.6229329958603,1498.2573524462648,1508.298095703125,932133,-0.002390762360998777,0,0.012768746978995304,normal,-0.014893739326036548,0.03554022971165982,0.022434473004906863,0.012772587918010725,65.17678732296784,5.417485149415057,0.02130026606124028,0.8709425776614361,257836224,14208.5696969765
2018-11-22,1510.9311653148682,1520.5702140987116,1484.2450774896176,1495.04443359375,808599,-0.008787163589964342,0,0.012427680396393092,normal,-0.018141299453177218,0.019010445115738017,0.012153636644063992,0.013021359398300403,64.94580041070947,2.9085416513292515,0.02147843439122809,0.7513766001096029,257027625,-155806.1272727253
2018-11-26,1497.721748197528,1561.8932706500411,1497.721748197528,1556.5382080078125,2314140,0.041131736978709865,0,0.014937429548682721,normal,0.032502486080097315,0.04268801264914801,0.04841486612858281,0.015522042152524396,70.00953643785266,4.912401622293558,0.022036749519044236,2.158709363926819,259341765,-114041.751515144
2018-11-27,1551.9863175753255,1554.3068227675458,1525.5233630866653,1546.98828125,1592918,-0.006135362889700735,0,0.014833056895728416,normal,0.018749256914941448,0.0477541489993738,0.037832862644383125,0.017262431106755516,67.08811964766578,5.094714334504317,0.022080070817332802,1.4491896197564644,257748847,-216792.58181817224
2018-11-28,1544.935500827262,1560.1081776118165,1532.217227640209,1546.0064697265625,1205956,-0.0006346599617704785,0,0.01475795008572744,normal,0.02255007815938348,0.03656263379165936,0.03351513551267571,0.018663698946641993,68.8545919627276,4.660944593586688,0.021984817019339405,1.1109325508987573,256542891,-334794.18181817397
2018-11-29,1558.2338290610387,1588.6684099563545,1550.7367203927895,1578.404541015625,1936534,0.020955973938965977,0,0.014440990952931387,normal,0.046480497132642906,0.030894489398568314,0.04965790416393001,0.02101871737616734,71.4728729657964,5.983368137197971,0.02285834171940292,1.7382701253071935,258479425,-200030.30909090454
2018-11-30,1580.591387933513,1605.0016366737464,1554.976380786439,1565.46337890625,2373749,-0.008198888037313945,0,0.014420767913412227,normal,0.04710157352529554,0.02810579032208027,0.036997524687768735,0.022487120607229683,64.74642137531382,5.430134720009185,0.02363168654258632,2.0484535517545943,256105676,-234695.2727272729
2018-12-03,1579.297368995571,1640.702136501095,1560.153061874449,1629.3671875,4310053,0.04082101788826131,0,0.016257114044321383,normal,0.04678907277541233,0.08081232004209316,0.07123550040031956,0.02604359307043813,76.00973727143744,8.621967398189025,0.024954600999719353,3.259172690737239,260415729,-62490.76969697684
2018-12-04,1637.7569447853764,1650.2074240285128,1607.411584500525,1613.3468017578125,3155914,-0.009832274680066533,0,0.016361221915307318,normal,0.042895296177805076,0.062448808021226876,0.05460590906458607,0.028413142824907922,70.66129042939261,8.873587234941382,0.025435535230547496,2.23256055463805,257259815,-23776.14545453661
2018-12-05,1609.1965263363352,1655.42861654059,1595.8088680473472,1649.44873046875,2847336,0.022377041731884928,0,0.016775285711474058,normal,0.0669093323784622,0.0909682212125722,0.0702336804248247,0.03166943879984485,70.30631527311922,10.57524793736846,0.024699103196149312,1.8760620786647335,260107151,148124.32727271455
2018-12-06,1642.2194449503886,1648.467018925743,1604.421644189301,1607.8577880859375,2399579,-0.025215056166670302,0,0.018043613556613207,normal,0.018660138326363818,0.0660079679649801,0.038968347716869856,0.03282885705791316,63.123928087859184,8.114281638866146,0.026079444855251353,1.4951908872813668,257707572,110768.66666668159
2018-12-07,1607.6790476470144,1635.748456506154,1599.4678864926552,1628.206787109375,1774240,0.01265596943599201,0,0.018117511499827616,normal,0.04007976746601516,0.08906916110548813,0.04692103211034593,0.03444001235666794,68.29505372618652,7.107637567933395,0.025986478056960933,1.0511926134025043,259481812,117842.55151515816
2018-12-10,1603.6626519579618,1619.9062968648227,1597.593537954839,1602.7701416015625,1216028,-0.01562249077279132,0,0.018461887889194006,normal,-0.01632354333785646,0.029701765980368444,0.027574247555420373,0.03477067701234504,62.23751921974911,4.127171825821492,0.02656993489823005,0.7185467749736748,258265784,183115.91515152427
2018-12-11,1589.561244998834,1624.2799262105702,1579.8328584866863,1601.9671630859375,2237806,-0.0005009941817499808,0,0.018170843714784092,normal,-0.007053436161076121,0.035539300783528516,0.024419418398493598,0.03488988089241274,63.30439424488456,1.6284502579541282,0.027576148486834835,1.2686384990898232,256027978,33174.79393939917
2018-12-12,1602.9488354069888,1646.7265183945717,1602.904166303004,1641.416015625,1449484,0.024625256651996885,0,0.018699081003237788,normal,-0.004869939086537878,0.061713548918920225,0.04470643752273862,0.03627725004130333,67.78353474379364,2.127729973850826,0.027800863475789847,0.8040425230306364,257477462,-97241.61212121193
2018-12-13,1649.3594025419677,1666.7186881720077,1639.5864561552212,1656.097900390625,1586900,0.008944645736281842,0,0.018030708746836037,normal,0.03000272328942377,0.049222716582536075,0.04865280482585943,0.03785552214911703,71.43371898377512,2.8945061955921148,0.02715790322809378,0.8850291428290024,259064362,-23325.703030300694
2018-12-14,1639.5415182737063,1665.2904201650117,1635.7483492738895,1660.5601806640625,1573884,0.0026944543993352443,0,0.017893791359746326,normal,0.019870567922226856,0.06074674312998263,0.046348419395200846,0.03922369678645432,66.32128500518283,3.129959919397116,0.02548018313093577,0.8638771495913804,260638246,-28901.654545451118
2018-12-17,1664.5321089716506,1668.548406285523,1646.7265677930968,1651.7691650390625,1179613,-0.005294006039265886,0,0.017726115066234283,normal,0.030571460102530867,0.013748882210789182,0.03677952247567462,0.039933567862016295,66.47960603995277,2.1671199277474074,0.025218253899259465,0.6455541871944771,259458633,133576.4909091008
2018-12-18,1650.162654102553,1650.162654102553,1635.9717156305176,1642.888671875,1521255,-0.005376352429882325,0,0.017855575688527893,normal,0.025544536574790833,0.01831092365572018,0.02814982486879347,0.040071811804649915,64.86792397690398,0.49303676125226303,0.024828774716413836,0.8188266700483582,257937378,14283.987878790585
2018-12-19,1651.099515073495,1658.284267130174,1644.004101213014,1646.503173828125,1687085,0.0022000894004581273,0,0.017752346358819338,normal,0.003099249766481682,-0.0017857824776329467,0.02743601532585549,0.04015946263864523,61.46341744080721,-0.7428039750052378,0.023591401016377214,0.8855344088368837,259624463,168623.81818183174
2018-12-20,1641.3267048782072,1655.5176427134525,1625.261516902238,1637.0872802734375,1500656,-0.005718721776160063,0,0.017834959315363302,normal,-0.011479164433880085,0.018179152661440323,0.019467050620476822,0.03974341030861117,62.20166140053245,-2.469054432047777,0.022864532868732683,0.7760997704550526,258123807,86988.51515151118
2018-12-21,1635.971512031185,1644.5395898133938,1606.5186697523911,1609.6424560546875,1439522,-0.01676442334471373,0,0.018226871703135847,normal,-0.030662980602734202,-0.011401703519271944,0.002149475194211048,0.03825992296818104,46.163125063815336,-5.557128061433396,0.02136717410335895,0.7325317385707203,256684285,40071.224242419776
2018-12-24,1619.0140084171844,1619.0140084171844,1586.4820450470695,1592.81884765625,1023418,-0.010451767307177673,0,0.016212910053782115,normal,-0.03568919836411788,-0.006208809165466955,-0.007537900143381071,0.036233234800640446,46.01932049245715,-8.646397150393987,0.021132583056090566,0.5384720007639707,255660867,-109827.98181817775
2018-12-26,1570.8184195900642,1605.3139708782546,1554.083848358636,1599.021728515625,2212019,0.0038942789184734927,0,0.016126471397720544,normal,-0.026701105260717672,-0.0018386360458466644,-0.003324331556163518,0.03455515679764831,38.93881752146913,-10.085267301389258,0.02067584011130159,1.1452031917035814,257872886,-256683.9212121154
2018-12-27,1608.9285677264968,1627.0465737011357,1600.4051581760878,1619.8172607421875,1516851,0.013005159251880283,0,0.01630648191273353,normal,-0.01620762930197861,-0.013158611026826361,0.008711731913310095,0.033699787416178406,52.88666427810411,-9.460016137293913,0.019660657144911588,0.7790323467822315,259389737,-246532.78787877943
2018-12-28,1622.4946684702734,1637.667345181626,1620.5310802323318,1626.1986083984375,963189,0.003939547880435601,0,0.01572415827701061,normal,-0.006651247008150563,-0.01805406068393367,0.011463597917084734,0.033052177520326076,49.480238576527924,-8.472108715547808,0.018773972864015463,0.5073610730935665,260352926,-101229.83030303058
2018-12-31,1633.2939791057274,1639.452322456094,1616.559409647677,1624.0565185546875,757071,-0.0013172375334029596,0,0.01557280448053849,normal,0.008954822510913063,-0.02198273964077413,0.009157542240849192,0.032287249550912334,56.264819748743285,-7.8333193362648394,0.018459182674319667,0.41652344857984464,259595855,92084.98787878065
