Date,Open,High,Low,Close,Volume,ret_1d,is_outlier,vol_20d,market_regime,ret_5d,ret_10d,price_vs_ema20,ema20_vs_ema50,rsi,macd_hist,atr_norm,volume_ratio,obv,obv_slope
2010-02-02,130.04886710470186,130.84132015882358,129.31330220118588,130.03260803222656,12330,0.002537809204322894,0,0.012481408697265004,normal,-0.02009019227434572,-0.049547075253464246,-0.020237606409498343,-0.011155525545117673,37.08518166609347,-0.6529888200291114,0.02509388341377071,0.08100038430839271,-1213750,728.0606060606017
2010-02-03,129.23201976605574,131.21520494679183,127.20006976973411,129.9757080078125,21660,-0.00043758273617000576,0,0.012460131603987654,normal,0.016269024796863096,-0.05381344344144423,-0.01873498589452771,-0.011877631024989954,37.87158366259646,-0.5284222389039452,0.026176864339001255,0.1423464157093662,-1235410,2923.090909090944
2010-02-04,130.0448211999553,131.17865295736374,129.31332404152175,129.71157836914062,6310,-0.0020321461811617647,0,0.012351692737440105,normal,0.0002194398271873066,-0.039886793812422106,-0.018791962690753117,-0.012575298581379069,32.10284714576386,-0.4293230291093797,0.025840779950993178,0.04167643630143093,-1241720,4342.969696969628
2010-02-05,129.32141983282136,131.18268048290182,125.5745037240042,129.8415985107422,23760,0.0010023788410895573,0,0.012353632912832155,normal,0.019789195444078977,-0.030378543597475716,-0.01613975413575386,-0.013082747667774397,28.507555586872897,-0.3252489864132,0.027826969250036006,0.21310754935287418,-1217960,5824.242424242463
2010-02-08,131.50782471843527,132.72699488751465,129.6384279787722,130.6422119140625,37340,0.00616607784025458,0,0.012447658207932241,normal,0.0072377913813073125,-0.020922992054418166,-0.009122595124040567,-0.013138503349516606,32.99733788654267,-0.17997554455924947,0.027612002944022586,0.3519221888165273,-1180620,7797.757575757539
2010-02-09,132.88953583484718,132.88953583484718,130.04480570994218,130.77224731445312,10100,0.000995355164961298,0,0.01245634833380407,normal,0.00568810618674398,-0.01451636123457034,-0.0073671412516148616,-0.013083956621809723,31.38336175857495,-0.05887911223632725,0.028097302726332346,0.19860582642637328,-1170520,8450.84848484851
2010-02-10,130.62997917941664,132.75945842909877,130.12605963838624,132.1864471435547,22230,0.010814219822199655,0,0.012560661442972302,normal,0.017008863961020415,0.03355460638743191,0.0030457263150689418,-0.012389420514985927,41.35924807784197,0.12280213501921855,0.02701712643539112,0.881495727343022,-1148290,7058.121212121196
2010-02-11,131.26397017352696,134.49883110523254,131.26397017352696,132.5075225830078,52810,0.0024289588410257856,0,0.012570500324536975,normal,0.021555085899196413,0.021779255770708605,0.004957391677756107,-0.01160342041201734,45.61623640883003,0.26289220364097177,0.027492747862987194,1.9332283925760516,-1095480,13437.454545454528
2010-02-15,131.7882256854422,135.49043288846332,131.78415781650855,134.1005859375,24750,0.012022437092159999,0,0.012572502278975753,normal,0.032801409375790014,0.05323971832084773,0.0153916483571932,-0.010202775094467542,51.94790832407287,0.45014608699743697,0.02732199912440975,0.9265845531803377,-1070730,17651.999999999993
2010-02-16,132.88952903513527,133.51942856974637,132.15803200126186,132.48313903808594,16400,-0.012061445429984219,0,0.012630450878548055,normal,0.014091365241384768,0.021431146984586924,0.0028442239503814193,-0.009630975867978786,49.40134158515351,0.451231939672347,0.027191066736944325,0.6215888417222559,-1087130,19652.42424242427
2010-02-17,132.24336652545202,133.70230508355996,132.23929865694925,132.596923828125,18400,0.0008588624247976018,0,0.012601342524665615,normal,0.013953086768359046,0.019720559594274212,0.0033514388839901432,-0.009049812763682885,67.67496058005962,0.4450290682813204,0.023367320027594812,0.7155495926422836,-1068730,21794.242424242402
2010-02-18,134.1087003499435,145.08123037857524,131.75976663989573,132.97486877441406,12690,0.0028503296711390735,0,0.0125759725501946,normal,0.005964466463064477,0.02307477922275525,0.005616444422585687,-0.008351042049306034,63.84140590413007,0.4504267033987436,0.028646953163143835,0.5087089855885831,-1056040,21426.424242424215
2010-02-19,133.70230455292668,134.10869453637022,132.0767446191525,132.65382385253906,25950,-0.002414327796176563,0,0.012078618493505862,normal,0.001104097840479934,0.02268298266346913,0.0028840088300314815,-0.007848008356880154,77.06271738953649,0.4171778443170152,0.02760247101073913,1.0100223800720054,-1081990,17048.30303030302
2010-02-22,133.69824744559722,133.69824744559722,131.75570366446638,132.48721313476562,5810,-0.0012559812671412152,0,0.011933492337441702,normal,-0.012031064528579494,0.020375708974382123,0.0014694726998190077,-0.007451776845621261,68.22784177765344,0.3703538689381888,0.026539492956447332,0.23359131571012162,-1087800,12001.15151515152
2010-02-23,131.68256481790758,133.1171211701375,131.67037361272872,132.40187072753906,18380,-0.0006441558034717687,0,0.011911614701747503,normal,-0.0006134237997147407,0.013469297462860519,0.0007458003133959945,-0.0071155622747087754,66.02539755932428,0.3218181061596569,0.02651275553685611,0.7391470452214827,-1106180,6863.090909090898
2010-02-24,131.67442164162355,133.93800440902692,130.20734736194308,133.29591369628906,125160,0.006752494989967328,0,0.01194590448875609,normal,0.005271539097468914,0.01929818010825768,0.006783880552468036,-0.006419072808726556,70.1729403191803,0.3365223511992237,0.02618248727974415,4.1087256253693125,-981020,8322.969696969678
2010-02-25,134.10868536997384,135.73424519264017,130.47555817415156,133.77951049804688,31950,0.0036279941998798027,0,0.00830826188727018,normal,0.006051081163297445,0.01205163909702578,0.009433159424609094,-0.005585555120369845,74.0739603613496,0.36313266914378545,0.027899648253437662,1.0451764859825314,-949070,10710.606060606055
2010-02-26,134.92958185335465,136.29912635302418,134.02739570090864,136.0146484375,64360,0.01670762533912673,0,0.008529690197834111,normal,0.025335301217527695,0.026467371709369747,0.02373433661823343,-0.003898299743197664,79.2452393723533,0.5067621367691952,0.025819202811005422,2.2431339746270735,-884710,17714.666666666657
2010-03-02,138.17262821429716,138.17262821429716,135.51077813157346,137.42893981933594,123080,0.010398081369050516,0,0.007180312311735068,normal,0.03729965003900859,0.024819831013916493,0.03100348717609913,-0.0018247556609655158,80.38574577014569,0.6626681232705309,0.025331709788090413,3.7083458873154567,-761630,30527.393939393947
2010-03-03,136.38450034963245,143.04929454698157,136.38450034963245,141.6431884765625,54550,0.03066492881897087,0,0.008798318735014394,normal,0.06979748623069337,0.0691412469917645,0.05631953417230995,0.001744326015782116,85.63815099685456,0.9952723219405323,0.02650442834439478,1.5409169232507556,-707080,41475.57575757577
2010-03-04,142.2121168416747,142.3218376763618,139.96478064961602,141.91139221191406,55360,0.0018935166472615617,0,0.008806860517449982,normal,0.06463422828741106,0.07024648924633192,0.052473982382959194,0.004937180845954403,84.47135563151745,1.1670960799097765,0.026315244913148968,1.4742027827707875,-651720,52063.39393939396
2010-03-05,142.64288991302905,144.18716695127205,141.91139287429047,143.65074157714844,143710,0.012256587283965503,0,0.008895572901833985,normal,0.07378731647583425,0.08028489067994893,0.05878167414418267,0.008400771479852631,85.89004391638196,1.3203635163537861,0.025519721271034274,3.291948230443248,-508010,66281.27272727269
2010-03-08,137.98566748390488,138.0872649864166,130.86165110386378,133.30404663085938,191150,-0.072026742310497,0,0.01939807490446096,normal,-0.0199287491294452,0.004901651225999393,-0.015840630802149036,0.007086455715134665,48.3595275117437,0.6796531893865955,0.03236735510393566,3.6136264816530237,-699160,61699.99999999998
2010-03-09,134.92148360226284,135.32787361311304,128.01285341780962,130.853515625,88590,-0.0183830203793085,0,0.01990467906213879,normal,-0.04784599374032861,-0.012330982523602763,-0.030800326645418874,0.0048993106795280905,46.7551375949997,0.0772457449830739,0.03590615797813692,1.5780614017118377,-787750,47258.84848484846
2010-03-10,131.67037344912393,132.4831535321432,129.3133161691839,129.74002075195312,57860,-0.008509476170574848,0,0.01995844426772527,normal,-0.08403628760855641,-0.02010432300510001,-0.035460751303505456,0.002512299903363102,44.52921375892659,-0.3844245372550745,0.037154021338529505,1.0121666418843862,-845610,24799.393939393925
2010-03-11,130.6950065272258,131.25582662593166,127.20411844842364,128.16319274902344,49360,-0.012153751739753416,0,0.02013448531871978,normal,-0.09687875827728232,-0.038506213768566,-0.042882553114222954,-0.0002366126704582694,41.190445592959904,-0.7623746303479175,0.032444869802796615,0.8348061392752949,-894970,4833.151515151535
2010-03-12,130.04477266677958,130.04477266677958,126.5579526565474,128.13473510742188,45280,-0.0002220422337424477,0,0.01994956230011733,normal,-0.10801201789406434,-0.042194618365772874,-0.039151469978711106,-0.0026455468004167315,41.6365305056267,-0.9674867772216857,0.03326309131585423,0.7511612475116125,-940250,-16515.9393939394
2010-03-15,129.13041291957592,129.5571174271025,128.02909957385518,129.17510986328125,38060,0.008119381173162576,0,0.020046793009970684,normal,-0.030973829166730527,-0.050285308625133696,-0.028449203780429477,-0.004299172074987312,44.062329374922726,-0.9830996454755838,0.032765974840213936,0.6392072889112819,-902190,-31605.272727272713
2010-03-16,128.50866065301824,130.45120457395694,128.5005373168446,130.10171508789062,34540,0.007173248976448221,0,0.019908884873544173,normal,-0.005745359866859756,-0.05331646115496258,-0.019474149669193697,-0.0053341397682341585,45.997203355760654,-0.8841394074940755,0.032809272815066716,0.5753598081023454,-867650,-36393.39393939395
2010-03-17,130.0448036233144,130.85758364596012,129.3295532347337,129.6627960205078,17930,-0.0033736608859176176,0,0.019756341206938675,normal,-0.0005952267542252976,-0.08458149371607138,-0.020657206941057882,-0.006401486327494377,43.57578256195957,-0.8036840630216832,0.03170695308303107,0.2982939184973839,-885580,-37237.75757575756
2010-03-18,129.24829146947744,130.61375604746806,128.82564235636806,128.9231719970703,21730,-0.005704211586803343,0,0.01978036033201245,normal,0.0059297777446534194,-0.09152345003739126,-0.02380369104403235,-0.0076209710251416984,41.489890225426386,-0.7564033586504413,0.02996601801971788,0.3605143094151804,-907310,-33413.09090909091
2010-03-19,130.00413603392093,130.00413603392093,126.79365806961678,128.569580078125,25160,-0.0027426560599467242,0,0.019759428094810138,normal,0.0033936541121233343,-0.10498491921062592,-0.024019633541051966,-0.008806043261316843,36.03240326712141,-0.7060347453194791,0.030432248330975513,0.41314646501966384,-932470,-18282.06060606065
2010-03-22,127.61457353715632,128.90690306348196,126.87495321949288,128.43954467773438,22870,-0.0010114009885667796,0,0.019758470952226433,normal,-0.0056943259914807864,-0.03649178007773157,-0.022679159221208556,-0.00986230154632084,32.28129103509342,-0.6404950456702019,0.03011275479258135,0.3764949913160862,-955340,-11996.848484848502
2010-03-23,128.03313689437434,129.23199209633393,126.90337343439349,127.85432434082033,21960,-0.0045563875080872895,0,0.01977079282900378,normal,-0.01727410546088548,-0.022920219375494266,-0.024611788889118746,-0.010996403475317829,18.283861557176436,-0.596471123870238,0.027828090359378617,0.3567715102677411,-977300,-9710.242424242468
2010-03-25,127.61459689597616,130.3699208926836,127.61054142893144,129.68312072753906,48310,0.014303750742475696,0,0.020088287035686547,normal,0.0001567504916988316,-0.00043856956461296726,-0.00965463524353094,-0.011165239204748212,23.757410478278715,-0.41282429545916,0.0276572539849515,0.7662355171019136,-928990,-6348.303030303025
2010-03-26,129.31331132445467,130.036685075159,128.41924830581362,128.63870239257812,10030,-0.008053618150932973,0,0.020066595199237952,normal,-0.002206504851576696,0.00371018880971441,-0.015978232511481116,-0.011717202888845035,16.792801696291647,-0.3337125454457237,0.027516251337837746,0.17506807233121552,-939020,-5813.454545454581
2010-03-29,128.5005024255307,129.51647726317077,127.20004967253676,127.48452758789062,214220,-0.008972220515449547,0,0.02009227441179882,normal,-0.00843941848122276,-0.005074404836332258,-0.022497665074144746,-0.012649147324177323,28.30330364497759,-0.33051232914523543,0.021897618251141365,3.2259376105894844,-1153240,-19448.060606060615
2010-03-30,127.60646294404177,130.04480300029735,127.60646294404177,127.92344665527344,22000,0.0034429202954076032,0,0.01964900183679856,normal,-0.004018217471541741,-0.009689662422834977,-0.017341686466402773,-0.013227737194045242,37.14821135762805,-0.27263891854016653,0.019167579945719715,0.34221271631343575,-1131240,-26763.636363636324
2010-03-31,129.06948702046495,130.4512107599441,128.22825661010268,129.9676055908203,291500,0.01597954862063289,0,0.019885619955673322,normal,0.016528821069568433,-0.0010308049896169402,-0.001483362685414713,-0.012807078260644755,50.92288139473584,-0.08046717125823699,0.018513232617981424,4.0091598643899955,-839740,-13100.181818181873
2010-04-01,130.45118980407713,131.49154721035157,128.9069127672119,130.0447998046875,169390,0.0005939496501168318,0,0.018313249937494457,normal,0.0027889448921292193,0.0029461325523110204,-0.0008055724702699107,-0.01236071159743446,58.68662007052822,0.06046251873113828,0.017696436439864904,2.159195926093524,-670350,8269.090909090894
2010-04-05,130.77628326477085,131.5077926289455,129.64651967984818,130.15045166015625,20550,0.0008124266070417274,0,0.01829622394869397,normal,0.01175190078460675,0.009519465306933483,5.609220354640954e-06,-0.011881391240911698,59.23989222853596,0.1635652066029103,0.016789945803782468,0.26789206100899493,-649800,26701.75757575754
2010-04-06,129.3133283377395,131.91422236774082,128.82565528122132,131.60536193847656,117620,0.011178680210187197,0,0.01824686806657553,normal,0.03232419202985204,0.023611976165021975,0.010108408502371935,-0.0107966759445971,60.73222436803671,0.3232875713518406,0.017451316559290973,1.559833168668068,-532180,46751.39393939388
2010-04-07,132.40184510791258,135.57169426348764,131.5890651811555,134.36471557617188,71600,0.0209668785302628,0,0.010072131627708753,normal,0.050352527932242985,0.04613198305322741,0.02822339446240396,-0.008632592848504483,66.20300560012252,0.592634832381395,0.01817312641931639,1.0312842081004783,-460580,64329.81818181818
2010-04-08,131.67035463916878,141.09860721612202,131.67035463916878,134.04367065429688,201200,-0.0023893543814559326,0,0.009085201592701299,normal,0.031362161709044045,0.04840936233785609,0.023255573765083026,-0.006858465228775312,66.8015763127064,0.7186386517543175,0.022426486316391395,2.680575817528994,-661780,63472.60606060604
2010-04-09,135.7139277077429,137.3598020316266,134.18996540709614,134.71014404296875,31000,0.004972061608121248,0,0.008819699010356261,normal,0.03587490038269947,0.03876389839500649,0.025574869349161533,-0.0050083566093374055,72.3194896451881,0.8095754392011137,0.02312574667857797,0.4205357082296125,-630780,63702.48484848484
2010-04-12,136.46576075473828,136.46576075473828,133.57226586028327,134.17779541015625,15510,-0.003951808058661799,0,0.008306714697408945,normal,0.030943755466297018,0.04305930419504689,0.019432449612296843,-0.0036099526231589962,71.33585659220736,0.795414626803485,0.023048754146485172,0.21534787498438,-646290,58803.0303030303
2010-04-13,136.05933817041813,137.7661807690795,133.70228163134857,134.34031677246094,128680,0.001211238877549592,0,0.008289719731114102,normal,0.02078148483997877,0.0537774215764637,0.018662185691689315,-0.0023131972205449047,72.39350558052652,0.7586550770028284,0.024101255165843702,1.688869056212513,-517610,43092.909090909074
2010-04-15,136.30319801362924,136.30319801362924,134.10869458268385,134.11276245117188,88960,-0.0016938647068585055,0,0.008223527924151009,normal,-0.0018751435145721862,0.048382966201476085,0.015299012177030002,-0.0012751138842516108,74.41360747325324,0.6830352255313985,0.02407071881329633,1.129822957149026,-606570,16292.484848484859
2010-04-16,133.29594783374105,135.6530053651066,132.97084072667033,134.64109802246094,13410,0.003939487649293749,0,0.008146007438284444,normal,0.004456960669965815,0.03595890230027221,0.01742875831530588,-0.00014522192992838523,71.52449316491385,0.6337049589968275,0.02393530130772948,0.17262797448555964,-593160,3297.212121212129
2010-04-19,135.2465845416343,135.2465845416343,132.50345209229073,132.98300170898438,6950,-0.012314934576662107,0,0.008670340668253906,normal,-0.012821175021782039,0.022593766984221775,0.004430532982915958,0.00013487245903776035,67.90616352201258,0.4624611523038403,0.024838378149149343,0.0901046899815253,-600110,-1773.3333333333535
2010-04-20,132.5034517066875,134.06805565364905,132.5034517066875,133.4381561279297,8000,0.0034226511140225124,0,0.00852116082642359,normal,-0.005512382134209459,0.025260799527289768,0.00711365103231687,0.0005702676164489606,76.03995787444823,0.3575898661028605,0.024351208749525413,0.10464903330455486,-592110,-5888.9090909091055
2010-04-21,134.0924287976775,135.15716851703698,132.08486138711524,134.29562377929688,118800,0.00642595548566427,0,0.00851297756736986,normal,-0.0003326848874397603,0.020441886266594267,0.012275596008123335,0.00130869359034258,76.88622091398743,0.32467678698939506,0.024468065277624934,1.464352627945962,-473310,3617.5757575757316
2010-04-22,135.64893223730718,135.64893223730718,134.27126407601622,134.59231567382812,6310,0.0022092446960062517,0,0.008479122274505674,normal,0.0035757463636680864,0.0016938978114922065,0.013111747389054074,0.00207014532355676,72.88826259596404,0.3020636732098938,0.023803768906494688,0.07858032378580324,-467000,17528.000000000004
2010-04-23,133.29997852191156,138.17259031160094,133.29997852191156,135.34817504882812,27520,0.005615917752925359,0,0.008345415814196065,normal,0.005251569073279727,0.00973193578006093,0.016980294756289815,0.0030419432859605244,74.59487612054788,0.3157063266410718,0.024878291347482203,0.34153242820621016,-439480,19603.999999999978
2010-04-26,136.0918716316125,136.54295853371246,134.68576584421038,135.26283264160156,9640,-0.0006305397704533533,0,0.007927604042221882,normal,0.017143777049086983,0.004102798661224316,0.014759980399785988,0.003837864279581993,73.75386923372511,0.2969551310124826,0.024891833324398996,0.12257691256222622,-449120,20526.303030303017
2010-04-27,135.2221925428278,135.40507298729418,133.00330681376133,133.3731231689453,13280,-0.01397064837214601,0,0.00842291003247479,normal,-0.0004873640409271962,-0.005997059638304547,0.000527560468116528,0.0037195080852077123,57.89464359212689,0.14305575542944193,0.02487669628031088,0.1685129493572906,-462400,17488.303030303025
2010-04-28,133.70230147170622,134.9214713939406,132.16614786577236,133.44627380371094,13400,0.000548466085426913,0,0.00803986553622019,normal,-0.006324479917393044,-0.006655060745943353,0.0009737098147655221,0.003633483185724984,44.60359156886829,0.03745487193376529,0.024206131070706897,0.19486374080214058,-449000,21530.90909090907
2010-04-29,133.29590038303076,134.91739227574573,132.4831205026464,132.67819213867188,13910,-0.005755737070402223,0,0.008232943940860172,normal,-0.014221640556322357,-0.01069674717215896,-0.004333642741116583,0.003221952461884392,42.37740889143293,-0.08610852693984394,0.02058098541407564,0.20347710334033045,-462910,18052.484848484863
2010-04-30,134.84018211690827,134.84018211690827,132.8935831617991,134.5028839111328,219580,0.013752763306827509,0,0.008044833009712097,normal,-0.0062453087187201994,-0.0010265373155606827,0.008460596418768063,0.0036198434268488455,48.97548186218975,-0.04879208257213308,0.019688866058498913,3.3903853131682764,-243330,25703.818181818177
2010-05-03,133.21463165798406,136.1406445006033,133.1333611024901,134.11276245117188,10730,-0.0029004691097828106,0,0.008108888272699222,normal,-0.008502484887899397,0.008495527455906204,0.005005749765012668,0.0037877653879319073,49.6739476357761,-0.0538284581573395,0.01980674297896552,0.18880042229358202,-254060,28066.18181818182
2010-05-04,134.8808421536772,134.8808421536772,134.10870361328125,134.10870361328125,11770,-3.0264367211874088e-05,0,0.008115231985920558,normal,0.005515207463532068,0.005025155508808776,0.0044993605949747995,0.003917662320272575,48.82002391202613,-0.0603864450758228,0.018054094878873612,0.20871199695000311,-265830,26125.33333333333
2010-05-05,130.85758352568655,134.43381066122515,130.85758352568655,134.10870361328125,28490,0.0,0,0.007794346597799396,normal,0.004964018782155799,-0.0013918559723347101,0.0040691064071654015,0.004015752735868627,49.978831027029436,-0.06715770951342548,0.01879002437240361,0.5485492038431177,-265830,28149.575757575763
2010-05-06,134.8320820292293,134.9133649950636,132.7594904208478,134.54354858398438,12650,0.003242481352716986,0,0.006257266015189168,normal,0.014059254314852776,-0.000362331902825197,0.006622563609656407,0.0042683688458700075,49.4862179760219,-0.04580383513957842,0.01844882813766739,0.2582185978628073,-253180,28769.57575757576
2010-05-07,132.07677556845377,134.43383306393594,132.07677556845377,132.79608154296875,9600,-0.012988114698972875,0,0.0068942546639771925,normal,-0.012689708343292971,-0.01885576591585869,-0.005840719617584478,0.0037383309501191064,49.024693952943274,-0.14710673211719605,0.01854294808015848,0.24359608723784873,-262780,28108.848484848473
2010-05-10,133.70232317174947,134.9214932918566,133.70232317174947,134.11683654785156,64260,0.009945737777326435,0,0.007183564095088751,normal,3.0378143028420013e-05,-0.008472365034572937,0.0036600955095555943,0.0038181279792512957,53.24782105804281,-0.12383600282445428,0.018659018582983737,1.5645504899872178,-198520,28168.72727272727
2010-05-11,133.45848666732007,134.9214932918566,132.72698955607171,134.11683654785156,14020,0.0,0,0.0071289650627316846,normal,6.064434560304477e-05,0.0055761862752825575,0.0033103610574416464,0.0038730897757652816,49.06792078798361,-0.10771007964745538,0.01819151395006633,0.3419679008732133,-198520,24305.69696969697
2010-05-12,134.1086968579273,135.327866829363,134.1086968579273,134.16152954101562,14670,0.00033323924359129897,0,0.007123824733594618,normal,0.00039390379827031197,0.0053598779262789,0.003296444585516367,0.003925020466781559,47.69356203821406,-0.0938100345938847,0.018101068257284626,0.41561017069197537,-183850,18937.636363636357
2010-05-13,134.92147683888442,135.24252840393322,133.3771998358812,134.16152954101562,24110,0.0,0,0.007113219004354574,normal,-0.0028393709470974082,0.011179963929516035,0.0029815614295594095,0.0039553755660977075,43.087165994062126,-0.08467218052422693,0.01649996885764637,0.7521447512088598,-183850,9428.30303030302
2010-05-14,134.75892389440972,134.75892389440972,134.10869742647972,134.17372131347656,11650,9.087383322659015e-05,0,0.007054051504968231,normal,0.010374099555505722,-0.0024472530854708907,0.0027792542048590274,0.00397198746584726,43.60081478081249,-0.07802716145109018,0.01585593039773462,0.36443832702474427,-172200,11810.545454545452
2010-05-17,134.10869420563242,134.90521509864675,131.8776171706818,134.5679168701172,28100,0.0029379490468155467,0,0.00646999403954628,normal,0.0033633385179399067,0.00339381883294676,0.005177272334996097,0.004136669384349645,58.51690066697702,-0.048736517179680194,0.01614167407095835,0.8508834350255113,-144100,14147.999999999985
2010-05-18,134.67359315931242,137.7662152235949,134.43381213642687,136.79493713378906,57910,0.016549414715406163,0,0.007372884131288372,normal,0.019968414517307576,0.020030269834341974,0.019694087633384427,0.005196177317446038,68.262538238006,0.1102901736452026,0.016180214483087912,1.6303490990990992,-86190,17526.666666666653
2010-05-19,134.51507022664052,136.5470199279493,134.2224689735706,135.9821319580078,29410,-0.0059417782032846755,0,0.00743596334027637,normal,0.013570227048101735,0.013969476210349718,0.012320692694589575,0.0057559900738854974,67.93115955831082,0.14805053155818537,0.016349520054739948,0.9471667122912675,-115600,17123.69696969696
2010-05-20,135.32784122844754,136.94527754930425,134.92145131484858,136.18531799316406,19800,0.0014942112778391081,0,0.007429790535224838,normal,0.015084715112238856,0.012202513063306553,0.012499387819637109,0.00630483816736449,61.08127339167769,0.17232478939578322,0.016252660619431564,0.624113475177305,-95800,16823.090909090915
2010-05-21,135.73422880860355,136.14061871521614,133.7022792755406,136.0065155029297,44350,-0.0013129351450598126,0,0.007345377222094902,normal,0.01365985955752902,0.024175667855998784,0.010095488568235833,0.006682709610031257,62.83027021215448,0.1621033459197826,0.0159987019595321,1.3618288732286246,-140150,11555.757575757574
2010-05-24,134.46632560565206,137.19319904162543,134.46632560565206,136.1609649658203,10220,0.001135603410759467,0,0.007344619734328061,normal,0.011838245941197867,0.015241400487696621,0.01016095725160504,0.007049710291009426,63.626490082328125,0.15169438490600617,0.017005987198899376,0.3135402126060346,-129930,9643.454545454548
2010-05-25,135.33602069059108,136.2625895817959,135.327897353683,135.8887176513672,70220,-0.0019994520053634446,0,0.006561619844263048,normal,-0.006624656594823919,0.013211474033563597,0.00736013088886156,0.007228233090566638,61.40645930909056,0.1141370127922623,0.015651561065128695,1.9812372152077309,-200150,3069.5757575757575
2010-05-26,135.12466564956645,137.76213259840517,134.92147066362725,135.61639404296875,77170,-0.0020040192674207757,0,0.006594684935467318,normal,-0.0026896027424544444,0.010844125785762992,0.004830203525727272,0.007242590848578034,57.02111427110628,0.06126735181896348,0.016044718028213733,1.9976184929201937,-277320,-6715.818181818177
2010-05-27,137.35984261496128,137.35984261496128,135.33601561702395,135.90902709960938,67230,0.002157800011611588,0,0.006413831252340675,normal,-0.0020287861982930533,0.013025325252120856,0.00632769186153781,0.007349356950047126,75.16405170712454,0.037486333661122195,0.015777375844169064,1.627963290311645,-210090,-11701.15151515151
2010-05-28,136.16502472802603,139.71686915904698,135.75456688252385,138.24168395996094,70670,0.017163369572515075,0,0.00679831697414642,normal,0.016434274849009833,0.030318624292906105,0.021304195676654203,0.008382742626269701,78.65589938856334,0.16328826789558726,0.016460261494533102,2.0876475193122905,-139420,-11737.030303030302
2010-05-31,135.81959047970224,140.20454179567977,135.2465791249884,138.89596557617188,25340,0.004732882278838835,0,0.006758706962651989,normal,0.020086524879124656,0.03216256004194551,0.02358986079408587,0.009517624852288353,80.4345502424425,0.2687689994329554,0.01780385903283346,0.7327511422127119,-114080,-8914.727272727276
2010-06-01,135.32786108428635,138.8837733500146,134.92147111106027,136.62017822265625,13170,-0.016384834102813217,0,0.007884297252894957,normal,0.005382791036160128,-0.0012775247008001145,0.006165125239625757,0.009523884140739902,62.192556585327466,0.16838058517244403,0.01954098668647579,0.38006464273346413,-127250,-3313.999999999998
2010-06-02,136.95342300490017,138.57085958702106,136.54703302565713,137.39231872558594,10480,0.005651731047161324,0,0.007949184807890966,normal,0.013095206484066368,0.010370382838339465,0.010710876867466856,0.00981241398281063,64.88195396239676,0.1383477671030855,0.01951356810815777,0.31050471830881593,-116770,1395.3939393939363
2010-06-03,137.392315654153,140.20453970454363,137.392315654153,139.31454467773438,23030,0.013990781799000818,0,0.008439858375074338,normal,0.025057331737273536,0.022977709570185745,0.02243161014654982,0.01081870618664027,70.13678783481222,0.22706728767573237,0.02035281222284178,0.672006536233787,-93740,8695.151515151505
2010-06-04,139.79817077664518,140.12327784089132,137.81091757047494,139.5055694580078,16090,0.0013711761447112725,0,0.0076955958189380445,normal,0.009142578865090512,0.025727105367997938,0.02151484692945793,0.011728045050244384,69.65378093280663,0.2745689029565441,0.019958732647330807,0.4650961121549357,-77650,13890.90909090909
2010-06-07,138.17258379204995,139.3064152316198,136.2097257791945,138.38796997070312,22900,-0.00801114601837527,0,0.007827031211150066,normal,-0.0036573820079039976,0.01635567877652644,0.012046395953712707,0.012011856809090116,56.955160959803024,0.20960667891684936,0.02010104619573407,0.7040304977403388,-100550,17761.333333333332
2010-06-08,137.04283115719127,138.57898480350642,137.04283115719127,137.76620483398438,8820,-0.004492913197949089,0,0.007938977576474679,normal,0.008388413968106523,0.013816358083781566,0.006780291992918297,0.011956791418143098,57.921380362570105,0.10872498018147247,0.019654461087166498,0.27334428363343355,-109370,16113.21212121212
2010-06-09,137.7662008138375,141.42371056995705,137.7662008138375,140.1313934326172,24280,0.01716813351636559,0,0.008680744271586474,normal,0.01993615605616217,0.03329243062028264,0.021723154800356692,0.012833913032420874,64.6987943589732,0.18099063902850077,0.02015545641107991,0.7414306435605772,-85090,9544.42424242425
2010-06-10,139.79811193089267,142.07389762877918,139.79811193089267,140.34674072265625,21720,0.0015367526488103689,0,0.008666898004457973,normal,0.007409104679698464,0.0326520888108075,0.021028232726769014,0.013632841949382746,66.12307319069531,0.22038305776614475,0.02001904989431208,0.6656859139389482,-63370,6312.30303030303
2010-06-11,141.01731280049268,143.3743695521933,140.21672410205682,142.7404022216797,19660,0.01705534084153504,0,0.009250660783448853,normal,0.02318783956969961,0.03254241508676725,0.03465417908043,0.015249750518707472,70.95511264120245,0.3756187770912809,0.019898905918751944,0.5952435018241822,-43710,7085.454545454546
2010-06-14,140.6109526423574,144.26846297120483,140.6109526423574,143.73202514648438,10760,0.00694703748462655,0,0.00928940998183585,normal,0.03861647205976504,0.03481785486174083,0.03770675236165166,0.01699308438430691,73.88592984859483,0.5049941824833166,0.0211147434868211,0.33456150987982525,-32950,8974.727272727267
2010-06-15,142.23650248826735,145.48762254514205,142.23650248826735,144.6342010498047,16130,0.006276791149368854,0,0.00879125383461294,normal,0.04985254710396214,0.05865914487454127,0.03984098301659178,0.018800424740199384,76.44811213096267,0.6045194877280105,0.021185744843619764,0.5363704381079059,-16820,9882.424242424244
2010-06-16,144.75609705813488,148.32825558946448,144.26842418458372,147.38949584960938,38520,0.01905009174735861,0,0.009243825690808475,normal,0.05179497783615683,0.07276372665338604,0.053664227909730355,0.021400937820680088,79.4208459181423,0.7970019440899119,0.02177639693256821,1.2617924528301887,21700,12251.333333333332
2010-06-17,147.11314648446344,150.23016253123717,146.46292015219126,147.62925720214844,26300,0.0016267194019288223,0,0.009241924880141843,normal,0.05188945922074106,0.059683018335578986,0.04984125678765894,0.023658169670605744,76.94809802557691,0.875305896960934,0.021646653082570005,0.8524292613360127,48000,15911.696969696966
2010-06-18,148.33237976203574,151.17711033281452,148.33237976203574,150.47811889648438,57870,0.01929740586877715,0,0.009744027320795837,normal,0.05420831491554723,0.07865312819485237,0.06300360751367795,0.026650782645377236,79.52754251463836,1.04245184253244,0.020567489999125093,1.8354530749468743,105870,22083.212121212113
2010-06-21,150.36428647919897,151.98577846474157,149.79534301076623,151.25021362304688,35620,0.005130943503444785,0,0.00969903441948631,normal,0.05230698216977281,0.09294336534502756,0.06153681940488731,0.029431159620045166,90.39490181803474,1.1216097865182943,0.019619968447625962,1.086008719778042,141490,26446.484848484848
2010-06-22,151.82730959280937,151.82730959280937,148.41363600323808,150.55123901367188,12140,-0.0046213132043371186,0,0.009820039193594409,normal,0.04091036505141443,0.09280239805614254,0.050962819844486695,0.0314348352767575,86.4804087375347,1.0450323815799285,0.0203704680665661,0.4060879745776886,129350,26625.757575757572
2010-06-23,150.7706789953214,151.4981205147966,149.98228146070306,150.6446990966797,5990,0.0006207858774203157,0,0.009736125971905246,normal,0.022085720751713556,0.07502462800470089,0.04647106576268545,0.03307477956233651,84.9548690321627,0.9230468817459827,0.01974314593369307,0.2274453219927096,135340,25856.848484848484
2010-06-24,151.45748975509554,154.91180474740798,150.36836753400863,151.93702697753906,24110,0.008578648227310026,0,0.009732457356359909,normal,0.029179648106553824,0.08258322348779545,0.04990404235720236,0.03486328758235202,85.91217890057885,0.8534002807336667,0.020624089989932228,0.9971050454921423,159450,25179.15151515152
2010-06-25,150.3683700584538,153.505701400224,150.3683700584538,151.13238525390625,18360,-0.005295889617161986,0,0.009627340008014764,normal,0.004347916907919025,0.05879192507243736,0.039951915123264126,0.03595310328208878,87.49420899338838,0.6844409043201498,0.020658977903070155,0.8513992905005913,141090,22109.81818181818
2010-06-28,150.7747325828663,151.90855156325063,149.986335122922,150.40084838867188,23390,-0.00484037133408155,0,0.009851137064444336,normal,-0.005615629981798431,0.046397615530644476,0.03148790820312386,0.03646656306591822,86.93271126415044,0.4651967360046867,0.020942810861790888,1.0895793543578516,117700,16242.000000000002
2010-06-29,150.77882000746555,154.42820683369052,149.55964995351536,151.03079223632812,33420,0.004188432807428866,0,0.008601820080404473,normal,0.003185315682541212,0.044225993161332466,0.03228780741704251,0.037008929314330086,85.45741008608425,0.3117544168587765,0.021428212348887928,1.486687871171512,151120,11446.363636363632
2010-06-30,149.55152432978642,151.89233476620944,149.55152432978642,150.91293334960938,16080,-0.0007803632952830819,0,0.008698289951137136,normal,0.0017805754503019688,0.0239056214941884,0.02839879022046099,0.037284735472665975,84.59285828470945,0.15916554701802887,0.021475724045028528,0.7065181572530153,135040,6306.000000000002
2010-07-01,153.1277419955479,153.20902495368605,148.9094243522009,151.57127380371094,226200,0.004362385910135602,0,0.008421376921200222,normal,-0.0024072682025177983,0.02670213666498844,0.029660258605844314,0.037628226097852435,82.61778676531921,0.06428302147628084,0.021920596516468563,6.87162039006015,361240,13883.333333333332
2010-07-02,151.25836914320166,152.8026462455055,150.60814263621722,151.2177276611328,6560,-0.002332540551423845,0,0.008528253340623033,normal,0.0005646864309272193,0.00491505854852714,0.02459862413292524,0.037639868179250247,79.01700741834321,-0.0541791392992117,0.021280787023735603,0.20221013208390487,354680,21163.999999999993
2010-07-05,151.5915774196725,152.21742142653596,150.97386914925954,151.20144653320312,3490,-0.00010766679397655743,0,0.008111769352842224,normal,0.005323095934022248,-0.00032242658489922693,0.022104536350823656,0.03749461972536405,77.3340835967935,-0.159563625868421,0.0203346901006791,0.11089574528931397,351190,27613.090909090908
2010-07-06,162.06833139813062,162.06833139813062,150.44558700715928,151.6363067626953,13240,0.0028760322038101638,0,0.007846321192742398,normal,0.004009212408948359,0.007207298698650444,0.022605068916179638,0.03738681391363885,71.90774031142604,-0.2220723854142923,0.023838899176825842,0.41777104632083806,364430,31433.212121212116
2010-07-07,151.50218119966067,159.22359090204543,151.17707417300707,156.26101684570312,68620,0.030498699036803245,0,0.009367678580644589,normal,0.03543820517824159,0.037281881026686836,0.048421958393519926,0.03890477875396092,80.65813334142659,0.013461919848578141,0.02508946352182159,2.02365153793978,433050,36546.12121212121
2010-07-08,159.3048882742386,159.3048882742386,154.10310096487507,154.6395263671875,70030,-0.010376807416508371,0,0.00999121876422173,normal,0.020242968779493387,0.017786970321908013,0.033846174978378274,0.039443649666658365,66.19216236691673,0.024808136584633544,0.026116500305779593,1.927899902269818,363020,35837.93939393939
2010-07-09,153.70481340617778,157.6793067767896,153.70481340617778,154.44850158691406,46870,-0.0012352907743642394,0,0.00965213108383488,normal,0.02136504744351897,0.02194179842683397,0.029376138339211044,0.0396793520924521,63.03402353801515,-0.013724748481302118,0.026973883871842103,1.2437309274247048,316150,28881.696969696975
2010-07-12,158.6261889864594,158.6261889864594,155.00526532568648,156.021240234375,21780,0.010182932377468923,0,0.00973104966009279,normal,0.03187663750368608,0.03736941583719444,0.03592581124875993,0.04031660109124058,70.80993911698734,0.03108961223288631,0.02705175497030617,0.569620253164557,337930,19432.18181818182
2010-07-13,155.32226346368847,158.41081755205715,155.32226346368847,157.1306915283203,21390,0.007110899081937072,0,0.009742402730830668,normal,0.036233965881426355,0.04038844795601193,0.039008277213845366,0.04112102976334353,72.90453363911077,0.09615839296401107,0.02757567669945082,0.5555988467232915,359320,10707.939393939392
2010-07-14,158.00443200202213,161.74322508027112,157.35421790323008,158.488037109375,33020,0.008638322455355896,0,0.009168188844658089,normal,0.01425192481545734,0.0501951926294939,0.04321621016449462,0.0421565654257412,73.02838862910052,0.186112108610061,0.027370650056736504,0.8638551695269987,392340,189.15151515151445
2010-07-15,160.11763042378502,160.52402034871847,157.0290645138834,157.87841796875,11540,-0.0038464678580396594,0,0.009313118378498509,normal,0.020944784801473215,0.04161173820579611,0.03533790468286413,0.04265337550908477,74.04360291846315,0.1609964164524511,0.027638136134673908,0.3078482633516513,380800,1002.1212121212359
2010-07-16,157.67931245267897,159.95509882415615,156.46826584591184,158.15072631835938,19270,0.001724797810320533,0,0.008530669064484983,normal,0.0239706095779888,0.045847790232391716,0.03346973209457338,0.04301192508633234,78.5561997634073,0.12098966351697049,0.028297205057885175,0.5419619754753066,400070,2191.757575757592
2010-07-19,157.6793154444963,158.32954190611835,156.89498574364558,157.2200927734375,8290,-0.0058844721525243004,0,0.00870725359703255,normal,0.007683905968582039,0.03980548055744104,0.02471542994519571,0.04280538336195261,72.31149023430194,-0.0032979990636783363,0.026904562212855886,0.24247210400854063,391780,2146.3636363636365
2010-07-20,158.06944964676146,158.2482622374758,150.03919174520829,151.12017822265625,43080,-0.03879856857463859,0,0.01256759242918386,normal,-0.038251682387465125,-0.003403726660573314,-0.013629009215659793,0.04020521800521215,50.52196784413676,-0.5037798589731914,0.03076425169936202,1.2054901851048647,348700,141.8181818181813
2010-07-21,157.67928821559002,160.11762772407852,152.8838921430437,153.26589965820312,30010,0.014198775178688727,0,0.012948828507278779,normal,-0.03294972634160398,-0.01916739854865701,0.0003404051249873419,0.038589034081745854,53.970604534095095,-0.686451426031069,0.03252295420260007,0.8124534686971235,378710,4539.515151515157
2010-07-22,152.80264063520792,159.62998770277412,149.55152062169287,157.46800231933594,162310,0.0274170749690823,0,0.014161841686786657,normal,-0.0025995677857331145,0.018290769627891335,0.025056094825320452,0.03858929191289939,62.40714736595963,-0.527551705752364,0.03523128509713759,3.7016933690632303,541020,13780.484848484859
2010-07-23,157.2703637923088,163.85760416057303,157.2703637923088,161.29681396484375,295990,0.02431485501253272,0,0.014900178568032945,normal,0.019892969951660344,0.04434042614570699,0.045005938456648575,0.03984264764850076,67.40536632796518,-0.18551166930397356,0.03676137143775678,5.127232413518335,837010,33884.12121212121
2010-07-26,161.38739574892196,162.2066797833392,157.68207288733956,158.41078186035156,14170,-0.017892678928681294,0,0.015550169528817109,normal,0.007573390054093743,0.01531548923971493,0.023742972014726638,0.039708108304740586,60.769578582129526,-0.1747159570091381,0.034230512627601364,0.24743312146399385,822840,48353.39393939394
2010-07-27,154.89893151968795,159.90523500529798,154.89893151968795,158.03610229492188,9400,-0.002365240301382965,0,0.015586449386571548,normal,0.04576439859722692,0.005762150969967461,0.019251854477478014,0.03929748805967037,53.262799951983,-0.2114368338293824,0.03293756366054038,0.16765655376602992,813440,57858.24242424241
2010-07-28,158.0937749994962,159.65413114050415,156.52931037672946,157.1180419921875,16990,-0.005809180873248332,0,0.01568048344847068,normal,0.02513372082488674,-0.00864415473984348,0.012045939095693736,0.0384524337748402,54.676719248279106,-0.3102106010211072,0.032185797140965935,0.30278458453998663,796450,63133.21212121211
2010-07-29,157.2703765121314,158.91718673738933,154.8825067111734,155.25303649902344,11940,-0.011870091235332447,0,0.0159763660048125,normal,-0.014066132723400404,-0.016629134643635912,2.973170796516378e-05,0.036890728642410275,51.42787660563676,-0.5024248307490291,0.03260012549646343,0.26299849117281027,784510,62089.27272727271
2010-07-30,155.2118494045518,163.03419725252658,155.2118494045518,162.07493591308594,119180,0.04394052166641793,0,0.018560779814439647,normal,0.004824161923072889,0.024813098782910936,0.03961788171958225,0.037875786275337386,59.056565784769965,-0.18760643980600156,0.03283420309727882,2.3354660448163354,903690,63937.27272727271
2010-08-02,166.83007045502265,176.80150448566891,163.8781583043169,172.06280517578125,710190,0.06162500824958772,0,0.022599178168651472,normal,0.0861811497620455,0.09440722327859774,0.09289235888660596,0.04217847069665992,67.65025126498239,0.6309792671355252,0.03575954783101033,8.223075186272297,1613880,97865.75757575758
2010-08-03,172.9150564545694,176.6203790928816,171.26824639309731,174.54539489746094,431500,0.014428392697326098,0,0.02264328395476856,normal,0.1044653238266402,0.15501051514305808,0.09730538725485771,0.0465846916542727,68.48850475962581,1.241997416753653,0.035553596964424804,4.022241176004512,2045380,137645.2727272727
2010-08-04,175.30295157763695,179.91402544773013,173.6561412760559,178.84771728515625,340040,0.024648730436129584,0,0.022363899983566908,normal,0.13830159170421208,0.16691134612462988,0.11119260449406054,0.051690658271649426,72.25192216642778,1.8041859858055131,0.03580179128611148,2.813747677896888,2385420,177407.2727272727
2010-08-05,180.161021274978,195.69044048802928,179.50229474473343,189.21435546875,1220100,0.05796349174009929,0,0.02466993185899896,normal,0.21874817868660612,0.20160510504879792,0.1562639369962473,0.0594585455101726,77.14769364367814,2.6891966279181663,0.03888214922655673,6.840927822912987,3605520,270217.0909090908
2010-08-06,191.0299949825787,192.2651027087592,184.85033530538948,187.9833984375,441510,-0.006505621775897974,0,0.024828671518472102,normal,0.15985483738403383,0.16545016492683384,0.13269608634694152,0.06539852560569015,76.74483822064732,2.983891515454367,0.04140907556530376,2.2288916374283767,3164010,321531.7575757575
2010-08-09,188.55977156021453,193.2531782084873,175.38528970447902,177.07327270507812,957970,-0.05803770877165637,0,0.02913775481516921,normal,0.02911999211089311,0.11781073627411698,0.060196280460047324,0.06647384428327219,70.82150373568818,2.2686367048250586,0.04785665387967507,3.9117660870293127,2206040,291442.78787878784
2010-08-10,169.20974964925705,176.20869306540635,149.9091319125742,168.77334594726562,360270,-0.04687283761698091,0,0.03150667194216829,normal,-0.03306904174462,0.06794171392753201,0.009492200150740038,0.06429862062574565,61.323102428632865,1.1192659471489055,0.057898686992597294,1.3759244725279132,1845770,224310.0
2010-08-11,167.97876087296103,175.7146427148709,167.97876087296103,171.30943298339844,265670,0.015026585044567664,0,0.031587904461084816,normal,-0.04214917817339936,0.09032311510040714,0.02226043060633298,0.06302374719769088,60.358645809114755,0.4470296903775539,0.056064791327288824,0.9714741233988248,2111440,158022.54545454553
2010-08-12,169.21798483288188,175.79698333440157,168.38633766690924,172.8944854736328,182070,0.009252569824266477,0,0.03154433916515821,normal,-0.08625069675441477,0.1136302991067124,0.028611680945585416,0.062205198366853676,58.98107966505328,0.047380156521358074,0.0558909802725586,0.6456440216668587,2293510,84930.90909090915
2010-08-13,175.7146091715816,175.7969546912471,171.4411480868476,173.1949920654297,609890,0.0017380924034311462,0,0.03154426609529907,normal,-0.07866868295280394,0.06861058491059335,0.02742491197139829,0.0613474349396137,61.926266496046075,-0.24255171860526037,0.05572438901414208,1.9577342040936865,2903400,34760.42424242431
2010-08-16,172.7503698387622,173.24440529547672,164.92802241456613,168.91329956054688,112090,-0.024721803175840495,0,0.03216235176272037,normal,-0.046082466426889734,-0.01830439537479822,0.001831894060945194,0.05891536163001532,58.2542164534085,-0.7403883999082872,0.05853665390114834,0.3539104914932345,2791310,1583.0303030303446
2010-08-17,172.4992453777144,172.4992453777144,165.33974465067877,166.2825469970703,59080,-0.015574573288905325,0,0.03092818235822635,normal,-0.014758248325381751,-0.04733924894005226,-0.012476029227187269,0.05569118448296617,56.77833712951663,-1.2353917393748164,0.0611959039922766,0.18606789840591967,2732230,-20322.121212121103
2010-08-18,168.7980478310172,170.85656060944427,163.94819222760972,165.06802368164062,112780,-0.00730397349188483,0,0.030974263025356788,normal,-0.03643354130045284,-0.07704707565009161,-0.017847212747977848,0.05227121794881873,57.329984271931274,-1.6094741523514573,0.06288967423283756,0.3506219357887439,2619450,-34035.03030303023
2010-08-19,166.41019683075478,168.69514124724125,164.45871795274238,165.03099060058594,56430,-0.0002243504237144922,0,0.03049536659186088,normal,-0.04548146721687141,-0.12780935573441787,-0.0163750160399313,0.04909223953872366,52.45657923167989,-1.8093426599194604,0.06135172994262645,0.17837104844751125,2563020,27677.333333333307
2010-08-20,163.36354428527986,169.12737919040393,163.36354428527986,168.29986572265625,103310,0.01980764406839053,0,0.030344189959961132,normal,-0.028263671393709555,-0.10470888854255955,0.002811418852535885,0.04725272263663527,46.47975223741174,-1.6744406329943402,0.05635620364165924,0.3368119740878756,2666330,78227.15151515143
2010-08-23,166.6572035794933,172.17402834255813,166.6572035794933,167.6947021484375,156950,-0.0035957460311704104,0,0.0300034319981988,normal,-0.007214336676151234,-0.05296434867536992,-0.0007188301113809636,0.04527065374321304,43.35782586992986,-1.580198418027686,0.056629727133118965,0.5000509768437688,2509380,62383.87878787882
2010-08-24,167.9745803663884,170.85649718639996,166.65712765157616,167.0770721435547,112690,-0.0036830621180632406,0,0.03001791987949217,normal,0.004778163197719065,-0.010050602446673995,-0.003981937379544553,0.043168866540884476,37.70945599516154,-1.513575304766705,0.055959015468785955,0.3532242012961062,2396690,12699.030303030428
2010-08-25,167.9664336473125,169.53501957036988,164.68104232973437,165.6773681640625,64360,-0.00837759461267995,0,0.03006400181115413,normal,0.0036914749981928896,-0.03287655980906634,-0.01116535895511217,0.04070723133230847,19.76081852727195,-1.5142161927783504,0.05126306363611243,0.20024828796425648,2332330,-29462.84848484832
2010-08-26,168.63338453073135,168.63338453073135,165.0927397196708,166.51722717285156,39870,0.0050692440258792715,0,0.02985847040552096,normal,0.009005802891062231,-0.036885261454760565,-0.005570005886943452,0.038700086472657214,22.14134336356159,-1.4106083743764213,0.04934268102135287,0.12351396773519002,2372200,-59989.45454545446
2010-08-27,167.80583629006196,167.80583629006196,164.6810155281157,165.14212036132812,39070,-0.008258045337831699,0,0.02842397490187458,normal,-0.018762613670362693,-0.04649598471680605,-0.012485865960159104,0.03634569569259716,29.42330951245623,-1.385229661738332,0.04337676022317492,0.12255640041155362,2333130,-52941.63636363635
2010-08-30,166.16315092176455,168.79804471670457,164.8456977422122,166.4925079345703,117360,0.00817712386329772,0,0.02472803723708316,normal,-0.007168945699924656,-0.014331563188183627,-0.0039924376585617205,0.0346211471020661,44.826242290953225,-1.2331219281100942,0.03306662235581466,0.405878599552828,2450490,-40052.666666666664
2010-08-31,165.9161280649898,170.39545383045987,165.0927229629303,168.7774658203125,119020,0.013724088333393114,0,0.024704871975760666,normal,0.010177301139780548,0.01500409314325779,0.008747191113930963,0.03376524499840361,44.19040256674726,-0.9471040096910543,0.031589219336016564,0.4351315137655766,2569510,-20479.21212121211
2010-09-01,169.95075412860731,170.8565044792217,168.0034097210275,169.28379821777344,73280,0.0029999999999998916,0,0.023967323862590807,normal,0.021767789370843005,0.02553961961926432,0.010640222722199555,0.033063403474799635,41.28380688013107,-0.7034963954734121,0.02957169610331408,0.2816419634226724,2642790,-2454.9696969696524
2010-09-02,169.6214442450565,170.60952781520453,167.97463410675496,169.06564331054688,30330,-0.0012886933629993047,0,0.01931441786466905,normal,0.015304219154754106,0.024447848826925744,0.008440994723179607,0.0322532018990056,39.991967568503114,-0.5438727286475489,0.028882785353559797,0.15112107623318385,2612460,9870.000000000095
2010-09-03,168.64159990068555,170.85654894516117,168.64159990068555,169.34971618652344,38810,0.0016802519448304576,0,0.01937711094119196,normal,0.025478635105260716,0.006237975647569671,0.009161307432197008,0.03152169278362149,51.311935165146686,-0.41196570959700063,0.026260864700235243,0.2149364494780273,2651270,30599.93939393938
2010-09-06,170.2760314957914,172.66802195986767,169.62142604375896,171.41644287109375,68510,0.012203898129324209,0,0.015171837196758806,normal,0.029574513577863115,0.02219354979599708,0.01939191498024484,0.03146044645650958,65.97500443941364,-0.18964197767155788,0.024343632651476512,0.5034094583076154,2719780,44786.00000000007
2010-09-07,172.09166362377218,177.4520387949368,172.09166362377218,174.82948303222656,179840,0.01991080962810221,0,0.011588812586198484,normal,0.035857969442184334,0.046400207935239024,0.03577372374580556,0.03242805111112923,76.71877101346615,0.16404943408915496,0.023511812507404577,1.4152773460401904,2899620,58718.54545454551
2010-09-08,177.1350211524272,205.4395713075216,175.0353356462709,198.74940490722656,1064572,0.13681858151231174,0,0.03232912233559258,normal,0.17406040625073516,0.1996171058826477,0.1579140087379729,0.04107464611789813,89.99818269885873,1.8898658556240011,0.030160549368851135,6.374087211015019,3964192,120331.8666666666
2010-09-09,201.7754062083432,220.21968651884484,196.85555610175268,198.6876373291016,2624460,-0.00031078119782956826,0,0.03237902541669365,normal,0.17521001569871775,0.193195687331833,0.1404416446543264,0.048264785885006045,89.01587950898012,2.850470720348487,0.03649726425536713,9.076933239859153,1339732,21670.678787878824
2010-09-13,195.5587262890212,203.64867950582857,185.9248883909846,194.42654418945312,557102,-0.02144619160471717,0,0.03300289349904999,normal,0.1480771776157559,0.17732861709690528,0.1037909853060539,0.05283144299347131,81.37631852686056,3.006611365233611,0.041781750561504155,1.9445387836536463,782630,-97467.79393939383
2010-09-14,194.7353012613933,195.4763608071239,183.20763015078225,184.4633178710937,490184,-0.05124416709608881,0,0.03479820996899472,normal,0.07611215576215913,0.1079376493240507,0.04253888155085428,0.053330755709216415,66.73545373763477,2.2795947778513783,0.047163113021689726,1.605053562470776,292446,-216725.63636363632
2010-09-15,185.26615435931367,187.32466718552823,181.1903014762418,183.51641845703125,468788,-0.0051332667382907315,0,0.03455146264619275,normal,0.04968804617012679,0.0873277280535214,0.033526868199883486,0.053240647518378204,67.3223096412855,1.607349019366466,0.04790481801146326,1.438503917630041,-176342,-327460.9575757575
2010-09-16,185.06027371123167,186.4394795987754,177.5467030878057,178.45245361328125,279096,-0.027594069709548585,0,0.03523753750812968,normal,-0.10212333115371919,0.05416144658872124,0.004528576389827954,0.05133046795410312,60.710837899413946,0.738267817784866,0.051406498279937124,0.8351126984430954,-455438,-415251.30909090897
2010-09-17,179.0905916711704,180.30511910012305,174.9735665752814,176.3115997314453,399560,-0.011996774706585556,0,0.035417800858478884,normal,-0.1126191739881286,0.04285883446815242,-0.0068109751145153385,0.04879136344947521,59.88775018134222,-0.023763902541833914,0.052924705245057886,1.1371873880237855,-854998,-489303.56363636366
2010-09-20,177.7525794598049,183.6193409127342,176.6203974250291,179.4817352294922,456820,0.017980300234786473,0,0.03537686458401758,normal,-0.07686609368213848,0.05982896972681817,0.009984275394943287,0.04741477847067088,61.1397698506919,-0.3397630224084338,0.05332526147914059,1.2378818622477736,-398178,-493821.2363636363
2010-09-21,181.04618810764404,183.6193289278209,177.89666625658035,178.94650268554688,399604,-0.0029821003416361513,0,0.03537039480776068,normal,-0.02990738347990718,0.04392845685239055,0.0063041765433158314,0.045866087585528126,58.99096475753571,-0.5953258967363695,0.053652379043977225,1.0483717999204023,-797782,-478605.1515151514
2010-09-22,178.7201013355107,182.79595456638745,177.46440086586793,178.6995086669922,264442,-0.0013802673695653134,0,0.035348451979815725,normal,-0.02624784109530176,0.022136001134615668,0.004445011926334619,0.044266863607064444,58.36326337879808,-0.7798598975820603,0.05471720904669622,0.6802298317778934,-1062224,-423186.7272727273
2010-09-23,180.28454260096493,180.28454260096493,175.79698735691187,176.24986267089844,138560,-0.013708185402225626,0,0.0354660182996779,normal,-0.012342732743568674,-0.11320558291397453,-0.008443594375864505,0.04192864973414778,56.13788493041536,-1.0489914442885637,0.05622853367895914,0.3530515800306729,-1200784,-256332.30303030304
2010-09-24,177.03209549332195,178.6789056839575,175.40586540440347,176.49688720703125,721184,0.0014015587438729327,0,0.03546783613213441,normal,0.001050909162347624,-0.11168661734758112,-0.00638636303961615,0.03981864935286139,56.110100436397545,-1.1825526962733446,0.05657804759328053,1.6908181753388276,-479600,-162498.80000000002
2010-09-27,179.04943546401756,179.04943546401756,175.7969878503453,176.49688720703125,139462,0.0,0,0.035371961430687056,normal,-0.016630371991024018,-0.0922181539417316,-0.005781654535351066,0.03783587978171998,54.50235941418158,-1.2372088644320436,0.05655139469114315,0.323165933339698,-479600,-83752.92121212122
2010-09-28,174.97360224298046,182.3842489262126,174.97360224298046,178.86419677734375,575712,0.013412755362283812,0,0.03542468954478437,normal,-0.0004599470063282318,-0.03035357467473676,0.006829254048028366,0.03672551675290214,53.64314362516343,-1.085647672469971,0.056352043747106444,1.2667856045810166,96112,9016.254545454512
2010-09-29,178.8641910332468,181.1285552248493,176.62040694499265,177.2379608154297,224070,-0.009092015010351395,0,0.03546757745622937,normal,-0.008178801735186148,-0.03421196694219275,-0.0021039039401611337,0.035103035229736346,17.486102116463613,-1.0651628579706514,0.04634977020952225,0.4874061193428251,-127958,60690.70303030304
2010-09-30,177.44377734788142,181.1490998447049,175.7969673492932,180.3051147460937,200504,0.017305287854547435,0,0.035611285753424086,normal,0.023008540340070605,0.010381819332264675,0.013700903906346262,0.0345370431627019,24.529402088952665,-0.8259591253758374,0.03842579555125762,0.43019178017531307,72546,104108.86060606058
2010-10-01,179.15232849306227,182.77531779153185,179.09057563498612,179.76988220214844,150832,-0.002968482312323606,0,0.035625715498348975,normal,0.018544208041912702,0.019614605482400016,0.009663648605505726,0.033741977837451476,27.353672469832375,-0.6902194281931702,0.03296201895548445,0.31948784339774833,-78286,106262.67878787876
2010-10-04,179.9140006077381,181.0461825337593,177.44378549641905,177.87606811523438,106300,-0.010534657216855092,0,0.035765560017128974,normal,0.007814193949977843,-0.008946130993244261,-0.0008802446440665523,0.03232093194040386,36.440685419077326,-0.7115730336850987,0.029832874602366288,0.22356350980829692,-184586,123658.29090909087
2010-10-05,177.64963327056515,180.9432533543763,177.05265960470896,178.10250854492188,129972,0.0012730235837055126,0,0.03570148817911119,normal,-0.004258472327863694,-0.004716460662593125,0.00035434435322101443,0.03103626505635071,38.515271064798874,-0.6933387777768871,0.028895073130644055,0.2715936284617886,-54614,118914.02424242425
2010-10-06,179.50232853932715,180.32573371611304,178.3083935458208,179.1112060546875,107528,0.005663578340398212,0,0.03547693129439232,normal,0.010569097221833523,0.002303852935950257,0.005443482033578251,0.030122879790457358,51.687830356863614,-0.5997454084347511,0.026072564568969156,0.2264044792410624,52914,93397.35757575757
2010-10-07,179.5023043158054,186.4600746078742,179.13177454908725,181.6019897460937,589042,0.01390635318845268,0,0.0163324499922858,normal,0.00719266894800108,0.030366702101714438,0.017543027834998393,0.030003649448982594,63.316057957388395,-0.36787450702692714,0.02650842368876069,1.305613449386483,641956,77256.09696969697
2010-10-08,181.76665752869343,183.49581309030563,180.9638326113385,181.5608062744141,182360,-0.0002267787469574234,0,0.01633356023421607,normal,0.009962314322772947,0.028691265594066095,0.015637699769433855,0.029770164909952213,56.211467239974134,-0.2222347519978951,0.024635585257864082,0.5541912154188906,459596,76910.61818181818
2010-10-11,181.5608156759508,183.619328325338,180.737410616196,183.2693786621093,115846,0.009410469267870702,0,0.016091034063498176,normal,0.030320608072924804,0.03837173313506592,0.02274120339808494,0.02999070365058154,62.06894495139262,-0.02610583641122144,0.023298744172078462,0.3773567696754294,575442,71499.81818181815
2010-10-12,183.20760198701285,184.23685817795112,181.19026236560632,183.5987243652344,93946,0.0017970580002473202,0,0.01136898995599693,normal,0.030859845070212666,0.026469956946075346,0.0221863239768485,0.030167446075312743,63.61540751445849,0.10342778063030433,0.022367993593070585,0.32713121392959293,669388,96805.75757575757
2010-10-13,183.207607181959,183.6193096700084,179.33760630712771,180.09925842285156,70706,-0.019060404447153623,0,0.012092293346696491,normal,0.00551641848619111,0.01614381927132169,0.0024449774984935946,0.029102800323648426,60.10803854192055,-0.06015115878797772,0.022720978533358905,0.2645417325002909,598682,96368.20606060605
2010-10-14,181.39611362947235,182.34302429960465,179.09057724861177,179.27584838867188,51818,-0.004571979037506169,0,0.010390431365260987,normal,-0.012809008098832564,-0.0057084701056385745,-0.001934937764902167,0.027808903661419082,57.08281025650607,-0.2279555587905322,0.022817130563699054,0.2024825585530105,546864,97663.39393939394
2010-10-15,179.29646756980608,181.54025158113333,175.40587329377334,176.84683227539062,75724,-0.013549042635208286,0,0.010492271397776868,normal,-0.025963610185221864,-0.01625995350806808,-0.014006215362371455,0.02581622615268886,50.79364639928021,-0.4915582838453181,0.02429454107433176,0.3158830910522873,471140,79023.40606060605
2010-10-18,177.44379675681435,177.77315376689205,173.07974727037998,174.5207061767578,44560,-0.013153337657812902,0,0.010014759864377538,normal,-0.0477366843780338,-0.01886348160283624,-0.024469109075291207,0.023255280560896097,40.13088781965262,-0.7937004915647179,0.023506231069563222,0.20336947066431896,426580,44206.496969696986
2010-10-19,175.05591278210673,176.99090704618453,173.01798032606882,174.70596313476562,40314,0.00106151849867131,0,0.010020952078533447,normal,-0.04843585521203475,-0.019070733129508688,-0.021249220226127852,0.021000569994274798,43.84376518774363,-0.9420801029940298,0.023262479777345486,0.20042347749697853,466894,12845.26060606061
2010-10-20,174.58245490166078,176.78506597624624,174.58245490166078,175.42645263671875,111524,0.00412401207735158,0,0.010089663582647875,normal,-0.02594572474674839,-0.02057243373618789,-0.015599093953594712,0.019189884101625143,36.610202994495495,-0.9500015118566835,0.02188454512376816,0.5763567826470737,578418,-11585.624242424248
2010-10-21,176.49688201299486,178.59655489293328,174.97357760581966,177.2173614501953,60940,0.010208886895668234,0,0.009904299072029986,normal,-0.01148223230835721,-0.02414416440055933,-0.005023591849524833,0.018110867482943327,43.44617212133366,-0.7989942817582573,0.021638491346800355,0.32138434698961904,639358,207.21212121212466
2010-10-22,177.03208839576584,177.8143206921236,174.9735757400011,175.3029327392578,38170,-0.010802715350637482,0,0.01020555833932953,normal,-0.008730150923645708,-0.034467094873427806,-0.014291406944230367,0.016499718733719693,43.40022871598902,-0.7909346231237714,0.021564457381285856,0.24551913113114401,601188,-2207.7939393939487
2010-10-25,175.38529360703927,176.6204013084973,173.98550739155323,174.99417114257812,60660,-0.001761303087489896,0,0.010210523839682883,normal,0.002712944361689562,-0.04515324698507339,-0.014523275086690046,0.014939832798518626,42.06102752848482,-0.7686216094552691,0.02108995832591852,0.40032627977698937,540528,-1924.7272727272652
2010-10-26,175.17940892229333,176.16749238223048,172.2974915017151,172.68861389160156,61560,-0.013175051694139461,0,0.01005008795861601,normal,-0.011547111540823107,-0.05942367253014935,-0.024952638060051546,0.01279643990625301,34.61529745539495,-0.8642235436862417,0.022052679254501426,0.4892750526948278,478968,1686.7878787878801
2010-10-27,174.52073267390543,174.85010229815524,170.85658198277088,171.22711181640625,52642,-0.008463221993968317,0,0.010026726816161341,normal,-0.023937899656494177,-0.04926253824773985,-0.030137635597582757,0.010419120810879035,23.858937114859145,-0.9728853017792217,0.020841202330216534,0.4489822375592124,426326,21.30909090910084
2010-10-28,170.85653618563092,174.91180829226707,170.85653618563092,173.3885040283203,48678,0.012622955494522081,0,0.009606044957414158,normal,-0.021605430701274964,-0.03283958443519808,-0.016218451352337127,0.009000259901540852,31.396340819536334,-0.8506144234849387,0.021208934509390487,0.4439151127935427,475004,-354.3757575757316
2010-10-29,172.13286288087536,174.87068271065743,169.2509446254908,170.30078125,43070,-0.017808117069952778,0,0.010244038589782756,normal,-0.028534328611021675,-0.03701537053938819,-0.03062302487188384,0.006746852922886681,22.222113277798186,-0.923056617549273,0.022741786599439387,0.41307016534315416,431934,-7256.5696969696655
2010-11-01,170.44484406562546,172.8738864319888,168.46867698618232,170.0948944091797,39684,-0.0012089600488566221,0,0.01007723513591382,normal,-0.027996799558579033,-0.025359808956397334,-0.028854244500094994,0.004693672320650766,20.92189143881906,-0.9277277838474746,0.023339841384754728,0.3931553480778147,392250,-18818.787878787865
2010-11-02,171.63879531153523,171.63879531153523,167.9746450284055,170.28018188476562,54082,0.001089318266897621,0,0.010073999878471155,normal,-0.013946675189296154,-0.025332742916084783,-0.025215838715814454,0.0029477644660127478,25.336075545229235,-0.8625982023307652,0.023055395396839005,0.5567273711766298,446332,-24327.357575757567
2010-11-03,170.58897835795918,172.09169036626673,170.44487993213977,171.1653594970703,30640,0.005198359565435018,0,0.010055419692969607,normal,-0.0003606456867774055,-0.024289912243009915,-0.018264697977147915,0.0017012191367091756,29.690789559151796,-0.7105016753903155,0.022334850633893833,0.32840898494399146,476972,-20480.484848484877
2010-11-04,170.8977045557954,172.00929373017655,168.7980193630806,170.34190368652344,44012,-0.0048108788657145185,0,0.009319830719425546,normal,-0.01757094773307033,-0.03879675054074283,-0.020844036070793326,0.00034477536420784993,32.28693775558453,-0.6192907194870347,0.02121709058478734,0.6663759637105809,432960,-13741.951515151488
2010-11-08,172.91507987406715,173.73848501632463,170.8565670184235,172.40045166015625,434200,0.012084800798170647,0,0.009911180169361126,normal,0.012329188361584587,-0.016556945361653752,-0.008159931193033043,-0.00017380366192387697,44.14112273819332,-0.38568885154837296,0.020426450151030423,5.521447427987202,867160,16637.34545454544
2010-11-09,172.91507838620194,184.44275027861545,172.4004501767192,181.2932281494141,389802,0.051582095079354406,0,0.015498263088958096,normal,0.06583580171016612,0.03599581040732924,0.03874721596327557,0.0022378696407963083,62.288804541332205,0.3619386463302763,0.022603784414155347,4.221532956595759,1256962,61010.66666666666
2010-11-10,181.8284457787425,186.08957008443835,179.7493527315628,180.5933380126953,250576,-0.0038605420834690873,0,0.015507108192511665,normal,0.06056580404000833,0.04577443725418773,0.03132516161842003,0.004094570846911116,59.646443956860374,0.7795490766502466,0.024327898242397707,2.501554886236237,1006386,78928.15757575755
2010-11-11,176.00283227025545,183.084120839894,169.7449487638696,177.71139526367188,347066,-0.01595818971362517,0,0.015328410284039699,normal,0.03824392847849345,0.03786949028386477,0.013432148000612765,0.004766743446556365,50.886244204526236,0.827389123614846,0.028627709868425104,3.0448098496220153,659320,68012.36363636363
2010-11-12,178.67890439085252,179.85225915602166,173.75905395626805,174.5207061767578,130578,-0.017954330290300247,0,0.015797768841899467,normal,0.02453185270210745,0.006529857067413047,-0.004311651357337909,0.004311689368166283,48.65820857862871,0.6193671464484705,0.030482278977544023,1.107305461733437,528742,50395.163636363635
2010-11-15,174.9735786490935,175.79698372508923,168.83921334575814,170.4242706298828,79656,-0.02347249009367436,0,0.01635129492680326,normal,-0.01146273696642619,0.0007251251519599933,-0.025112674954647307,0.0025874354333503824,43.0625092946017,0.20266637911329521,0.03302678499022129,0.6743610561061694,449086,24910.38787878788
2010-11-16,172.0916714710134,174.04725864682038,168.01581860690138,168.9833221435547,66366,-0.008455066176914938,0,0.016211586432581495,normal,-0.06790052850575368,-0.006535012526307837,-0.03027488030741743,0.000613223826944953,44.22341672661393,-0.15398100550165794,0.03422204144904704,0.5567103706872688,382720,-7047.854545454542
2010-11-18,170.8565581202839,185.266147359344,167.2335807087004,168.83921813964844,88276,-0.0008527705697715104,0,0.016201389823529172,normal,-0.06508612112934409,-0.008462310347379876,-0.02822335379751051,-0.0011556749006724765,46.11778352983437,-0.37117950895987684,0.0401905632666987,0.725899624287985,294444,-40100.16969696965
2010-11-19,169.00387529667574,170.40366127594712,164.0016924627249,167.2129669189453,147368,-0.009631951857050458,0,0.016238277964769537,normal,-0.05907571840933412,-0.023091077480502986,-0.03412623321622621,-0.0032183207045651807,39.782068631213285,-0.5833294304550294,0.04158388311619176,1.1942175649689266,147076,-77307.00606060599
2010-11-22,168.79805492968424,169.20975750268346,165.93671702167342,166.9042205810547,26838,-0.0018464258100288067,0,0.01597219105353518,normal,-0.04364230332639729,-0.020181077181073648,-0.03260117597013101,-0.005105192989882101,43.81096325063937,-0.6957841396802724,0.04065651060713533,0.22053276930586166,120238,-114913.12727272722
2010-11-23,168.79804048813423,168.79804048813423,163.44590749704705,164.06346130371094,73462,-0.017020296236092913,0,0.016193605494875855,normal,-0.03732337713790723,-0.04835828604950276,-0.04460200747683141,-0.007655973662437088,39.972683861357424,-0.8998580773467793,0.04177274181625331,0.5950228736570636,46776,-123789.0303030303
2010-11-24,166.94536872667408,166.94536872667408,162.62249234780828,163.9605255126953,34074,-0.0006274144785052282,0,0.01620083591002445,normal,-0.029723623415288336,-0.09560590218203802,-0.04107335579443072,-0.009889009803077387,39.46466191730869,-0.9738868219887094,0.042085937776331635,0.2789943626337186,12702,-98592.6666666667
2010-11-25,163.96049479127842,165.50437892302304,160.60512245778568,161.79905700683594,38822,-0.013182859100387634,0,0.016201090823961355,normal,-0.04169742794585507,-0.10406962522913321,-0.048848956239310515,-0.012511623601125899,35.02299874782972,-1.091676113605259,0.044011294216694995,0.32085729445776917,-26120,-77136.99393939393
2010-11-26,161.79907789654447,164.26929282626273,160.99625301872092,161.6343994140625,61532,-0.0010176671967035977,0,0.016157547579999057,normal,-0.03336205084852639,-0.0904668821363751,-0.04528730786999591,-0.014812760969027505,35.776771164672,-1.1007990007336836,0.04408342373230264,0.5066901846275211,-87652,-69660.12121212117
2010-11-29,164.22812495557048,168.75685246159313,162.6224877162678,165.85435485839844,86514,0.026108028115510162,0,0.017087702696478767,normal,-0.00629022872520113,-0.04965801198158071,-0.018458232333844804,-0.01537670815985781,40.012534239846325,-0.759008949564699,0.04456639935394262,0.7014787048501228,-1138,-57115.296969696974
2010-11-30,165.50439560789542,169.1273723766321,160.99624846306014,165.68966674804688,69792,-0.0009929682611721224,0,0.016682087565223127,normal,0.009912051296574464,-0.027781277070085042,-0.017614722870576638,-0.01586711001604335,17.55135611624705,-0.4932784396533836,0.042924594062268444,0.5598273801406948,-70930,-47264.92121212121
2010-12-01,165.91611592961098,170.3830907943948,163.85760332502522,168.92153930664062,73118,0.019505577034615307,0,0.017315242512837198,normal,0.030257366999968394,-0.0003656149975651557,0.0013997036351003356,-0.015168096504979856,28.040265288815377,-0.07126576086154968,0.04218168561847761,0.5787458633023769,2188,-31547.46666666667
2010-12-02,170.4448355114056,170.81536524968473,168.81860560586097,169.80670166015625,30874,0.005240079845050483,0,0.017356408707128682,normal,0.04949129371614314,0.005730206116612013,0.006010254333343346,-0.014211335029523542,33.9196095327256,0.27697981787008574,0.03719065788861074,0.24664019242951854,33062,-15418.533333333331
2010-12-03,170.03314225100996,170.85654729823034,160.5639842079755,164.22813415527344,59728,-0.032852457826119896,0,0.0187836082907703,normal,0.016046922874174196,-0.017850486231242746,-0.024527613509350732,-0.015171641004335323,30.91604046896927,0.14760256656093196,0.040280413083288065,0.4716633223488088,-26666,-9203.75757575758
2010-12-06,166.73951614983795,167.56292116786184,163.4458960777424,166.5542449951172,55922,0.014163899820261339,0,0.019105328908440182,normal,0.00421990810742523,-0.002096864804970844,-0.00970090961258907,-0.015182947608499142,42.320228189382654,0.2297644368578955,0.03849956935086955,0.43954091938736856,29256,378.0727272727247
2010-12-07,167.00713290176188,167.089478435459,163.89878374924402,164.8662872314453,24788,-0.010134582662371439,0,0.018952756710893852,normal,-0.004969407765504252,0.0048933865063849336,-0.017891076819461116,-0.015697786315328255,41.90937288599105,0.18351570906832304,0.03766298391099741,0.23218955840146274,4468,4813.175757575754
2010-12-08,164.72217666781717,170.03313653088873,163.85759888448845,169.271484375,66818,0.02671981772338028,0,0.015802530865901554,normal,0.0020716426679259214,0.032391692120390614,0.007549386286555215,-0.014625993904567758,50.727614844174994,0.44763878289388037,0.031679439098104535,0.7374371471077737,71286,11134.121212121207
2010-12-09,167.56298342385494,171.12420893710572,163.8576594660793,164.70164489746094,252040,-0.02699710169383962,0,0.01666839015745773,normal,-0.030063929825999147,0.017939461108863908,-0.017813291854538837,-0.015157453312618197,46.153932438280926,0.3186649919278164,0.032933377471440865,2.7793951584444914,-180754,409.18787878788277
2010-12-10,164.68101034533368,166.73952297465033,163.7958524275603,165.6485137939453,34630,0.005748994778248084,0,0.016587016059359316,normal,0.008648820410569469,0.024834530238824648,-0.011020741838458026,-0.015250551308896854,48.11376369855792,0.3014038593212929,0.03260309974432904,0.46136547126424526,-146124,-10654.61818181818
2010-12-13,165.91614302360725,169.2097637287905,165.79263727282924,166.986572265625,22248,0.008077696811358948,0,0.01640332497011624,normal,0.0025957145104316126,0.0068265762945640684,-0.0027440913365096575,-0.014830369638429541,54.598495501338725,0.3793447582702436,0.031575801143061626,0.31945643012321356,-123876,-14028.545454545449
2010-12-14,166.73951612356723,168.7980286683026,166.32781361462014,166.86302185058594,12400,-0.0007398823352247064,0,0.015611144947535235,normal,0.0121112366431686,0.007081643204239763,-0.0031513747519221758,-0.014451309110090516,54.5631059576722,0.41872958751099043,0.030806117440597,0.1870836822293133,-136276,-21243.903030303023
2010-12-15,168.38637337299755,168.38637337299755,166.73956287546213,167.04833984375,12830,0.0011105995271378788,0,0.01551500229005987,normal,-0.013133603332294852,-0.011089168797415727,-0.0018499424402124154,-0.014006505665075664,58.79931143674912,0.45064049219310687,0.029381221526004413,0.20171782459196558,-123446,-22092.836363636357
2010-12-16,167.9746236768738,167.9746236768738,165.91611113181406,166.5542449951172,67916,-0.0029577956242783365,0,0.01552493616949723,normal,0.01124821855185254,-0.01915387692735704,-0.004346895706929588,-0.013732590146886547,58.15698864340703,0.4318084222340228,0.028947519958567758,1.0851680176142473,-191362,-23065.17575757575
2010-12-20,165.09271247873318,167.95405005234687,163.61058087631574,164.47515869140625,2108058,-0.012482937938759209,0,0.015625321598550092,normal,-0.00708340253507278,0.0015041547990750637,-0.015202186259015815,-0.014137745791139023,47.538588983819345,0.2800242164762117,0.028106575606895164,13.12448870067401,-2299420,-140284.07272727267
2010-12-21,165.09272739674785,168.24224948387774,164.26932227257456,166.3278350830078,269500,0.011264171479400176,0,0.015848507342159136,normal,-0.003944851215757272,-0.0013593764128678743,-0.0037193528083017124,-0.013820137857301962,51.07419973750517,0.30314264465581964,0.026007790162693962,1.560028086294155,-2029920,-211526.303030303
2010-12-22,166.73953331159848,167.91288809588343,164.7016006565686,165.13389587402344,175802,-0.00717822851712413,0,0.015441522841519745,normal,-0.01036254741994791,0.001623185959191531,-0.00984575430214163,-0.013892137640013624,43.15480212029141,0.2395559355672945,0.024762274503583214,0.9883718642179161,-2205722,-269050.5575757575
2010-12-23,165.29857976862175,166.03963935960206,163.44591822700582,163.79586791992188,12926,-0.00810268507879397,0,0.015558712783013379,normal,-0.01947024392382679,-0.03234813279564308,-0.016194444308040512,-0.014352223064890257,39.31190465079177,0.11521604302906674,0.02522487910280831,0.07310552567148665,-2218648,-296035.15151515143
2010-12-24,164.0634511984889,165.0927074795334,162.62249240502666,163.3429718017578,14230,-0.0027650033173332034,0,0.015263431016614055,normal,-0.019280644533878566,-0.008249298885563694,-0.01714415623059129,-0.014853046820904381,48.07520024420835,0.015539779990435099,0.021874169316412114,0.08104415397136289,-2232878,-312841.8181818181
2010-12-27,164.84569436205447,167.15123109691376,162.2108006211429,162.7666015625,18706,-0.003528589157526296,0,0.015287622180228047,normal,-0.010387934217542805,-0.017397754833044843,-0.018685860889561257,-0.015429444772801726,41.08533089505465,-0.07136785172819926,0.02231297119542482,0.10785161610221285,-2251584,-303485.9151515151
2010-12-28,165.09271196768765,165.09271196768765,163.0753721148305,164.22813415527344,13942,0.008979315036028668,0,0.014217512458165405,normal,-0.012623869761104634,-0.016518921688887245,-0.008942328984305803,-0.01538419095046284,48.48184986205895,-0.01549965144423715,0.021738361033758567,0.0821018835969364,-2237642,-266365.6121212121
2010-12-29,163.3224107032181,166.3278343678625,163.3224107032181,164.5986785888672,107262,0.0022562786546878044,0,0.014228893059184212,normal,-0.0032411109925278847,-0.013570072246122389,-0.006071416199236901,-0.015163883478330642,36.24253696141457,0.05733998220402459,0.020313733912390323,0.6247535484652585,-2130380,-198599.91515151522
2010-12-30,164.59864352609955,167.97460882721342,163.3635361082524,165.2573699951172,46328,0.0040018025168675475,0,0.013500585634893985,normal,0.00892270417902008,-0.010721266971632337,-0.001894868137939154,-0.014694675176274319,52.125687550778366,0.1552567847490629,0.019084999648830675,0.27196188494805323,-2084052,-103280.94545454552
2010-12-31,165.42210337660865,173.73850110940808,164.26934109633606,170.23902893066406,63744,0.030144851849536636,0,0.015154539170856404,normal,0.04221826658863348,0.02212362666382295,0.02543952260442195,-0.01255574825281236,63.41750156990352,0.5392863372055154,0.021264473026483075,0.3706242597718833,-2020308,14752.157575757557
2011-01-03,169.6214505283861,174.4383753870183,167.15123522942903,168.5304412841797,42202,-0.010036403856487297,0,0.013274768485941654,normal,0.035411685605946985,0.024655897127797255,0.01368540683510533,-0.011224347649588351,54.416865801561244,0.6543293047846006,0.023059206544817093,0.24663003624471552,-2062510,12115.175757575662
2011-01-04,168.38632254471895,171.67994254559366,168.01579280745318,168.6333465576172,459664,0.0006106034770536617,0,0.012929105822627376,normal,0.02682373775359781,0.013861248620585798,0.012924438804318594,-0.009990663056248406,55.07072441167883,0.7088598469675196,0.023550853876899095,2.402822348154773,-1602846,49645.80606060604
2011-01-05,167.97462962080792,170.11548776909163,166.71894194955323,168.79803466796875,459554,0.0009766046497527991,0,0.012675295619249252,normal,0.025512696183853656,0.02218889571127547,0.01257189536223291,-0.008825873091957925,55.017564187610375,0.724930993440983,0.024268294391208665,2.1571254224558767,-1143292,95346.23030303017
2011-01-06,168.79805530880878,168.79805530880878,162.64309680297995,165.36033630371094,35418,-0.020365748754242796,0,0.012054168308156747,normal,0.0006230663636774825,0.009551329979544443,-0.007288821335434181,-0.008932641065619529,47.07078133961476,0.4845059063611683,0.026542300160968486,0.16748474960987375,-1178710,125375.09090909088
2011-01-07,165.36030538162868,166.20430303884592,162.62248628983494,162.95184326171875,20294,-0.014565119398212922,0,0.010915121784619461,normal,-0.042805611114671516,-0.002394523227566614,-0.019717400224983028,-0.009801539228269318,46.32204166623685,0.16049462188596275,0.026600741969777682,0.10152954707936204,-1199004,140743.03030303033
2011-01-10,163.4459146614838,163.4459146614838,158.50548399161528,158.8966064453125,35886,-0.024886105828782146,0,0.012082476655374957,normal,-0.05716376676794199,-0.02377634649883309,-0.0400799809460044,-0.011889184370373784,33.78259129291588,-0.3043788051448675,0.02771454610969178,0.17947890800243066,-1234890,140374.67878787874
2011-01-11,160.5640060624783,160.5640060624783,153.56506220847285,154.30612182617188,41522,-0.028889758704321533,0,0.013231180058241932,normal,-0.08496080415832885,-0.06041603273480878,-0.06175238189925902,-0.015223858904021892,29.420993684274023,-0.8666369844321504,0.030292344577433152,0.2066704760160311,-1276412,126347.3939393939
2011-01-12,155.62357170022622,156.4263967386316,151.506545993871,153.91500854492188,83762,-0.002534658227562714,0,0.013214997410902539,normal,-0.08817061260412351,-0.06490738647198302,-0.058379412570619515,-0.01822090018999334,30.51950239824025,-1.1904902276545517,0.03144882603510128,0.40963960302683966,-1360174,103250.79999999993
2011-01-13,152.74163305631248,155.62355066114856,152.3299305413359,153.15333557128906,29996,-0.004948659528615784,0,0.013162286467771015,normal,-0.07382060901231935,-0.0732435377870636,-0.05737993524958018,-0.02103971121448378,30.152387700560197,-1.3688738393034114,0.03198925414022845,0.146082802982045,-1390170,72270.76363636364
2011-01-14,154.98542104084038,154.98542104084038,150.35376762027798,151.63003540039062,71954,-0.00994624221024154,0,0.013218805868016312,normal,-0.0694794709572204,-0.10931097085764407,-0.06078424536390581,-0.02395690483708557,29.079666534047718,-1.4922140684645284,0.032165167390428705,0.3500772365140181,-1462124,33204.872727272705
2011-01-17,151.7329887290215,153.95619282804228,144.91931570112655,146.11325073242188,50810,-0.0363831918485098,0,0.014937549901261612,normal,-0.08045077864699568,-0.1330156758680615,-0.08669652523766092,-0.0283392596134433,20.46986459951715,-1.8260422666163274,0.036660233916793114,0.49486194802829503,-1512934,-18211.806060606028
2011-01-18,150.27143539353057,150.27143539353057,145.74270720358857,146.5455322265625,40580,0.0029585372440468216,0,0.014548720569764894,normal,-0.050293465403477566,-0.1309812962972179,-0.07660783072433963,-0.031937849660553796,20.629623212093193,-1.890482996071274,0.03729457550324197,0.44481420950113504,-1472354,-43432.2909090909
2011-01-19,149.48916970248126,151.69178043471504,144.50756729156356,145.86618041992188,47490,-0.004635772898148316,0,0.014550923763489074,normal,-0.05229397835267546,-0.13585379884993676,-0.07375297166045025,-0.035224507659872395,18.47397508621883,-1.849331836652632,0.03872829976495228,0.5599344443985922,-1519844,-42187.92727272729
2011-01-20,147.3895086359283,164.1458069618239,144.507590869304,159.80233764648438,147652,0.09554070166534068,0,0.02695908960132552,normal,0.04341402066362687,-0.03361143779375486,0.01331868559586713,-0.033073640439102436,36.85845079433882,-0.8072122953765364,0.039896226821833344,1.6128052710109688,-1372192,-30686.751515151493
2011-01-21,160.56399200854443,160.56399200854443,152.3299411363114,153.5032958984375,113410,-0.039417707155083415,0,0.028304696960801477,normal,0.01235415195347267,-0.05798367894560008,-0.024149627551040442,-0.033295643773386896,33.03903667444776,-0.48185811804860856,0.04197399639733947,1.1751259988726417,-1485602,-24379.272727272728
2011-01-24,152.41226195422624,157.68204863219597,151.91821395634548,153.64736938476562,91450,0.0009385693348464841,0,0.02831571569634694,normal,0.05156355508194821,-0.03303555172119743,-0.021067605709107595,-0.03332106008709801,33.1012071684726,-0.210531374301822,0.042910752790442395,0.9131667765063008,-1394152,-12002.096969697053
2011-01-25,154.80016655895517,156.83809930926714,153.523886077152,153.91500854492188,21078,0.001741905255052023,0,0.02820719315041964,normal,0.0502879631087354,-0.002534658227562714,-0.01755072450237416,-0.03313054581411812,33.25617532971829,0.021074140728149615,0.0427979275558903,0.20972550018506947,-1373074,687.10303030303
2011-01-27,153.56506252656334,156.4264004867058,151.5683024983044,153.07101440429688,33068,-0.00548350773978401,0,0.028186218221954155,normal,0.049393450652053916,-0.00548350773978401,-0.020798858552063204,-0.03314566797319474,35.31728539150174,0.14465214281130212,0.04242874143509649,0.34163592239529467,-1406142,7160.121212121254
2011-01-28,153.9561560366807,154.3884386392052,150.31258637196282,151.65061950683594,94322,-0.009279319817593557,0,0.028162593305305003,normal,-0.051011257154959244,-0.009811840263535432,-0.027116149764850883,-0.033546200092173906,36.171314772278734,0.15692818833035105,0.04305883328340599,0.9508956295214975,-1500464,7045.757575757514
2011-01-31,153.1121914945888,157.27039018777953,150.27144612183122,155.74708557128906,81856,0.027012524431319296,0,0.02797122488335384,normal,0.01461720844310821,0.027151943610822515,-0.000756532567356194,-0.03231947353065279,46.14998938671634,0.4505143002726162,0.0428703714700488,0.8177553287565037,-1418608,7936.230303030318
2011-02-01,153.15336002069824,157.22921305680305,151.54772246879824,154.86192321777344,18934,-0.0056833317314979315,0,0.027939351908153245,normal,0.00790481371644125,0.059875969095869674,-0.0058262247087944585,-0.0314484657389249,50.74709642538204,0.5860871419888216,0.04250774801399857,0.19137817759134784,-1437542,3879.139393939366
2011-02-02,156.03528445525475,162.49902026178535,150.12734966819224,150.74490356445312,91076,-0.026585099602119633,0,0.028368715119000472,high_volatility,-0.020596464311298912,0.028655744559979546,-0.029274324189213052,-0.03204422482898883,46.126776318144394,0.4079279809514178,0.0471996351930221,1.1313001828444231,-1528618,-3354.2424242423967
2011-02-03,150.80660163122417,153.93554274791222,149.85969102677458,152.0623016357422,48618,0.008739254463258073,0,0.028510730534735258,high_volatility,-0.006589835263588473,0.04247812068556822,-0.018848140199746344,-0.031980448306447085,48.68483783676407,0.3883491692125216,0.04715815862393126,0.8108567883279851,-1480000,-10419.745454545427
2011-02-04,153.15337657498216,153.15337657498216,148.62464769776494,149.36570739746094,39440,-0.017733482982131954,0,0.0284412473301194,high_volatility,-0.015066948732589958,-0.06530962189121048,-0.032908854269156906,-0.03277824847870914,47.34560050657093,0.21214306377537806,0.04796031507486505,0.6555861961206717,-1519440,-10276.012121212114
2011-02-07,148.83048446999058,150.641973331066,146.15441766762558,146.89547729492188,19764,-0.016538134124493564,0,0.028480653322416092,high_volatility,-0.05683321934339247,-0.043046753913919655,-0.04445236640031158,-0.034250231746505655,50.9875150542879,-0.03903446640236474,0.04655469985183376,0.3286692586815314,-1539204,-16986.157575757632
2011-02-08,146.5660897465864,153.48268670896226,144.52815734944468,147.82177734375,179664,0.00630584457660599,0,0.028175285880412307,high_volatility,-0.04546079325208485,-0.03791533863770302,-0.03489483787244618,-0.03508429870958096,51.59133510046873,-0.10718790519528776,0.04840155245453854,2.668714526984372,-1359540,-7150.060606060594
2011-02-09,148.00705886927284,150.27142277408785,142.16087794390296,146.38082885742188,195350,-0.009747876884048656,0,0.027576926782030924,high_volatility,-0.02895006467111061,-0.04895026000860114,-0.04025311197334325,-0.036213837146146455,50.62974860095284,-0.20788064166593934,0.04933002576542199,2.6041909677832185,-1554890,-6983.757575757535
2011-02-10,145.33096182266726,148.21287891263518,142.11968780522474,142.36669921875,72824,-0.027422509286251673,0,0.028144517427922296,high_volatility,-0.06376072381317444,-0.06993038641054694,-0.060615925650276625,-0.03853984131760624,21.82291368701803,-0.4874305075873404,0.04392507734439472,0.9779391621501125,-1627714,-10790.375757575726
2011-02-11,142.44906712888854,144.91928216580567,140.39055459812425,143.86944580078125,38606,0.010555464095731049,0,0.028316335052240914,high_volatility,-0.03679734587306693,-0.051309870881891984,-0.04609426237417158,-0.039895923885754137,31.57477263362115,-0.5112449866038609,0.041626644843113285,0.5154524929470088,-1589108,-16093.624242424252
2011-02-14,144.09585011428416,153.97670840783508,144.09585011428416,149.26271057128906,115988,0.03748721447065262,0,0.029637754444150854,high_volatility,0.016115086182091787,-0.041634005389025064,-0.00935992114779749,-0.03896339130934867,43.01634403898266,-0.12407207261717668,0.04220107722983492,1.5044034293570605,-1473120,-8538.715151515173
2011-02-15,150.27145360970647,151.9182640602238,148.29528609475236,149.40687561035156,139700,0.0009658476555243212,0,0.028400777388570723,high_volatility,0.010723036179679513,-0.035225234803204386,-0.0076089065842048775,-0.03795785507014293,42.79132729172329,0.16570103657485769,0.042307971265324276,1.713196024207938,-1333420,6034.678787878848
2011-02-16,150.6830895141044,151.05361918860194,148.21287493190596,149.20095825195312,21008,-0.0013782321433148947,0,0.02840549767897338,high_volatility,0.01926570177627651,-0.010242106207191681,-0.008128682027030432,-0.03702076121780451,43.682724457710805,0.35651634292828405,0.0414005726063221,0.2607587175060107,-1354428,12128.36363636362
2011-02-17,149.4274281551128,150.70369586022602,148.62460325039413,148.93338012695312,26474,-0.0017934075500248836,0,0.02838149976192995,high_volatility,0.04612511875486591,-0.020576576016087422,-0.008972405124951344,-0.03616950459386248,45.39105993431218,0.4705563429922539,0.04051730653050367,0.3329472382885551,-1380902,17907.818181818115
2011-02-18,149.85971614258813,153.15333627759006,148.21290607508718,151.54769897460938,87488,0.017553612530835982,0,0.018354408235887517,normal,0.05336958887337584,0.014608383779431966,0.007615341786836982,-0.034334013204467384,42.49996320986564,0.7133403422819704,0.038848116801049846,1.1435457918931744,-1293414,24628.82424242423
2011-02-21,150.68312505435188,152.49461366239106,147.47185036574444,148.23348999023438,17482,-0.021869081528781753,0,0.016854222073865846,normal,-0.00689536306231775,0.009108603749768074,-0.013064863007010596,-0.033831730246628555,39.10686531713142,0.6441208046241313,0.0393992663985581,0.24378917716620532,-1310896,26338.9575757575
2011-02-22,149.03632576844393,150.5390375900165,147.2248370288428,147.9658966064453,18242,-0.0018052154328059844,0,0.016843543111596564,normal,-0.009644663259435804,0.0009749528471720836,-0.013451561640403842,-0.03337164043945884,44.77146605651553,0.5759319056383063,0.03509814582446295,0.26807114274839783,-1329138,36264.30303030303
2011-02-23,148.2128809402857,150.78602123438787,146.77192237558847,147.43064880371094,32170,-0.003617372752844572,0,0.016827725074185448,normal,-0.011865268621483627,0.007171840428035869,-0.01542429895978581,-0.033049219232459404,41.0215773202097,0.4935698207273904,0.03519565124013325,0.46892514543676217,-1361308,31043.078787878778
2011-02-24,149.03629502436902,150.27140244169803,145.74267524482497,146.42198181152344,30814,-0.006841637070528206,0,0.016845186198301283,normal,-0.016862561725846326,0.028484769366903695,-0.020092298571982803,-0.03302417256783641,43.89403240733121,0.37530436190908434,0.035438105079445295,0.44989852681374193,-1392122,16939.709090909095
2011-02-25,146.56610740373517,147.51301824050913,142.44908191486618,142.69610595703125,27498,-0.02544615096992875,0,0.017580496063279553,normal,-0.058407967111801185,-0.0081555874301118,-0.040914328246415055,-0.03427123365818796,41.72079641119192,0.06647371841122318,0.03665192956458436,0.42207343691001353,-1419620,1054.521212121219
2011-02-28,142.86078000877737,146.97780536926086,137.09694450410046,138.4761505126953,99186,-0.029573024547752236,0,0.01706010003653088,normal,-0.06582412299799378,-0.07226560483398159,-0.06309584217525899,-0.03682143409299887,33.6926336686176,-0.37729259054636444,0.038246688264990204,1.5024471229075242,-1518806,-14562.678787878842
2011-03-01,139.97886184111806,143.27248211973262,139.58773940736688,141.25514221191406,44902,0.02006837775985093,0,0.018008543525555715,normal,-0.045353385803353685,-0.05456063092904084,-0.04024501990174656,-0.03788561611765906,41.45509842037975,-0.43485461525398517,0.03581833953531686,0.6670459795557285,-1473904,-17863.57575757584
2011-03-03,141.62566619036346,144.09588129833492,141.62566619036346,142.65492248535156,36438,0.009909588079544118,0,0.017487293625655903,normal,-0.032393036028199096,-0.04387395257574278,-0.02788880509950553,-0.038157418643655294,50.526371522601174,-0.3343607096359187,0.03383834612403389,0.5642059495717126,-1437466,-18874.642424242415
2011-03-04,142.84018457436122,144.48699454177665,141.21395470587328,141.81092834472656,19556,-0.0059163338069295746,0,0.017292709510535575,normal,-0.0314915384271488,-0.04782307214242554,-0.030534142605849413,-0.038580424011098624,46.147920184707495,-0.2824988310805807,0.03340726076483254,0.3097749553696596,-1457022,-21710.8121212121
2011-03-07,142.24320475260416,143.14895522097746,140.8434188539783,142.34613037109375,63802,0.0037740534711554474,0,0.017017182437547948,normal,-0.0024525938082913257,-0.06071730990159918,-0.02437816896747491,-0.038612543469206506,34.180908275546784,-0.17517630099735548,0.029366787081696745,0.9915179695343119,-1393220,-14311.672727272698
2011-03-08,142.8607782184313,144.46641557606495,142.51082855434294,143.23130798339844,13308,0.006218487358926161,0,0.01677172653277022,normal,0.03433918009056125,-0.03374528932136378,-0.016596288591014252,-0.03816870349957158,36.33875612815421,-0.01598424684466826,0.028435915043133225,0.2078563061304178,-1379912,-6142.3393939394655
2011-03-09,143.2313089448449,145.3309943793051,143.2313089448449,144.0341339111328,20076,0.005605100861240775,0,0.01675610272374387,normal,0.01967356129980491,-0.0265720871193047,-0.01003917014266864,-0.03734065790544372,38.86432293670666,0.16215444879513718,0.02790991615550623,0.35820831608547327,-1359836,2742.472727272709
2011-03-10,143.76653317430487,145.3309978134868,142.6549312815104,144.4252471923828,12200,0.002715420786931766,0,0.016651480509610597,normal,0.012409839605871609,-0.020385188803784704,-0.006655573284955696,-0.03633605394386119,40.33541534046934,0.3161860854238867,0.02812958034974259,0.2601939511304574,-1347636,10520.16969696964
2011-03-11,142.03737221112414,149.69504174751322,142.03737221112414,146.38082885742188,113618,0.013540441876025433,0,0.015660704704779736,normal,0.03222530566605131,-0.00028105721280657914,0.0061436545421802435,-0.034584684658475306,38.601259524870706,0.5461533569020105,0.029079696791611355,2.3221563201288427,-1234018,22275.22424242423
2011-03-14,146.6072789457308,147.3277584002592,145.33099854201896,146.4631805419922,18606,0.0005625851773973789,0,0.01551558341312734,normal,0.02892281061779034,0.02639928090325938,0.006066800578422127,-0.032901794904357407,45.444944284302004,0.6908703936896248,0.027587595746473674,0.38820893093361264,-1215412,31295.539393939387
2011-03-15,145.74268474801005,150.06556099053577,144.50757725014557,147.82177734375,56210,0.00927602962553653,0,0.013122434979315414,normal,0.03204934329639464,0.06748907155819506,0.013912121239582964,-0.030798969374960405,49.64888971828651,0.854440277204449,0.028418256897651734,1.2508094323626078,-1159202,34294.206060606026
2011-03-16,149.03633188117598,150.18909406343047,147.71887861788613,148.35702514648438,16874,0.0036208995207092087,0,0.013150406920043226,normal,0.030012963718855312,0.050276986900171794,0.01588218963250343,-0.028651899019539906,52.256882616528095,0.9667605043757725,0.027572404157620176,0.4349238097201889,-1142328,36847.90303030305
2011-03-17,148.21289517360128,149.03630014678794,146.97778771382127,148.17172241210938,35100,-0.00124903242156571,0,0.013149865476513272,normal,0.025940583745278634,0.03867234183471169,0.013203199610684946,-0.02674824327567915,54.440966679291954,0.992883133227203,0.026416079138009703,0.8885581056244969,-1177428,35897.151515151425
2011-03-18,146.99841385849763,149.77740651349865,144.77522224733016,146.31910705566406,16504,-0.012503164073996764,0,0.013430518413681163,normal,-0.00042165222208112585,0.03179006557222874,0.00048398113011294264,-0.025696554550595052,60.16170601039293,0.8549424081122712,0.026720400107247022,0.4231393431905179,-1193932,29590.472727272678
2011-03-21,146.85431863234493,148.04825362850912,143.35484662321466,145.22808837890625,16150,-0.007456433398973394,0,0.012780401422608004,normal,-0.008432782618235102,0.020246128224907123,-0.006315870456772621,-0.025101605356346646,72.96921312037043,0.6680557660971138,0.02436975315730074,0.4557409246884594,-1210082,23467.381818181795
2011-03-22,145.74273172058832,146.5867170904785,143.684218560693,144.363525390625,53280,-0.00595313894117766,0,0.011949863777343278,normal,-0.023394739362949557,0.007904817900272088,-0.011079420314103583,-0.024821301805113882,62.15791666219051,0.4732169169709455,0.023578662718702063,1.431230810144332,-1263362,13105.454545454504
2011-03-23,144.50758423170262,145.18689087551462,142.11971464613202,143.82827758789062,35864,-0.0037076387632268837,0,0.01196205181605902,normal,-0.030526006800973282,-0.0014292190167172203,-0.013360364502101096,-0.024691476085794695,54.92227116947229,0.3035451216401195,0.023778863329698943,0.9411196657902056,-1299226,712.9818181817669
2011-03-24,144.11647028484708,145.53684908517727,141.83152619474842,144.4252471923828,47020,0.00415057187990997,0,0.012010522217140628,normal,-0.02528468427536068,0.0,-0.008390245004606944,-0.024261517754636364,61.19928254310231,0.23010565307176267,0.023894370159180826,1.2102866644530414,-1252206,-9036.09696969699
2011-03-25,144.9193107126087,147.80122882337082,142.4902679606567,145.9073944091797,250198,0.010262383105514639,0,0.012177480586308066,normal,-0.002813799610790091,-0.003234265388012858,0.0016156608763318037,-0.02323297212932096,64.11099139885584,0.276798070835516,0.025122945343890816,5.022089743975752,-1002008,1279.7939393939425
2011-03-28,146.58670159252924,148.62463443103107,146.15441890032142,148.2541046142578,23446,0.016083559127216374,0,0.011124163759145846,normal,0.02083630149738358,0.012227810878053136,0.016010063937407448,-0.021356894805266924,67.83626618232574,0.450882645257472,0.025012886722003573,0.472540606124123,-978562,11302.715151515158
2011-03-29,147.03953148457464,148.99511817500635,145.41331430155498,146.09262084960938,19828,-0.014579588000429355,0,0.009230488940971537,normal,0.01197737069876692,-0.011697576129933718,0.0010829270271015545,-0.020469943493862552,56.66653818366546,0.4069582944867475,0.026107606508238176,0.43435781725777123,-998390,21120.533333333304
2011-03-30,147.3483278379493,151.09482324318807,146.36024431322443,150.68312072753906,35336,0.031421846300199174,0,0.010600884108331307,normal,0.047659912602788346,0.01567903898556855,0.02934891713532717,-0.017873620786590272,65.93279969666314,0.6586610419210318,0.026414910981561675,0.7822770069978991,-963054,32041.46666666658
2011-03-31,150.68312545878774,154.47079374735188,148.21291028733222,153.35919189453125,87548,0.017759594797820633,0,0.010996852073626395,normal,0.06185860765914364,0.035009848019408096,0.04289897455430847,-0.014535578260236437,67.13842228811095,0.9587868636965222,0.025302014523979455,1.8343802774995706,-875506,43224.72727272729
2011-04-01,152.12410506855056,154.38846928472654,150.68314602189312,153.1945343017578,22116,-0.0010736727987369354,0,0.010826398415965478,normal,0.04994359553938854,0.04698926465890829,0.037650456594259696,-0.011646837513401787,66.46521800795742,1.0900562966534992,0.026125845560538936,0.46215379214363633,-897622,48441.7333333333
2011-04-04,153.27687696690177,153.97677643089065,152.3299659877795,153.05044555664062,13878,-0.0009405606131702715,0,0.010881011281737641,normal,0.032352162895337155,0.053862563812900444,0.0330661816753135,-0.00915060756124142,63.59746864375303,1.1074366528118604,0.024325098885611556,0.30596587151108956,-911500,48233.45454545456
2011-04-05,155.1295122476344,155.1295122476344,149.28334371054692,150.6007843017578,30670,-0.0160055806827184,0,0.011712018113005282,normal,0.03085825571429268,0.043205227180866945,0.014933431130735642,-0.007871876604791939,55.30664403222232,0.902862111562812,0.026321952754562904,0.6634779918703936,-942170,39181.09090909088
2011-04-06,149.67446367207654,152.2681973907319,149.44803228518933,150.70372009277344,16370,0.0006835010288483989,0,0.011696728572386466,normal,0.00013670652117436788,0.04780313454481422,0.014117828656232012,-0.006692594052304046,56.01177015305401,0.7307376508500176,0.0266649720991893,0.3555542040972355,-925800,24737.46666666668
2011-04-07,150.8066325702262,152.32993696554738,150.72429960225688,151.07424926757812,11696,0.002458659776789718,0,0.011696424645980554,normal,-0.014899287083649515,0.046037671421385706,0.015005441489455595,-0.005503651370029727,62.14497443823749,0.6033870062947249,0.025003400524783444,0.25417467119846315,-914104,9540.096969696919
2011-04-08,152.28872653488784,160.00814710705532,150.72426232459298,154.82069396972656,192522,0.02479869812566693,0,0.012507748434737846,normal,0.01061499795263976,0.06108874465642633,0.03621138902606935,-0.003045324420096529,71.57386048152466,0.7248434546794218,0.026516230666287225,3.853461113512994,-721582,17425.587878787857
2011-04-11,152.32993970439404,159.43180851493673,152.32993970439404,155.78823852539062,98448,0.006249452388149557,0,0.012516919095095978,normal,0.017888173789972983,0.05081905779766349,0.038465322055373896,-0.0005409079359318669,75.57581711581108,0.8168854408177642,0.028276950140572073,1.8247026573177716,-623134,28844.93333333331
2011-04-13,156.8586788128259,165.50443276313914,154.84133873725253,158.79368591308594,458526,0.01929187605010041,0,0.012966578938190212,normal,0.05440145381256478,0.08693844349983482,0.05263466105592385,0.0027495552726941597,80.1658799987451,1.013858369536405,0.031158555088086317,6.190550124411526,-164608,59644.70303030304
2011-04-15,159.7405751056218,162.62249269773352,157.64088977567909,160.2552032470703,119252,0.0092038756174746,0,0.013025527781349047,normal,0.06337921285829551,0.06352458373117464,0.05605474352964612,0.006127136256872001,80.83388615056126,1.1654335363761312,0.031443251560427016,1.5059428496380745,-45356,89198.41212121207
2011-04-18,159.7405918500183,162.16963441944074,154.22378010823724,155.25303649902344,77044,-0.031213755601650517,0,0.015196735520261098,normal,0.027660486493922498,0.01234907788112638,0.020846292003105615,0.007180146400767917,66.0084266432477,0.8654549683161148,0.03366859329988029,0.947827884180068,-122400,109262.64242424244
2011-04-19,156.7969104375461,156.81749053829833,153.35919181293346,153.97674560546875,38472,-0.008220714533739404,0,0.015003954693461361,normal,-0.005451134099830557,0.0051060000754998836,0.011254741774972432,0.007595421432984084,60.17563213949857,0.5339807852712624,0.03429143854308243,0.4669884151137611,-160872,116625.44242424241
2011-04-20,155.15011561068712,161.3050614775559,155.15011561068712,156.69400024414062,214036,0.0176471754094234,0,0.015162255151884026,normal,0.005814057128596284,0.02380623378291058,0.026256283643999012,0.008927302051423558,68.48533352631792,0.4537838813290316,0.03540462366301592,2.319481997236596,53164,125807.43030303025
2011-04-21,158.505468962636,160.4610559173698,156.44695637870566,157.04393005371094,92326,0.002233204902709174,0,0.014991347607374006,normal,-0.011019051855328255,0.04278294951667072,0.025759219293785884,0.010175767948887193,63.0160203129625,0.38317535675485104,0.03487631347274641,0.9797962003527546,145490,126287.81818181813
2011-04-25,157.31155819600716,158.79368999557,155.00602123715,156.4058074951172,73046,-0.0040633379359233945,0,0.015001586342534163,normal,-0.024020410407632142,0.03783640774649455,0.01949481963566968,0.010984839350149045,56.80151630043406,0.2583495301318095,0.03389048981735314,0.7601918639926152,72444,110691.45454545453
2011-04-26,158.05259209507054,158.05259209507054,156.28227631632342,156.61163330078125,40608,0.0013159729102161233,0,0.015016528308559932,normal,0.008750854942320974,0.03665339434118575,0.01881468734899161,0.011719462159076599,57.614617257890444,0.15935490719647305,0.03296341719443988,0.42402339813905016,113052,85989.87878787878
2011-04-27,158.4642704579384,158.4642704579384,154.38841871665116,155.70587158203125,45520,-0.005783489384919682,0,0.015102051771112611,normal,0.011229786483427873,0.0057174373115636,0.011677308935424513,0.011980654059301488,55.72304094059581,0.010438123009498312,0.03426946910640322,0.5321835425279187,67532,59189.8181818182
2011-04-28,156.46753038276157,157.5997122598124,155.2324228805243,156.34402465820312,31298,0.004098452227189631,0,0.014805620487905107,normal,-0.002233497041317589,0.003567574407884022,0.014295065793978656,0.012394315923993648,63.426362241283485,-0.06345719604493771,0.03254020227874973,0.3642394125245848,98830,31095.103030303035
2011-04-29,156.07642494769095,156.85865720833814,151.50652454768618,152.04173278808594,177574,-0.027518108731835356,0,0.015849222866998667,normal,-0.03185221653529802,-0.04252028716491674,-0.012335611417977121,0.011136592631882714,52.6146051495389,-0.40159982233663083,0.034650493099546875,1.892824441476406,-78744,15131.85454545455
2011-05-02,153.07098924509407,153.07098924509407,149.57151788602616,150.18907165527344,20882,-0.012185214538397271,0,0.014552036305079338,normal,-0.03974747446662319,-0.06281313422490009,-0.02210080856833596,0.009324302223182146,48.36498553286573,-0.7303965081580566,0.035968828125486206,0.22431669452453282,-99626,4938.945454545457
2011-05-03,149.15980182754762,151.28007962741208,148.2746440181764,149.38624572753906,35470,-0.005345435049875613,0,0.0139680676997202,normal,-0.046135701550123254,-0.037788573439729634,-0.024789948719038613,0.007418693613534311,38.73726525955217,-0.9674365224044024,0.033160109388512396,0.39198697723558007,-135096,-11667.139393939384
2011-05-04,150.37433831594973,150.60076966557196,147.38949518715947,149.3039093017578,32432,-0.0005511647031509748,0,0.013968841357566233,normal,-0.04111574094943915,-0.03034767545798145,-0.02297072052507032,0.005702380089544379,36.04955698758121,-1.0863542629461371,0.031317094617141286,0.35638189739955056,-167528,-32453.151515151505
2011-05-05,149.09804282533875,151.3418262497141,147.5129858473622,149.6126708984375,28716,0.0020680074495280643,0,0.013987881700479765,normal,-0.043054755526996336,-0.04519208989922974,-0.01899285362074088,0.0043009748912363754,27.655130666646855,-1.0975664030478067,0.027989632536172728,0.31299661890405406,-138812,-37323.0909090909
2011-05-06,151.46535226708954,153.23568061437723,149.28333397029348,152.5975341796875,19868,0.01995060487407674,0,0.01427122010700883,normal,0.0036555844333623355,-0.028313070568870224,0.00052367657757868,0.004164078995784859,32.6492412178407,-0.8673988669913567,0.026960366022617595,0.21783821773515355,-118944,-32627.27272727272
2011-05-09,152.82400538167028,154.16203878995964,151.30070078348987,151.89767456054688,15008,-0.004586310145198835,0,0.014321188393073406,normal,0.011376346404185611,-0.028823309100661443,-0.003679313523065497,0.0037720882640395192,40.55622408723952,-0.7311784186380735,0.02469363438533578,0.16467479799686627,-133952,-30414.545454545456
2011-05-10,152.3299403990611,182.28130030184943,121.5345953116194,151.46536254882812,1758376,-0.0028460739308187044,0,0.014331975222408186,normal,0.013917725900154831,-0.03286007969835436,-0.005898107266722463,0.0032581588056395105,42.579076084015966,-0.6422423190119333,0.0517803841519969,9.852435575039557,-1892328,-118904.26666666663
2011-05-11,160.06995990177353,166.4925227357694,153.56506408933916,155.29421997070312,687186,0.02527876576825072,0,0.014375629376530117,normal,0.04012159291045969,-0.002643777059564867,0.017368173179708846,0.004207575408439412,46.11874271227688,-0.3142036318797683,0.054044845398265026,3.3817476393227706,-1205142,-148638.14545454542
2011-05-12,155.2118527196187,156.81749006250607,152.53578629341837,153.4209442138672,75592,-0.012062752607208016,0,0.014555524971400356,normal,0.025454216494904314,-0.01869646410041148,0.004608351039023129,0.004327676391795876,40.73685097564325,-0.2166770897320286,0.0548293242526393,0.3741037386618734,-1280734,-164982.33939393933
2011-05-13,152.35052188965332,154.38845451491605,152.3299417880505,152.82398986816406,34174,-0.0038909573185195168,0,0.013785361016313462,normal,0.0014840062108074648,0.005145015554173016,0.0006328051616844022,0.004196490961247301,40.82278926404977,-0.18679789513680445,0.05423530402188388,0.18896949857335604,-1314908,-178306.84848484845
2011-05-16,152.32994098172225,157.59972850893763,151.0948333521407,154.42962646484375,102290,0.010506443380157826,0,0.013843157551231723,normal,0.016668799648329236,0.028234776091456082,0.010073689703726796,0.004656153093008042,44.78351971610674,-0.05989510571712231,0.05586130065263303,0.5682907221775607,-1212618,-172460.23030303026
2011-05-17,158.09377714900472,158.09377714900472,152.98866810806769,154.3678741455078,107704,-0.00039987352653469976,0,0.011981964915627032,normal,0.019162873595895524,0.03334730311821743,0.008740806097549791,0.005014979745908699,46.66676296600963,0.014895387126713067,0.05635990143889692,0.5933159954145043,-1320322,-161362.2303030303
2011-05-18,155.97351084542152,156.4469662567868,153.56504845731968,155.35595703125,214826,0.006400832370152543,0,0.011913836729451323,normal,0.0003975489915755137,0.040535092200837175,0.013730324549660056,0.005669478227939839,47.5806933696786,0.12006634142081724,0.05623805814723509,1.1286043459667785,-1105496,-126342.20606060607
2011-05-19,155.62358545337025,158.09380109548724,154.80018023933124,157.37332153320312,70468,0.012985433841763427,0,0.01160251514619047,normal,0.02576165424862964,0.05187161346804525,0.024270549180195777,0.00695343626908107,64.69928003560699,0.3041786378517548,0.05458282702488729,0.3847174345765258,-1035028,-74194.76363636367
2011-05-20,158.48488666450694,158.48488666450694,155.82940044239905,157.2909393310547,29068,-0.000523482642075801,0,0.01159446506695977,normal,0.02922937339055287,0.03075675617300977,0.021425515398245,0.008009962895095146,71.6979918210858,0.39342415346678117,0.05422814671470881,0.16148413407827436,-1064096,-11445.090909091035
2011-05-23,153.29744715994417,163.44591251484664,153.29744715994417,158.52606201171875,123158,0.007852471896454771,0,0.01167286115270416,normal,0.026526228422935283,0.04363718845827225,0.02656732216690627,0.009344896222224452,77.20578283046206,0.5017140018038155,0.05702414120824697,0.6747980531573731,-940938,68478.14545454552
2011-05-24,156.96158839965003,164.5575050475413,156.96158839965003,162.25196838378906,164724,0.023503431074916037,0,0.012736531690766223,normal,0.051073413311695015,0.0712150002709937,0.0456466771509767,0.011816992936907633,81.6715809589215,0.774076224714858,0.0576449171304438,0.872863927781696,-776214,49942.909090909074
2011-05-25,160.60515212653527,164.475153218852,160.60515212653527,162.78717041015625,145786,0.0032985857225549253,0,0.012611426652074795,normal,0.047833462719498065,0.04825002785594146,0.04421330650014177,0.01410254235697428,81.87239289168457,0.9296105820452543,0.057473456276959725,0.752521550611676,-630428,71643.38181818172
2011-05-26,161.90202341280548,162.95185986127234,159.76116518498694,161.2844696044922,18064,-0.009231076391818083,0,0.012861214435924424,normal,0.02485267536571545,0.05125457564427016,0.031178658692247563,0.015483887981129651,72.63943181411477,0.8715931601570426,0.05767162599004163,0.09356274437595401,-648492,80352.84848484848
2011-05-27,161.28445837950056,164.001697459799,157.5585556876561,160.9962615966797,266432,-0.001786954494250148,0,0.010934004632500095,normal,0.023557124659458584,0.05347505804269059,0.026468136180871626,0.016516272923478015,74.23219439561038,0.7582865453297547,0.05936399168755064,1.3489462876029308,-914924,64587.85454545452
2011-05-30,162.97245139784457,169.6214448417957,158.71132763716562,168.6951141357422,430544,0.04782007024703039,0,0.014288571207289864,normal,0.06414750984776063,0.09237532976967988,0.06786993798272434,0.020097648896072462,83.0828611893867,1.1242527119268528,0.03555304192109545,1.975024117603075,-484380,74278.12121212123
2011-05-31,169.6214392046299,174.97357199506726,168.0981348463014,173.12091064453125,265010,0.02623547535127657,0,0.014716469081000598,normal,0.06698804562440142,0.12148276707721428,0.08596894363786589,0.024675134507595953,83.46197337683837,1.559992032940814,0.03128078816875635,1.1548720907581906,-219370,82416.08484848482
2011-06-01,173.73845366346083,176.62037114129078,171.72111394181252,173.3885040283203,200310,0.0015457022655023245,0,0.014663457703512921,normal,0.06512388901074395,0.11607245284738621,0.07864367571462827,0.028610418345722533,89.88477678321064,1.747699293666166,0.03148691733262588,0.8421156184258983,-19060,102456.90909090906
2011-06-02,171.63877799865148,179.62580437025812,170.6095216991103,177.81431579589844,271638,0.02552540488413957,0,0.015127962896013638,normal,0.102488765545383,0.1298885609298308,0.09510276179487875,0.03342622130749939,93.29516399527122,2.0314893620869556,0.03349816370833242,1.086502890069369,252578,128843.29696969695
2011-06-03,179.00825941311592,185.67784558852472,178.98767931177633,183.22821044921875,438520,0.03044689978468651,0,0.0157069192803771,normal,0.1380898452675472,0.1648999696261788,0.11480793354335073,0.03929566877804502,94.07676132451866,2.4190524948524716,0.03303802605780787,1.618490026902248,691098,161603.74545454545
2011-06-06,184.1339665114484,186.08955363482323,178.32895801133446,184.29864501953125,180306,0.005842083856454794,0,0.015391477196249042,normal,0.09249545230594847,0.16257631509137793,0.10851258624238902,0.044529619055024394,94.4375348594228,2.568638888751086,0.033875322326567155,0.6457747750070915,871404,191134.52121212124
2011-06-07,184.6073878938564,184.6073878938564,181.60196484198164,183.5987243652344,85138,-0.0037977525782821875,0,0.015434124640386118,normal,0.060523097306351525,0.13156546693444082,0.09344093218578164,0.04859437407699585,92.29327929790512,2.4423901249838798,0.034052512236917604,0.43538404341874,786266,205035.2242424242
2011-06-08,181.19027136240908,184.3809657127481,181.19027136240908,183.2076110839844,42600,-0.0021302614307491252,0,0.015200365723534363,normal,0.056630669436194436,0.1254425678779052,0.08172516673698382,0.05174854650206506,90.66734690740279,2.164012060997532,0.0340850790963829,0.26084145248276974,743666,207392.206060606
2011-06-09,184.03104638224065,185.2661540760812,180.7374258653325,182.3430633544922,154748,-0.0047189509451979195,0,0.01476224682058834,normal,0.025468970472501296,0.13056801936132278,0.06882116116179948,0.053953791874490786,88.48831343219203,1.7697296353010037,0.03498048566643461,0.9251091314084439,588918,183448.4363636363
2011-06-10,183.1252962003768,184.03104687059613,179.50231864782978,182.590087890625,43176,0.0013547240656617276,0,0.014570737611306136,normal,-0.003482665453257816,0.1341262590807304,0.06315417537075674,0.05570733914871506,88.12786492079763,1.39037391073931,0.032734740357173026,0.257420606884463,632094,129098.6787878788
2011-06-13,182.17839400464223,185.26616339455143,180.7580150596177,184.0516357421875,82146,0.008004530084009698,0,0.014568192727568192,normal,-0.0013402663775285983,0.09103121738361986,0.06439952334391563,0.05746516110879485,87.21013396203514,1.1145995044643167,0.031276463347815656,0.4927233543048364,714240,89180.81212121212
2011-06-14,182.8165083420964,199.6757324250977,182.79592824070804,193.78839111328125,758392,0.052902302833823356,0,0.01737944934467259,normal,0.05549965983301974,0.1193817684519145,0.10797139526179267,0.061913177917622964,90.2673901082784,1.4437684256322711,0.034500291015479814,3.8061817982893076,1472632,93768.38787878788
2011-06-15,194.3030196469587,198.02892262494308,189.7948717881471,191.626953125,155360,-0.011153598912009954,0,0.018083608394092544,normal,0.045955197992053165,0.10518834105461061,0.08572684361165783,0.06475826942216156,88.74866666121055,1.3722429818356652,0.036769334896142786,0.7915247346384796,1317272,82726.66666666667
2011-06-16,189.79485593742567,196.38209605672904,188.97145092251287,194.15890502929688,303098,0.013212921580218806,0,0.018085193865351915,normal,0.06480006125505078,0.09191942257427321,0.08968697542855053,0.06773304785251888,90.05471119690465,1.3497131137711076,0.03664577216539312,1.4578264054457943,1620370,90128.8
2011-06-17,195.1470142052236,200.4991475062108,192.26509627392284,193.6443023681641,334360,-0.0026504200827416335,0,0.01816082328079876,normal,0.06054115316577735,0.05684764312988877,0.0778884212460973,0.06982962232038847,86.46216615688726,1.16157351202218,0.03575605036376806,1.4981931260375803,1286010,91948.48484848483
2011-06-20,193.500168918634,197.2054913021824,189.44489690825137,193.68544006347656,135630,0.00021243948212967823,0,0.018301547663426593,normal,0.052342943231342476,0.05093252336690024,0.07015571304554924,0.07134394005855227,84.47211546184181,0.9123141166446835,0.03607489000388823,0.6060346087182656,1421640,105975.51515151511
2011-06-21,195.31169605404,197.6172329513049,191.0299918529281,194.3441925048828,209324,0.0034011459053935322,0,0.01808445087234422,normal,0.002868084039547414,0.05852692156113437,0.06630135369634349,0.072547389041689,84.67311106488098,0.6751479899163453,0.036573005514218174,0.9260931446437649,1630964,119074.82424242423
2011-06-22,195.55870774174304,195.55870774174304,187.9833834704748,189.46551513671875,167690,-0.025103283536715315,0,0.01962329673248195,normal,-0.011279404869894871,0.03415744583812974,0.03563440771201232,0.07175438670707335,68.99334214546792,0.10306969711479397,0.03697150702644363,0.7383181808375414,1463274,109948.64242424244
2011-06-23,189.67136505595388,191.4005081841086,184.44273777636005,187.7981109619141,94190,-0.008800568132947384,0,0.019603862004014254,normal,-0.03276076400628136,0.029916397734400135,0.023934048624485227,0.07025681803560135,58.486254779474145,-0.44423472723942403,0.03695526270034524,0.4078714557533735,1369084,76645.76969696973
2011-06-24,185.7190126429771,192.59443731279924,177.1350124329297,191.6063537597656,92530,0.020278387137897314,0,0.019655687031220684,normal,-0.010524185754372861,0.049379821069704066,0.04026942409363499,0.06985812938579405,62.317837121566754,-0.5968652700101238,0.03909079607074432,0.41636012248268167,1461614,41811.830303030365
2011-06-27,185.6778256002925,195.10581024100028,185.6778256002925,191.8533630371093,74898,0.0012891497202300872,0,0.01743779849190692,normal,-0.009459033295258767,0.042388796293286735,0.037498978758885304,0.06930172246701627,64.12971707969399,-0.7200299515501314,0.04143163911255885,0.366333224424954,1536512,6484.848484848462
2011-06-28,193.50019798270912,194.7353056294073,191.44168523821224,192.6356201171875,44464,0.004077369651982021,0,0.016817116105023813,normal,-0.008791476429903522,-0.005948607083588797,0.037605579127267585,0.06877652887976327,65.92496523113434,-0.7824701477522584,0.041301557599292216,0.22987614378426055,1580976,14175.7090909091
2011-06-29,192.6562290515629,199.26405049371505,192.6562290515629,194.92059326171875,189860,0.011861633602036958,0,0.01684804458729284,normal,0.02879193145551362,0.017187770733745777,0.044945973745751155,0.06873879066636546,70.272099507979,-0.705892958352111,0.04158683159346022,0.9842231915041415,1770836,20551.97575757578
2011-06-30,196.7938089948649,199.18167863901127,195.57928150782925,197.2878570556641,148600,0.012144759844676,0,0.016288375806703257,normal,0.05053163764610247,0.016115418584046415,0.0518627077091236,0.0691406498362288,72.17392305230915,-0.5393361978377262,0.04099092899410154,0.7957098068824079,1919436,49742.4848484849
2011-07-01,197.28787106526613,205.11021967701987,197.28787106526613,200.7461700439453,198742,0.0175292744312463,0,0.015476005012108943,normal,0.04770100836864288,0.03667480834152759,0.06318272513710288,0.07024249819338202,73.75514307240368,-0.254255698967051,0.04146401463117489,1.1372112797589415,2118178,63857.75757575758
2011-07-04,202.5164649664836,204.8220015673101,199.7786457498236,200.60205078125,119572,-0.000717917869435647,0,0.015519708269244472,normal,0.04560090897363356,0.03571053516209921,0.05614099609784029,0.07084963617546625,63.335985358907514,-0.13915051805517642,0.03727918785024464,0.6962956665243857,1998606,70406.0363636364
2011-07-05,200.51971508954304,202.166525233185,198.66705367794577,199.2228546142578,43086,-0.006875284482989463,0,0.015619780667963594,normal,0.03419530870284038,0.025103205022462438,0.044019593725191486,0.07066221626309077,65.33664175899477,-0.2151191477458969,0.03583974998072649,0.2540099149114538,1955520,81565.5757575757
2011-07-06,198.8728992729561,201.7342368415788,198.6258878097873,199.69630432128903,82642,0.002376482898751364,0,0.015555939030272881,normal,0.024500803017554862,0.05399815991415502,0.04188655111197015,0.07034802281447594,62.194014735007116,-0.28814490749343946,0.0342159082942743,0.48152546184888717,2038162,82119.5151515152
2011-07-07,200.0874216686084,203.6280657994453,198.8523141274441,199.49044799804688,71610,-0.0010308469350086558,0,0.015463344989993867,normal,0.011164351294876251,0.06226014189516538,0.036782647620786646,0.06972474057613387,63.051382796005164,-0.3981929857175661,0.03301295427570476,0.4276028029151751,1966552,65519.781818181866
2011-07-08,199.8815344894677,201.48717149158685,194.8587596990833,196.5055694580078,101554,-0.014962513593975602,0,0.016063270125345402,normal,-0.021124191734314013,0.025569171387629597,0.019205176693803283,0.06801843021498355,55.564494179590895,-0.7021201770277425,0.033102872709026156,0.5960182501757759,1864998,42307.36969696969
2011-07-11,196.46445157426567,198.4406186848811,195.39402248761408,196.4232788085937,26812,-0.0004187700615361223,0,0.01605764819192277,normal,-0.02083115280418102,0.02381983666661336,0.016959617607496646,0.06624580061938667,54.19781148774828,-0.924798022660382,0.0318291990800811,0.1599563777027539,1838186,17736.18181818194
2011-07-12,196.67028659790964,196.99964356776,192.92379138608723,194.07655334472656,44634,-0.011947287908547266,0,0.01140436152287179,normal,-0.025831881987112837,0.007480097536802788,0.004349648378447313,0.06375677326735785,60.370282670839686,-1.2272803498227631,0.03092611265816323,0.3383085934657644,1793552,-9961.975757575765
2011-07-13,196.7938178644819,197.37019891861607,193.5001974818128,195.41461181640625,85802,0.006894488018359235,0,0.011175771896207857,normal,-0.021441020250399956,0.0025344605535044806,0.010189458117351391,0.06174496216835568,67.38718039641608,-1.3259744339100736,0.02958570176923463,0.6679542781162883,1879354,-22899.369696969665
2011-07-14,180.1816326271721,199.469901120376,180.1816326271721,197.39080810546875,52446,0.010112837881944836,0,0.011018421352177758,normal,-0.010525014674380162,0.0005218316592876526,0.01842616581145262,0.060339960198499965,64.41027683970614,-1.2480176596491548,0.030675021365937038,0.4524237355539012,1931800,-24384.775757575702
2011-07-15,201.2402208005912,201.2402208005912,195.5999028607361,197.16436767578125,34188,-0.0011471680564097975,0,0.010998154018107506,normal,0.0033525676630463686,-0.017842444353384,0.015588632581221562,0.05881746591621417,63.244388499830485,-1.201148817530865,0.029338057899474523,0.3387845257878762,1897612,-14635.381818181786
2011-07-18,195.5587091336209,199.5316361852921,195.5587091336209,198.5641326904297,85894,0.007099482686193204,0,0.011081062454891823,normal,0.010899186159712526,-0.010159009256802687,0.020582781833287767,0.0576756339862774,64.34257903662478,-1.0697039376894857,0.029375605049472314,0.8726679393539775,1983506,-5498.799999999977
2011-07-19,199.89957469260807,206.05514614713,198.8771187465178,204.3023681640625,153162,0.028898650505924772,0,0.012685708981279143,normal,0.052689594096265946,0.025496640732509457,0.04509202919142652,0.05812882830074195,69.44748794898726,-0.6128298728299031,0.02885211105985186,1.6017979727835947,2136668,9302.703030303026
2011-07-20,204.57364871367284,205.30397077881744,199.4822555080569,200.1082458496093,93448,-0.020528995097527036,0,0.012191997175667125,normal,0.024018848895561273,0.0020628400196003316,0.02133812893746545,0.057064409781888425,55.4347679071803,-0.6083962998343608,0.030013896500763037,1.016770268108854,2043220,22320.775757575746
2011-07-21,200.7342214922286,202.2783359826448,198.35545327419405,201.4019470214844,37874,0.0064650068086018475,0,0.011901470562858858,normal,0.020320798898966208,0.009581907517979271,0.02521293796298507,0.056290075872161394,51.378665443381955,-0.5361693445584645,0.02843812577330856,0.4251163699098337,2081094,32569.393939394024
2011-07-22,202.40352884928387,203.1964473429757,198.87711175748456,200.31689453125,55956,-0.005387497520660256,0,0.011377219790188573,normal,0.015989333633817715,0.019395506619758418,0.0177810621913852,0.05508125843983325,49.4233202288451,-0.5758215301116074,0.028333996405100773,0.6412398495568529,2025138,31607.2121212121
2011-07-25,202.36179765458644,203.655513504749,199.52398001974407,200.92202758789065,129446,0.0030208787833732043,0,0.011375818394953358,normal,0.011874727149927988,0.022903338171443632,0.018831997402872114,0.05399073697025503,53.54734798650088,-0.5743426538246101,0.028473361128731365,1.4384551103683092,2154584,33977.16363636358
2011-07-26,199.73265319623115,201.67322069820943,196.99915441026064,197.54168701171875,85032,-0.016824141268897086,0,0.012145102799899075,normal,-0.03309154569816175,0.017854468287249903,0.001529727686869986,0.05185987640334666,45.98869260439976,-0.8001957233233794,0.029526741850439388,0.9240800712903997,2069552,24898.278787878793
2011-07-27,198.64757767372004,198.64757767372004,192.5963384378609,195.47589111328125,87260,-0.010457518763191231,0,0.012151689429551065,normal,-0.02314924463337442,0.00031358605329145917,-0.008098897431474295,0.049217182170910645,43.010074496009594,-1.0709814829480333,0.03030485559072665,1.0042813737224934,1982292,13434.43636363637
2011-07-28,193.7022423492872,199.89954821802988,193.243180296824,198.64756774902344,71726,0.016225410804773688,0,0.012394421382205664,normal,-0.013676031007620493,0.006366860015503795,0.0072281630200881075,0.04764940388426475,53.705426291110506,-1.01905090040347,0.029831049960195685,0.86370768373025,2054018,8131.587878787882
2011-07-29,199.8995873240894,202.7791404189661,197.39562589623023,201.1307067871093,42658,0.012500223718938885,0,0.012075887194346524,normal,0.004062624162398443,0.02011691644937752,0.01789745986959579,0.04681839182422154,57.51880029089994,-0.8091884913882033,0.030292680579972288,0.5669583107943769,2096676,1394.9090909091444
2011-08-01,201.36018930662047,204.4484052068566,196.5400696620996,199.5656890869141,42058,-0.007781097800505066,0,0.012205644328316844,normal,-0.006750571439377184,0.005043994516602313,0.009018330947767828,0.04546538964364655,58.99189835297508,-0.7678384090017332,0.031901962187508646,0.5893414643715915,2054618,-4322.4727272727205
2011-08-02,202.361806557222,202.361806557222,197.2078169149089,200.358642578125,54702,0.003973395902066024,0,0.012133681643151498,normal,0.014260056239365548,-0.019303376761499624,0.011772234178675234,0.04434270564444698,58.246216806389036,-0.6820459561296217,0.032233451112084185,0.76032869461757,2109320,2292.7272727273544
2011-08-03,199.8995877837076,200.31691468931032,196.7279007539656,200.2334442138672,57352,-0.0006248712940296608,0,0.012125909680804967,normal,0.02433831135640596,0.0006256531994788261,0.010068371659942787,0.043160794828024596,55.05329292037173,-0.6299350543219315,0.026668151113894298,0.8114237691477306,2051968,-118.73939393935585
2011-08-04,201.151523396661,201.151523396661,197.81290890045085,199.5865478515625,165220,-0.0032307108577414034,0,0.012147658155329064,normal,0.004726864331535019,-0.009013811419252282,0.006153037086551683,0.041783555207888234,54.24243849613385,-0.6335246338254237,0.02593084762089408,2.1923748560267087,1886748,-9123.309090909117
2011-08-05,196.14364872687253,199.89959093653604,191.97037960502416,196.122787475586,119408,-0.01735467852549155,0,0.012314343338670854,normal,-0.0248988301762596,-0.020937360602950594,-0.01024246358296177,0.039438585851322205,46.0123103058436,-0.8501597740832438,0.027829708949414774,1.56592646408905,1767340,-26015.73333333337
2011-08-08,191.97040859150715,198.64764019469,191.55308161630825,198.04251098632807,241248,0.009788375616377909,0,0.012507194978747431,normal,-0.007632464816748397,-0.014331512757121523,-0.0005015767615826894,0.037802083166421196,38.317897525676514,-0.8434723214734552,0.02741695134623974,2.7737402515875123,2008588,-17994.61818181813
2011-08-09,180.431301979062,198.0633648933625,180.431301979062,197.04090881347656,263328,-0.005057510975108981,0,0.01223875721763143,normal,-0.016558975055716685,-0.0025350507319119586,-0.005030017534551345,0.03595142415848818,43.50140206342885,-0.8816708977880348,0.03183764318906297,2.6894793607216396,1745260,-28235.999999999967
2011-08-10,181.68324501683745,199.89955930395087,181.68324501683745,195.91409301757807,225078,-0.005718689599453541,0,0.012234742636923968,normal,-0.02157157718205993,0.0022417184124403633,-0.00970890744408126,0.03388639910726621,38.290382571731854,-0.951982069536184,0.037232020599322575,2.146171317635796,1520182,-52640.884848484704
2011-08-11,196.56098118703864,198.9188757602737,193.6396927192908,194.0987548828125,63980,-0.009265990551290737,0,0.012175466783709153,normal,-0.027495805843745558,-0.022898910456120136,-0.017117156402285394,0.0314459797426867,37.133139509917875,-1.0805050936211602,0.037933463735553175,0.6067278705065581,1456202,-70152.52121212112
2011-08-12,194.68301129606456,197.3956363194824,194.68301129606456,196.8739776611328,27010,0.014297993719722069,0,0.012631589190708668,normal,0.0038302034924948547,-0.02116399427006488,-0.0027729124639115366,0.030002479107539948,42.31387230551074,-0.9433552269452357,0.03709591365386684,0.25701290298024587,1483212,-76100.76363636357
2011-08-16,197.18695807370904,197.18695807370904,193.2432138179124,194.9333953857422,34430,-0.009856977028883107,0,0.012699003448438016,normal,-0.015699233387323153,-0.023211874357592976,-0.01141601543704418,0.028079959187146564,44.76114586238486,-0.9456779260841068,0.03719759870915176,0.3358408408994253,1448782,-79294.94545454542
2011-08-17,192.3877045382432,198.64760815662413,192.3877045382432,197.43736267089844,33728,0.012845245321876808,0,0.011130450111869227,normal,0.002012038311278719,-0.014580254036645757,0.001160295361442909,0.02702150297546657,53.871545419663704,-0.7495014067557164,0.0368013364696032,0.34934244529354064,1482510,-69659.15151515149
2011-08-19,188.6317605625593,197.7086207223728,188.6317605625593,192.2833709716797,35910,-0.02610443955235442,0,0.011684258149179507,normal,-0.01853221475788691,-0.039704022838942477,-0.02264978853449806,0.024523582071781735,38.350025473949344,-0.9261981068502144,0.03868691858525885,0.3833663214127866,1446600,-58207.854545454546
2011-08-22,199.3361956402807,199.3361956402807,191.5530513305472,192.2416381835937,348636,-0.00021703794704197588,0,0.01152611796966002,normal,-0.00956789599366592,-0.03680062482683655,-0.02072972113353111,0.022248723733265363,32.13094700576157,-0.9989783707522457,0.039586914248282035,3.1923947172513443,1097964,-69449.93939393929
2011-08-23,192.5963490137353,195.3089736477316,191.55303184681367,193.61880493164065,77610,0.00716372769738749,0,0.011687515725632435,normal,-0.01653429654931382,-0.012767422777208104,-0.012424581356604736,0.02058416885643144,37.95443432959167,-0.9099828365798925,0.03777346779500055,0.7036838907979799,1175574,-74858.26666666663
2011-08-24,198.1885302198164,199.89957295300525,192.4085504588784,198.29286193847656,59686,0.024140511602094294,0,0.013009540441918389,normal,0.01723392005811286,0.0012641273376188256,0.010317539307762136,0.020403869683542464,46.38420387745344,-0.5117807901176716,0.03772493138406306,0.5588419800941921,1235260,-53754.872727272756
2011-08-25,200.3169157881924,200.3169157881924,195.3089928934876,197.43736267089844,74068,-0.00431432205483806,0,0.01247716102735031,normal,0.0,0.002012038311278719,0.005388150688303783,0.0199236575296573,45.22793632803913,-0.29236541278911765,0.038386628470514696,0.6970790966619861,1161192,-44873.078787878745
2011-08-26,198.20941799223093,200.10825030960527,195.3089909174042,197.66688537597656,47872,0.0011625089697977486,0,0.012230347855111828,normal,0.027997815812630833,0.008946739519352542,0.005928752211997068,0.01949664466819856,46.67636754053785,-0.1266022452455508,0.038869871656635614,0.4590479587746703,1209064,-41305.67272727269
2011-08-29,199.48223547021328,199.48223547021328,195.3298281940323,196.08102416992188,26282,-0.00802289773038245,0,0.011797041076111743,normal,0.01997166702596198,0.010212684199371491,-0.001938134113209311,0.01859712077935005,49.922663648184766,-0.1187218305471793,0.03780842525928828,0.25763332588331705,1182782,-39666.03636363636
2011-08-30,196.4983626992092,205.32482360583555,196.35229574501145,204.0937042236328,162920,0.040864127916667936,0,0.014780410942092233,normal,0.054100629821005386,0.03667181741472647,0.03501754478795527,0.020038876284425022,59.14242149414605,0.40261469932724553,0.03707626347411062,1.5081512557590142,1345702,-24025.006060606
2011-09-02,204.49015511517229,206.45159639121115,198.6475792547388,200.21255493164065,82988,-0.019016506691159063,0,0.015328454578988956,normal,0.009681099835856521,0.02708186319461503,0.013854404268015097,0.020101237360590885,54.408298392621234,0.4584922095031294,0.034288702242982215,0.7539373941609553,1262714,-13539.13939393944
2011-09-05,201.19329582316263,203.0921280746312,199.52398826642337,200.1291046142578,25914,-0.00041680861328263763,0,0.015304083128074075,normal,0.013633396976873824,0.013633396976873824,0.012137073969705092,0.020053978597359245,56.03347389269647,0.4610151121085168,0.02907488401303984,0.23854541973278937,1236800,37.1393939394238
2011-09-06,200.1291154847734,201.5688984249888,198.230283130165,199.3361968994141,15318,-0.0039619810240595355,0,0.015330033037520159,normal,0.008445074248336404,0.03667933369429632,0.007347318680076542,0.019710064699819174,57.72306576286992,0.38363746523731723,0.028495168518193247,0.14378818699035123,1221482,13362.193939393981
2011-09-07,200.3169102698261,201.9236213681099,199.0649295806397,199.4405212402344,27254,0.000523358739872748,0,0.015312833548461656,normal,0.017133208501610042,0.037447054262852664,0.007119229062035659,0.019365898902783618,54.1081928406495,0.316620832304241,0.028323327810416195,0.27354280793388563,1248736,7660.13333333336
2011-09-08,199.1275132314382,201.15155109564049,196.62355201448003,198.3345947265625,15428,-0.005545144521256873,0,0.014825333227188054,normal,-0.028217967423237345,0.0243560525879023,0.0013882514050727046,0.01867875782597883,55.593666261635825,0.18165437972980025,0.028691675081388597,0.16337266928153302,1233308,4463.006060606115
2011-09-09,162.34017535210415,201.1515797421959,162.34017535210415,196.2271270751953,121794,-0.010625819737966946,0,0.014866783587306049,normal,-0.019905983707196095,-0.010417595686939896,-0.008378529279117974,0.017411919830664813,47.9833263495344,-0.05315658162493786,0.0408488829589862,1.3767992249753283,1111514,-2098.1696969696877
2011-09-12,197.70864360605185,199.79527836706555,194.53695622214937,198.8562927246093,124116,0.013398584021496962,0,0.015130083506809798,normal,-0.006359953951234787,0.007186735248667198,0.0044383108252383785,0.016993901830246294,61.959068045390445,-0.0358369419539073,0.038937194925211124,1.5228751513783247,1235630,-5327.296969696961
2011-09-13,199.29445526981988,200.2125795407754,194.47433468681885,195.5385131835937,29850,-0.01668430752458161,0,0.015562341546534273,normal,-0.019051651305140194,-0.010767469666629004,-0.01115980326651278,0.015622811225119548,55.35955961438477,-0.24083311953732278,0.0388508732187657,0.4160876056074949,1205780,-7895.418181818156
2011-09-14,196.20625075450783,198.2094276310192,192.8467741109205,194.0987548828125,83642,-0.007363042079743032,0,0.015508314454054572,normal,-0.026783756501456035,-0.010109439684441668,-0.016713774105698187,0.013962621804538555,50.778645304709855,-0.45402647048707245,0.03973032754659487,1.1501482341163982,1122138,-16738.157575757567
2011-09-15,196.1436176886366,197.81292507322075,193.8065848030579,195.91409301757807,13550,0.009352652137627482,0,0.015308384667195064,normal,-0.012204132679533242,-0.040077724284390714,-0.006806366403991793,0.01298481412326491,45.74624776459365,-0.4524142349709168,0.038091701928102274,0.18806436659088574,1135688,-13245.393939393924
2011-09-16,191.9703494559828,197.16607379101544,188.6317346828352,193.95265197753903,22656,-0.010011740400232672,0,0.015313596433687663,normal,-0.011591032960415748,-0.0312662857543522,-0.015178942611662416,0.011526848120955613,44.00568002855753,-0.556244615519313,0.0397756257956431,0.3170396201569805,1113032,-13975.321212121175
2011-09-19,193.6396839580649,193.6396839580649,189.8837418123265,190.34280395507807,86578,-0.0186120065163069,0,0.015523554464963295,normal,-0.042812267355910705,-0.048899937258213955,-0.030414218971862694,0.009184008881432337,38.713811215201865,-0.8246511135775292,0.04025589697108702,1.1683373007519202,1026454,-19340.957575757566
2011-09-20,191.1356994080209,196.1436216632529,189.9254540768341,191.3235015869141,50570,0.005152270595254471,0,0.014476969432633062,normal,-0.0215559151394491,-0.04019689066578935,-0.023053635581423704,0.007391532976222193,42.52946986116975,-0.8873029755695471,0.04082078024026582,0.67573887643212,1077024,-20419.78181818184
2011-09-21,191.61564294454084,194.0361465978984,191.59478169393336,193.41015625,37820,0.01090642103964412,0,0.014686480175414273,normal,-0.003547671561459742,-0.0302364080916665,-0.01123108558553465,0.006403213010850006,29.38805069402521,-0.7451055666907167,0.0379683452260562,0.6378192047328816,1114844,-15867.757575757581
2011-09-22,192.15818003080585,193.3892867688693,189.04908946949047,189.8837432861328,26924,-0.018232822061882703,0,0.015161540028437559,normal,-0.030780581624131553,-0.04260906400157072,-0.026546523262318433,0.004506515900466912,29.79589619484969,-0.8384814430603047,0.03737833705228987,0.4743355971917585,1087920,-12189.91515151511
2011-09-23,189.8837238439689,194.8916462310626,187.7970895160132,193.38926696777344,39114,0.01846142076711743,0,0.014715176546883459,normal,-0.002904755382415858,-0.014462119227452108,-0.007764845791947028,0.0038478418740413023,38.37287293242339,-0.6239423354287865,0.03800327492032702,0.7018116767654293,1127034,-12735.903030302998
2011-09-26,188.6317449730992,191.9703599283752,186.37818242544884,189.9254608154297,53508,-0.01791105683709404,0,0.0151759634891694,normal,-0.0021925869062372483,-0.044910984645317065,-0.023161076925921176,0.0022627400362984496,35.13506478231223,-0.6709988332476599,0.04007753714799869,0.9781207899109586,1073526,-8114.230303030291
2011-09-27,187.12936594027192,196.10189364428567,187.12936594027192,194.2239227294922,31444,0.022632362694329666,0,0.01612819513149341,normal,0.015159774510297153,-0.006722923442029183,-0.0009527230774549755,0.0021147852994873872,42.72406062435056,-0.3826524532463691,0.04143901103191148,0.5835552627427691,1104970,-1802.533333333351
2011-09-28,197.6877518500431,197.6877518500431,189.88373395366887,190.23846435546875,18240,-0.020519914941550366,0,0.01665795127533253,normal,-0.01639878668228545,-0.019888280734590036,-0.019449675592387417,0.0008280866633092465,39.54739553660145,-0.42698593866422563,0.04353719237933018,0.34105315118901147,1086730,-839.9393939393783
2011-09-29,189.1534322220648,196.7487874905556,189.1534322220648,192.51290893554688,32606,0.011955755571219528,0,0.013810221298882014,normal,0.01384618611321664,-0.017360589172755514,-0.006995750518699606,0.00036249773591845447,45.22530128375379,-0.27704711450290476,0.031440649147423,0.6942513366137416,1119336,3233.6848484848106
2011-09-30,190.88531458037204,196.8113614394757,190.88531458037204,196.06016540527344,42172,0.018426070694896435,0,0.01403592465181538,normal,0.01381099623251103,0.010866123284452245,0.010214096959603847,0.0009811952310327943,46.48841377951755,0.0686571163894214,0.031115068356818806,0.9387221785691231,1161508,8295.406060606037
2011-10-03,194.05700833675263,195.16292207366104,187.37977794236977,192.5337677001953,14646,-0.01798630383580857,0,0.014541266772449752,normal,0.013733318711283138,0.0115106203102604,-0.007203672262570349,0.0004967058239861988,46.246085840244774,0.06736035703574217,0.03277647639429697,0.33015114457356043,1146862,6198.800000000013
2011-10-04,190.7183892438528,195.70545068711183,190.3010623527284,191.9495086669922,60356,-0.0030345795450952284,0,0.014535595525946948,normal,-0.011710267358093218,0.003271982139599894,-0.009252404500434075,-9.54403947079907e-05,47.25623474987952,0.03624496657767229,0.03289177239441087,1.2948208026018269,1086506,2721.8909090909183
2011-10-05,191.17746031211308,195.22552370385336,187.7971097887542,188.1518402099609,18008,-0.019784726115760765,0,0.015065456619755236,normal,-0.01096846609111024,-0.02718738323773573,-0.026178004590379444,-0.0017099591987823626,40.567961472868525,-0.2170839359189789,0.03485479267572788,0.39019655002806003,1068498,669.1272727272868
2011-10-07,190.30107121576268,193.63968650024967,185.06362358254623,188.13096618652344,70784,-0.00011094243571674323,0,0.015062369376825998,normal,-0.02276181256234877,-0.009230790742144501,-0.02384229771575186,-0.0031164072706064694,42.5758507425512,-0.35489106742223875,0.03487450145596316,1.4469663054565822,997714,-6477.745454545452
2011-10-10,181.57892223721703,190.7183780702266,181.53718700338857,186.2738494873047,91108,-0.00987140361240424,0,0.015041957602695884,normal,-0.049914861072057004,-0.03679323879775842,-0.03038681637664664,-0.004870857964971109,44.56821391862728,-0.5294431625874907,0.03718254921338483,1.9227343904981788,906606,-14893.13939393934
2011-10-11,189.0490911000978,189.0490911000978,183.6655764834815,186.2112731933593,38874,-0.00033593708466128636,0,0.01458488596198754,normal,-0.03283836691276476,-0.019556027960252576,-0.027869058194452512,-0.006400948461399714,43.004022162612834,-0.6021458954917365,0.03687488082059692,0.9014783465708157,867732,-26324.27878787875
2011-10-12,191.9703547199821,191.9703547199821,186.3155808872264,187.8179473876953,45428,0.008628232688510096,0,0.014448856389184318,normal,-0.021524208673358025,-0.03298242179321487,-0.017658688867456585,-0.0072416483216132255,42.245306549607804,-0.49930014510044196,0.03771802010003619,1.034773378525514,913160,-30686.78787878784
2011-10-13,189.0908053765843,191.9077617197726,186.5868441826392,187.12936401367188,49570,-0.003666227767903707,0,0.014399025611298353,normal,-0.005434314089875714,-0.016343174091162704,-0.019274423648124595,-0.008149142488244387,45.854223634124594,-0.43715532034256643,0.038223193461632915,1.17470579034926,863590,-36644.145454545425
2011-10-14,187.71359535676885,188.6317194395127,183.6237976844814,186.83721923828125,39836,-0.0015611915154549738,0,0.014161838093444732,normal,-0.006876842098176961,-0.029482125269666204,-0.018861419107660704,-0.008995800124167896,39.08200289353182,-0.37748263105268953,0.03748523210371629,0.9155154543219013,823754,-39895.91515151517
2011-10-17,188.2144109777196,188.9655942198941,185.7104498560648,187.0041656494141,14822,0.0008935393697973026,0,0.014057786592414509,normal,0.003920658557921675,-0.04618990164136505,-0.016299820278390387,-0.009651658823254694,44.53122500559884,-0.2923290830816567,0.036017139319056174,0.34373521581432454,838576,-35944.93333333329
2011-10-18,186.96244021070564,186.96244021070564,184.0828873171215,185.7939300537109,9402,-0.006471703940392759,0,0.013543075563929374,normal,-0.00224123455304992,-0.035006002983224094,-0.020551730862557127,-0.010543985211697415,32.15544941156419,-0.2828907774453473,0.033925343996095904,0.23947062778898467,829174,-29568.860606060607
2011-10-19,186.8372419893636,189.63332433491817,185.71045436295168,188.8612670898437,118608,0.016509350091502117,0,0.014048639885093398,normal,0.0055549521047355555,-0.01608882251689525,-0.003966029001821525,-0.01037943590085244,46.96686184999372,-0.047774632955043916,0.03190647945218285,2.78008133416152,947782,-16896.230303030297
2011-10-20,188.63171951603945,190.30102676839377,184.061985818398,184.8757781982422,46324,-0.021102732990272433,0,0.014490689486219996,normal,-0.012042929912726263,-0.017411798938893885,-0.02265945652386725,-0.011373251804451034,34.35883365094416,-0.13351915395088865,0.0320702830912734,1.075084650964174,901458,-6269.393939393883
2011-10-21,185.29314198635024,189.4664109500068,183.24824274131976,185.4183349609375,129258,0.002934709825067161,0,0.01401989325771283,normal,-0.007594227119887664,-0.014418844917303386,-0.01794018018889587,-0.01203799087175561,25.146199247212166,-0.12660444201572085,0.032088975210974154,2.6814008389101636,1030716,8713.672727272697
2011-10-24,185.4183490220421,189.88375224610868,185.4183490220421,188.2353057861328,32464,0.015192514946209545,0,0.013797179346174892,normal,0.006583490439602269,0.01052996061565703,-0.002733367762942307,-0.011739992003888866,39.61695703390501,0.08346115054286951,0.03000932812375896,0.678128962314796,1063180,18993.612121212158
2011-10-25,186.1277991529973,190.6557986078044,186.1277991529973,190.1132659912109,19610,0.00997666297103561,0,0.013430043990748042,normal,0.023247992742557955,0.020954653984884386,0.006524301048603354,-0.01088205378043039,45.82541825604191,0.349730104990416,0.02938361939658852,0.42466109402745894,1082790,25853.721212121243
2011-10-28,194.0570092461025,197.6042879097409,192.8050285412889,196.1645050048828,151084,0.03182965156125217,0,0.014365789776657586,normal,0.038669855537741826,0.04443961683788644,0.03476142117106473,-0.008309617331265895,66.5232040638577,0.9027997776209777,0.028499997235657062,2.8965490797546014,1233874,41376.54545454542
2011-10-31,195.95581002367248,198.0007217011417,194.0569780212273,195.7471466064453,62008,-0.0021275938703951836,0,0.013505943910783809,normal,0.05880363838980451,0.04605254038133655,0.029367861225324976,-0.006169023880459146,65.45291192161552,1.1917693196832095,0.026870419293476683,1.1409351517247976,1171866,46325.006060606094
2011-11-01,196.1436457286642,200.73424169252647,196.1436457286642,198.10508728027344,41176,0.012045849529387143,0,0.013509624188020576,normal,0.06842231822440148,0.060308476479848494,0.037639891146677096,-0.0035966373613837144,73.52694864422335,1.4744545753181733,0.025038375786177906,0.7517037291266939,1213042,47127.01818181816
2011-11-02,199.06491374413287,199.4822406073281,196.14362570176613,198.14678955078125,15962,0.00021050580315895573,0,0.01291055799203782,normal,0.052654754235688106,0.05958489674640077,0.034129709523213814,-0.0013405126637149323,73.75403135192269,1.5872046297784295,0.024295954359472325,0.2985426361228734,1229004,45069.175757575744
2011-11-03,197.81293207062336,199.3570465503068,194.0569903224469,196.665283203125,14496,-0.007476812271422495,0,0.012313991110390592,normal,0.03446375600226137,0.058512961894241045,0.02382375310793794,0.00018875244344074282,67.69610814354436,1.4867068722409864,0.024312261707741836,0.2711615839457976,1214508,36861.38181818181
2011-11-04,192.80501740491243,197.56254126124915,192.80501740491243,195.6845703125,14556,-0.004986710794360527,0,0.012356434750976218,normal,-0.0024465929367337713,0.03612865320558489,0.01690541350521446,0.001229277605900636,66.91414084126338,1.2863887387459836,0.02422845818001366,0.2844696680991774,1199952,31096.1090909091
2011-11-08,195.3089918926226,197.93814630454685,195.3089918926226,196.9991607666016,29090,0.006717905514994182,0,0.01138927638065199,normal,0.006396078726365717,0.06557582981670818,0.021427791127142326,0.0025100426101107853,69.31006907253982,1.1775550920786824,0.023204278929021,0.5624190398855442,1229042,20772.690909090932
2011-11-09,198.2720120311544,201.9862188807676,197.8546851326404,198.79367065429688,95210,0.009109226053106712,0,0.011470252429047175,normal,0.00347584902274245,0.072135992895078,0.027724185563489545,0.0041322240593673065,71.09781479048189,1.159710839826225,0.023617108053705763,1.7983050111154553,1324252,20289.030303030275
2011-11-11,198.23026230317785,205.74214592729825,196.62355131419105,202.23660278320312,186620,0.017319123479004217,0,0.011497880075133861,normal,0.020640320449773153,0.07438188568608983,0.04101009721003246,0.006518307861984374,77.24750367274294,1.3023876432546273,0.02540389315366628,3.2332003347199145,1510872,28590.896969696943
2011-11-14,202.4035351607233,205.7421501736837,196.5400976385339,197.6251373291016,42956,-0.022802328513424452,0,0.012966201590351977,normal,0.004880648533097887,0.03951261001553652,0.015601963926660245,0.007229873251200392,63.81575877236678,1.021215338685074,0.02790475742202901,0.7415924314619157,1467916,30430.472727272714
2011-11-15,198.23028560324963,200.25432369814945,195.7263241008928,199.3153381347656,54904,0.008552559803408633,0,0.012964501714586506,normal,0.018554185526571843,0.016062198050581955,0.02192410785728316,0.008306532315292436,74.53900757036311,0.8889522038942512,0.02705493881527727,0.9401724037549359,1522820,40668.88484848486
2011-11-16,199.4822293966328,203.488569605316,197.3955951979232,202.86257934570312,461910,0.017797131139697164,0,0.013263756465144492,normal,0.029763672882080483,0.036350122403385976,0.03615317943174534,0.01022703839769279,76.89827075721902,0.9734417823413102,0.026537776859427736,5.845866850260964,1984730,68466.14545454543
2011-11-17,202.82087810494065,203.279940252751,200.31691664685496,202.1740264892578,244280,-0.003394183681712626,0,0.013311383666017928,normal,0.017004343366843866,0.02053929691986034,0.029436572305223674,0.011653299394662309,73.00277396701462,0.9168215264112738,0.02609735840548552,2.7374295415578738,1740450,75831.21212121214
2011-11-18,201.15153638934493,202.4035169062911,193.3057969108043,196.6026763916016,33238,-0.027557200073631827,0,0.015069082551538614,normal,-0.02785809449954557,-0.007792774047363116,0.000966352722868713,0.011251228265750424,59.54569246391056,0.4610261528798485,0.028497153459189458,0.3686647189705161,1707212,76054.60606060606
2011-11-21,197.39558937360053,201.13066957340573,194.47430158160225,199.4822235107422,45286,0.014646530616933218,0,0.015138673240089016,normal,0.009397013996999881,0.014323526052677726,0.014117736535828262,0.011682923002168666,55.38247959940471,0.31719484127039177,0.02778692960426632,0.4924960849138681,1752498,71985.28484848482
2011-11-22,197.6668490732141,200.31687697198345,196.24794040849005,198.3971710205078,60490,-0.005439344274082325,0,0.014953331410409687,normal,-0.0046066054065391215,0.013862108308672072,0.007776030808834156,0.011702925900890504,54.20808392519309,0.1227019987020519,0.027983971859400623,0.6793110534880247,1692008,57125.01818181815
2011-11-23,199.8578613391928,199.8578613391928,191.9703850234348,194.0987548828125,33716,-0.021665712850567842,0,0.015000699084633662,normal,-0.043200793814003435,-0.01472293522724899,-0.012736335682118849,0.010448231440724598,44.00748063538839,-0.29869789745538644,0.02967103494370027,0.38133498914785496,1658292,36400.71515151516
2011-11-24,194.07786660883977,197.3747592541129,191.55304399903548,195.5802459716797,15846,0.007632666627674256,0,0.01504385808246114,normal,-0.032614379958092576,-0.016164622706752785,-0.004707891156299326,0.009742102764787042,46.31958341958118,-0.47068729078478344,0.030353143385431307,0.19150378693118986,1674138,17685.042424242445
2011-11-25,193.63971649230285,199.6074871433241,192.4503320658242,198.04251098632807,37304,0.012589538388273258,0,0.014941725935811364,normal,0.007323575757730572,-0.020738539607348505,0.0070721201178503,0.0097957805528881,51.920909389636925,-0.4136715524060284,0.030645567645760312,0.44951564761270124,1711442,9204.424242424266
2011-11-28,198.6475876933777,200.3168951529859,194.4743190443572,195.3507080078125,26262,-0.013592046299096827,0,0.015259414812573804,normal,-0.020711196367365514,-0.011508805772524444,-0.005989724818478148,0.009036250604723017,49.55555447220265,-0.5440864305951316,0.031464584705925405,0.31519556599459675,1685180,-6003.551515151441
2011-11-29,194.0570068236955,197.0826268225596,194.0570068236955,196.20623779296875,24844,0.004379455768965146,0,0.013520452208657911,normal,-0.011043167683639,-0.01559890157422128,-0.0014808743718187634,0.008586891851340095,48.93138094002279,-0.5575200519053982,0.03147172046836579,0.3226170889404566,1710024,-18829.636363636324
2011-11-30,196.14361219349857,197.8129195313156,194.89163169013585,195.7471466064453,647412,-0.0023398399137944947,0,0.01352237413558934,normal,0.008492541462350012,-0.035075136884325175,-0.003454957767926037,0.008032970974896303,45.74090689370792,-0.5795532133257773,0.03079172777209994,6.091689805688671,1062612,-38444.24242424238
2011-12-01,196.2270999355292,199.48224443661616,194.6829854177436,195.51763916015625,833608,-0.0011724689236491947,0,0.013226929810203115,normal,-0.00032010805187610014,-0.032924047884337115,-0.004184897050583114,0.007455873148080938,39.67949126609709,-0.5898489681996666,0.029249887140718227,5.713576811435269,229004,-108636.52121212115
2011-12-02,194.4743312414305,196.9782925878868,191.9703698949744,194.077865600586,145838,-0.0073639062222456975,0,0.013311464428411456,normal,-0.020019163390711525,-0.012842199492679174,-0.010432478946629353,0.006514469306923676,43.96308160852918,-0.6681401943927017,0.027923267600181812,0.9569843293635614,83166,-170678.90909090903
2011-12-05,194.47434010235008,196.1436477427136,194.0570131922592,194.5995330810547,112062,0.0026879287797934026,0,0.013243117278503903,normal,-0.0038452633953482973,-0.02447681975744853,-0.007037554604657048,0.005821022699586509,41.64198923117278,-0.6582480977249898,0.026952299811654437,0.7125380551860603,195228,-203904.35151515156
2011-12-07,196.0601688562011,196.14363932896137,192.8050241914472,195.37158203125,18858,0.003967373086520842,0,0.013232813402130575,normal,-0.004253971591868799,-0.01525016195389739,-0.0028038720808863937,0.005417599174163623,35.27486832475478,-0.5761239217104479,0.025838788622557278,0.11974344500202239,214086,-221257.84242424244
2011-12-08,196.560939071766,198.2302464099551,191.4695465959676,192.7215270996093,108906,-0.01356417808612942,0,0.01346628352316252,normal,-0.015456774513904481,-0.007095500349987849,-0.014797792257862152,0.004287190612426439,32.74940142988473,-0.6701087348643686,0.02760162643638116,0.674434518741001,105180,-228885.18787878787
2011-12-09,194.05697832597872,196.03928079274945,188.27699911254945,190.8018341064453,93030,-0.009960968149509197,0,0.013386941939928215,normal,-0.024119588769420663,-0.02443197594672364,-0.022319737119236405,0.0027365591185468663,37.78561303265471,-0.8214111054121853,0.027379396904780296,0.5765065672668458,12150,-221704.89696969694
2011-12-12,193.6397078017527,196.01847654795088,189.88376519352903,191.74087524414065,378592,0.004921551944681246,0,0.012717334260299137,normal,-0.012041508954219848,-0.03181961140970613,-0.015867058449846372,0.0016466737300169232,32.24903974063716,-0.8163975944585703,0.02705097674750763,2.2144143522350204,390742,-171241.8909090909
2011-12-13,189.8837179101032,194.47431328814963,189.4663910575535,191.9703521728516,44478,0.0011968075582149407,0,0.01180898599104954,normal,-0.013510725676345703,-0.01730403677280612,-0.013308884202013371,0.000758205068459139,34.66142741647661,-0.7570931287383179,0.02736801960876989,0.26003956895100183,435220,-104095.12727272733
2011-12-14,191.34441287038567,193.01372072530737,185.4601001346256,186.3156280517578,34308,-0.029456236638052413,0,0.013112226345127355,normal,-0.04635246275501659,-0.05040925228711246,-0.038492898043492985,-0.0016498655544713303,32.55386812800418,-1.0406593784973657,0.028070653974398445,0.2017958584440991,400912,-22012.41212121214
2011-12-15,185.71043799401863,190.0923696770236,183.2273382793276,189.3203125,17532,0.016126851406192744,0,0.01297549410712491,normal,-0.017648337737856123,-0.03283232587480123,-0.02084322574217734,-0.0028735891143130132,36.865083202011064,-0.9692702406608298,0.02801877958382956,0.11862417072353842,418444,33733.81818181817
2011-12-16,190.71837830223745,192.366824521929,187.4006246138173,189.5081329345703,15420,0.000992077564684557,0,0.013012042957776086,normal,-0.006780339287269399,-0.030736389061364,-0.018013362668358845,-0.0038744150631466745,30.203175227927076,-0.8567007967812599,0.027165205150552558,0.1130900650157864,433864,42555.36969696969
2011-12-19,190.71838208993856,192.721545997874,184.04115208241336,185.7939300537109,54164,-0.01959917404780598,0,0.012330164971465907,normal,-0.03101553167970883,-0.04268356683148766,-0.03383101699487456,-0.005811097213253791,28.83544298664451,-0.9712868288735466,0.028799264751197845,0.39421300777741713,379700,36216.83636363636
2011-12-20,185.7104858312436,186.96246663460025,183.2065242245301,183.91598510742188,16074,-0.010107676530369702,0,0.011719196064954801,normal,-0.04195630718110832,-0.05490017270073766,-0.03960912992131649,-0.008026885327330091,23.961032747285643,-1.102843272720305,0.029376970490853978,0.11824577819757946,363626,32877.98787878788
2011-12-21,186.9415888729496,186.9415888729496,181.93366610178427,183.49864196777344,21886,-0.0022692053624631114,0,0.011719976764829308,normal,-0.015119429934250195,-0.06077106987636238,-0.03795967518689525,-0.010053912208759952,24.00349505407094,-1.1424142377416602,0.030256026747129537,0.16331982657622363,341740,27561.3696969697
2011-12-22,184.79234955235967,185.5018103894542,180.3269592834564,184.27069091796875,19842,0.004207382364883605,0,0.01105681004377445,normal,-0.026672370837288017,-0.043849985566338234,-0.03078170517659462,-0.011560149443341716,26.666590690948453,-1.0437480936442614,0.03027485162111654,0.14883736281376278,361582,14519.321212121227
2011-12-23,185.6687192297989,189.4663962390196,183.6238201435432,183.68641662597656,174220,-0.0031707391396946782,0,0.010794659886202929,normal,-0.03072013965017406,-0.03729218596766304,-0.030729653468604012,-0.013004475939695781,27.64801567035525,-0.9477883176247985,0.03069571517270211,1.2335731279030249,187362,-17335.53939393938
2011-12-26,184.91753596898832,187.3589006703305,182.789166415618,183.68641662597656,26284,0.0,0,0.010182770305536108,normal,-0.011343284611747495,-0.042006998288228736,-0.02788462789562607,-0.014217819514197316,25.987007771968592,-0.8191079890731316,0.0316612969933275,0.1868340429766635,187362,-26074.715151515138
2011-12-27,182.37186381616573,189.36208971758623,182.37186381616573,186.5659942626953,68082,0.01567659541522959,0,0.010773254129299149,normal,0.014408802767881257,-0.028152044568268253,-0.01145466161652009,-0.014373639257810655,32.26888184662242,-0.49102985720091974,0.032570670527223705,0.476858207491665,255444,-25669.915151515153
2011-12-28,188.2144056519625,188.63173249376285,184.06199848172707,187.94314575195312,25108,0.007381578270468259,0,0.010890649161262006,normal,0.024220908321273882,0.008735272060716115,-0.0037631614970018434,-0.01404971727889659,39.858254701094026,-0.1499336134007807,0.03149932363718761,0.17584455531805815,280552,-24003.68484848485
2011-12-29,187.94320489184108,189.257782310008,183.54039768393795,184.7297821044922,23290,-0.017097530397314542,0,0.011396500782924522,normal,0.002491395588937184,-0.024247426675401362,-0.01885308677252706,-0.014667315884237309,37.783404700008255,-0.11117292069336937,0.0312565620570636,0.20873084654742688,257262,-20980.109090909078
2011-12-30,186.8163792099805,188.1726915984776,185.00100469667711,187.2128448486328,25106,0.013441594072449492,0,0.011962812880026279,normal,0.01919808926229316,-0.012111818371035143,-0.0051281598886027124,-0.01441628172107301,41.422779901576206,0.09984381623681404,0.029814975255518173,0.3528403181830958,282368,-13605.393939393942
2012-01-02,185.71048606031115,188.1309771887968,184.1455100541849,186.2530059814453,16654,-0.005126992584101542,0,0.011921388274045128,normal,0.013972668216914785,0.002470887652797238,-0.009263707743426552,-0.014429583963542214,39.46151613404041,0.1878199566506744,0.029576509655741694,0.257424089725913,265714,-8913.696969696972
2012-01-03,187.379764116103,190.238455714924,185.7104566406812,186.67030334472656,47238,0.002240486595544322,0,0.011912568689630254,normal,0.0005591001856661837,0.014975958917850196,-0.006377399779228687,-0.014264599607352935,50.810182280556454,0.2815223175202535,0.028352651237965994,0.7686775062811617,312952,-1335.3333333333442
2012-01-04,184.45849698004,188.19357797475035,184.45849698004,187.04592895507807,12650,0.0020122408525680147,0,0.011868877456678409,normal,-0.004773873467347367,0.019331407302336512,-0.003962692442834981,-0.01395714020735106,44.095440162130224,0.370600689616706,0.02710045682153396,0.2068913632260006,325602,6088.193939393926
2012-01-05,186.1277858139576,188.21442018406924,178.8454267679458,183.4151611328125,23998,-0.01941110315818506,0,0.012232358803791374,normal,-0.007116453864142391,-0.004642788176971169,-0.021124996420614495,-0.014718046870115464,36.58083478567115,0.1955878565308451,0.029351528731939556,0.42177377684198686,301604,13721.151515151514
2012-01-06,184.8758190387132,186.1277997545509,183.66557356056447,184.9384155273437,13846,0.008304953555219985,0,0.012319713611702313,normal,-0.012148895676084903,0.006815958002580391,-0.011772390021252632,-0.014874245472227043,47.91455426652127,0.19269410709085477,0.026804853510082396,0.26154828423872184,315450,11221.684848484849
2012-01-09,186.1277787067653,188.19355174861755,183.6238175582438,187.8179473876953,36260,0.015570220238671162,0,0.012830755315051243,normal,0.00840223435860099,0.022492304208489244,0.0032691650347103085,-0.014097713595542016,59.068789298418,0.3839482304158057,0.026703385862011476,1.012227122997041,351710,9147.454545454546
2012-01-10,186.1695133565281,188.8404026927564,185.7104512669096,186.54510498046875,21868,-0.006777000946555756,0,0.012884166879809252,normal,-0.0006706924562425165,-0.00011196725485329573,-0.0031948755069088897,-0.013749310565542072,56.809675084637924,0.4209947012080719,0.02616650976199975,0.6303561391118861,329842,8427.127272727268
2012-01-11,186.5451053040978,187.7553506436972,184.0411441590764,184.6045379638672,21988,-0.010402669192551284,0,0.011304375601300898,normal,-0.013052361015551517,-0.017763924162960576,-0.012288345032965498,-0.013974445169693483,50.70919158188717,0.31587260894979075,0.02587640913133948,0.6452729967278543,307854,7279.527272727282
2012-01-12,186.7537876695472,186.7537876695472,181.7458648717046,182.83091735839844,39016,-0.0096076760898256,0,0.010776435207716888,normal,-0.0031853624902414834,-0.010279147869181493,-0.0197448199401149,-0.014649796826918804,48.27007619983264,0.13708688178734452,0.025801349833625937,1.1099952488925937,268838,2120.1818181818226
2012-01-13,182.99782099492515,190.02978085967897,181.95450388549,183.1856231689453,79902,0.0019400756484284631,0,0.010790915029273172,normal,-0.009477708313875066,-0.021511460300406404,-0.01617119289596536,-0.015079321520066524,49.00165599779037,0.057014829594155714,0.02711828735118212,2.082201919017663,348740,2852.5454545454613
2012-01-16,185.1679535189892,187.37978102924345,181.78760302898408,182.9978485107422,29978,-0.0010250512838004822,0,0.009928744736771411,normal,-0.02566367561776961,-0.0174770734762123,-0.015568982360433914,-0.015455303768987627,42.031619723685175,0.008262321246869098,0.026600420950011472,0.8066299829138022,318762,34.969696969703335
2012-01-17,185.7104585387277,185.7104585387277,182.7891704268826,185.3557281494141,19792,0.012884739672409218,0,0.010112875343224624,normal,-0.006375813673476949,-0.0070422299195862514,-0.0026108151464409035,-0.015019107370794926,44.46426414466064,0.1441348618815781,0.02562679726722694,0.5299006168608635,338554,803.151515151514
2012-01-18,186.75377677297047,187.79709396164628,184.875805833354,185.7939300537109,47576,0.002364113095785214,0,0.010100642924462343,normal,0.006442919025514637,-0.006693537295151986,-0.00022879655520446907,-0.01445273023160143,52.58351411264027,0.26576628254155943,0.024491394782790332,1.2314254728237939,386130,4699.393939393942
2012-01-19,185.3139660277363,189.88369971970783,185.3139660277363,188.7569122314453,56888,0.015947680189970947,0,0.010643588002325472,normal,0.0324124330756943,0.029123825236915923,0.01419729688757565,-0.013017746883601689,53.663286908723386,0.5326153686271229,0.024533352856645225,1.4050860518880042,443018,9365.078787878783
2012-01-20,188.42310253223272,194.1822088774334,188.42310253223272,190.2802124023437,50974,0.008070168943167477,0,0.010694129336332021,normal,0.0387289630630856,0.028884192933999797,0.020207343083282536,-0.011265665745624043,59.30571451338448,0.7834043235491917,0.025002749297374224,1.4850443846886663,493992,16020.121212121207
2012-01-23,196.6027183342863,196.6027183342863,186.5451368220013,188.2353057861328,42338,-0.010746816972681095,0,0.011054284325404815,normal,0.02862032159401684,0.0022221433267821666,0.00835568567239342,-0.010312733290131937,53.36328781354159,0.78148016987692,0.027372647227757053,1.2052630979628556,451654,20619.006060606058
2012-01-24,187.79709557811435,191.42784452028016,187.79709557811435,189.63333129882807,14278,0.007427010075801821,0,0.01063484961575617,normal,0.023077803918559292,0.01655485046730476,0.014314128999818765,-0.009027904648518104,55.326424427772544,0.8391999366844675,0.02713155064242189,0.44017091382169965,465932,23327.381818181813
2012-01-25,188.23526819209445,191.51128646988028,186.54509956552064,190.5097045898437,162864,0.004621409564516954,0,0.010563565092341331,normal,0.025381747050452708,0.03198819861693947,0.017160949344922072,-0.007616031497653775,66.47291408325952,0.8960742592792612,0.025355979437444075,4.141466540538891,628796,31803.806060606075
2012-01-27,191.1356876546681,192.8467302004844,188.42306326655608,191.69908142089844,24878,0.006243129889972776,0,0.00974802005664105,normal,0.015587080518913998,0.04850472879877299,0.021224528530458198,-0.006006538119803784,65.94490016691049,0.9673700480475883,0.025836203405444434,0.6313476091623821,653674,35145.939393939385
2012-01-30,191.9703398848551,192.01207511459955,183.6655385978667,186.10690307617188,20292,-0.02917164914550774,0,0.01157759385568964,normal,-0.02193243991838434,0.0159471024892186,-0.007756767637567719,-0.006251568465140189,46.4223157397688,0.6089796489780073,0.028062086728881726,0.5181302168578716,633382,38043.357575757596
2012-01-31,187.7344780737514,190.2175650846713,186.8372279313887,189.2785797119141,21504,0.01704222994052018,0,0.012132260845103646,normal,0.005542392387146711,0.03432133903368384,0.00827431666269196,-0.005496213337808364,55.295057245060484,0.5579584517940364,0.02796195332259108,0.5456981607048601,654886,36664.98181818181
2012-02-01,186.6077234654541,194.05701128450443,186.6077234654541,193.78575134277344,30952,0.023812370304761243,0,0.013174091916128616,normal,0.021897100132686642,0.04548024103449322,0.029119546128692164,-0.0034783746240489855,66.17654017223438,0.7862214015394786,0.02868833387510056,0.8020294308938877,685838,34220.13333333334
2012-02-02,196.06018029791213,196.06018029791213,191.5530546935628,193.7022857666016,30038,-0.00043071059452770566,0,0.013184853350240304,normal,0.016758102604963465,0.04256519957678084,0.025874552513560634,-0.0017393288780983562,70.36750740126234,0.8828126233373952,0.028516024396881067,0.7611976229996326,655800,29099.078787878792
2012-02-03,195.726304206596,198.98144873447305,191.9703623348276,198.29286193847656,57472,0.02369913268553936,0,0.01305227898181657,normal,0.034396515980693154,0.05051973776376828,0.04519118539638889,0.0011334307437123048,74.42648576847861,1.1880854019103664,0.02747252443143843,1.3971489138256288,713272,27636.666666666664
2012-02-06,198.2302679386799,200.2751671028862,184.3124139478241,198.27200317382807,52126,-0.00010519170707701253,0,0.01304135952861827,normal,0.06536619489432449,0.04200011483372679,0.04061341679526387,0.0036108533579202184,74.83039298225074,1.311153942492225,0.031211470925420624,1.2108471237560745,661146,23453.478787878805
2012-02-07,203.6555229529795,203.6555229529795,197.81294647482025,198.41807556152344,94104,0.0007367272502276645,0,0.012741186105073798,normal,0.04828594901504357,0.0540959610784173,0.03729213970176759,0.005785591205649476,72.88013915378762,1.3212337114323298,0.03224012882403974,2.0483485483681383,755250,19554.59393939396
2012-02-08,200.421258681048,201.9862346728313,197.0200467394004,201.15158081054688,27930,0.013776493100679632,0,0.012754747012021795,normal,0.03801017059682876,0.0607395832411346,0.04644162981607147,0.00844609368859528,74.89853603943483,1.4220784707283787,0.032528148983724574,0.6039637146038989,783180,14451.078787878803
2012-02-09,200.31695062421576,203.61383122274424,200.31695062421576,202.7374420166016,49390,0.007883911225874618,0,0.012327256221734615,normal,0.04664455153041791,0.06418432831589072,0.04922654318476405,0.011176836419911407,73.72529014816855,1.4980453524408506,0.0318252536218039,1.0372868825948345,832570,19053.73333333334
2012-02-10,207.41145761224288,209.08076511817643,203.8641791621341,206.05514526367188,334890,0.01636453145541128,0,0.012099042873078914,normal,0.03914555092559846,0.07488853747427693,0.0596956690935162,0.014455408087830746,75.23363345420188,1.661544717757041,0.03151535124646772,5.366113161230157,1167460,41111.66060606059
2012-02-13,209.08078363086184,220.3486102936029,209.08078363086184,216.1127319335937,660724,0.04881017000110299,0,0.015357979960126401,normal,0.08998107889253726,0.16122899452655282,0.09974972166795704,0.020120164545274877,85.4941683468505,2.2976734590523185,0.031448694978407035,7.225022799493491,1828184,91628.56969696967
2012-02-14,220.32771355499565,220.32771355499565,213.8382861906311,216.4465789794922,264080,0.0015447819427920617,0,0.015285464568854022,normal,0.09086119481276111,0.14353446284797977,0.09090848722732381,0.025007660675987697,85.0901299380762,2.570907008125993,0.03234356826708945,2.56004343000063,2092264,143500.9939393939
2012-02-15,218.6792785528715,221.14151725957285,217.00997108300223,219.93125915527344,241302,0.016099492965935935,0,0.015350336594794305,normal,0.09336082902780696,0.13491966066304384,0.09713744540546965,0.03009504045030509,86.04296433820105,2.797580719339697,0.031743008376713365,2.1124223058741136,2333566,193176.04848484846
2012-02-16,221.1832472684636,223.26988167665664,218.8879494194512,220.932861328125,95728,0.004554160134846663,0,0.015310524348042948,normal,0.08974868741824915,0.14057952622373526,0.09151675116327462,0.03462511171571592,85.9784557244141,2.8183485261186014,0.03158560800498387,0.8207301933510291,2429294,226097.63636363638
2012-02-17,222.6439156857396,226.3789967789141,217.42732909516465,219.24269104003903,174942,-0.007650153435417417,0,0.015637217351994193,normal,0.06400007997612556,0.10565094929167174,0.07465455320754044,0.03790838536755503,95.11366776148348,2.530763601939432,0.03202625535568807,1.4276282986087026,2254352,231811.50303030302
2012-02-21,222.10137743385943,229.3211275846968,219.0966187114937,220.2025451660156,348814,0.004378043899311956,0,0.015653521046818056,normal,0.01892444371893176,0.11060836447473976,0.07126278916873452,0.040843578577174355,94.80051869251625,2.2283350817134684,0.033869843556860006,2.5380787485911247,2603166,234396.7636363636
2012-02-22,222.3517499525224,222.3517499525224,212.83670246601105,213.67135620117188,121832,-0.029659915873904708,0,0.017295494312417427,normal,-0.01282174470673092,0.07687445106239243,0.03559447987871489,0.0414114306551161,77.21298967169164,1.4493169898125755,0.03559569309044866,0.8615697949889326,2481334,213070.6060606061
2012-02-23,218.2619463040172,218.2619463040172,209.49808230328225,214.6103363037109,216316,0.00439450621380888,0,0.017300220584439852,normal,-0.024193572446224665,0.0669085246008585,0.03618369052111636,0.041992588491056804,77.95755572005339,0.8858446547208718,0.03685671853643636,1.4277445087384306,2697650,184483.27272727276
2012-02-24,215.25721692763724,221.07893246633049,213.295788075319,216.15447998046875,104752,0.007195103942116754,0,0.017296279707859994,normal,-0.02162820559572387,0.06617937875909718,0.03931961473042822,0.042746632575179744,76.00243102434881,0.523611481459513,0.036848552758466116,0.7049103216415786,2802402,141696.65454545457
2012-02-27,219.9104039539333,219.93126520355824,210.3327469878432,211.85598754882807,53746,-0.019886205606421292,0,0.018273984499720963,normal,-0.03369190305122638,0.028151892435072767,0.0168452359476996,0.04205728231257311,67.58504323174152,-0.06755682576947386,0.03545045687158015,0.3581951485770763,2748656,94427.68484848495
2012-02-28,212.8367186749877,215.7162844692355,210.81268066591727,213.02452087402344,44832,0.0055156964819134124,0,0.016392366551673688,normal,-0.03259737205389923,-0.014289815467786404,0.020272033186627292,0.041611987245413706,68.42101414413543,-0.42218043273095596,0.03494115157387518,0.29636347891272574,2793488,74486.3515151515
2012-02-29,214.50603842212163,223.2281813014721,212.0020768841202,217.17694091796875,161660,0.019492685757058537,0,0.016481051625094497,normal,0.016406432659585635,0.0033743288617453793,0.036196682025463334,0.0421855756446321,69.51215796435838,-0.4185655346408126,0.03633193713461682,1.0213448823772835,2955148,69267.51515151518
2012-03-01,214.9650834061661,221.141542116214,179.4088379428589,218.5332489013672,161820,0.006245174914360385,0,0.016000465821191395,normal,0.018279234193569582,-0.006356578229378629,0.038448062969396624,0.04287673457450669,69.34077324680247,-0.3680905247046278,0.04866936719066901,0.9817691380367893,3116968,78502.8242424242
2012-03-02,219.0965769923772,227.94391052905743,215.75796248582665,224.6887664794922,613610,0.028167418958307877,0,0.016646432251225085,normal,0.03948234845650478,0.017000210510961455,0.06085860758566142,0.04495050586770044,71.3329548332998,0.016222809348208855,0.04919340410431591,3.1628810820423343,3730578,118093.85454545447
2012-03-05,221.1832425486689,230.78176062153565,221.1623812993544,226.33721923828125,251928,0.007336605138822172,0,0.01620874608378433,normal,0.06835412988323308,0.032359246114829876,0.06170104416687616,0.046991058688763854,64.49698278808901,0.3019658749067169,0.047360050010164925,1.2366002818487354,3982506,143990.4727272727
2012-03-06,222.8525298667347,230.1348882310461,222.64386644925648,224.2505645751953,883966,-0.009219229034042153,0,0.016536708332758006,normal,0.05269836380859938,0.01838316358299963,0.04673780974034547,0.04800245190170638,60.54108376690987,0.27189381104939425,0.04811976505439648,3.6033430852896013,3098540,123977.7090909091
2012-03-07,224.25057728473908,224.25057728473908,220.36944259400025,222.1848297119141,143478,-0.009211726477453497,0,0.01685945991249792,normal,0.023059026307203023,0.03984377532909367,0.03344448175296555,0.04813394985909203,53.165300301677654,0.04616672146633949,0.04830552863028577,0.5790376411999015,2955062,82012.20606060607
2012-03-09,224.93915407011343,231.61638313341925,224.58443646476832,231.32424926757807,361870,0.04113430951840491,0,0.018563820192934198,normal,0.0585311408241771,0.07788027944848874,0.0682272049689574,0.05045356434542869,61.87970863916004,0.4246213936949097,0.04795624718986293,1.3682113095688209,3316932,68463.97575757571
2012-03-12,233.7030532217317,239.10744142180656,231.61641881796623,236.64520263671875,257896,0.023002142602809528,0,0.01889900708529454,normal,0.05321332412191526,0.09479665958393046,0.0832252040570951,0.053625002227807084,68.3700032955128,0.9172728805572916,0.04652526321424852,0.9381130431018522,3574828,68459.81818181816
2012-03-13,237.8763490715308,241.59056892111795,237.08341771931333,239.52479553222656,816900,0.012168397514182194,0,0.018823588797790433,normal,0.058265168841107995,0.1306019636429745,0.08643119207961325,0.056866491672954655,69.60201335404315,1.2977825410588473,0.04439164097374602,2.732017479025771,4391728,100068.03636363642
2012-03-14,239.9629130762579,239.9629130762579,233.89081315273657,236.8329620361328,212296,-0.011238224794691831,0,0.01657997040330699,normal,0.05610865455243208,0.11176385265144662,0.06668155335953374,0.058719384514617445,75.48197582809925,1.2295436068101564,0.04385780514818694,0.7675520737673741,4179432,103169.24848484847
2012-03-15,234.1204146845193,238.7110110508824,231.1156556049404,236.3531036376953,231520,-0.0020261470122739933,0,0.016635078151028434,normal,0.06376796266492124,0.08829741610077146,0.05801899470336602,0.059944876771049316,74.16512002735108,1.0219756493340597,0.04359371146939517,0.8420121588417823,3947912,87620.10909090897
2012-03-16,237.79281102595715,241.42355936395427,236.62430105334843,238.77354431152344,87442,0.010240782272689763,0,0.016471581405024475,normal,0.03220282814072206,0.09261883723374065,0.061890570553622126,0.061362818126145635,74.65872989732699,0.9207210366067162,0.042340308504337454,0.32717046673107153,4035354,75595.03030303022
2012-03-19,237.89713562627887,239.8377154217117,230.61477792152965,236.0191650390625,133818,-0.011535529534492106,0,0.016844468547573495,normal,-0.0026454692116336664,0.0504270806996685,0.04470203776559911,0.06163244378028798,77.25984158713094,0.559066073716254,0.04272076097374791,0.49714699045479854,3901536,86046.16969696953
2012-03-20,237.8554963478444,239.8795218335199,231.6581759589629,233.1605682373047,186004,-0.012111714746913416,0,0.01702764757537466,normal,-0.026570223265530823,0.03014682703086491,0.02890839164322112,0.060893175569012525,71.88217377779225,0.04523062297985447,0.04426091422487478,0.6896060802669386,3715532,101074.61818181815
2012-03-21,233.07705953762687,237.0416648475776,232.972727818944,236.2904815673828,77722,0.013423853586137069,0,0.017179512294256457,normal,-0.0022905615168011817,0.053689572710753586,0.038495085424948616,0.06079102556421967,71.24309477527984,-0.1549828692887818,0.04151108247890199,0.30339961213317385,3793254,64647.43030303053
2012-03-22,235.08024289978565,238.9196555594301,235.08024289978565,238.1267242431641,48734,0.007771124184101419,0,0.015292506341294322,normal,0.00750411387949268,0.07175059859811461,0.04194454801606806,0.060911152161812865,71.54663926404915,-0.23033447335274815,0.029824497911121024,0.19299409343188834,3841988,12892.484848484914
2012-03-23,237.87633840221943,240.75590426626,234.24558919544188,235.9983673095703,98470,-0.008937917154650754,0,0.01563202381143568,normal,-0.011622631853771881,0.020205914670820224,0.029432479983024118,0.06023627719465119,63.645612407211026,-0.4759615154552481,0.02837565238667836,0.39927306109076516,3743518,-30859.503030302967
2012-03-26,236.2070228882901,239.96296494835127,235.39323034762108,239.12831115722656,78614,0.013262565683560545,0,0.015737910534458072,normal,0.013173278185478976,0.01049295947198936,0.03882272080273674,0.060183235582120576,64.9004188158188,-0.4787804438296197,0.02649589542644773,0.3204597493113992,3822132,-58301.127272727215
2012-03-27,239.9629471433725,240.3802740079697,238.64835733124727,239.149154663086,57496,8.71645258504472e-05,0,0.014660441088804594,normal,0.025684387677792353,-0.0015682755027758288,0.03507724647067678,0.05989605895768846,68.23300141248745,-0.5265884605199407,0.0247734686075287,0.23419596763879014,3879628,-31144.230303030166
2012-03-28,236.62436856960687,239.8586522669869,234.537733926136,235.18458557128903,70388,-0.01657780934823816,0,0.015520174662166685,normal,-0.004680239291731336,-0.006960080432521387,0.016183846142521885,0.05843036259390266,65.20263470079088,-0.8532281106618438,0.025628362293453468,0.28522385785650145,3809240,-15772.472727272603
2012-03-29,236.6034373875117,239.9629130762579,232.4301693340115,236.8329620361328,124940,0.0070088626805182574,0,0.015156527046400756,normal,-0.005433082788768195,0.002030260618760771,0.02103980624202384,0.05733409458020344,57.81069684624557,-0.9773612845628223,0.02487730783502011,0.5100724405745602,3934180,-4533.29696969696
2012-03-30,239.54561281767096,248.1425357719609,237.4798398079353,247.47482299804688,1432356,0.04493403650582417,0,0.0176599716529065,normal,0.048629385954278126,0.03644155265028459,0.06016255294481132,0.058754488236280045,63.34196316518062,-0.39188928201142925,0.024825357288109584,4.64338462695528,5366536,90830.30303030298
2012-04-02,246.2228615031005,249.97880345823265,243.30157331577567,246.9740447998047,56306,-0.002023552101888537,0,0.016977088440545306,normal,0.032809722966761434,0.0464152127600701,0.05220335835072265,0.05961068215021714,59.7487966618048,-0.1025459170364087,0.025376575368915,0.20065771655182046,5310230,158065.92727272736
2012-04-03,249.0398219636315,250.3544118576561,246.66105359290745,248.6433563232422,66070,0.006759056502437799,0,0.01697317063076927,normal,0.03969991729024369,0.06640397303449497,0.05336472668698944,0.060503514022459015,65.88124205944042,0.12474567676175585,0.02452285648693323,0.24351831068248156,5376300,199430.02424242426
2012-04-04,248.28860308041345,248.72679115843468,244.17791851404144,247.6208648681641,87090,-0.00411228142266884,0,0.016787844719247717,normal,0.05287880269306755,0.0479510779512724,0.04415698082465247,0.06077583731639824,64.93363986186797,0.1291605234232467,0.023745331122554704,0.3762466491410352,5289210,221094.70303030312
2012-04-09,246.6401532740359,249.937045376156,241.0479636372166,248.1634063720703,22600,0.002191016916910815,0,0.01646674253286204,normal,0.04784150077136995,0.04214849114817221,0.04183638199668471,0.06088978797925493,63.096697466701336,0.09323147354309214,0.02479252892277401,0.10025436217376299,5311810,229108.2424242424
2012-04-10,245.80551003017467,248.3303323308997,245.80551003017467,246.2436981201172,26268,-0.007735662078537486,0,0.014426944472793704,normal,-0.004974747988563677,0.043412719025753166,0.030462229404266683,0.06028079721228874,64.60082967009734,-0.1234484094751176,0.023042870430432755,0.1258971514020125,5285542,211308.290909091
2012-04-11,247.474835078266,247.474835078266,240.04642185152048,244.05274963378903,17578,-0.008897480435253291,0,0.013878604696727297,normal,-0.011828348879266426,0.020593289237612167,0.01922674800161861,0.058990001452925656,65.85660262686957,-0.4590892496592476,0.023017661518870528,0.08939605534438688,5267964,179099.2727272728
2012-04-12,246.22285352043951,247.14097772958365,242.8842385574505,243.6771697998047,18684,-0.001538928918227378,0,0.013667781412147128,normal,-0.019973131785517517,0.01893385382481405,0.015949671108366426,0.057548948703583847,61.69092303649945,-0.7347987220511341,0.023108188704209585,0.11921914142310035,5249280,132178.95757575764
2012-04-13,242.46693861922867,249.14416928688385,239.9838383703717,243.28073120117188,29072,-0.0016269008662506135,0,0.013382785526514271,normal,-0.0175273342547404,0.0344246439885354,0.012917630967876459,0.05597963519783522,58.546779519489796,-0.958147630751145,0.024708095798377457,0.19702003136381072,5220208,62378.52121212129
2012-04-16,243.3015937314393,248.3095167585016,239.5247902095193,246.0350799560547,274922,0.011321688903529248,0,0.013533453719181337,normal,-0.008576310452575897,0.03885488675566173,0.022012012629703204,0.055050526664075505,66.30514860811576,-0.9337099333097534,0.02509179413052216,1.836134288215953,5495130,-1199.4787878785958
2012-04-17,240.3802879144993,247.01579563411727,221.224973532668,240.6932830810547,49364,-0.021711525348150018,0,0.014380707092609166,normal,-0.02254033334227712,-0.027402948852884745,-0.0001605319832966856,0.052767665589460444,52.37191756174588,-1.2697944422630343,0.03194627386793991,0.3339358483826801,5445766,9099.733333333448
2012-04-18,242.049607378986,243.69805376494136,237.0834069699788,238.1267242431641,40710,-0.010663192611928052,0,0.014343564848149682,normal,-0.02428173990875815,-0.03582287589698818,-0.009801446961559379,0.049978985842924706,48.56138802031221,-1.6342258539429286,0.033755220049514714,0.28434847111184375,5405056,12464.303030303006
2012-04-19,237.8971991246816,242.0496069590781,236.3322232176186,237.9598083496093,54988,-0.0007009540574889339,0,0.014037463860907935,normal,-0.02346285232585621,-0.04296735746980518,-0.009505457718635757,0.04732934404325673,54.3721294506285,-1.8404561202913836,0.03389790481690682,0.4024927791676975,5350068,16084.787878788087
2012-04-20,240.7767268629054,240.7767268629054,233.70303178855505,236.1026611328125,48452,-0.007804457524475228,0,0.013858936597139066,normal,-0.02950529634187815,-0.046515481405349224,-0.015619872168948667,0.044411013036372626,48.85699124157388,-2.04038988484679,0.034025663686193724,0.3584918364160879,5301616,11574.400000000207
2012-04-23,234.6628472193627,238.29359536032985,233.70300070365096,234.7880401611328,20202,-0.005568005736878101,0,0.013788607871733232,normal,-0.045713155201001276,-0.05389741544280657,-0.019129739556098424,0.04139845990645785,21.955704745977826,-2.186623046949842,0.032172093011442894,0.15106727436559897,5281414,7318.375757575922
2012-04-24,234.1829655847708,239.5247440226069,229.94708798586137,237.2294464111328,428096,0.010398341620486695,0,0.013852195169042441,normal,-0.014391081568966846,-0.03660703513552355,-0.008086687042058394,0.03920463222550352,30.161498354821674,-2.0468472890375287,0.03271430280519182,2.8499871513043757,5709510,25030.278787879048
2012-04-25,233.64043390159875,238.6901042234002,232.47192378032256,237.6676483154297,32318,0.0018471648900508786,0,0.01352342364387561,normal,-0.001927863952244202,-0.02616279196993454,-0.00566216952154186,0.037255287180855134,26.475959368684002,-1.8583085996572093,0.03341279489151023,0.2185198958720714,5741828,38194.109090909325
2012-04-26,236.3322014193656,237.7719842153868,232.4927891205124,234.1412353515625,25288,-0.014837580919667137,0,0.013911749386132537,normal,-0.0160471342809142,-0.03913347506488407,-0.018507366494581623,0.03458613821626311,23.909680460398732,-1.8978667567975798,0.03413882335945306,0.1728685042718099,5716540,42989.18787878804
2012-04-27,237.0416821809256,237.25034563354967,230.781778602204,233.890869140625,32814,-0.0010692956777201834,0,0.013419316784676488,normal,-0.009367924874609246,-0.038596817816953566,-0.017727331261383594,0.03207824711343199,22.058956195383132,-1.8649226218357597,0.033436159333111434,0.227234482801603,5683726,38392.5212121212
2012-04-30,235.41407031149228,235.41407031149228,232.5762527725916,234.4542236328125,27120,0.0024086211413785197,0,0.013328522351958269,normal,-0.0014217782476961816,-0.04706993947899907,-0.013918780309234324,0.029913055703239655,25.625564299725724,-1.732082150615645,0.033451174597543355,0.19438783957842495,5710846,47984.8606060607
2012-05-02,233.9534336702602,234.9133058507516,231.84593806624585,234.3498992919922,20858,-0.0004449667794583778,0,0.007997546693850988,normal,-0.01213823647402612,-0.02635463569179175,-0.013007954523527876,0.027895042832375205,28.045339667720896,-1.5822542458699038,0.03213684301444785,0.3025529445894981,5689988,50533.81818181826
2012-05-03,234.91328279988883,236.2487082786264,231.1990638241784,232.2841033935547,28004,-0.008815006555063953,0,0.008111115272927603,normal,-0.022651568103749797,-0.024535762914384973,-0.01968152983598337,0.02554545282823506,26.05259950607781,-1.5512034282056897,0.03266647138024891,0.4147210880726962,5661984,45881.01818181844
2012-05-04,233.8282629862753,233.8282629862753,226.19118561428533,229.73846435546875,17628,-0.010959161651165172,0,0.00795170363973574,normal,-0.018803911192673994,-0.03454929658567296,-0.027607375174986126,0.022800704873831457,23.893811036592552,-1.6233144845828016,0.03255483670079459,0.2707717640408707,5644356,33486.54545454554
2012-05-07,222.9777829474665,231.59559460169933,222.9777829474665,229.6967620849609,15986,-0.0001815206287933968,0,0.00799505415284362,normal,-0.017931897346289416,-0.0271318375536993,-0.025204493470886935,0.02031902519028339,14.824864785312172,-1.5928099673711773,0.03250884179089786,0.25973392951146757,5628370,13422.84848484857
2012-05-08,232.7641044067347,232.7641044067347,225.3565511064756,226.045150756836,21970,-0.015897530705174856,0,0.008308243652392513,normal,-0.03586658728377723,-0.03723737119785431,-0.03696831829471292,0.017209996876309974,15.988452839173092,-1.7263327203700978,0.02722502583771508,0.35714227657475034,5606400,-13146.666666666411
2012-05-09,225.5651860190176,228.69513772140908,221.22497613638973,222.53956604003903,19886,-0.015508338511397768,0,0.008636763014857772,normal,-0.050396152452525156,-0.061922668510701384,-0.04719344990188601,0.013596276872933633,15.320383814187394,-1.942411366591434,0.02792848651469286,0.32495056947235973,5586514,-16200.363636363276
2012-05-10,224.9392499307133,233.2857898168251,222.1849019569437,231.0531005859375,32878,0.03825627369277207,0,0.012902866139035489,normal,-0.005299556834208019,-0.02783108166540793,-0.009729469198620389,0.012451757251602302,38.79497970096062,-1.4274479867182814,0.028563690601238423,0.530615538555889,5619392,-13815.321212121515
2012-05-11,233.2857100159081,234.95501742210425,223.64546993376936,224.7722320556641,623050,-0.027183658277450062,0,0.01401265237753264,normal,-0.021616895167021477,-0.040014324182713334,-0.03327443711207334,0.009894308155016462,33.92547039394077,-1.4221676580295737,0.030707930873762872,6.75903636677251,4996342,-45616.61818181808
2012-05-14,224.5218840885628,227.4014500396824,221.8718683218879,223.603759765625,16164,-0.0051984726020326555,0,0.014004418575844089,normal,-0.026526287371357093,-0.04398251805552511,-0.03477918173891825,0.007347705908843594,34.06673956093884,-1.407121002847414,0.031168351891655153,0.17658838322869203,4980178,-71757.51515151521
2012-05-15,223.39508603674577,224.52187376894216,221.1832585456121,221.3919219970703,36240,-0.009891773603776022,0,0.013570295914907797,normal,-0.020585395192889155,-0.05571365460320965,-0.04027534227732277,0.004564690608410249,27.28912209147127,-1.4501198079024298,0.02946681539885467,0.4552718063135044,4943938,-89539.28484848494
2012-05-16,221.18325463046503,222.8317009621277,217.9906936910219,218.658432006836,155966,-0.012346837073262784,0,0.013123949279789762,normal,-0.017440197724231887,-0.06695743131344445,-0.04739591591980574,0.0014549178301925814,24.424536258054843,-1.5572318242351382,0.029385308058006758,1.836386992248993,4787972,-107922.96969696977
2012-05-17,219.8895409908457,220.11906567815416,216.175321608541,217.51077270507807,53880,-0.005248639584692794,0,0.013050277558093976,normal,-0.058611322879965067,-0.06360026567744259,-0.04764346050933643,-0.0015448376138668118,26.094831594739475,-1.594160514355047,0.029101804689173397,0.6295172065699725,4734092,-120178.96969696961
2012-05-18,217.5942340482724,223.6871959891845,211.37605367261563,220.0147247314453,54784,0.01151185293135959,0,0.013511870925005966,normal,-0.021165903282219456,-0.04232525733687387,-0.03330307084572892,-0.003541287828019546,31.267604357249738,-1.3484930739151144,0.03066741482588322,0.6401555518163292,4788876,-119374.7757575758
2012-05-21,220.3277135300397,222.70648164753348,219.0965942395149,220.536376953125,10386,0.002370987770552224,0,0.013545737784260301,normal,-0.013717939339281005,-0.03988034070958146,-0.028140723197769613,-0.005140518101911407,31.190128756426972,-1.0620104008449562,0.030844937116119096,0.12412176026789076,4799262,-108700.35151515131
2012-05-22,220.34860282760013,224.8765894963026,220.34860282760013,221.66319274902344,6752,0.005109432790482149,0,0.013662297955861031,normal,0.0012252965216892342,-0.01938532188432729,-0.02101430540132765,-0.00623747559745913,33.31513877896353,-0.7239227637368355,0.031158806807658743,0.08134606534190167,4806014,-89072.50909090889
2012-05-23,226.14947789853693,226.14947789853693,219.20097419195469,221.7466583251953,30644,0.0003765423349575414,0,0.013333184342475443,normal,0.014123518082590047,-0.003562996589564049,-0.01871622186176014,-0.007149776296593968,35.37939614019554,-0.4361474546780397,0.03175873519875879,0.48540490537107084,4836658,-59397.26060606045
2012-05-24,221.18321782793333,221.809208067069,217.1351425205345,219.3469696044922,34860,-0.010821758211949861,0,0.013377393343701643,normal,0.0084418664720749,-0.0506642453693944,-0.026615947438499155,-0.00851319515054949,35.52326869205473,-0.3524676332084282,0.031141299619766343,0.5510774148367239,4801798,-20342.4363636364
2012-05-25,220.76590703148085,224.459239521908,216.9891040754533,220.6615753173828,22218,0.005993270457581579,0,0.013293173509261878,normal,0.0029400331579036987,-0.018288098581782486,-0.01884022666523255,-0.00934437160508006,37.843918982726635,-0.16325660537298248,0.030584268327869035,0.35208321448266683,4824016,-11702.157575757488
2012-05-28,223.22816465965587,227.130160910166,222.45609462669543,224.29234313964844,49302,0.016454010250961826,0,0.013978418684797534,normal,0.01703105056143084,0.003079480303664006,-0.002440058003699397,-0.009131865454027221,47.64042192719958,0.2303647330682086,0.029790155177229587,0.7712017119044937,4873318,638.5212121212103
2012-05-29,225.35649534160285,227.4222683098893,217.84461216354944,219.910385131836,131142,-0.019536814973144967,0,0.014466867465688066,normal,-0.00790752670955186,-0.006691919252834855,-0.01988223053269844,-0.01000316717866545,46.54225922480284,0.2195937220100932,0.031068287333984895,1.8970373167037708,4742176,4705.272727272956
2012-05-30,214.4017095823197,219.9104301345241,214.4017095823197,216.21707153320312,978174,-0.01679463021457006,0,0.014767861446472129,normal,-0.024936505622028093,-0.011165178727507441,-0.03299591964615778,-0.011647542146847711,27.655605092613953,-0.0006307662513638235,0.02975157542099253,8.360768814580364,3764002,-52535.05454545438
2012-05-31,214.90248049846247,225.35651367751385,214.485153621282,223.1238250732422,570584,0.03194360875884139,0,0.01673716225496453,normal,0.017218635277068683,0.025805859168984036,-0.0019061001323699145,-0.011313493707319489,47.56328951179173,0.33588085408698465,0.028690344505486194,3.958960539033212,4334586,-69832.86060606061
2012-06-01,223.26988360519417,223.26988360519417,218.3036834821536,219.597412109375,15614,-0.01580473516313019,0,0.01690972189797357,normal,-0.004822603149085669,-0.0018967486043477422,-0.016023814891015342,-0.011862532023959038,44.463674824396286,0.33711753341956774,0.02896781799542509,0.10841248680775427,4318972,-79487.57575757573
2012-06-04,221.1832319150516,221.1832319150516,213.54615560551423,215.73712158203125,15750,-0.017578943623529852,0,0.017248836919606676,normal,-0.0381431726017083,-0.021761740341430524,-0.030243617072180373,-0.013265216668777224,42.52620013624921,0.10606990115778325,0.030909334249387837,0.10936573429195581,4303222,-83613.17575757568
2012-06-05,216.1753318547628,219.5139470185429,209.1433711188897,216.4883270263672,13540,0.003482040730066416,0,0.017028493528445675,normal,-0.015561148253263601,-0.023345624767371564,-0.024370492839116964,-0.014252425034072647,46.973231121534646,0.03559600601156676,0.03262651656905706,0.09429580049404312,4316762,-80537.49090909086
2012-06-06,219.0966028844435,221.85094998920383,217.8446222965324,218.887939453125,45662,0.011084257796798225,0,0.016957988847008915,normal,0.012352715264260405,-0.012891823911402311,-0.012281137553468269,-0.014457799691155682,51.85599514357473,0.17457732863620734,0.032731855848278125,0.31517226384685204,4362424,-66997.89090909099
2012-06-07,220.5572742474429,220.5572742474429,217.05171797804343,218.5332489013672,51654,-0.001620420716847093,0,0.014268744996600522,normal,-0.020574119193089824,-0.0037097421705539757,-0.012576221578885272,-0.014673459338632622,47.880652974551246,0.2613844147697506,0.029906836062806363,0.3542353737493854,4310770,-52851.49090909094
2012-06-08,219.99382938420248,220.7658737635421,217.00993262200743,217.6567840576172,45112,-0.004010670450177556,0,0.013064757625738846,normal,-0.008837208203488545,-0.013617193004462846,-0.01498515278929946,-0.015029099199331819,45.92195493420611,0.27704496504762854,0.03007519608012614,0.3858318494304721,4265658,-33732.69090909083
2012-06-11,220.2651262888916,220.2651262888916,216.59265477053435,216.94737243652344,27510,-0.0032593131620742843,0,0.013043249390884408,normal,0.0056098405578848265,-0.032747309160490956,-0.01649128603660377,-0.015463747733718503,43.241610838054605,0.2573207979525529,0.02989186806387933,0.23415017784689082,4238148,-6059.660606060655
2012-06-12,217.0099777471824,217.8446315077485,213.4626992647765,216.3839874267578,48218,-0.0025968740871957774,0,0.012895310404940533,normal,-0.0004819640903626077,-0.01603561242896334,-0.017262804955324507,-0.015929165400410672,42.418873176485405,0.22518473999679767,0.029122467773618536,0.4083239899870943,4189930,17939.52727272738
2012-06-13,214.9233243710227,225.35649545699465,214.9233243710227,225.0643615722656,192932,0.040115603047780724,0,0.015543495874957274,normal,0.02821727928259521,0.04091855456336546,0.020007560394031287,-0.014079549484015907,56.863740028026825,0.7763556471782347,0.029827025189839994,1.6086259410234969,4382862,-6055.430303030219
2012-06-14,223.6872145321155,228.6534147448875,219.0966187114937,220.2025451660156,99864,-0.02160189366404386,0,0.01633062719041986,normal,0.00763863747526039,-0.013092639955718077,-0.0018338851258629107,-0.013647948085723005,49.492183477689835,0.798238334305347,0.03116243530046002,0.8169830106082459,4282998,-4959.915151515125
2012-06-15,218.5332429830979,222.18485338499124,217.09346007317168,219.26356506347656,60772,-0.004264165529200059,0,0.01616312821334131,normal,0.007382177462633255,-0.0015202685800875804,-0.005513406594142234,-0.013459641805424916,44.084440401409246,0.7357531943116284,0.030847243989501043,0.4959582811371491,4222226,-7594.860606060692
2012-06-18,219.09660861280312,222.81082797602645,214.0886861302248,215.98751831054688,32434,-0.014941136034075098,0,0.01648708469049968,normal,-0.004424363914605212,0.0011606566671484853,-0.01846779110237906,-0.01407627323222227,45.26209599393162,0.47284044487376065,0.031032203053325456,0.26233268546849686,4189792,-11876.254545454538
2012-06-19,218.67928485767845,218.67928485767845,214.0886891831852,217.28125,37942,0.005989844689048285,0,0.016505178119673815,normal,0.004146621863809985,0.003662659250612821,-0.011403326176260276,-0.014234362785366383,51.36436019328208,0.3886407588701162,0.03054560932795077,0.3030598323913467,4227734,-11810.509090908992
2012-06-20,219.51392027728585,221.1832276558203,217.0099592094841,218.15760803222656,45414,0.004033288800697532,0,0.016539926356391253,normal,-0.03068790408125699,-0.003336553958720234,-0.006714484048436331,-0.014097613505506645,42.46830340241464,0.3933472428067537,0.028229834005543856,0.3606148891212841,4273148,-5144.37575757569
2012-06-21,217.86547603218304,220.87023443387173,217.00996108760188,217.88633728027344,78610,-0.0012434622583185062,0,0.016368806785670632,normal,-0.010518533670879737,-0.002960243461102463,-0.0071979422079460065,-0.013995882326081843,47.120724814141326,0.3793961641295702,0.02790243008310617,0.6135539140696709,4194538,-5127.527272727283
2012-06-22,217.21866325822336,219.5139613329981,217.0099997968802,218.19937133789065,18000,0.0014366851153890803,0,0.016309556920297584,normal,-0.004853490935796012,0.0024928571954359047,-0.005224794187474235,-0.01377647343865418,54.70498705418587,0.39090647256262834,0.026182051771065824,0.140722296275159,4212538,-5727.454545454466
2012-06-25,206.5559414264302,222.8525507654221,206.5559414264302,220.3277282714844,316814,0.009754184535655241,0,0.01601045469321268,normal,0.020094725819744808,0.015581455525348842,0.0040501824380057005,-0.012993553002009217,56.96969629819633,0.5327308058757425,0.027850309117841275,2.242342011407977,4529352,9763.26060606064
2012-06-26,221.1832370564176,221.6005639187882,217.0099684327116,217.78201293945312,32092,-0.01155422130479411,0,0.01561256130333593,normal,0.0023046762638430085,0.006460854748637557,-0.006836624776577871,-0.012911874352911856,48.002995589275834,0.4492962057015677,0.02792264814594506,0.235391456020702,4497260,16759.224242424236
2012-06-27,217.2395245100349,220.3486151783707,217.1351927793633,218.19937133789065,14106,0.0019164043568353772,0,0.015129791595576546,normal,0.00019143639335239548,-0.03050234246958139,-0.004465580060851293,-0.012687181335416797,49.398468749570505,0.4171198558804998,0.02777360804313022,0.16005682437093788,4511366,33661.527272727326
2012-06-28,217.6359793938888,219.70175265311977,217.38559344133284,219.01315307617188,23232,0.0037295329188691273,0,0.01324831778936258,normal,0.005171576198690131,-0.005401354870567032,-0.0006810646192166869,-0.012237723339064699,52.44923724297626,0.4431060326753251,0.027200842345361353,0.3823341605829806,4534598,43615.80606060609
2012-06-29,219.51396373139465,221.18327144037863,218.1785124698846,219.24269104003903,39556,0.001048055610556542,0,0.012774330769662555,normal,0.004781497287326131,-9.520060221357429e-05,0.000331382095320798,-0.011743012991284107,54.21782418077875,0.46589011496718724,0.026954825572212116,0.6384046661835647,4574154,48626.52121212125
2012-07-02,215.75798225084884,230.4270312714411,215.75798225084884,224.7722320556641,319272,0.025221096262749487,0,0.013251269696556408,normal,0.020172239867617847,0.04067232131667242,0.023070309266032485,-0.009862110867082441,63.03497922871183,0.8226447623945943,0.02956078021623897,4.139036102093942,4893426,64624.01212121207
2012-07-03,223.72891346458064,227.2970783992923,222.26826949370528,224.18798828125,57590,-0.002599270243796914,0,0.013288475333038618,normal,0.029414620864845364,0.03178708830720556,0.01843133245127504,-0.008339776836123525,48.18027085873327,0.9779815856350116,0.02791593219808056,0.7258697770209719,4835836,71480.80000000012
2012-07-04,224.18800446593573,226.1703071409453,223.4785436773996,224.56358337402344,31926,0.00167535779081196,0,0.01310901562259745,normal,0.029166958626464234,0.02936397863718132,0.018184829548591575,-0.006890837460650889,61.12875881076226,1.0579562621168446,0.025685630432791776,0.40591208162486886,4867762,75735.67272727277
2012-07-05,226.1911753410659,226.1911753410659,221.4127773359405,223.18641662597656,83304,-0.006132636144094317,0,0.013201537235318249,normal,0.019054853515365178,0.02432497334096495,0.010791193740442129,-0.005955112805691498,59.791590493601404,0.9722345380908777,0.025743952030989503,1.038250140213124,4784458,62998.58181818216
2012-07-06,222.03875147899177,224.9183170108477,219.61826077757053,222.76907348632807,147954,-0.001869930733051306,0,0.01316624502903791,normal,0.01608437859232903,0.020942783292262845,0.00804654068362698,-0.0052252955596443496,69.74477809804381,0.8461889759111534,0.024694925695403203,1.7329471251658817,4636504,36240.72727272718
2012-07-09,221.8718767652402,222.0805402342297,215.5493634662107,217.23953247070312,40284,-0.02482185219468669,0,0.014381096055477076,normal,-0.03351258968276616,-0.014016373812814176,-0.015383240563465517,-0.005971573651740947,49.9025694023734,0.37329956856807983,0.026187957293529008,0.46833256215718505,4596220,23267.51515151511
2012-07-10,219.51393616753305,220.47378288535023,217.53163351202767,219.4304656982422,32058,0.010085333928963935,0,0.014531730332520518,normal,-0.021221130621143613,0.007569278732157514,-0.004936277087915664,-0.006043763149988113,52.80076175025281,0.19965660723984854,0.025620812790832066,0.37623316175279725,4628278,9092.933333333482
2012-07-11,219.53480931365408,220.3486018580204,217.1977888765321,218.01158142089844,175460,-0.006466213671965537,0,0.01126413146795247,normal,-0.029176600474050463,-0.0008606345464736709,-0.010298812847277627,-0.006444293270202794,50.26233498592443,-0.008147005893155868,0.025555115492521076,2.0805319787227483,4452818,-15299.890909090787
2012-07-12,217.8446350097656,218.616679562056,215.3406736878143,217.8446350097656,36814,-0.0007657685433257733,0,0.010225712789949694,normal,-0.023934169905881486,-0.0053353784920847636,-0.01001422148443043,-0.0068116627293755005,49.25239799901971,-0.146554126455128,0.02582784361807991,0.45347658400846497,4416004,-39442.27878787869
2012-07-13,219.9312748585848,221.18325555037933,217.8446403722604,219.0340118408203,37344,0.00545974809524874,0,0.010267824100368665,normal,-0.01676651784313765,-0.0009518182714725043,-0.004172013364747373,-0.006804034405651804,47.1611550517946,-0.14731793274315713,0.021461902186362895,0.46673990723694325,4453348,-57473.151515151454
2012-07-16,220.30686924751427,220.30686924751427,214.2973520112325,214.9024810791016,148524,-0.018862507822398178,0,0.010600164325408874,normal,-0.010757947068942064,-0.04391001008575779,-0.020815064691686702,-0.007823582582553557,44.092487677095846,-0.40100166084311617,0.022346126797078748,1.730750406689755,4304824,-60856.21818181821
2012-07-17,217.89399318304208,219.1881976998278,215.56017241866672,218.0637359619141,69068,0.01471018327447271,0,0.01103838757024318,normal,-0.006228532268657716,-0.027317486392950174,-0.005804040100529484,-0.007877511234784196,49.749894910281235,-0.33358966938580603,0.022373415341563348,0.7905131101702966,4373892,-57176.70303030305
2012-07-18,218.1061975277658,218.5517400277172,214.287217415412,216.91807556152344,34634,-0.005253786904718338,0,0.011065621145572524,normal,-0.005015815454610384,-0.03404607148509009,-0.00998760074795313,-0.00818754255673737,46.183489798493795,-0.3425519028528845,0.02313315447291257,0.39886171127958436,4339258,-47658.593939393926
2012-07-19,218.53052563675,218.53052563675,210.44702302360216,212.1231231689453,478984,-0.02210490011109356,0,0.012101272779916588,normal,-0.02626418520962792,-0.04956974364426259,-0.028924119816233995,-0.009652438950023767,38.880182192390755,-0.6310227502524031,0.025366243305275288,4.482736675813377,3860274,-63414.37575757564
2012-07-20,212.9293221936412,213.39608895276484,210.04387614560488,211.1895751953125,85548,-0.0044009722263483875,0,0.012102960474994257,normal,-0.03581378334616192,-0.051979828751795853,-0.03013136896599078,-0.011134350994538189,25.229477531988863,-0.8316980258239859,0.02165079078800684,0.7760990381771634,3774726,-82497.78181818173
2012-07-23,212.1443425986136,212.165553974188,208.79211648617525,210.48944091796875,51258,-0.0033151933597870276,0,0.011809092968012169,normal,-0.020535082419585904,-0.031072114158801623,-0.03026692149356658,-0.012566807841195904,25.123282387327876,-0.9500334834748427,0.021161063824368265,0.5287033369640559,3723468,-96616.8848484847
2012-07-24,209.68320320148268,211.29566909528307,204.33662893703607,208.62237548828125,122004,-0.008870114441584365,0,0.011712226053889148,normal,-0.04329633458761717,-0.049255194239181344,-0.035297459804252584,-0.0142526136860599,22.538205672666464,-1.0828620997079517,0.02281148395839737,1.2026496855469906,3601464,-104674.73939393919
2012-07-25,208.410204455874,217.97887794663512,202.44835804454675,203.91229248046875,136424,-0.022577074950798193,0,0.012524645490553007,normal,-0.05995711997438369,-0.06467220158001263,-0.05192391394425233,-0.01689245272575457,20.21668753374695,-1.3967783296722578,0.027104764560817226,1.2683301429223546,3465040,-119425.00606060594
2012-07-26,205.4611271663045,205.8005868720436,200.3479295577903,201.74822998046875,360666,-0.010612712326831808,0,0.012511227594248673,normal,-0.04890977010655029,-0.07388938005553947,-0.05641522579244107,-0.01970406491232468,19.181239871536945,-1.642076138983497,0.02744953329448447,2.898461508788623,3104374,-144329.1636363637
2012-07-27,202.4059233703377,205.4823236731363,198.60815505809447,199.923583984375,68142,-0.00904417350412634,0,0.012499465947959199,normal,-0.05334539453719944,-0.0872486774808906,-0.05912928715186172,-0.02257207053880894,21.5189581143581,-1.806102943070595,0.027576602605569062,0.5413986170666654,3036232,-154562.01212121194
2012-07-30,201.93915480093904,202.17254466053427,197.5473256109115,198.6505889892578,69764,-0.006367407835269123,0,0.01035431641888876,normal,-0.056244398184917666,-0.07562449725213627,-0.05928595836280559,-0.025338410264440836,14.757338738227759,-1.8712705473831504,0.028253468354025296,0.6152706427075295,2966468,-161324.60606060614
2012-07-31,204.5275826958072,204.5275826958072,196.06217238158325,197.1654357910156,106610,-0.007476208380749028,0,0.010324752622716133,normal,-0.054917118408083776,-0.09583574306251674,-0.06038423594639364,-0.028064979984727234,14.724240982969121,-1.8803333637821895,0.03039164649053024,0.9203330498927386,2859858,-153075.26060606068
2012-08-01,198.96883495458857,198.96883495458857,195.6166221113552,196.55015563964844,108598,-0.003120628871377429,0,0.010183260307756523,normal,-0.03610442877800257,-0.09389683118453696,-0.05763383186958937,-0.030519222455608896,14.504163951488565,-1.793956772478296,0.030514478913137067,0.9074629759150211,2751260,-134706.44848484834
2012-08-02,198.12018455905465,203.1485105966321,196.50773158688327,197.9504547119141,420410,0.007124385466440009,0,0.010636020754434495,normal,-0.01882433005197781,-0.06681340650327594,-0.04629503236298138,-0.03218883279920737,15.101150521513262,-1.5195702653851066,0.031490172885901245,3.0793086222985275,3171670,-106089.98787878783
2012-08-03,161.24578541050127,201.3450662560075,161.24578541050127,200.772216796875,337164,0.014254890644568308,0,0.011533105694981501,normal,0.004244785910632265,-0.049327048405695795,-0.029678206356678394,-0.032781559425929974,25.55055029947927,-1.0475487228509062,0.0431756808534699,2.3095338723277754,3508834,-56439.248484848235
2012-08-06,201.5784590222712,204.52756498349456,194.3860555337677,195.48931884765625,604546,-0.026312893454593644,0,0.011671149498359835,normal,-0.01591372146282688,-0.07126306196118548,-0.05021610986774805,-0.03460457419442242,13.61141186847307,-0.9912304121484796,0.046482069335481116,3.4703933961343507,2904288,-39958.01212121198
2012-08-07,195.48932291630047,197.5473181807536,191.3733064882822,192.264404296875,173650,-0.01649662789655737,0,0.011348462599460821,normal,-0.02485745777132775,-0.07840947622765948,-0.059986036448483215,-0.03695312493937741,12.756322100855797,-1.06482422527848,0.047971126969171225,0.9579072443493677,2730638,-31152.739393939417
2012-08-08,192.32803510167832,196.76229944711,191.67032719952,192.30682373046875,127984,0.0002206307181451539,0,0.011448345076325155,normal,-0.021589053925550328,-0.05691402224371345,-0.05439511913824624,-0.03887326675060898,15.044774673173151,-1.0050459599222519,0.046849400530934095,0.7153668837629426,2858622,-13905.987878787737
2012-08-09,192.22197281117224,195.0437718088864,192.20076143770444,192.9857635498047,58866,0.0035305030064223253,0,0.011594861093743905,normal,-0.02508047364344146,-0.04343268058169514,-0.04641983764670454,-0.04023672168733994,17.59809750297265,-0.8218943880333391,0.04649611267773589,0.32701625581775173,2917488,-10142.242424242348
2012-08-10,191.5854687540488,194.3436205744282,190.8428894177928,191.9037170410156,57528,-0.005606872180029199,0,0.011280204775536425,normal,-0.04417194718147599,-0.04011466172988476,-0.04706835606251569,-0.04158885608198648,17.36204821278706,-0.68152469570318,0.04680566041455293,0.31780159607907693,2859960,-11793.903030302892
2012-08-13,193.0706708500121,198.9476597943693,192.64633970528683,193.7496032714844,61752,0.009618814366551875,0,0.011437930439967844,normal,-0.008899287114134347,-0.02467138780060918,-0.03441677785595765,-0.042121691073295,23.862833116127533,-0.3869211080051098,0.04639103529206632,0.3495132442834503,2921712,-12591.575757575698
2012-08-14,193.8769076422192,198.3536092244937,193.8556962636897,197.3776397705078,151706,0.018725388015064848,0,0.011832467993133594,normal,0.02659481089249094,0.0010762737324667704,-0.014803092011819285,-0.04144036731204248,38.06209256181578,0.10352422860840083,0.04158413997987533,0.8390266348619754,3073418,-11679.212121212095
2012-08-16,197.653413679264,200.2842715789802,196.8684115337801,198.52330017089844,122710,0.005804408248688553,0,0.012071230757862945,normal,0.032325823493099204,0.010038885620968552,-0.008226523884278247,-0.04038252230167605,43.88080616815341,0.5323540283998067,0.04061132307873035,0.6625248291586512,3196128,-13902.048484848456
2012-08-17,199.4144287109375,201.72702570393125,197.31398434294704,199.4144287109375,180896,0.004488785645170745,0,0.011462008729165196,normal,0.03331160310938541,0.0073956586821384285,-0.0034164015729698516,-0.03906924117851651,48.99841273271716,0.8826274654800601,0.03954828709745365,1.0621491351425303,3377024,16377.163636363653
2012-08-21,201.4936375555516,201.55728463447187,199.4568403831946,201.02687072753903,287150,0.008085884391740183,0,0.011720099785458916,normal,0.0475402656456807,0.001268372361110437,0.004197920634149144,-0.03733790107638768,54.612909226410814,1.2093222383548703,0.03834903959988524,1.5918164613168921,3664174,82307.56363636379
2012-08-22,200.7085856056534,202.5544282534601,198.58693036669305,201.19656372070312,153260,0.0008441308992670482,0,0.011739841023565992,normal,0.038436003601947766,0.029194663456239667,0.004562869649763712,-0.035646962858573716,58.24651390442709,1.4092833193157945,0.03671985162392276,0.826237320847586,3817434,114411.62424242415
2012-08-23,201.196577663123,203.5303985877074,201.196577663123,202.9999847412109,63660,0.008963478238183331,0,0.01188210596008745,normal,0.0284852173591712,0.05583758722056076,0.012259287846196676,-0.03354574958972889,62.582799593726754,1.620376551405756,0.03603530656603999,0.34867996207571383,3881094,127342.94545454557
2012-08-24,206.3946312007293,211.31687423466087,203.67891492497432,205.73692321777344,388586,0.013482456562997402,0,0.011199456314191503,normal,0.036336405050012566,0.06983683275913233,0.023382002300910365,-0.030837831918321346,64.43746689783477,1.8832630813659428,0.03613784411750115,1.9908864733705498,4269680,156057.2121212122
2012-08-27,205.8429816672759,209.4922310517969,204.5487642785241,207.7312469482422,92948,0.009693562532563815,0,0.01105804035333856,normal,0.041706200955801354,0.07640710447862675,0.03003531854321473,-0.027818799709701025,63.311712761430165,2.1131474250087336,0.023702545265599305,0.5112749695401176,4362628,176662.03636363638
2012-08-28,207.9434304436776,209.23764794436065,205.84299946973965,207.26451110839844,51724,-0.002246825389538243,0,0.0108180973765099,normal,0.031028888617151917,0.08004427587038232,0.025014871274527728,-0.025218930592638467,77.61201720055209,2.14842035774592,0.021430782428874393,0.2858064844100531,4310904,173093.5030303031
2012-08-29,207.49791064513389,208.62238548509885,206.2249173282925,207.0523681640625,21824,-0.0010235372336607762,0,0.010669150855340197,normal,0.029104892921969938,0.06865957229310093,0.021633901565778935,-0.02292286421677181,90.38261530461206,2.071216402196979,0.02014991458486918,0.1222094920667986,4289080,154864.16969696965
2012-08-30,207.07355590446247,208.3041133803769,204.9519006185561,207.7100524902344,365728,0.0031764153774409554,0,0.01042763519695033,normal,0.02320230592641659,0.05234844601313582,0.02245639437920155,-0.020660971509007142,90.69528184901067,1.9783508942172017,0.0194878338812863,1.909462786077704,4654808,150123.2121212121
2012-08-31,207.7100816829476,214.2872139936436,205.8005916572617,212.5898895263672,434660,0.023493504419398237,0,0.011311760704241282,normal,0.03330936519032046,0.07085611282584736,0.041865736100515694,-0.017283906108043645,92.38550948017388,2.1454760523337093,0.020936715987249853,2.091344395816734,5089468,158103.28484848494
2012-09-03,213.2263679677436,216.1966855314733,212.58987134694428,214.01138305664065,282556,0.0066865528433193155,0,0.011305799655765777,normal,0.030232024313430417,0.07319908815054843,0.04397701478696736,-0.01390095246911216,97.10689738137506,2.241203969022095,0.020833057729128513,1.4061367071271778,5372024,170605.6606060605
2012-09-04,215.56020004207952,216.4088622469696,213.5446273054656,214.9873504638672,75008,0.004560352787254418,0,0.011046443887511213,normal,0.03726078967484092,0.06944583918460046,0.043892475783432916,-0.010649091483864725,96.99551396895906,2.2536226688650802,0.019349793980644122,0.39932473403816393,5447032,182160.89696969689
2012-09-05,213.45974997896167,215.1358629669094,212.4413579512783,213.39610290527344,102990,-0.007401586908068802,0,0.008977159482187568,normal,0.030638310478942943,0.060634928146712674,0.032609313584835986,-0.008218848806219703,88.95783976676938,2.044203633230691,0.018854927344235453,0.6327749013420432,5344042,176705.43030303018
2012-09-06,214.28717041015625,216.26030711214068,212.16551525758047,214.28717041015625,250906,0.004175650317655322,0,0.007511301805748,normal,0.03166489941660888,0.05560190402641907,0.0332877812352157,-0.005838628014749103,88.81938239252817,1.8604754892371804,0.019002832214676222,1.5058386612580204,5594948,170675.40606060592
2012-09-07,215.00857234732555,216.26034131559013,209.8741634761297,211.104721069336,68616,-0.014851329338704145,0,0.008723297337942498,normal,-0.006986072857651071,0.026090590680607706,0.016205622500514494,-0.004608203854224557,75.86869392868135,1.4382785027232492,0.019956926797337494,0.4192755800815991,5526332,166034.43636363643
2012-09-10,211.3805071815881,212.14431083125467,207.92221175957968,210.53184509277344,32114,-0.0027137051869834394,0,0.008878101168347417,normal,-0.01625865836746787,0.013481833790893516,0.012151620574886168,-0.003676310255756543,72.04729147170713,1.0520048773333874,0.020716670348637577,0.19784851903169187,5494218,150606.1818181819
2012-09-11,207.9222548097336,213.4385595291755,207.11602824834225,207.94346618652344,37114,-0.012294476900201912,0,0.009386146149370311,normal,-0.03276418013499638,0.003275790314965832,-0.00026442777580615306,-0.00354900599804564,64.07095991145604,0.5774740001703313,0.021783495229511163,0.23009955646596245,5457104,115989.01818181828
2012-09-12,207.94343957058828,211.27444112242333,206.6492349626572,208.32534790039065,51736,0.001836468925283219,0,0.0093046772053516,normal,-0.02376217248509782,0.0061481051755925,0.0014216707960175157,-0.003322357793849484,61.806317171109036,0.2607397937770468,0.022529206978599104,0.32175209864012844,5508840,68845.55151515159
2012-09-13,208.0071131516935,211.52905614846472,206.4795185815724,207.0523681640625,114614,-0.006110536951733914,0,0.008835719724189093,normal,-0.03376218105939788,-0.0031663577101200824,-0.004252069612992404,-0.0034554478127726274,53.11878433650991,-0.04669045635530589,0.021540553439766345,0.7211148861205486,5394226,25047.309090909097
2012-09-14,207.6039790664892,210.8076735125265,206.8613996830117,207.4130249023437,40570,0.001741862416156481,0,0.008800749902527957,normal,-0.017487511166459413,-0.024351414997002552,-0.00227838727727403,-0.003461305062011366,49.182175464244196,-0.22781188490310944,0.021159686263306048,0.2620242454773853,5434796,3476.6666666668134
2012-09-17,213.86286638587467,213.86286638587467,207.54033582271165,208.1980438232422,55798,0.0037848101452071514,0,0.008792641700540367,normal,-0.011085264884762802,-0.027163691717556393,0.0013549587416687991,-0.003242198014997588,52.36054350375957,-0.29266967404230804,0.022128078253382567,0.375546598051799,5490594,-399.17575757539737
2012-09-18,207.5190871133624,209.5134481540944,202.06644368307235,207.1371917724609,99482,-0.005095398742948509,0,0.008821738290366195,normal,-0.003877373157468278,-0.03651451433988273,-0.003391664597093502,-0.0033252174411777524,50.20565900782008,-0.39838783365536856,0.023982674133576125,0.7146967521033487,5391112,-6137.987878787783
2012-09-20,206.6492281498777,209.1952145336544,204.86703250141144,205.41867065429688,36908,-0.008296535757092882,0,0.009092055984936849,normal,-0.01395258558494561,-0.03738321432476088,-0.010561307402247921,-0.003848124895306726,44.71623439866232,-0.5652374582536868,0.024522677738699823,0.2767191669334541,5354204,-20078.145454545378
2012-09-21,206.50069010636773,208.00707301032827,202.66049952146912,203.74253845214844,236146,-0.008159590346922374,0,0.009116608664612889,normal,-0.015985471411229857,-0.04920794809052198,-0.016889961609973025,-0.004741329750222345,26.061743543334345,-0.757663115669092,0.023623572647807064,1.662983604386999,5118058,-30295.10303030301
2012-09-24,204.5275987713649,209.32253522248865,200.3903703729815,201.1329498291016,102412,-0.012808265975638333,0,0.008998600991644628,normal,-0.03027811332580943,-0.04723613564738438,-0.02674920320541463,-0.006207508098691861,17.25980400904001,-1.01387620459134,0.025821273209294397,0.8020192227120266,5015646,-44892.08484848501
2012-09-25,201.5572766962925,202.83027002279536,198.58695893445235,199.5204925537109,205348,-0.008016872803589647,0,0.008749260941756955,normal,-0.04167931220765175,-0.05230255087637803,-0.031364207571103475,-0.007900287705627673,11.91199789576531,-1.230693484237701,0.026523662909281636,1.5403483689100887,4810298,-66640.66666666673
2012-09-26,201.493571789612,207.07352167938123,199.4355639125188,202.9362945556641,145896,0.017120055981385773,0,0.009734251356218125,normal,-0.02028074814015768,-0.024079485269173917,-0.013392236533735002,-0.008419454060214271,26.365926918876198,-1.0877555542371142,0.027817192919057366,1.0570542372807676,4956194,-74615.61212121217
2012-09-27,205.80057428560795,205.80057428560795,199.43560807058915,203.869873046875,116936,0.004600352505967464,0,0.009814730194764755,normal,-0.007539711957480155,-0.021387099066053183,-0.008017063129611368,-0.008586888803837622,26.507112820971756,-0.8827535615212196,0.028485196368664256,0.8190120390623413,5073130,-66691.52727272718
2012-09-28,204.86704784397992,207.434258742948,200.87833813392507,201.87551879882807,199230,-0.009782486339158014,0,0.009969892437671232,normal,-0.009163622223931744,-0.025002608814077565,-0.016060502417754474,-0.009243884787016765,28.007987509698935,-0.8344394131892214,0.02882666449880028,1.4817927587540536,4873900,-71994.13333333317
2012-10-01,203.53035833131312,204.9518697486733,201.5572218025256,202.4058837890625,224146,0.0026271882464508067,0,0.008157386513155533,normal,0.006328818629878885,-0.024140919383624615,-0.012207793666713651,-0.009637871283493804,30.597561428807936,-0.7238433378649959,0.028459124266934772,1.8087040442585633,5098046,-56058.945454545494
2012-10-03,203.67892217814523,203.67892217814523,199.690212542068,200.68739318847656,209378,-0.008490319393960277,0,0.007969423633120514,normal,0.005848525230818247,-0.03607454948588318,-0.0186697057178713,-0.010414813925497257,31.923697991108284,-0.721874711007289,0.02787216757459416,1.740937278098637,4888668,-43742.69090909102
2012-10-04,201.96039298431683,204.2942140430934,200.8146938301853,202.7029724121093,124618,0.010043377372188855,0,0.008335560982952865,normal,-0.0011497309737800165,-0.02140716170962953,-0.00798112182155608,-0.010502901645147555,37.04782982217585,-0.5481499518576021,0.027236161265177444,1.0152352911943912,5013286,-23965.15151515149
2012-10-05,204.9519327590276,211.316899614898,203.7001507642164,206.3310089111328,616948,0.017898289580319915,0,0.00946094861228104,normal,0.012072092003961421,0.004441359950047241,0.008835207189641148,-0.009549504714718049,48.50088060382089,-0.17172611445685604,0.027991188216122214,4.156048874403991,5630234,31583.27272727272
2012-10-08,207.49789076603648,210.46820822076504,206.22489757115284,208.898178100586,468618,0.01244199407059976,0,0.009898799802513588,normal,0.03478707742049747,0.025304679560809618,0.019310925607136653,-0.00798465498480938,52.827145898749144,0.2447021439246697,0.027748767718711334,2.941152842440348,6098852,93603.79393939399
2012-10-09,209.7044202677424,222.73138931482347,209.68319594447863,216.323974609375,761880,0.03554744505820162,0,0.012357395289501345,normal,0.06876327189587661,0.07552728080198157,0.0499903930795913,-0.004576167221683525,62.34691582717961,0.9738830601395763,0.02923416410311464,3.9273258121617816,6860732,178465.52727272728
2012-10-10,216.8331821522725,218.27591818572964,212.6323070449089,214.01138305664065,232950,-0.010690408018391384,0,0.012619485837520157,normal,0.06639176311214934,0.0726285822446473,0.034944594562499764,-0.0022319305047827642,60.06220827308391,1.237165562789737,0.028948164697523295,1.1417080481717967,6627782,214566.35151515156
2012-10-11,214.2871896096853,215.4541000481539,210.1287503178744,212.42013549804688,154518,-0.0074353407555551865,0,0.01239700776674694,normal,0.047937940772678544,0.046733094063572844,0.0245904284607823,-0.0006206249878119019,60.28683548344857,1.2378449998715124,0.029500324973060123,0.7361274014252053,6473264,229935.2121212121
2012-10-12,212.58987592382843,214.4569301284576,208.7708961168136,209.42860412597656,75390,-0.014083087580451181,0,0.012852495228428254,normal,0.01501274690212906,0.027266074167925147,0.009184426487289565,-2.7384327676904796e-05,58.043302018498764,0.9817101649045181,0.03003749289389689,0.3571474252839912,6397874,230598.8969696968
2012-10-15,212.1655275220597,212.1655275220597,206.224892751442,208.1555938720703,45048,-0.006078492759950316,0,0.01285165050279713,normal,-0.0035547664190643813,0.031108651066801274,0.00275881854817972,0.00014454205511538198,60.324378163023475,0.6854706177655132,0.029194648941440183,0.21698272249543618,6352826,199465.91515151525
2012-10-16,208.34658192969,213.0142242947136,207.1372356361132,210.2985076904297,161016,0.010294769304524998,0,0.013041531718945247,normal,-0.027853902600605163,0.038994043817384805,0.011821357241629915,0.0008714121686494991,65.60201162373588,0.5960575484442949,0.02945204324715397,0.7537027233113939,6513842,174132.31515151527
2012-10-17,210.1287286117246,211.91091114573533,206.81893884932416,207.28570556640625,196196,-0.014326312426612309,0,0.013443834983359213,normal,-0.03142672784117462,0.03287855940075346,-0.002420231719440391,0.000687335864536287,56.370436159309236,0.3105822068931292,0.02900279409933686,0.889160003118015,6317646,106977.41818181826
2012-10-18,208.0919489043536,209.61954330784425,206.26733052906727,207.26451110839844,151886,-0.00010224756188514927,0,0.013393126767743112,normal,-0.02427088363144292,0.0225035609592108,-0.0022825675657720534,0.00051902027515216,55.10854724288485,0.10739345322573313,0.027967489143519316,0.6802691229676262,6165760,22524.751515151384
2012-10-19,207.3069457140311,208.15560788123548,205.8005755470661,206.0127410888672,341398,-0.006039480723627477,0,0.013327867992461752,normal,-0.0163103939472119,-0.001542510861286539,-0.00752295228065647,3.298614851510173e-05,56.36838685947265,-0.11234539998243309,0.026680895982477564,1.4314507591052166,5824362,-53389.13939393937
2012-10-22,206.0127533322592,208.30413872997727,204.52759445138807,207.43426513671875,59014,0.006900175398561137,0,0.013254264080960636,normal,-0.0034653343776813728,-0.0070077823424690155,-0.0006104699345869102,-6.106393481863925e-06,57.53345866999272,-0.16007902119792072,0.02662955814882606,0.2569833910537869,5883376,-97195.95151515144
2012-10-23,207.41301293741543,207.41301293741543,203.25457380965003,204.7185211181641,129694,-0.013092070477192963,0,0.013269946751458213,normal,-0.026533647972812213,-0.053648484927143913,-0.012406486489664248,-0.0007734793891718272,55.864156424858834,-0.361166750110821,0.027049454756843984,0.5614327630436345,5753682,-94673.15151515156
2012-10-25,206.58560237720235,210.0438983151052,204.52759391491048,208.3041381835937,92708,0.017514864047693868,0,0.013584580009179798,normal,0.0049131830600888104,-0.026667950047948974,0.004423202122646908,-0.0004692730357045427,57.79217856982138,-0.244871196402922,0.027238614202181342,0.41135289257738494,5846390,-89204.7636363635
2012-10-29,208.77088649289263,209.95900830937103,205.99152316351112,207.5403289794922,64842,-0.003666798032731844,0,0.013175509380044595,normal,0.0013307530055133299,-0.022972429177268605,0.000669644076155107,-0.00040941833435625963,51.82805312134986,-0.21275446745860038,0.025739707384180677,0.29297756603878444,5781548,-88102.99393939391
2012-10-30,209.61955742297943,209.61955742297943,204.10325328026943,205.52476501464844,42956,-0.009711673749167593,0,0.013368588358911136,normal,-0.0023686693921918245,-0.018640429408486425,-0.008193829142178921,-0.0009004096203357737,44.81414134021641,-0.3144821610989697,0.026434553736681514,0.1973884038218615,5738592,-85985.84242424252
2012-10-31,204.5063366987165,206.54312037933795,201.74818511686607,205.22769165039065,26220,-0.0014454382868974713,0,0.01315981940847365,normal,-0.010637458979468772,-0.014065931004857424,-0.0087185202436878,-0.0014045446702666275,28.153820826759187,-0.38438138814004014,0.023327087427081256,0.1254718353533884,5712372,-80310.77575757545
2012-11-01,205.39741211178355,205.80053173521028,202.10884691395287,202.4058837890625,112860,-0.013749644790310045,0,0.013550741433774504,normal,-0.01129666879415725,-0.03753057493391987,-0.020263008008105987,-0.0026021315869030337,27.60041231041066,-0.5909134903789647,0.022963467810502763,0.5548484343451476,5599512,-62294.23030303021
2012-11-02,203.27578757998643,205.33379579537527,200.75102556176304,201.5148162841797,82908,-0.004402379457562833,0,0.01344497966043757,normal,-0.032593312637073435,-0.027840266488505128,-0.022287759732077528,-0.0038774443908144995,28.367122455070273,-0.7476955273348935,0.02280179536748108,0.4206746991375225,5516604,-50796.884848485046
2012-11-05,201.59967580221257,202.7877975114547,199.60531477288964,200.5176239013672,92194,-0.004948481710675967,0,0.013289655470349162,normal,-0.03383778522784808,-0.03255206195672666,-0.024606094952439705,-0.0052455124196315595,30.804477103687688,-0.8701449061754909,0.022023373445046533,0.4716717605757021,5424410,-44744.43636363647
2012-11-06,203.6152638886,204.84582138572884,201.55725563588027,203.6576995849609,270226,0.015659848857666026,0,0.013135451941607229,normal,-0.009084381775376071,-0.011431533270509608,-0.00845036252356457,-0.005563010479510244,41.032246602114114,-0.6986422224277767,0.0211182804793665,1.5170488771718462,5694636,-37726.19393939385
2012-11-07,204.9519123926165,205.80057455573296,198.37478062846424,198.9688415527344,319210,-0.02302322986944294,0,0.013669333793358917,normal,-0.03049710322873156,-0.04081015052361203,-0.028384638365664627,-0.007097638174357379,29.493148649477064,-0.8499184477056002,0.022171960870619848,1.8704912874284303,5375426,-42612.70303030293
2012-11-08,198.5869504066119,201.55726804089883,197.6534168274417,199.2870941162109,166608,0.0015995095563350326,0,0.010443674562542611,normal,-0.015408591956258766,-0.026531194990501827,-0.024337430868403342,-0.008322753232175795,33.95756964052116,-0.874096853435261,0.021710706340156642,1.1825219440976462,5542034,-40900.79999999986
2012-11-09,200.6874049396004,200.6874049396004,196.33801103424528,197.65342712402344,397218,-0.008197555388282374,0,0.010374791093686497,normal,-0.019161812671435796,-0.05113057835741608,-0.029346283324249378,-0.009808340709188013,31.89459015394428,-0.9399200386467208,0.02225051629541257,2.6640063579143627,5144816,-52109.369696969625
2012-11-12,195.7227256470684,198.6506077335032,194.555815087655,195.46812438964844,213354,-0.011056234977417145,0,0.010470576407344083,normal,-0.025182322697991588,-0.05816799389884675,-0.03640003832440708,-0.011669596616171951,30.810912576542066,-1.0614566411578057,0.02313502218778159,1.4032080806433262,4931462,-70774.30303030301
2012-11-15,199.4356009853264,200.6873828096313,197.7382767216215,199.1809997558593,126910,0.018994786888165693,0,0.011382983611474105,normal,-0.021981490698484762,-0.030866184220363913,-0.016401438491547404,-0.012228125819321978,36.13684409094883,-0.8327149631950546,0.023221142631713574,0.8207689268046925,5058372,-75076.53333333333
2012-11-16,197.738300869743,203.636500816504,196.14705917819464,202.4271545410156,516924,0.016297512258373947,0,0.012084931262024552,normal,0.01738117868754152,-0.013646000141861125,-0.0003358856220823103,-0.011774950116022698,46.2185322565616,-0.42430375308221846,0.02401664516007533,2.900529747145476,5575296,-44685.81818181816
2012-11-19,202.6181145455319,203.00000997256467,199.8811735776065,201.8330993652344,46594,-0.0029346614940478633,0,0.011773490920568327,normal,0.012775565122841392,-0.0028298803034056963,-0.002959096028446906,-0.011500967256837802,38.15077870478513,-0.16879490569191757,0.023238871332139213,0.27011640849642893,5528702,-22699.066666666542
2012-11-20,202.08767164593704,205.37623743125152,202.0028002522999,204.46392822265625,243842,0.013034675014632402,0,0.011853533543127012,normal,0.03445678224622628,0.014634715168127865,0.009072430208556748,-0.010494768537299026,44.72727443906919,0.1836727897820598,0.022791613961059182,1.3943525297306756,5772544,7919.260606060721
2012-11-21,203.8910824857994,204.27297786516425,201.1329304854712,201.70578002929688,24630,-0.013489656671155315,0,0.012195900709834012,normal,0.031911369995111016,0.00592544488016733,-0.004109043100202658,-0.010340937396089989,43.61701639299103,0.23410492061891142,0.022329402784977005,0.14615866196284616,5747914,27945.563636363935
2012-11-22,200.8358831769727,203.42430520270992,200.70858904027912,202.85145568847656,404320,0.005679934700003608,0,0.012237052089123701,normal,0.01842774128614799,-0.003958818636012329,0.0013999602161456348,-0.009853013237817398,46.13795521854302,0.3411826210649056,0.021471149622992954,2.3553316525070254,6152234,84119.49090909092
2012-11-23,203.721334245093,208.34653997645137,203.721334245093,205.2913513183593,112860,0.012027991722325826,0,0.01245646427159835,normal,0.014149271543326236,0.03177638124786064,0.01214877841685702,-0.008719649486115477,54.748638704486545,0.5599679479288537,0.021843434587742648,0.6473041325717406,6265094,119622.10909090909
2012-11-26,204.5275803978181,209.19522227411684,204.5275803978181,207.39181518554688,66076,0.010231623756668862,0,0.012300981998336614,normal,0.027541150771576373,0.04066856965965804,0.020317851414492605,-0.007124131760559704,59.301566816092034,0.8143623401914624,0.02165143528025161,0.3860188230620483,6331170,159052.21818181817
2012-11-27,207.90103983252607,209.152808881294,205.0368047393416,205.4611358642578,55092,-0.009309332287591676,0,0.011826714613615397,normal,0.0048771812723642505,0.03950201549166765,0.009778880653010802,-0.006242059130961319,57.599572893766776,0.8186257930696093,0.022179428460847257,0.32542550690462996,6276078,159430.82424242442
2012-11-29,206.140030032957,210.99862599743656,205.3762392815672,209.28009033203125,175166,0.018587235253564094,0,0.012549786500532461,normal,0.037551280392828845,0.07066096319034543,0.02575899797605974,-0.00440411297460197,58.46648391922053,1.0309509041899292,0.022216411723513775,1.0020456682859633,6451244,141428.0727272727
2012-11-30,211.6987726426795,213.7779923390774,208.43143110535613,211.40174865722656,258822,0.010137888997607147,0,0.012485073311935045,normal,0.042150513239997967,0.06135499327921101,0.03260213761034603,-0.0022119234300346236,70.29093022665103,1.2518873784201163,0.021290912019279674,1.3945023132870011,6710066,127581.95151515148
2012-12-03,212.9930053678707,212.9930053678707,208.134408989416,209.6195678710937,71734,-0.008430302953749691,0,0.012667709648036596,normal,0.02108328736178633,0.035530872063020524,0.02157198929813653,-0.0007887066302111334,66.09392506016663,1.214652236587149,0.02179725948775356,0.3818128204882546,6638332,124264.13333333314
2012-12-04,209.1952195889272,210.8925438857947,206.712880214847,207.45545959472656,85544,-0.010323980238800767,0,0.012477584199678753,normal,0.0003068800430854335,0.027856482644197156,0.009964808337429742,-0.00014054386216466597,65.01951831747806,0.9904098967636684,0.021966201975727028,0.45865243770360664,6552788,100288.72727272758
2012-12-05,207.54030777256943,209.5983158422104,205.9066307296769,207.24327087402344,38900,-0.0010228157943764637,0,0.012418944827556311,normal,0.008673830222290846,0.013593315336974943,0.008074284353435601,0.00036515243980850265,69.20411866649022,0.7830198236761042,0.021849757109560556,0.21105608340675985,6513888,78034.4727272726
2012-12-06,208.4102008088624,210.44699769864943,207.09477191225008,209.8105010986328,437924,0.012387520298161592,0,0.01255124899490567,normal,0.002534454021689614,0.040180906408129546,0.018567196398038943,0.0015019432979779257,68.00864272149575,0.7726555185166643,0.020946785953744253,2.1722668462983457,6951812,69038.99393939404
2012-12-07,211.25326536223383,211.27447673988465,208.7921369254713,210.36216735839844,59166,0.0026293548553428803,0,0.012155538003534075,normal,-0.004917562439437195,0.037025673019848826,0.01918318767371474,0.0026326962666869402,64.79433886364203,0.7559368399435411,0.01919169011129423,0.30969715464496006,7010978,75632.715151515
2012-12-10,211.6987681896574,211.6987681896574,209.7044199308005,210.19239807128903,45894,-0.0008070333617553604,0,0.010706990919728505,normal,0.002732713391278452,0.023873615334770504,0.01658303963904384,0.0035578346133415817,65.83593539073632,0.6883485198113792,0.018825062096634364,0.2587342688448288,6965084,76838.10909090939
2012-12-11,210.04387310779703,213.43852156206447,208.3465488806633,211.7199859619141,437238,0.0072675696392547895,0,0.010748425653740836,normal,0.02055634677206597,0.020869535147734375,0.021638762605627138,0.004760854308880624,64.34558792918388,0.6991716695164156,0.01921177148868792,2.2902785809468735,7402322,97813.18787878809
2012-12-12,213.3960793989418,214.28717718109115,208.81330930439623,209.6407470703125,51096,-0.00982070200956664,0,0.010843806183511625,normal,0.011568415158562217,0.020342587849879523,0.01048866898923051,0.005224056309713232,66.12057837743325,0.526801429341468,0.02013243227613132,0.29432450693905626,7351226,99344.75151515176
2012-12-13,188.7848829360993,214.28718181756648,188.7848829360993,210.44699096679688,122844,0.00384583582987319,0,0.010326479416505658,normal,0.003033641618656935,0.005575784265547057,0.012988028862145784,0.005824218110626944,65.64678901677954,0.4315891377570038,0.027789379012756125,0.7265488044627713,7474070,106222.53333333337
2012-12-14,212.1443047375942,212.58984714160167,209.87413112531272,211.59266662597656,72168,0.0054440106457043225,0,0.00969902300965669,normal,0.005849432352927231,0.0009031049646592848,0.016711132349488178,0.006632068019946535,63.71183832792233,0.41040720238121553,0.02670066490979406,0.433853928389574,7546238,121893.6606060608
2012-12-17,212.1655308044186,212.90811016223407,210.06508686963232,211.16835021972656,27128,-0.0020053455207880155,0,0.009237942391743848,normal,0.004643137227572369,0.0073885389821302105,0.013256391742623608,0.007193377266106804,58.864482115163476,0.33560782526549837,0.026137131745223384,0.1912417105445891,7519110,121167.39393939388
2012-12-18,211.74119527560583,211.74119527560583,208.36775822716405,209.555892944336,46170,-0.007635885177455615,0,0.009432077771836576,normal,-0.010221486685566772,0.010124743661664715,0.0049910128429351275,0.007219101527005778,59.75719189039831,0.15453388868306783,0.026085138464166876,0.3255289581169662,7472940,101543.73333333322
2012-12-19,210.0226641231165,211.93215390035627,207.1372051344426,211.16835021972656,152552,0.007694640569324784,0,0.00917295128657244,normal,0.007286766388509891,0.018939477885817846,0.011498308642920119,0.007647968957460449,55.0281783422927,0.12179561072455725,0.025606071019154523,1.1113588050080792,7625492,76494.40000000024
2012-12-20,212.1231246703917,212.1231246703917,209.0255126687783,210.31971740722656,23684,-0.004018750023935702,0,0.008574977130171791,normal,-0.0006047772837503018,0.002427029657368518,0.006720653908738328,0.007763059075114542,46.90914511570655,0.02640882779270104,0.024945604751363617,0.17260013015699732,7601808,65874.15757575791
2012-12-21,210.29847681682315,210.29847681682315,207.349370757507,208.11317443847656,44716,-0.010491374731536163,0,0.008975494016346222,normal,-0.01644429479992593,-0.01069105223702238,-0.003476670194489495,0.007240654747048492,45.798796020552736,-0.18996333647937091,0.02456200850824254,0.37501247497666446,7557092,48880.52121212163
2012-12-24,208.34657142272548,209.6195647308073,206.6492470119497,208.85577392578125,22604,0.0035682483307861723,0,0.008637237343359857,normal,-0.010951339495426371,-0.0063590508399569146,7.1631734160027e-05,0.006959177249919124,54.241678275652006,-0.28218386082958613,0.02406108106592392,0.1970261292349853,7579696,23440.666666667075
2012-12-26,208.36774881313104,212.52620071102007,207.51908674616044,212.0169982910156,71786,0.015135920380911827,0,0.00897906993851871,normal,0.011744386245121419,0.001402854471920012,0.013740292761303063,0.007537638220823872,62.26823367018413,-0.13676004676059028,0.02414549282612409,0.6241642132866829,7651482,23615.769696969524
2012-12-27,211.91095009544307,211.91095009544307,208.47386557371064,208.85577392578125,40068,-0.014910240172796074,0,0.009399668848108642,normal,-0.010951339495426371,-0.00374437295946084,-0.0012440462729126356,0.007162715199934944,47.61909110765593,-0.25318092571650763,0.0245762471590874,0.3506732878115039,7611414,15178.824242424305
2012-12-28,210.3197138290692,210.4470209328616,207.34939603438968,210.022689819336,89098,0.005587185221747504,0,0.008517487872147974,normal,-0.0014122669598088944,-0.0020161901365832735,0.003921598420378425,0.00712326728794177,49.17861262030267,-0.2508291601004553,0.02464895607056206,0.8103000451086244,7700512,16637.57575757574
2012-12-31,208.9830625146852,212.165545700188,208.5587314232848,211.6351318359375,41230,0.007677465791855909,0,0.008383284073358937,normal,0.01692327939816285,0.00020069320283200298,0.010509991706831423,0.0074945227367382294,53.26298744996871,-0.14515215857890418,0.025005376722739513,0.41614014122320775,7741742,22411.68484848485
2013-01-01,212.14435757594484,213.41735098966296,210.8925755392986,212.7384185791016,61352,0.005213154987988355,0,0.008206841401182427,normal,0.018590075727090483,0.00743515000113093,0.014253857541411952,0.008083747381047335,52.348430790537044,-0.012414932917552468,0.02401373951473834,0.6224957664565368,7803094,27353.987878787917
2013-01-02,212.5686441678176,215.9845039323077,211.868487577351,213.9901428222656,786810,0.005883865507341657,0,0.00784591487799753,normal,0.009306539320689922,0.021160225158199042,0.018260557652853615,0.008898822826531427,60.42733329333732,0.1398260429002891,0.023420030044508114,5.888353212883565,8589904,68692.96969696996
2013-01-03,215.9845323609545,243.94796252921924,214.7115390464498,215.4329071044922,463354,0.006742199725642939,0,0.007902200024361353,normal,0.03149126813725611,0.02019505707331737,0.022678664660592762,0.00995661501239331,61.59932751965374,0.3081839051000488,0.024740449977196877,2.9923904107421593,9053258,131936.9818181818
2013-01-04,217.25753473722165,218.00011420165552,215.58142162339053,216.4937438964844,51546,0.004924209612404695,0,0.007552827599340417,normal,0.030811214172691948,0.02935543355311543,0.02500905700944589,0.011117709797260122,61.447143426348916,0.45274178847992963,0.024570221688561347,0.38034254883962537,9104804,179107.4060606059
2013-01-07,216.4088411700505,217.1089848309836,212.1655305588731,212.9293212890625,37746,-0.01646432152388766,0,0.008555534144082525,normal,0.006115191943312448,0.02314196044330541,0.00735271377834823,0.011133970930539805,53.58685983563607,0.27859920356286505,0.0256861292416791,0.2807350012123087,9067058,203019.7575757577
2013-01-08,213.0142190798386,214.9237090915105,211.16837614531087,212.2079925537109,33942,-0.003387643989022804,0,0.008597885507631095,normal,-0.002493325037073446,0.01605039958876553,0.003563570702551644,0.010914069090831813,55.60545839444855,0.09463480641984656,0.02590198549187032,0.25356986506455415,9033116,208285.04242424265
2013-01-09,212.20797554775743,216.43006202103587,211.3168776904766,214.4781494140625,472828,0.010697791506495635,0,0.008772174699463859,normal,0.002280509678439957,0.011608272652123386,0.012920033653347263,0.011284674145400686,56.80633644377698,0.10485193553412198,0.025733807715256542,3.486004094780077,9505944,226509.46666666647
2013-01-10,215.49655745990177,215.5602045366841,210.0439000898792,210.46823120117188,56784,-0.01869616193465584,0,0.009523857545037293,normal,-0.023045113998820477,0.00772043427424518,-0.005447692767189705,0.010499067832285158,50.27026696811722,-0.16477601395029584,0.027044951961372122,0.4177736250234512,9449160,216487.05454545468
2013-01-11,210.46822513959853,213.82043823235404,207.0735763470244,207.9858856201172,90512,-0.01179439560492146,0,0.00984879016612187,normal,-0.03929840245376892,-0.009698019775724709,-0.015567319627246112,0.009117344638563951,49.77066061399834,-0.49780942000713324,0.028664706130000307,0.6739342640087146,9358648,185191.78181818168
2013-01-14,207.92223837940963,208.66481780219328,204.33663541528867,205.8005828857422,427748,-0.010506976124170397,0,0.009983482962249704,normal,-0.033479364702631464,-0.027568905500615748,-0.023501034932158937,0.0072998606671583754,44.76741420754518,-0.8330347875250625,0.029440366683918664,2.812597603017828,8930900,113214.84848484863
2013-01-15,206.2885559409136,207.922233220414,205.5884122352869,206.4158630371093,420062,0.0029896910044646674,0,0.010028322897145591,normal,-0.027294587008241944,-0.029719857768151114,-0.018658024505718074,0.0058552277856855905,39.49049473202006,-0.9714356544403451,0.028427539623314686,2.4460663741137227,9350962,53826.484848484855
2013-01-16,207.0311170106956,210.85009646633296,205.376228503164,209.59832763671875,116130,0.015417732691587416,0,0.010547739152913078,normal,-0.022752069572938072,-0.02052344620936386,-0.0031930332611921353,0.005426318307630629,51.39215650374872,-0.8131697229282537,0.028653877411638495,0.6627380618121802,9467092,34464.448484848755
2013-01-17,209.7681005200051,210.0014774659257,207.0948065826567,207.8798217773437,68786,-0.008199043755509394,0,0.010541231713761435,normal,-0.012298337896678113,-0.035060035296673564,-0.010294574328349348,0.004574397943354569,46.063911306483604,-0.7881704580506972,0.028825141189944763,0.4021648825737711,9398306,31608.13333333341
2013-01-18,206.7765371286268,208.38900305713832,205.80058079129512,206.2885589599609,70308,-0.007654724752877429,0,0.010631871753714658,normal,-0.00816077809845428,-0.04713847501017421,-0.016196109861014274,0.0033910608727334424,40.17159658085903,-0.8380939072081193,0.028694867793987142,0.4055361206202901,9327998,24170.836363636467
2013-01-21,207.43423989297776,208.3041133803769,206.2248937900999,207.7100524902344,55874,0.006890801590937468,0,0.010517547219186836,normal,0.009278251682855121,-0.02451174299166936,-0.008527711713000152,0.0027293793831713042,40.86343238104327,-0.7381831350263044,0.02834526994531157,0.3212471338780786,9383872,14559.43030303042
2013-01-22,208.2616982446024,208.34656964423968,206.22491414888083,207.9858856201172,44000,0.0013279719810179724,0,0.010488939145629888,normal,0.007606113987109753,-0.01989607876114796,-0.006528780023562497,0.002217652555968508,38.68910363097336,-0.6210275650503264,0.027622754995835674,0.2514311575776208,9427872,1245.0545454544654
2013-01-23,207.9646857806598,208.9830778850101,204.357871238482,205.9066772460937,91392,-0.00999687246961145,0,0.010057053701404303,normal,-0.01761297636412218,-0.03996431427343716,-0.014916112716447438,0.0012071663303567792,32.47460504693292,-0.6480825780039596,0.019113857074744743,0.5193361689069972,9336480,9682.60606060621
2013-01-24,207.9222222865104,207.9222222865104,200.4964286334207,201.42996215820312,57986,-0.021741476030620044,0,0.010638761216420777,normal,-0.031026867177368023,-0.042943626177623484,-0.032987122847135786,-0.0008793219168590216,25.381342068723427,-0.9156338882065667,0.021261547441019078,0.3278371545005948,9278494,13225.79393939416
2013-01-25,203.2545796381754,207.07355921384047,199.5204714551254,205.41867065429688,26874,0.019801962197466105,0,0.01158755831412793,normal,-0.004216851918738107,-0.012343217224409564,-0.01253695332306315,-0.0016203502840873574,37.8932817795881,-0.7775676653471428,0.021756128954270187,0.15465875398243126,9305368,14269.381818181933
2013-01-28,205.41868449169743,206.8614076164443,202.1513298992661,202.787826538086,43768,-0.012807229780190665,0,0.011681063920523304,normal,-0.02369758176427128,-0.01463920220930004,-0.02283995978458031,-0.002968483627856844,35.695829232260806,-0.8131780396681341,0.022374672192600163,0.2516992054176747,9261600,-14945.090909090719
2013-01-29,203.6789225477614,204.5275847250437,200.7086049272732,203.7637939453125,68406,0.004812751454995379,0,0.01166826411092499,normal,-0.02029989516940711,-0.012848184498882254,-0.01643817995548158,-0.003868335605133333,33.065046721037845,-0.7237471032638862,0.021813826080010066,0.3925901098926326,9330006,-16432.67878787858
2013-01-30,205.3337970776944,205.3337970776944,201.5572532385052,201.9603729248047,63712,-0.008850546927840486,0,0.011603415579611585,normal,-0.019165499507199035,-0.03644091438149433,-0.022803250247220963,-0.005125584036803965,35.544302432240556,-0.7363553234662705,0.021393302483676036,0.4613872757859306,9266294,-13399.454545454428
2013-01-31,201.55727022416363,209.6195610331302,199.4356147481198,204.527587890625,84222,0.012711478636336926,0,0.011934495863247555,normal,0.01537817760194482,-0.016125826249308695,-0.009402203744463211,-0.005506541042873958,44.14090593465841,-0.5316566856892111,0.022325131897056354,0.706967858153147,9350516,-7924.121212121689
2013-02-01,209.19524203260272,211.69879304916643,198.6718354428345,200.1994171142578,86694,-0.021161794460128114,0,0.012489915556093285,normal,-0.02540788295150953,-0.029517593590272506,-0.02755280317890363,-0.006992143323659716,41.15281979496255,-0.6403206161630444,0.0259113964372152,0.7171389881767278,9263822,-11285.478787878728
2013-02-04,201.5572766962925,203.25460113162967,199.05372574408165,199.5204925537109,37552,-0.003391241444821169,0,0.012130859663950572,normal,-0.01611208148020382,-0.0394278458762054,-0.02799470615333932,-0.00844664583409882,39.13044524055451,-0.7053520023838182,0.02666797492322214,0.31065776520321975,9226270,-12192.303030303068
2013-02-05,199.43562048782,200.11455284960496,197.3564006513692,198.2050628662109,33866,-0.0065929552932808555,0,0.012154939890094564,normal,-0.02728026884203716,-0.0470263774137577,-0.031228929618426937,-0.010043231421490995,30.91689110547587,-0.7786389327632826,0.02586628071179337,0.2801732696202364,9192404,-10102.703030303026
2013-02-06,198.2050490308012,199.8387262702468,196.932055797398,197.6958465576172,36008,-0.0025691387557412737,0,0.01170226717135549,normal,-0.02111565900492418,-0.03987646635987019,-0.03060489348141382,-0.011539011547538558,32.222209791759596,-0.8000331262829916,0.025932905797219956,0.3635915673575391,9156396,-13215.818181818027
2013-02-07,199.350746942008,199.350746942008,195.6802854922136,197.3988342285156,27754,-0.001502370101715944,0,0.011186023280793047,normal,-0.03485472906433351,-0.02001255367620769,-0.029096673515558336,-0.012883767786244116,33.7471244871781,-0.7724146391430007,0.0263634600414876,0.28441516785249843,9128642,-19525.684848484674
2013-02-08,196.46530262936827,198.7566880182873,193.45254917840165,197.31396484375,150774,-0.0004299386320961718,0,0.011010574236947249,normal,-0.014412890467413453,-0.039454572384933995,-0.026778506288606785,-0.014033794604157102,30.01639005755861,-0.700224803723227,0.027542235328833556,1.4988100894868375,8977868,-30451.59999999986
2013-02-11,199.30831577654217,200.70860317702417,196.0409612426748,199.35073852539065,155300,0.010322501416732077,0,0.011203988824658418,normal,-0.000850809990229795,-0.01694918315054683,-0.015163024912589251,-0.014424956524739296,34.453768123347274,-0.46688856323135886,0.028173077607585736,1.7856034143772694,9133168,-31854.775757575382
2013-02-12,201.55723864521536,203.25456276012244,200.28424555903507,202.3846893310547,104538,0.015219160099964268,0,0.011782489577686234,normal,0.02108738497595808,-0.0067681533973986685,-0.00015800419983869052,-0.01387685779665615,43.86994619866398,-0.08007910131633,0.027496133876878062,1.4682880787446697,9237706,-21438.727272727163
2013-02-13,201.5572661856968,206.6492392261775,200.7510397108654,205.1004333496093,85314,0.013418722668849137,0,0.011644273978799198,normal,0.03745443781912772,0.015547903676993657,0.011980746239648177,-0.012600592537479915,56.80567658409052,0.36252251405639946,0.026600054209506792,1.224783365204059,9323020,-9497.866666666605
2013-02-14,207.073564567576,210.1924005582489,203.91229287949824,209.23765563964844,149122,0.02017168965697369,0,0.012425514036367442,normal,0.05997412019884485,0.023029009424108793,0.02921881016518313,-0.01030668796603218,57.04226184346255,0.9067808226138636,0.025639531663283883,2.0241010299539046,9472142,15504.133333333379
2013-02-15,211.31687453912227,220.22782707992863,204.10324629180283,207.92222595214844,57944,-0.00628677320761728,0,0.012382539212341047,normal,0.05376335687541922,0.03857558103419989,0.020537341548086507,-0.008637087369611662,59.9506383421674,1.13618240942836,0.02972302319556341,0.7931558414892889,9414198,30091.696969697226
2013-02-18,207.5191105869255,210.4682167882776,207.5191105869255,209.53468322753903,302092,0.0077550981767657845,0,0.012407619662253696,normal,0.05108556295040412,0.050191288852859506,0.025672457955949524,-0.006713060084287958,60.9148980749772,1.3404736089504488,0.029197759637194065,3.5387900789425286,9716290,56830.79999999998
2013-02-19,210.4681919805079,211.8472678352189,207.66760457795297,211.59266662597656,54060,0.00982168377443604,0,0.012581216921185414,normal,0.045497400645064356,0.06754420682383033,0.0322321486675512,-0.004455622106966151,68.04449165381304,1.5436940477704428,0.029049861031086442,0.6295643708024675,9770350,78321.26060606065
2013-02-20,212.1655746292463,213.43856807702176,209.6195877336953,211.6563720703125,93518,0.0003010758612373987,0,0.012318240969198254,normal,0.03196452885854284,0.07061618013622062,0.029352628911189393,-0.0024631826538679125,64.7368766371083,1.6048016522917228,0.026893105464288615,1.0877322762843238,9863868,95506.76363636371
2013-02-21,211.7412413823328,215.98455283288047,209.61958565705893,213.92654418945312,155064,0.0107257442662132,0,0.011188627610713663,normal,0.02240939153839472,0.08372749527894618,0.036406176823693404,-0.00010907495382583843,81.01630145100222,1.7107862047471456,0.024383326046411313,1.7072061707096073,10018932,110724.61818181816
2013-02-22,213.4173060727926,215.3480071640966,211.74119325100327,212.6959381103516,102228,-0.005752470240493857,0,0.010622535412204703,normal,0.022959123952923655,0.07795684040297068,0.02746519169143058,0.0015986768263358542,79.04566353201122,1.6120321594130995,0.024324901361341994,1.0806708049320908,9916704,99523.4060606058
2013-02-25,214.4993448334745,216.40883455009305,209.30128949379093,211.80484008789065,34418,-0.004189539444794721,0,0.010163893704970287,normal,0.010834277291871475,0.06247331539689149,0.0209086958963276,0.0028328150865677415,80.55272747217359,1.4081212413203692,0.02589401937486354,0.36564597845729224,9882286,85418.35151515165
2013-02-26,212.1655421216727,212.52622613319096,206.88261494302023,207.79493713378903,44024,-0.018932064783966585,0,0.01118175857517391,normal,-0.017948303940517052,0.026732495529266265,0.001430019957284534,0.0028100477662194034,69.60461041015249,0.9467451420999592,0.027334517754836585,0.4738338739987644,9838262,66800.96969696994
2013-02-27,207.7100904217621,210.04391166245605,207.07359371975463,208.38902282714844,28760,0.00285899984645388,0,0.010940621108924893,normal,-0.015437046431461265,0.016034044510932377,0.003882653289493776,0.002940215521824774,71.09117263795959,0.639838928825454,0.02701660611275063,0.3154802517699144,9867022,48160.448484848544
2013-02-28,212.10190815439103,212.10190815439103,203.2546019113448,204.3154296875,44338,-0.01954802169703218,0,0.011579457328149897,normal,-0.04492717132588053,-0.02352457036044009,-0.014263481709705372,0.0019414345358481633,61.65251310389661,0.14650129740253903,0.0287939464135441,0.49723893217776705,9822684,30448.993939394484
2013-03-01,205.80059121197087,214.28721352999028,202.3210708817597,213.05665588378903,75828,0.04278299592771195,0,0.014000347657085582,normal,0.0016959316507976219,0.024693992708707535,0.025184312522742003,0.003427860459077392,68.64893909012422,0.3796515648759524,0.030059464638073987,0.855604112153329,9898512,8761.684848484863
2013-03-04,213.05663678807107,214.26598294990984,210.0438835452879,212.2716217041016,146970,-0.00368462640339029,0,0.014007779121922113,normal,0.002203828845541267,0.013061983030229207,0.019328733295544964,0.0044924229435632235,64.32961000107044,0.4471192658590746,0.030277730497158144,1.5619154905628294,9751542,-6673.175757575731
2013-03-05,212.2504076685056,213.86286056436663,211.31687412907647,212.33526611328125,99532,0.00029982533071892803,0,0.01383806561265354,normal,0.021850046214402896,0.0035095710033152816,0.017731259042999437,0.005416011716149471,61.35903443583601,0.4603451852239022,0.029140986685745485,1.0221063408753195,9851074,-13502.315151515515
2013-03-06,215.4965430997802,217.02413758855056,212.16554150819024,216.1542510986328,306210,0.01798563684335952,0,0.014120934265228707,normal,0.03726313491054367,0.0212508557352864,0.03249230955164917,0.007221571174737873,60.96899933888747,0.6774879247760295,0.02815638641870635,2.7614000977550606,10157284,1626.9696969698985
2013-03-07,215.56018516504827,224.04680662823915,214.52056885598472,220.3126983642578,525138,0.019238332091500165,0,0.014410380652716962,normal,0.07829691913736325,0.02985208871110978,0.04713445389675286,0.009869443547128043,68.0246335904364,1.0311783531365437,0.025485650378973875,3.8681748338595123,10682422,52181.18787878825
2013-03-08,220.6733684889772,225.3197989003609,220.63094574148488,223.89830017089844,1008328,0.01627505737645829,0,0.014525903965699293,normal,0.050886203212646475,0.0526684343860615,0.05771182933176999,0.01307492838366997,69.76059745256416,1.4130052677997844,0.02573405870210381,5.644586234712654,11690750,142877.61212121235
2013-03-11,225.5531505813838,231.21798529009484,224.9166540455136,227.2292633056641,225510,0.014877125606684638,0,0.014625352188073709,normal,0.07046463150129822,0.07282375233433247,0.06599093034486003,0.016673492081686447,70.78391349920014,1.7729806191939659,0.026343874854265405,1.2380673171310175,11916260,222076.46060606075
2013-03-12,230.8148723116188,230.8148723116188,224.89544917704228,227.9506378173828,78892,0.003174654977199598,0,0.014502120178439283,normal,0.07354111255249851,0.0969980354748321,0.062355937836792386,0.019902927134206383,71.28592916603714,1.9298105003987813,0.02691868275715721,0.43619394629681335,11995152,277989.34545454546
2013-03-13,229.0114654078405,229.0963367948994,227.0171043579577,227.9506378173828,107898,0.0,0,0.014454307297177789,normal,0.05457392884383849,0.09387065942748851,0.05608421198224156,0.022611236872711826,69.4754396411249,1.9006565903824093,0.025575743281965962,0.5928666761541745,11995152,309675.4424242423
2013-03-14,227.0383104414874,228.75684591817648,221.07646470180777,228.0779266357422,51796,0.0005584051862199679,0,0.014058844139344816,normal,0.03524639446177358,0.11630299769619401,0.051001137736407465,0.024892675158883604,72.036446656477,1.7602512334560156,0.026837213829309085,0.29242229039662976,12046948,315435.39393939415
2013-03-15,229.13877537321176,232.5758466441648,225.85020961554065,229.1811981201172,403324,0.00483725672470281,0,0.01383146156139229,normal,0.02359507841366537,0.07568194558128805,0.05047405790089998,0.027049348755141533,74.74318755532454,1.6157488707724479,0.026588991557854363,2.0747503554592575,12450272,321289.26060606074
2013-03-18,230.3905814431348,232.59710839580848,221.7130050604666,232.08790588378903,56624,0.01268301146653572,0,0.01392726238921257,normal,0.021382116490820113,0.09335343095136173,0.057372713114381524,0.02955205863708188,85.71421521167012,1.5876621085630163,0.027868827481194267,0.31091075811402186,12506896,289503.2848484852
2013-03-19,231.6847405321953,231.6847405321953,222.0312096766872,225.36219787597656,251878,-0.028979140391659053,0,0.015825025785997166,normal,-0.011355265184561203,0.061350768532936195,0.024123740664146798,0.029868092926084167,71.14149804465376,1.0156778693190232,0.03094657290045453,1.3117696166787927,12255018,217215.74545454545
2013-03-20,224.9591363853281,231.26044267470888,222.03124152209435,224.5348052978516,247966,-0.0036713902594271985,0,0.015889124614995274,normal,-0.014984965833996666,0.03877117455069001,0.018388711646126765,0.029812260107179522,77.4007617060928,0.5068753633628731,0.031182096174863574,1.241466874073466,12007052,122678.07272727275
2013-03-21,225.31982018405188,228.693257699964,222.3707137795976,225.48956298828125,124528,0.004252158987837706,0,0.01579074270725586,normal,-0.011348593376134808,0.023497804086917373,0.020510962151119916,0.029891500826236594,71.35564887332875,0.17692360714418598,0.029262337516248377,0.6282645382789422,12131580,47520.60606060597
2013-03-22,225.1288387183784,226.69886882030693,220.31269154669823,221.75540161132807,179808,-0.016560240427390682,0,0.016274662410923853,normal,-0.032401421101294514,-0.009570856759228308,0.003266022016719994,0.028889554046101606,64.791456149127,-0.3232704531726007,0.030452149711474637,0.8897487981750569,11951772,12211.7454545456
2013-03-25,221.9251755046584,223.19816886319367,217.2575331900288,220.88555908203125,162582,-0.00392253141513732,0,0.016269242544842404,normal,-0.04826768874103682,-0.027917637593620204,-0.000605614270251631,0.027687430128217505,63.00840186311876,-0.7204171563432311,0.03166980975954572,0.7797821260480381,11789190,-20095.12727272633
2013-03-26,218.5517374034304,222.32829471772385,216.8756372550916,219.16702270507807,22006,-0.007780211545268867,0,0.01568659016159402,normal,-0.027489859565124952,-0.03853297010443779,-0.007588970200389955,0.026099595505232553,54.89657778948315,-1.084676368208818,0.032111749768603884,0.10610629530588374,11767184,-46802.61818181803
2013-03-28,220.6309538183825,228.3113361317976,218.1273900459712,222.7526092529297,67604,0.01636006413554547,0,0.01597779167655672,normal,-0.007937281895151083,-0.022803307831134045,0.007816982576066334,0.025538122973854938,54.04076599228751,-1.0682583373518586,0.031805758772710545,0.32294184524548813,11834788,-67059.36969696947
2013-04-01,228.2476957016384,229.1387805998814,220.67337047011867,223.8134307861328,45902,0.004762330447041219,0,0.015032135144295264,normal,-0.007433302809831344,-0.01869753865493573,0.011401265353567114,0.025223427950375577,49.84662018392341,-0.9727896740933333,0.032758703729131325,0.2191903014188969,11880690,-79415.50303030289
2013-04-02,222.39188207352225,226.55034687952136,222.39188207352225,224.0467834472656,188644,0.001042621349010009,0,0.012068121174650422,normal,0.010332924561421208,-0.02240329797979579,0.011256156947980989,0.024912559213110752,43.52333118652328,-0.8833681768482045,0.031716752677474896,0.8771813984199538,12069334,-52578.44848484805
2013-04-03,224.0467954577496,227.4414438737761,220.03686183649583,220.6309356689453,49186,-0.015246136212101802,0,0.012647373539260189,normal,-0.0011527390660761583,-0.04936478775667208,-0.0037667429739725033,0.023677473918166658,36.57589356174363,-1.0332946208410791,0.03268861266294484,0.23403204487081275,12020148,-20031.903030302823
2013-04-04,220.2490522226112,220.2490522226112,213.8628743489584,217.68185424804688,51930,-0.013366581671590771,0,0.013105489258903527,normal,-0.006776423016110922,-0.03407999966416908,-0.015481213218298429,0.021763972900121997,33.00565606917583,-1.2932372995917172,0.03467002599920159,0.2499185466704718,11968218,-1209.7939393935258
2013-04-05,218.5305104589669,220.65216590031605,216.40885501761767,219.2306671142578,17202,0.007115029737141398,0,0.0125936166919911,normal,-0.015811002845191435,-0.02362278835371512,-0.0076752589903107404,0.020414794114648194,36.016164711035024,-1.318516743261882,0.03330524245814212,0.08897403656718078,11985420,5495.903030303258
2013-04-08,225.31980190387355,225.31980190387355,217.4272542307279,220.2278289794922,11738,0.004548459749541767,0,0.011868044829514044,normal,-0.016020494364642812,-0.02333471198869863,-0.002861456251835204,0.019420380839615392,35.80082121610448,-1.2275885389150525,0.03353291596726975,0.07000768784372385,11997158,21405.927272727266
2013-04-09,223.4951803345897,223.4951803345897,219.8883662301365,220.7582397460937,115644,0.0024084638579027207,0,0.011259614542496181,normal,-0.01467793311099208,-0.004496674525124367,-0.0004161038461483191,0.018618695729044843,30.567593017637947,-1.095579280934313,0.031097706328355224,0.9399421781618117,12112802,33265.96363636356
2013-04-10,222.71016060477024,224.6833105185448,220.31270550320045,222.7526092529297,67856,0.009034179241190765,0,0.010905910310241785,normal,0.009616392087317793,0.008452567830407931,0.007787516203494382,0.018360407145624924,44.65689159821494,-0.848817884324987,0.028995959059742817,0.5892814961997527,12180658,36036.55757575767
2013-04-11,223.62248742402488,229.09636891795907,222.7738252326624,227.44146728515625,221608,0.02104962113778197,0,0.01194369674937166,normal,0.04483429760750002,0.037754058425170545,0.02616678293164787,0.01925875915706543,55.13878615327088,-0.3691771199752907,0.0274920077221907,1.8122077552495703,12402266,44682.72727272693
2013-04-12,227.01711076770707,227.01711076770707,224.8954555268874,226.8261566162109,16512,-0.002705358333684571,0,0.01195848596642957,normal,0.03464610860302009,0.01828731603613143,0.021115915148164355,0.019805674668533557,52.391715454804036,-0.10637386665528092,0.026377338341012198,0.14026872946875088,12385754,49237.21212121271
2013-04-15,228.92661312093,229.1175672829665,222.77381258292536,223.34664916992188,43602,-0.015339974446493598,0,0.012426152006937875,normal,0.0141617896561117,-0.0020855835799102884,0.004930222837008058,0.01932124689549597,52.873584755925606,-0.1758006446936453,0.026774702535525195,0.37169074021031956,12342152,47795.16363636369
2013-04-16,220.7794769508816,226.9747268534271,220.7794769508816,225.6804962158203,24098,0.01044943837112533,0,0.01262604725133521,normal,0.02229704528985188,0.007291837639522569,0.01394105486928221,0.019418055089188258,58.22416752291185,-0.07842791572967989,0.02657840143511936,0.24503309238107537,12366250,54650.33939393919
2013-04-17,227.0171124462281,232.7880043842818,225.19249410545467,229.4570159912109,40676,0.016733921799689133,0,0.012881823685010728,normal,0.030097994186315313,0.04000382038677053,0.027882544593487157,0.020381038314968736,66.48536066042655,0.210633829760704,0.026808017673249602,0.4169823216143764,12406926,56846.15757575788
2013-04-18,228.7144491454352,233.29721957001084,228.37498946567283,231.76963806152344,40562,0.010078672296518931,0,0.011184425235495971,normal,0.01902982260899999,0.06471730894676986,0.03447455781566422,0.021717278104704585,65.06024710487688,0.5107868341149993,0.024918927830356284,0.46632261357718263,12447488,53104.23030303055
2013-04-22,230.6239408978373,240.46842708746647,230.6239408978373,239.5773162841797,104402,0.03368723482488112,0,0.01321692940002587,normal,0.056215561107195056,0.09280932014551446,0.06230956041592206,0.02474381049627894,71.48641352499627,1.1516745678571993,0.024517998648932973,1.308221967432914,12551890,50394.42424242458
2013-04-23,239.74710246131087,243.0356689110014,234.0398432494436,236.1614990234375,80650,-0.014257682295307328,0,0.013784821674339656,normal,0.057376503749407615,0.07235084738282138,0.042480913322469505,0.026405386776687134,65.19435453991511,1.253649673913003,0.02633571567798319,1.03916217630066,12471240,37201.75757575799
2013-04-25,233.8064263037744,244.7753744195418,233.8064263037744,239.1742248535156,1277212,0.012757057532816196,0,0.013208728895452356,normal,0.05979129284079154,0.08342150729505349,0.05020084511563039,0.028483873341388355,73.4946905320449,1.4198963624554608,0.027068467237084004,9.64073284581615,13748452,95638.35151515165
2013-04-26,239.7470536416223,242.2718286783788,237.62539829966104,240.2562561035156,90976,0.004524029504695548,0,0.01308086101118805,normal,0.04706432734538102,0.0785788633825204,0.04945961437257207,0.030431649928626126,80.02260671220476,1.4912636589584731,0.0263157959118648,0.7057846943960652,13839428,143734.94545454555
2013-04-29,239.3438936150621,240.1713442388161,237.8375237559301,238.77105712890625,62364,-0.00618172862050026,0,0.013007892516936886,normal,0.030208525697935862,0.04981321119224691,0.038721085766858954,0.03162625533243757,76.03159896263818,1.3321876720918446,0.025933660630415006,0.4763577923347673,13777064,183097.43030303007
2013-04-30,239.7469897409145,247.76685515560703,239.7469897409145,246.0482940673828,127618,0.030477885494085477,0,0.014035141478837363,normal,0.027009976919214918,0.08474391903441592,0.06325236965634784,0.03431325806402086,79.46725353780488,1.5931751898761455,0.025486911764206813,0.9529484591816999,13904682,211655.8787878791
2013-05-02,240.59569820043467,248.4670337642069,238.283088866834,243.8630523681641,86380,-0.00888135277467228,0,0.014378695454332633,normal,0.03261138405952546,0.09185901500869775,0.048436338526731904,0.03595873277012429,75.40835171591465,1.4962645283433371,0.027641769229925874,0.6354133717808199,13818302,214184.64242424298
2013-05-03,244.4147376612697,246.0908508510967,239.04693835819376,243.0144500732422,137970,-0.003479831350756468,0,0.01446948739921769,normal,0.016056183403870383,0.07680749620846838,0.0403503220892496,0.037028350474976435,72.85795731923542,1.2620013532949237,0.028524051756133362,1.0341857726560293,13680332,192901.5757575755
2013-05-06,242.71739274567787,246.11204159526773,242.314273014966,244.9239196777344,141474,0.007857432362218475,0,0.013741724703823626,normal,0.019427854449741044,0.06740654069656316,0.04370143220409495,0.038264321453012284,71.0419969410289,1.1270660953738139,0.027559171248797764,1.0249978807987323,13821806,166118.7393939393
2013-05-07,244.43590410061253,247.23650466091323,242.67494572546548,244.6692810058593,92652,-0.001039664366837556,0,0.01312167762519175,normal,0.024702423936451945,0.0556571734426734,0.03840177341734363,0.03911601516159502,71.66419585845352,0.9207840347371592,0.028176270729602368,0.6615174375516744,13729154,119836.23030303062
2013-05-08,244.6269216897417,248.25494804581945,238.96211087929743,241.99606323242188,353396,-0.010925841456056795,0,0.013646393313584823,normal,-0.016469249869504043,0.010095892990858779,0.02441664733232729,0.03905414066683233,73.09533689643939,0.5241501057686087,0.029357984396715532,2.2528024886928306,13375758,45702.363636363465
2013-05-09,241.48683160394728,246.11205120169464,239.3015418611952,245.1148834228516,257930,0.012887896392902443,0,0.0137575466671535,normal,0.005133336282519663,0.037912125543061226,0.03391492996935508,0.03959110905618335,73.60844501288256,0.3974392069026491,0.0291637278460284,1.5245973054591258,13633688,-29725.539393939252
2013-05-10,243.9903813783665,245.2633746725145,236.649458561936,242.33547973632807,61840,-0.01133918776253473,0,0.014252409713792116,normal,-0.0027939504696510298,0.013217372753057344,0.020035385573246245,0.039234528825597526,66.03286421542005,0.06923651587840318,0.02979838954126134,0.37143617382299965,13571848,-37469.34545454514
2013-05-13,239.7470604058002,244.8178219959757,235.9917407042221,237.7739105224609,94912,-0.01882336510869298,0,0.015146854921017206,normal,-0.029192776126894082,-0.01033207468273023,0.0007553139736051762,0.03768526219789581,57.07856477267408,-0.4819438440495327,0.03154279425256748,0.5654852161292455,13476936,-42184.44848484864
2013-05-14,236.3523950530344,242.7173608085021,236.3523950530344,239.6409606933593,245520,0.007852207867532268,0,0.01461452085879994,normal,-0.020551498299369975,0.0036432538135615644,0.007786736208447831,0.03664114663489548,50.0872533904562,-0.732630583584724,0.030259920271512433,1.452460492447525,13722456,-33271.30909090872
2013-05-15,238.1558076174615,246.069592252502,238.1558076174615,242.10208129882807,666212,0.010270033129344602,0,0.014649122718430043,normal,0.00043809831031982327,-0.01603836670972425,0.016381135589622176,0.0361788719167917,58.36317095993371,-0.7422503296865912,0.02963306916293407,3.305897163738207,14388668,21150.448484849327
2013-05-16,243.9903921249349,247.9154549547709,241.18981711410385,242.0809020996093,106910,-8.74804508295135e-05,0,0.01400702793923749,normal,-0.012377793142851812,-0.007307996234969916,0.01471774526352787,0.0356317010578906,54.46840412395887,-0.7569925073487012,0.028383627411106515,0.5223078865999276,14281758,58115.587878787686
2013-05-17,241.8687040451645,243.99035934380632,239.0044693919981,242.16574096679688,273282,0.0003504566715166746,0,0.013949060057463535,normal,-0.000700428883611548,-0.003492422389654304,0.013618251992765673,0.035038504685397154,53.02827617181755,-0.7656813521928054,0.0284738097691898,1.2585120948077086,14555040,95171.36969696979
2013-05-20,243.16291774361383,246.06960115154988,240.7230140584036,241.38072204589844,188706,-0.0032416596904434325,0,0.013673306165411446,normal,0.015169080222099618,-0.014466523467769221,0.009339213850274586,0.03420223619908613,54.232702487990636,-0.8238877509009779,0.029432813285637273,0.8403800695083999,14366334,120763.17575757636
2013-05-21,241.8687703065713,243.5236722525273,238.0497897227834,239.7683258056641,234138,-0.006679888213805829,0,0.013705901581372654,normal,0.0005314830650664515,-0.020030938007611354,0.002349032062516576,0.032963749916264495,37.52120912959809,-0.961002998231014,0.02858154139860775,0.9996191731788622,14132196,120806.67878787924
2013-05-22,241.0200492164396,242.33546518174307,236.81916123840907,240.10772705078125,251406,0.0014155382867053756,0,0.01146982197603578,normal,-0.008237658418083438,-0.007803169011997513,0.003407825415560284,0.03184307495914407,41.94714299270002,-1.0136394993373226,0.027152584737192256,1.0406850971986619,14383602,106118.14545454558
2013-05-23,239.74696412806657,245.5815141400328,237.62530957826067,244.13877868652344,210136,0.016788512744905004,0,0.011514825319923658,normal,0.008500780396412333,-0.003982233647739197,0.018289362385151664,0.03169954637928418,52.12144070480522,-0.7726642735517486,0.02697117254142055,0.8471459780360303,14593738,107870.61818181798
2013-05-24,244.41472009147205,246.5363756478216,242.6537356200556,243.905517578125,95078,-0.0009554447255507581,0,0.01122804556153048,normal,0.007184239208991361,0.006478778276731045,0.01564146245328346,0.031396262178258194,47.948669718059605,-0.6306686440287379,0.027021821546707226,0.5032046362698139,14498660,88677.38181818157
2013-05-27,261.8122762586867,289.81812752784936,261.8122762586867,282.4559936523437,3455274,0.158054956923517,0,0.036891346804927824,high_volatility,0.1701679871461932,0.18791835921654654,0.15676054242665205,0.04000993806541464,79.93300703919256,1.9183697690978931,0.03379081374007132,9.674305542139528,17953934,240392.08484848434
2013-05-28,284.238090448283,296.48005449608297,276.6637929786783,288.0995178222656,1708820,0.019980189115293312,0,0.03679901073221346,high_volatility,0.20157454849050715,0.20221316501444475,0.1600011513198567,0.04848920689771341,84.87976586713748,3.738054014474482,0.035737966925530114,3.8882531667344358,19662754,447416.5090909089
2013-05-29,289.2240373838853,294.0189990355429,285.1504696062973,289.98785400390625,693988,0.0065544579731147135,0,0.03648665201507825,high_volatility,0.20774061528880194,0.19779166064240683,0.149259485711994,0.05594067760606869,84.59290801832687,4.757035236577517,0.03601217199242789,1.4835105168605809,20356742,664705.345454545
2013-05-30,290.03027587890625,300.7658463826775,286.61441606849434,297.03173828125,433594,0.024290273472105106,0,0.03639309460562105,high_volatility,0.21665120092470702,0.2269936856027992,0.1576414569697202,0.06362162392064619,89.56438027642953,5.538907426052612,0.0364898016139605,0.8937099141544297,20790336,826177.1393939392
2013-05-31,299.15343557044906,309.7617134275572,297.88044222759606,307.30059814453125,562080,0.034571591314453975,0,0.03661846571248423,high_volatility,0.2599165496373008,0.2689680915132622,0.17553349429666087,0.07213008184395608,96.45617887944438,6.324363352620816,0.03617786242883706,1.1100240655302849,21352416,957634.7878787874
2013-06-03,307.6400949012122,319.0546136096082,284.36554083971293,294.8040771484375,1237316,-0.04066546264975479,0,0.03849391670936131,high_volatility,0.043716840051523986,0.22132403387367705,0.11417620527262895,0.07634736268045339,82.27428081285584,5.6036426728629465,0.044574109666693194,2.2049274760562727,20115100,926629.6363636362
2013-06-04,294.06140752829083,301.6569434214943,285.61720956429866,287.6327819824219,716798,-0.024325630891477767,0,0.03919008080954048,high_volatility,-0.001620050749726265,0.199627936742373,0.07813255519172513,0.07808306013875654,75.24713235761969,4.30373268134224,0.04770337412472312,1.2100576872302768,19398302,771235.2000000003
2013-06-05,287.2721526169965,292.76724550197474,280.1221839934868,282.0740966796875,470918,-0.019325632024356998,0,0.0394566900363738,high_volatility,-0.02728996133787087,0.174781420591394,0.0515587600158407,0.07805345140275621,70.89343764398653,2.802045396512721,0.050142392910953994,0.7871685564508998,18927384,543083.1393939396
2013-06-06,282.05287866939886,295.8436389949762,275.39087542460487,293.6795349121094,668000,0.041143225730509325,0,0.04012680238516664,high_volatility,-0.011285674010925173,0.20292047208607022,0.08502465128456227,0.0801527401351787,74.02064860151205,2.341596779441586,0.05192274251360094,1.0796022409180885,19595384,310300.36363636487
2013-06-07,296.2891490567382,300.5748822065431,290.878928289859,292.8945007324219,383680,-0.002673098007739738,0,0.03993293872329121,high_volatility,-0.04687949681547254,0.20085229576081765,0.07372627492160055,0.08143977240918554,74.02063806822105,1.7618458888837587,0.05312259497078817,0.6043742785565587,19211704,-10374.957575755983
2013-06-10,292.7884569571343,296.18310573344894,289.52110233010853,293.5310363769531,319356,0.002173259118691151,0,0.03940153982269597,high_volatility,-0.004318260397882412,0.03920979895452659,0.06832107037966906,0.0823256474395282,75.29955046069054,1.2244158062192838,0.05329651644800805,0.4943127626108139,19531060,-140407.06666666674
2013-06-11,297.0106342132988,297.88050800985656,292.3854136865456,293.9554443359375,790394,0.0014458708156481759,0,0.03945682753137578,high_volatility,0.021981716791592998,0.020326054545098282,0.06279402230296394,0.08282048579783274,75.31929615512988,0.7253563744275766,0.053214414078106426,1.1739030925541392,20321454,-132522.12121212084
2013-06-12,291.0911223109005,294.91010204967324,288.9694669004712,290.32733154296875,168954,-0.012342390191700248,0,0.039799947526426925,high_volatility,0.029259102343783372,0.0011706612341699785,0.044733858078684685,0.0821460347524825,71.80055066499676,0.016232802446939587,0.053383528892309996,0.2605539991740194,20152500,-95571.22424242408
2013-06-13,290.2424380503539,291.49421982703086,282.7317732894039,286.46588134765625,225142,-0.013300333023386068,0,0.040081783471914954,high_volatility,-0.02456301072055289,-0.03557147459975896,0.027819838101676986,0.08042983492209843,69.4228591260634,-0.8023095193102652,0.05531986924567205,0.34406811002623966,19927358,-39518.87272727246
2013-06-14,288.4178652425276,292.78847056534653,288.3329938393521,289.6696472167969,563194,0.011183760711986901,0,0.04002959023776865,high_volatility,-0.011010290420478408,-0.057373630361246764,0.03543778103633888,0.07927328995243865,54.85991434698316,-1.1938098432649529,0.04494567035543682,0.8420351033103755,20490552,95185.49090909101
2013-06-17,292.5762734418451,292.5762734418451,285.2565624674117,286.105224609375,98148,-0.012305129797579917,0,0.040234646713121776,high_volatility,-0.025298216703878218,-0.02950723281443124,0.020490712938983746,0.07722260034408346,48.617699554568816,-1.726334465006138,0.042385754189806876,0.1477418963461473,20392404,152495.4303030302
2013-06-18,286.2112759398271,290.66675169574734,283.47433565279687,284.3866577148437,189010,-0.006006765157391625,0,0.040220898004426915,high_volatility,-0.03255182649435273,-0.011285654733807604,0.012975416967640374,0.07478906314508604,46.10849566663581,-2.19760169908988,0.0422209094985625,0.28548586594987824,20203394,148347.93939394027
2013-06-19,285.1505145658815,285.1505145658815,282.20140808214023,283.283447265625,213324,-0.0038792623327810194,0,0.040292784155640984,high_volatility,-0.024261871040209826,0.004287350735756368,0.008177268190341813,0.07216167179838529,39.58877770331168,-2.5614899926435974,0.03956072074899619,0.3231397469886855,19990070,91411.36969696991
2013-06-20,283.4531801561939,287.69649123637646,279.2310804515892,284.4503479003906,198688,0.004119198089507448,0,0.04026380896936677,high_volatility,-0.007035858643213322,-0.03142604749248468,0.011142765111799013,0.06983857344155031,29.929282039267747,-2.6882882810879885,0.03832755238463479,0.3012305564172048,20188758,76964.61818181834
2013-06-21,286.423467693037,286.423467693037,280.10092449098266,280.9283752441406,85674,-0.012381678146104136,0,0.04048380964024957,high_volatility,-0.030176692852164955,-0.04085472912041144,-0.0012459111944903567,0.06683808968339577,35.531011272139665,-2.9529419583143497,0.03159561549754036,0.12998287407285133,20103084,25073.66060606162
2013-06-24,281.3314784186397,283.4531336103338,274.20272215436967,276.0697631835937,73894,-0.01729484270260906,0,0.02008025983600425,normal,-0.03507612082052303,-0.059486974218752264,-0.016785076557303658,0.06299384706640154,37.331562613470126,-3.3686979915539332,0.03039504663498515,0.15078912581323567,20029190,-20362.084848484505
2013-06-25,275.81522064414406,278.74311565370505,273.8420706291205,274.7756042480469,75740,-0.004687796738848782,0,0.01947535281314068,normal,-0.033795725664577,-0.06524743956084567,-0.019396167029016254,0.05915606630294312,41.17955560866477,-3.6222144205714955,0.028525128034418,0.18545788803279967,19953450,-23274.10909090887
2013-06-26,274.9665600868726,281.03448979785543,273.77843815520924,274.75439453125,69566,-7.7189228115504e-05,0,0.01937491534263628,normal,-0.030107840103970496,-0.05363923861027853,-0.017650127817176675,0.05559681832013719,18.23400146500633,-3.6712600539787337,0.02509654858522762,0.1844403172545261,19883884,-36783.58787878781
2013-06-27,281.9255585350113,281.9255585350113,276.1122179999774,280.3130798339844,143384,0.020231470045157574,0,0.01909863542823973,normal,-0.014544781178664756,-0.021478304797508563,0.0020119942545719915,0.05342668310279741,31.79877230408431,-3.225112892030875,0.023955517447483934,0.3953642913669164,20027268,-54225.63636363651
2013-06-28,281.75582950019333,287.86620724658974,279.06133757470866,286.1264343261719,621320,0.020738791410056523,0,0.017889262879671727,normal,0.018503147207945325,-0.012231909434312072,0.020577129473400513,0.052517149522822715,40.683417270662176,-2.4683731735141787,0.02400374773907103,1.6993367521367522,20648588,-1442.2666666668079
2013-07-01,285.1505021712441,294.78282342143507,282.2013958156917,291.6215515136719,311070,0.019205206259397256,0,0.016262516531579094,normal,0.056332820192756206,0.01928076256499134,0.03621252818098464,0.05263102966134747,47.39576345467163,-1.571312843777422,0.025287134561213894,0.9741861191239809,20959658,59849.76969697084
2013-07-02,292.7884363700339,292.7884363700339,286.4234703619897,289.7120361328125,69688,-0.006547922713352139,0,0.015347066218827837,normal,0.054358653584406724,0.018725837775795284,0.026550459871098164,0.05213150943388589,49.28605018116096,-1.1022926703225853,0.025558422977434964,0.24285154719937327,20889970,97864.16969697042
2013-07-03,291.5154304141081,291.5154304141081,287.27211992773107,287.3994140625,30888,-0.007982485302240994,0,0.01477593926337009,normal,0.04602299283628675,0.014529499822895087,0.016578858956637355,0.05102613310499038,51.123597981857884,-0.9493595660446328,0.024640924728413498,0.11657797888477205,20859082,111650.03636363681
2013-07-04,286.4234550700132,294.2735793941543,286.4234550700132,291.8760986328125,64428,0.015576526434180504,0,0.011961563189202036,normal,0.04125037192583503,0.026105613113970305,0.029236361385452492,0.05076425480946689,52.57672511677072,-0.5671192479057128,0.024636813404893803,0.2744219943086442,20923510,131662.54545454492
2013-07-05,293.63711879860983,296.1831053777885,283.02884138536524,284.7261657714844,293564,-0.024496465777154697,0,0.013133191345958308,normal,-0.004893880420329344,0.013518714597780646,0.0036391032468070517,0.0489048944755226,48.513962615089056,-0.8018822627433373,0.02671918383669032,1.2748614351853662,20629946,121044.78787878851
2013-07-08,284.3018604117541,287.9935464655809,280.90721133221075,283.9836120605469,53392,-0.0026079573997896954,0,0.013109533413621711,normal,-0.02619127226187501,0.02866611969993338,0.0009242647921354763,0.046955064656378775,49.55635682522541,-1.0003327277316236,0.0267623666851477,0.24607658737419522,20576554,96202.26666666578
2013-07-09,285.1505218227889,288.12083975844297,284.323070932319,286.6993408203125,105612,0.009562977032585351,0,0.013331597638127015,normal,-0.010398930443880072,0.04339445128287944,0.009486970399779082,0.045625639856166744,53.631067079302674,-0.9426406199319377,0.026804872789591264,0.5779548414635481,20682166,65436.351515151735
2013-07-10,286.7629470731693,291.7276260342293,285.38387102282564,288.3329772949219,80718,0.005698082422984196,0,0.01314449939086558,normal,0.0032483129287761425,0.049420802847713885,0.0137677847284301,0.04462136151036522,54.08665273891112,-0.7943357584619335,0.026127405159371106,0.45265255812232014,20762884,25602.581818181574
2013-07-11,288.9907253147095,293.21282544853153,287.0176010013068,288.0359802246094,113126,-0.001030048914622439,0,0.012785389886518402,normal,-0.013156673075290337,0.02755098119288224,0.011497854522215967,0.043517283219008274,58.02596682950498,-0.7184090350063173,0.02612277228682059,0.6549622687171364,20649758,-21497.309090907944
2013-07-12,286.4234488911924,290.64554787318843,286.1052006146466,287.6327819824219,46592,-0.0013998190152254564,0,0.012531339886229885,normal,0.010208461884989806,0.005264622472919811,0.009113005603719415,0.042310455288800064,64.5178717987821,-0.6969678417409115,0.02498972862314132,0.3171869266593733,20603166,-37262.58181818132
2013-07-15,288.54516565505264,290.6668212848692,287.8237975610917,288.6088256835937,152726,0.003393367384777024,0,0.012226304856621835,normal,0.016286903281097498,-0.010330943698915629,0.011329740470866767,0.04129363173623957,67.5080667650823,-0.6211925766614605,0.024443145827469,1.0207578923166791,20755892,-23408.775757575204
2013-07-16,287.16607009385257,289.8181394519413,285.40508568043566,288.2905578613281,112304,-0.0011027653832543782,0,0.012137655781525451,normal,0.005550124518817423,-0.004906521283888687,0.009232691689995631,0.040188301179327146,67.00423157341083,-0.5965181467445548,0.023765732695499035,0.7703404124844205,20643588,-17856.618181817725
2013-07-17,288.5451155788174,309.3373371425851,286.1900834182539,297.0529479980469,1215276,0.030394301505128007,0,0.013760400123170667,normal,0.030242710302976317,0.0335892610186308,0.035970176472626125,0.040807117500720747,69.46222809465085,-0.024300242319325704,0.026906265890942003,6.204107053973683,21858864,54910.56969696983
2013-07-18,297.05298435075696,305.94272616462854,296.607441871117,303.0784912109375,418008,0.02028440806091658,0,0.014325786744968207,normal,0.05222441645865916,0.03838064380947448,0.05127885600500126,0.042363179940080986,69.61215951418438,0.6865069044150016,0.02649634531677286,2.0208413404013084,22276872,142654.82424242393
2013-07-19,304.35142264007635,305.921452586393,300.3839379816866,301.2962341308594,230244,-0.005880513239184926,0,0.014022405465059146,normal,0.04750311162123566,0.05819650721062919,0.040627371906709175,0.04318398972217952,62.24476868503347,0.9470771557706854,0.024983172259003456,1.0755195560475903,22046628,181864.99393939404
2013-07-22,303.8211096436223,312.71085259863304,300.63862595322126,305.4972229003906,268120,0.013943051036299003,0,0.013293437306514696,normal,0.05851656537805239,0.07575652229980423,0.049625171490885966,0.04453691207945276,68.88322786450638,1.2914663122498613,0.025974040343290584,1.1980965939684962,22314748,214968.52121212028
2013-07-23,308.69623265742564,314.32137241810256,306.1627575602556,312.26025390625,234966,0.022137782273930817,0,0.013597288073346524,normal,0.08314422859610837,0.08915581393665528,0.06546805466203254,0.046832470178906904,76.87817979055455,1.830898123122024,0.026459339211358734,1.0138787726062957,22549714,246860.15757575713
2013-07-24,312.2602380938656,320.7623679050624,309.5979481386211,311.5731811523437,280656,-0.002200320871168504,0,0.013659502299786075,normal,0.04888095961394834,0.0806019626178609,0.056770611336071086,0.04848317862705209,73.19615713041199,1.9846797799461786,0.027277493324788585,1.1582800291039235,22269058,246187.53939393978
2013-07-25,312.968724068153,317.756552882159,309.94145404253806,310.9505615234375,122640,-0.0019983094392252987,0,0.013375918882700524,normal,0.0259737016673387,0.07955457953884593,0.04919715030222638,0.049586738744196834,86.49339839387117,1.8882716641205564,0.026105649688522813,0.5083167230979467,22146418,213027.07878787944
2013-07-26,311.7449397616229,313.3337277541824,303.4575106542963,306.3988952636719,189864,-0.014637909761171297,0,0.013562473714990591,normal,0.016935695022979536,0.06524330485527496,0.03051797349797214,0.04946682166150684,78.20281650337672,1.3850569884249957,0.027143843667405593,0.8642198402232922,21956554,148262.933333334
2013-07-29,304.8745444298456,308.73915133106897,301.7828536671583,307.6656494140625,95568,0.004134330018717991,0,0.013054006160574201,normal,0.007098023651687768,0.06602994099480908,0.031362359659341976,0.04940514533660867,77.37797500920546,1.0214043596189208,0.02768656777106934,0.4574404434254424,22052122,82488.61818181821
2013-07-30,308.739159609204,310.4352979252609,298.43354092962005,300.4946594238281,118604,-0.023307736836696735,0,0.014173078494276556,normal,-0.03767880905507193,0.04233264402773251,0.006621529494571732,0.04779124947009006,63.87438638025279,0.22348468365619922,0.029692204411600528,0.5611341150465925,21933518,-12953.818181817143
2013-07-31,296.3079896372226,302.2981354898449,291.1766453058782,300.1940612792969,85466,-0.001000344382517837,0,0.014001169886173366,normal,-0.036521499799698764,0.010574253857499771,0.0050771263365749775,0.046149517743189206,63.869138628723924,-0.3668539060954892,0.030894098759771806,0.3991990422884933,21848052,-47675.1515151502
2013-08-01,300.151090717553,303.5862963337768,297.2955655656514,301.9760437011719,106370,0.00593610151473678,0,0.013681359876499127,normal,-0.028861558500801077,-0.0036374983436167074,0.009981119393878357,0.04488539165538463,65.86285850060216,-0.6623966074419325,0.031125821288997817,0.49201908684365847,21954422,-48596.23030302929
2013-08-02,302.7489613975487,306.5706381501501,299.2922909688133,304.1874694824219,94464,0.007323182839756637,0,0.012237464496036141,normal,-0.007217473089604187,0.00959598901029346,0.01569642828706108,0.04403353816703448,66.77085461936801,-0.7287583125209718,0.03189617650852661,0.45803880800520574,22048886,-55805.84242424186
2013-08-05,305.7333596057281,317.7351168151056,302.25522372284456,315.63104248046875,192230,0.03762013280007315,0,0.014328482706400069,normal,0.02588977054011732,0.03317156039543545,0.048523934651728995,0.04528158471264865,73.74505892711464,-0.05715996387187339,0.03324421342952596,0.9017359695690497,22241116,-34682.88484848355
2013-08-06,313.462533201554,314.3213346623802,305.1106837533113,310.5211486816406,111748,-0.016189452592085707,0,0.015071902593124487,normal,0.03336661382614059,-0.005569409500100875,0.02845873962243095,0.04521455204950309,62.489430031050524,-0.014502145347755402,0.030886735768876274,0.5234478381334476,22129368,-3098.363636364145
2013-08-07,316.4683186543044,316.4683186543044,299.7216912085542,302.4269104003906,333516,-0.0260666248196465,0,0.01650116034042555,normal,0.0074380189653928674,-0.029355128442460465,0.0014928862559471234,0.04345806988787393,49.41809728085644,-0.558709099411403,0.03346384192567553,1.4749226531944364,21795852,-3320.9212121216488
2013-08-08,299.7861147950132,304.294822229335,292.89421246428986,298.0685119628906,54590,-0.014411410782624534,0,0.01691858398457577,normal,-0.012939873277325376,-0.04142796686854,-0.011722100582467032,0.04094929106890999,47.24424179260031,-1.2025373134038784,0.03535817576220193,0.24458148295501383,21741262,-8961.28484848409
2013-08-12,300.1511597925303,331.9268190552588,298.5409067893515,315.6095886230469,2989026,0.05884914358998139,0,0.02114554497977295,normal,0.03754960439382948,0.030061118044987456,0.04182962093088194,0.04190476208816607,57.031918469624735,-0.47474149893092665,0.03832363741319064,8.071483176815251,24730288,140689.5151515146
2013-08-13,319.4741267043474,328.4056561877073,317.7565238726036,320.8911437988281,1522498,0.016734457273062553,0,0.021306624414185432,normal,0.01666534849367629,0.04298658108226605,0.053318934067831725,0.043543686787749,56.127991929217714,0.2933174358418089,0.038576994440835684,3.469623040059215,26252786,346135.84242424305
2013-08-14,321.6211957399382,326.7740052845033,318.6153901722752,323.617919921875,385922,0.008497511307935524,0,0.021257461691931174,normal,0.04217674479125977,0.07695065377329402,0.05600694747241142,0.04528375986392441,58.31112440090637,0.8826410353900496,0.037588510367205875,0.8528874084839227,26638708,513808.3878787883
2013-08-16,319.4742205249706,326.3017042696085,315.05139717607886,318.9374694824219,352952,-0.014462890190330091,0,0.020912699639667697,normal,0.05459355141436495,0.06243763825056603,0.036712180646087056,0.04573569712445957,55.218879255575615,0.8543198605525824,0.03890946891963501,0.8621778790275656,26285756,599498.6666666667
2013-08-19,318.8944492253027,319.90353041500805,309.1685126158467,312.62518310546875,180430,-0.01979161114934791,0,0.021165035994860106,normal,0.048836661902718514,0.035264848409084504,0.014629130570414928,0.04478080256764083,53.9769340437468,0.33426842464307605,0.03989131758146667,0.4539191438757394,26105326,628648.2909090912
2013-08-20,309.98440057819744,309.98440057819744,297.2526583226377,300.6234436035156,269034,-0.03839018783686454,0,0.02295547783934877,high_volatility,-0.04748317402178226,-0.011716544027834175,-0.022057321925212148,0.04156948420596551,46.044370574624686,-0.8305775290864483,0.043483599903099614,0.673539405337363,25836292,599106.945454546
2013-08-21,302.3410106121944,309.51200726463435,293.2806666784566,294.9123840332031,283326,-0.018997385905287767,0,0.023093995379494768,high_volatility,-0.0809581699827513,-0.06564201760524768,-0.036908450036448937,0.03756927952027489,46.8121341064704,-1.9351554938694857,0.04535008830029775,0.7079725182942751,25552966,521018.83636363654
2013-08-22,292.5292603325519,307.02153561508203,289.8455056506019,304.63836669921875,143452,0.032979227704865055,0,0.02379490829999245,high_volatility,-0.05864802921679413,-0.018944867386321396,-0.004658581230868819,0.03575164040622458,52.29134117195403,-1.9544882660340015,0.04532183497940221,0.3626024915966875,25696418,403161.87878787826
2013-08-23,305.7332501821317,309.96283592665884,304.8959137074821,306.8282165527344,294568,0.007188358699670161,0,0.023861855307180373,high_volatility,-0.03796748293431507,0.014553288748401227,0.002258011195267029,0.03444268149711416,52.491147586189605,-1.7690806364984013,0.044773428131235735,0.7432703511917588,25990986,235900.89696969732
2013-08-26,307.4509705129978,309.6194392951585,302.0834605529245,303.2643127441406,78182,-0.0116153065993565,0,0.023990199387706655,high_volatility,-0.029942790495448013,0.01743156547142055,-0.008497447953665915,0.03251665207581578,49.53253523834367,-1.8282240882491694,0.045360277417193944,0.19838590374545947,25912804,9886.000000000618
2013-08-27,302.2981396915011,302.2981396915011,294.1395251259635,296.5441589355469,107328,-0.022159395372918222,0,0.02427285357109599,high_volatility,-0.013569416340492801,-0.060408271404805425,-0.02764700396698061,0.029477842278643918,39.84927749994238,-2.2348046314533443,0.04485745832683349,0.2752256171535966,25805476,-73278.896969697
2013-08-28,296.28653209582006,299.721738265047,282.4598220229732,297.0594482421875,121756,0.0017376478042605559,0,0.024250224464556713,high_volatility,0.007280346045904329,-0.07426722742956438,-0.0235434664599129,0.026821887893031526,42.47300103576371,-2.370995740578918,0.04640066880745549,0.31117907159986213,25927232,-61335.272727272946
2013-08-29,297.5746679024082,304.7885940037894,292.4862803848945,302.6630554199219,154040,0.018863588453062352,0,0.02408491032013181,high_volatility,-0.006484118532736116,-0.06475186697637714,-0.004638256470946067,0.02545376994116544,50.13582148654492,-2.0004440895615163,0.04449273158792114,0.3919145115481717,26081272,-11315.224242423647
2013-08-30,303.15688545880903,305.7332895845213,298.862878582622,301.6110534667969,86734,-0.0034758188496624154,0,0.024100097838010513,high_volatility,-0.01700353098079832,-0.05432543264277678,-0.007332374881346193,0.023974244919074295,52.11809296092908,-1.7518868328656745,0.04357506235057968,0.2206363996893477,25994538,17200.545454546154
2013-09-02,302.0834216408432,310.88613684146475,302.0834216408432,307.9662170410156,186522,0.02107072503202656,0,0.02451355597781115,high_volatility,0.015504311253536462,-0.014902721585552392,0.012274272306161516,0.023777997461862155,44.72433003553934,-1.11612217729565,0.03697410715558737,0.46969159381429954,26181060,47391.49090909203
2013-09-03,310.88607925043897,315.6094865318683,310.88607925043897,313.3551330566406,209070,0.017498399881008098,0,0.024750348309683763,high_volatility,0.05668961473204259,0.042350953407068515,0.02705423897762005,0.02451307258819324,44.80613117978686,-0.3301110530100566,0.03516367769827378,0.5189821822819726,26390130,70132.66666666714
2013-09-04,313.44111465780674,323.76819850638776,313.44111465780674,321.406494140625,436762,0.02569404561989108,0,0.02397271013405328,high_volatility,0.08196018016766726,0.08983722468717681,0.04810870212434426,0.026536708310407997,48.58008497857508,0.6795310593218349,0.03478383690025124,1.0522539660512567,26826892,91095.63636363657
2013-09-05,323.7252103857597,326.2157292976976,318.7226815592448,322.050537109375,187876,0.00200382686875078,0,0.023621625126209304,high_volatility,0.0640563205263176,0.05715685321851782,0.04521093780424956,0.028296879706481315,52.10811440843469,1.3021471086182737,0.033880941483862684,0.44852071909992186,27014768,116428.32727272701
2013-09-06,317.7565555309134,324.17610199584766,313.4625480237389,314.5789794921875,101616,-0.023199953908631388,0,0.023449871562474908,high_volatility,0.04299552644484961,0.025260919698110618,0.018927914991724304,0.028339372339761804,51.302624211369306,1.1286576308868934,0.034680773298193204,0.24949654320005538,26913152,139876.1939393942
2013-09-10,316.89773503865973,319.4312097994852,314.34279548329306,317.1553649902344,133708,0.008189948044862394,0,0.023148317079656377,high_volatility,0.029838168736523896,0.045805100245386976,0.024611537939910333,0.02873567662964538,62.60645432738179,1.1039430537842252,0.03208289714226716,0.3251336627921256,27046860,154227.32121212143
2013-09-11,324.1975501448315,330.2091603461926,317.8638893969689,319.8176574707031,342712,0.008394284865875568,0,0.01919448073394829,normal,0.020623643056437047,0.07848240416772012,0.0299545825695271,0.029450247011691966,69.91768326018025,1.1767395545170904,0.031106148157460482,1.2286913586620603,27389572,166370.49696969768
2013-09-12,319.90352621669547,324.58400439912054,318.1859233913709,320.4402770996094,242338,0.0019467956642240658,0,0.01883128872843697,normal,-0.0030062150536164234,0.07870757518663374,0.02882816672681021,0.030065010586906693,64.79104739389834,1.1739888130609808,0.02864322182848814,1.1275919380745258,27631910,180648.01212121197
2013-09-13,322.05055488633263,322.4799556261811,316.1677595087007,319.0232849121094,74546,-0.004422016484087354,0,0.018749427465395922,normal,-0.009399929043551025,0.0540542666150281,0.021915742402135008,0.030221761703625782,61.58251828354921,0.9911917030102764,0.02899159496464834,0.3739498243269545,27557364,180465.9515151517
2013-09-16,320.3329292383074,321.6211313666116,313.46251788735174,314.4501342773437,139772,-0.014334849056631072,0,0.018744447088240357,normal,-0.0004095798614763835,0.04256833648160785,0.0065701175542041135,0.029412504104722403,60.424123736789085,0.5014497586374684,0.02955466306798981,0.7407548733733781,27417592,148985.6727272727
2013-09-17,314.4501184653185,316.8977076277281,309.168495246564,310.6499328613281,59046,-0.012085227518662145,0,0.018404011474756326,normal,-0.020511814861169264,0.00871431888243479,-0.005064399092608585,0.027910546727570207,63.90181167658583,-0.10682127143705511,0.02959531888537105,0.3233281896665962,27358546,109470.36363636355
2013-09-18,313.3337539517111,325.27109037662984,312.19583140294964,323.1885070800781,300266,0.04036239152946197,0,0.018216795031900292,normal,0.010539910885576376,0.031380925301964124,0.03164556808350438,0.028764739959770358,70.81768921381217,0.28544849431433494,0.027863485254375066,1.6302767386429653,27658812,85998.64242424288
2013-09-19,326.34458453390823,334.50319914725594,323.0167285732006,328.34130859375,509846,0.01594364094263767,0,0.017581606143210998,normal,0.02465679896938977,0.0215764602755375,0.043314998836739615,0.030315523158944035,70.60654521231653,0.8122810634921822,0.02724873009894779,2.60781455395459,28168658,104076.20606060505
2013-09-20,326.34454547337793,331.2397241388946,322.0720030902751,326.4089660644531,179114,-0.005885164244404328,0,0.016502618501789534,normal,0.02315091562792504,0.01353336962017826,0.03351578866905802,0.031188519048722663,69.62282394715845,0.9418288636319421,0.027912766560380223,0.9078712008357236,27989544,108645.15151515184
2013-09-23,320.76231722090904,325.0563241448837,317.8638625472261,320.2041015625,71436,-0.019009479355808878,0,0.01722550680478157,normal,0.01829850478003392,0.0178814302195045,0.012531763330220658,0.030711870529446905,59.70704411912081,0.5407661680756073,0.0282908176702894,0.3837890546301445,27918108,90727.7212121212
2013-09-24,321.92175750808474,328.0621831819547,319.9035686787385,322.75909423828125,208534,0.007979262799300946,0,0.01694885311231619,normal,0.038980086895298305,0.0176687197084604,0.018611532454199553,0.030635206009670624,57.810316291589466,0.38595256765270314,0.028180913799115134,1.0824438583532614,28126642,80917.45454545521
2013-09-25,322.4799221250418,325.9151276869597,321.1917200393226,323.2528381347656,191164,0.00152975982799064,0,0.015872858329130202,normal,0.00019905118306562386,0.01074106005037323,0.018213846083160457,0.030536820594956104,51.75359422906025,0.26117496855974487,0.02688063663733325,0.9711500897416163,28317806,91293.51515151619
2013-09-26,323.3388069958866,326.77401344471406,322.6088203838017,325.6790466308594,434022,0.007505606169132095,0,0.01587357241489512,normal,-0.008108215120091966,0.016348661219081073,0.023336201757111485,0.030763071082181126,53.333389404274286,0.2844945067097582,0.02595051252384721,2.0428775437007722,28751828,130248.04848484989
2013-09-27,324.1975605979567,336.6072525400235,324.1975605979567,333.4511413574219,432920,0.023864276216000402,0,0.016145005259556776,normal,0.021574699303995803,0.045225088975205496,0.0430134188038942,0.03221341709204406,67.24201097081755,0.7399295623772293,0.025708986496764293,1.9121891235078414,29184748,174271.90303030424
2013-09-30,333.9449597430436,359.4084183073392,333.9449597430436,352.9674072265625,601698,0.05852811236360833,0,0.01994257676077725,normal,0.10232006868177956,0.12249087772768052,0.09322474900508282,0.03676626299830299,74.98497906437137,2.190130711416283,0.028510632227567813,2.3862852193390878,29786446,222071.64848484818
2013-10-01,356.960830141619,372.7198425510984,352.9674084988512,358.16314697265625,721590,0.014720168604005712,0,0.019774679645322653,normal,0.1096918827893274,0.1529477688074623,0.09788692295381995,0.041429953778928885,75.83907247044405,3.2689157626605,0.029432950621324883,2.5872547254983655,30508036,276581.0666666669
2013-10-03,360.5678281635164,361.9848454484745,352.9674293696869,353.7618103027344,202084,-0.012288636357826843,0,0.020121394919491692,normal,0.09438114246424467,0.09459898032537684,0.07574889009072994,0.044503468062650375,71.36562480187662,3.4384391877320706,0.03032801526049458,0.7254790389603396,30305952,301909.8181818197
2013-10-04,354.534711397228,360.6966011840395,353.7617691421447,357.5619812011719,214374,0.010742173936710397,0,0.019633649976453334,normal,0.09789679409879315,0.08899481071258086,0.07833866595808359,0.047613558286777824,73.9780383531347,3.544732497139112,0.030130070148540827,0.8015986054082311,30520326,340834.8848484863
2013-10-07,358.5496199377667,365.8494325592541,353.0747604716511,363.1012573242188,292866,0.015491792791948011,0,0.019737736222098814,normal,0.08891892181294225,0.11241202011748785,0.08522084600976676,0.05102994160314278,79.91021307508967,3.708728794279047,0.0305784841668916,1.0740179241359735,30813192,355288.46060606185
2013-10-08,366.7082495524832,375.2962647644851,364.13184498888256,370.5513916015625,337170,0.02051806246071841,0,0.018704335693162866,normal,0.049817586595787944,0.15723499415960895,0.09626511612279653,0.05500400544784845,85.24504799113114,4.013788809523504,0.030824527092083217,1.1852972101906665,31150362,349144.6909090904
2013-10-09,371.8609919218256,378.6455174796156,371.4315912383132,374.1368103027344,230588,0.009675901325522762,0,0.018706473169776142,normal,0.04459884682467807,0.15918286109243707,0.0957198703454345,0.05877689070020997,83.50742614001285,4.135487724336713,0.029283017768416762,0.7970431134276262,31380950,330301.8787878807
2013-10-10,372.7198264452257,375.7256314972033,367.1376170629815,368.0178833007813,83178,-0.016354784756415497,0,0.01951220502550564,normal,0.04029850759144171,0.1384830692417709,0.069872402643256,0.06075034696102466,75.76684855033463,3.5071455107826743,0.029207336844856643,0.3010122767324003,31297772,280220.19393939443
2013-10-11,368.42585938949793,372.4407460917356,364.5612524728249,365.7850341796875,248622,-0.006067229942923413,0,0.01970753474384374,normal,0.022997559614396312,0.12314574107153486,0.05700085735438143,0.06182417119839401,75.47227174108315,2.6816377035283576,0.029134067940797263,0.8987145109668894,31049150,209391.30909091086
2013-10-14,362.8436005736086,376.1120930188286,362.8436005736086,372.2689514160156,185944,0.01772603204193146,0,0.01966475996752628,normal,0.025248312714078125,0.11641228727115216,0.06803348271327248,0.06355050149843033,83.55944825990844,2.3259964754275337,0.029532924836000556,0.658881258289433,31235094,149719.83030302994
2013-10-15,375.6182943270082,375.6182943270082,360.69661873070805,361.4266052246094,67020,-0.029125034871064992,0,0.020791839301106344,normal,-0.024624887623589387,0.0239659465005988,0.03329302923938049,0.06300447781386187,72.51817990203344,1.1724787460424082,0.03175545625971972,0.24058230826196694,31168074,101653.23636363677
2013-10-17,358.7643567299124,362.3283780122709,356.4026524067352,359.51580810546875,205276,-0.005286819208987548,0,0.020513866996725128,normal,-0.03907929344197647,0.003776661960466221,0.025113138720862294,0.06196606683283612,70.77500408239194,0.146655068395404,0.03216311034660395,0.7180354659346256,30962798,73748.76363636272
2013-10-18,362.693365721719,374.56628111876114,360.50340610064194,371.1954956054688,130162,0.03248727103697657,0,0.019917370112820795,normal,0.00863439644885533,0.04928085733113874,0.052560395747857536,0.0627065053283482,73.5765766136031,0.12162164278577059,0.033245733717522624,0.46925449671281744,31092960,33959.50303030336
2013-10-21,371.1954619987249,376.7991362187313,371.00222643075085,372.5695495605469,116082,0.0037016988927540684,0,0.019820280585165554,normal,0.018547821115957763,0.041971935352185685,0.05080665442015797,0.06330398293424744,71.70088135409577,0.06721779483699564,0.03185532751027945,0.4504676509417049,31209042,5254.096969696717
2013-10-22,375.7041511171992,378.3020201340738,371.4316088717069,375.9832458496094,91186,0.009162574593358563,0,0.019608967601985175,normal,0.009977448883301987,0.035477675346874404,0.05436614372568216,0.06410083602198968,65.54528661314944,0.12726908060048103,0.02794001485028853,0.3599980733987694,31300228,-7301.19999999833
2013-10-23,378.64558407692255,402.777911976498,377.443267193328,393.6960754394531,416324,0.04711068853565026,0,0.020497920701796474,normal,0.08928360488235176,0.06246011852190558,0.09320614962117069,0.06732760496855739,70.52848087094105,1.1681578490753708,0.027960639297947575,1.5388618770888762,31716552,19426.618181819045
2013-10-24,395.04872737234376,417.1628680893826,393.7175954048329,397.9901123046875,491538,0.010906984176668022,0,0.020488814283128088,normal,0.10701700267914727,0.06375556038619168,0.094174468142179,0.07047725896919754,75.58378833535458,1.9102329695332507,0.030252239723163668,1.7265703374613264,32208090,81475.22424242567
2013-10-25,395.4780935363441,410.03478954732014,393.5887197396157,398.9132995605469,217310,0.002319623596961584,0,0.020470905646399376,normal,0.07467171418625829,0.08395085581891326,0.08670322389968366,0.07301512753088613,74.74314605723902,2.2066431258721053,0.03188529042534202,0.7598312853564906,32425400,139805.96363636327
2013-10-28,396.1221984428743,402.9926105567887,388.1782844361609,395.3922119140625,224622,-0.008826699060581089,0,0.02092849758556196,normal,0.06125745483074341,0.08094146826092086,0.06925866520721691,0.07433313329522284,69.79996257485027,1.9195281788034997,0.03253770710992959,0.81524289572337,32200778,155641.5757575764
2013-10-29,390.7546849720909,404.8819802198833,388.1997452517188,399.0421142578125,188476,0.009231093162106241,0,0.02067066375762726,normal,0.06132951045756574,0.071918871396496,0.07105749096312564,0.07570754918539824,68.32371988879964,1.7349828770757156,0.03304330988052236,0.715807303683364,32389254,180194.8363636365
2013-10-30,399.34262062228464,409.66970143000304,399.34262062228464,405.6548156738281,171634,0.0165714373990693,0,0.017248756822853727,normal,0.030375563741717126,0.12237120845526306,0.07967482533808368,0.0775695395217546,69.51095564542942,1.8095249498318537,0.032950758234205554,0.709811279710739,32560888,195652.13333333316
2013-10-31,406.2130908799879,411.7953003741103,399.34267919491407,403.4434509277344,158216,-0.005451345973596977,0,0.017370327360729864,normal,0.013702196246704768,0.12218556689829585,0.06629571117132471,0.07849854426919767,73.04477952092185,1.4752947897008895,0.033815586956150584,0.7405951123793261,32402672,171911.8060606068
2013-11-01,404.6243156395096,411.1941417779166,401.4896954514897,403.615234375,132850,0.0004257931238458301,0,0.01688739453879675,normal,0.011786858998265703,0.0873387181507963,0.06001111744902632,0.07898705317556631,75.28709652677256,1.0510994654979484,0.03412416006270541,0.632101627286997,32535522,146642.2909090932
2013-11-05,405.8265647462532,407.930638523103,399.34262508051137,400.4375915527344,70524,-0.007872950651097721,0,0.017166351659538285,normal,0.012760442635548097,0.07479956970465884,0.04651627383320833,0.07859729935921833,69.6996950594856,0.3766045112653984,0.03356006333144156,0.34744412487178505,32464998,107779.21212121293
2013-11-06,399.7721206057775,413.4700157801984,399.7721206057775,405.4402160644531,152880,0.012492894316741276,0,0.017090327308296103,normal,0.01603365052969563,0.07834649692509532,0.053610769859913976,0.07867503261193787,83.51865486409754,0.10177193088926373,0.03293037423648211,0.7800792019189703,32617878,68110.40000000119
2013-11-07,405.3972334564966,408.53187986635646,398.67712751266737,401.9190979003906,63876,-0.008684679083494684,0,0.017002009556160536,normal,-0.009209104955976266,0.020886727031146357,0.04005655247014128,0.0778896823976043,81.51924335904377,-0.4523501416659954,0.03391713129448334,0.350359870861156,32554002,36740.86060606098
2013-11-08,402.1338477423461,404.6673229365807,393.7605321726977,394.98431396484375,88306,-0.01725417869360757,0,0.01760190882736389,normal,-0.020967342370878717,-0.007552444764111654,0.01996335987936937,0.07586774601983737,69.02471930734,-1.3692986396124134,0.03376327878910554,0.504025940446789,32465696,23172.921212122823
2013-11-11,397.4747720465319,414.3716792614997,372.118639514528,375.9832458496094,593196,-0.04810588026775564,0,0.020602327870083516,normal,-0.0684612129871135,-0.05748129665317714,-0.026404357993429106,0.07101434587476607,52.12962497582134,-3.2325129151575904,0.042395439074643174,2.9556028782943087,31872500,-11386.327272725848
2013-11-12,399.6433089792727,407.029007596168,382.1666920881401,388.3285827636719,890924,0.03283480593973209,0,0.021681009888265237,normal,-0.03023944066317219,-0.01786486667553755,0.005030946406598513,0.06835694348515786,56.92939530434854,-3.5833335878917225,0.04549442489049576,3.826708754031595,32763424,-5622.703030301781
2013-11-13,390.2823597444316,396.5516003328716,379.6331999706077,381.7372741699219,278422,-0.016973534491951936,0,0.021846692105815926,normal,-0.058462236737667816,-0.04336594928100834,-0.010894939417894212,0.06481529537814401,42.32996649867726,-4.168149985719715,0.04443196704759966,1.1725934673510747,32485002,-9300.618181817785
2013-11-14,383.9700913290357,390.7546167965429,383.58362023560215,385.6662292480469,94908,0.01029230139149595,0,0.020687311244449138,normal,-0.040438159662599005,-0.04927486536201586,-0.0006467425262374205,0.06207495253558881,42.058623522799635,-4.188094621616171,0.04130316114201409,0.397377945331433,32579910,2479.9515151528253
2013-11-18,384.3995341175326,390.02467312950665,382.166645106662,384.3351135253906,102510,-0.0034514707840808123,0,0.02065053467779536,normal,-0.0269610717766402,-0.047363112124892304,-0.0037073338661511857,0.05926277581639816,40.6551040130207,-4.179082964962152,0.03985012640951891,0.4386443489077538,32477400,-2109.2363636380046
2013-11-19,384.3136018907414,387.4052919744749,381.7801274395552,384.8288879394531,118410,0.001284749679864694,0,0.01949530596101224,normal,0.023526692179741238,-0.046545186691571816,-0.002196679079473629,0.05666871482118885,42.95529302963979,-4.026409270379,0.0380933828835028,0.5079582702907687,32595810,7711.175757576664
2013-11-20,386.4606937474244,387.684475460874,383.45488835161103,384.4425048828125,87126,-0.0010040385967631238,0,0.019501901091998928,normal,-0.010007189924580828,-0.03994401876182363,-0.0028947737297724263,0.054143921606908174,39.820375590690574,-3.8386869933552443,0.03581799398077278,0.3760911915166024,32508684,7346.896969698013
2013-11-21,383.4549097666737,396.1007684155815,374.8883586684753,377.3144836425781,334470,-0.018541189253792778,0,0.0199269621365078,normal,-0.01158595407524976,-0.06937085002293863,-0.019385358333718572,0.05069505494082027,30.380600994305098,-4.060324110856088,0.03849843753932619,1.3717563460187403,32174214,-1598.7272727277464
2013-11-22,380.1270127031666,383.1542827391282,373.3639509126274,375.0600891113281,162586,-0.005974842284044213,0,0.016636590119908697,normal,-0.027500826705511905,-0.06682690354693988,-0.022895195088427744,0.047176349815243324,30.36251186611308,-4.206643411443624,0.03822282074846173,0.7034116238180282,32011628,-18293.33333333297
2013-11-25,374.00801210106414,380.234322291036,374.00801210106414,377.4217529296875,144976,0.00629676120419842,0,0.01647528380960951,normal,-0.017987845378708567,-0.04446394556498623,-0.015172258850178477,0.044292596166588316,32.41061116152413,-3.9939108128513476,0.03732539566464189,0.6780564713431623,32156604,-26392.99393939365
2013-11-26,379.99818484479977,389.2517654220041,377.872645969513,381.6513671875,271814,0.011206599049950583,0,0.016730535455594355,normal,-0.008256970439425637,0.015075462538449935,-0.003743288446209303,0.042247451147416015,37.56046618117242,-3.4389720703858373,0.03751850209985811,1.2552814470368248,32428418,-55466.266666666736
2013-11-27,379.697509240912,384.7000370923288,373.57855022854784,375.6611328125,67070,-0.01569556639910341,0,0.016945544102294353,normal,-0.02284183449743482,-0.03262044184597401,-0.017566801297212664,0.039425010607851085,30.53598007562995,-3.343004703783441,0.037626885566698395,0.3214339972404697,32361348,-35541.369696969574
2013-11-28,379.0320735776885,379.59028934972935,374.5877597815558,376.4342041015625,102420,0.002057895325168868,0,0.01676090040360502,normal,-0.0023330128557945695,-0.01389193675124012,-0.014085428245468212,0.036940020758648995,32.722041552889124,-3.1005047206492735,0.036628900785672394,0.501184453201498,32463768,-23717.745454545904
2013-11-29,378.7314857704872,385.4301274163437,375.2962795503467,376.3697814941406,115108,-0.00017113909076260647,0,0.016150655635609825,normal,0.0034919534784831896,-0.024104904834504226,-0.01291414948717906,0.03463324571936233,36.08350068423361,-2.825253408618759,0.03648847910387201,0.5711716789990156,32348660,-11588.157575757017
2013-12-02,378.7314687721813,395.0486975854952,377.872667255691,386.4821472167969,326942,0.02686816588332741,0,0.017516335329150527,normal,0.024006020365225922,0.0055863584040296566,0.012295195165521244,0.033998832605890206,59.05223450957195,-1.8880051463419325,0.031176847413905407,1.5571195132161937,32675602,14343.66060606095
2013-12-03,385.9024183201359,398.2691533662424,383.4762938566456,388.6720581054688,235476,0.005666266616562554,0,0.01759353368925233,normal,0.018395560769784103,0.009986698728865484,0.016285912204547115,0.03364058751711796,50.359019180651615,-1.086251536873903,0.02801429409846475,1.094742283953487,32911078,58611.17575757586
2013-12-04,388.5217493679372,391.6134396595891,381.3292876198033,381.973388671875,98826,-0.017234759468549354,0,0.017887477066791443,normal,0.016803058150084427,-0.006422589020665503,-0.0011125631280811676,0.03220926386052447,50.24624709497175,-0.9762252437061081,0.027264984347879523,0.45644519964916547,32812252,87858.3515151526
2013-12-05,385.6018414052988,388.1353161028474,377.12117729866776,377.7867431640625,106558,-0.010960568542142446,0,0.01764030224608655,normal,0.0035930291343426735,0.0012516336953865004,-0.010924825563976115,0.03022528800469204,41.82630789520505,-1.1429914783100323,0.027944672365746687,0.497478480010383,32705694,85315.66060605976
2013-12-06,376.6918259224879,381.0931838201288,371.5390166764692,372.4837036132813,103914,-0.014037124506717347,0,0.01776521892324733,normal,-0.0103251591172705,-0.006869260614082773,-0.022499032409505793,0.027603085257844162,38.64202824204095,-1.543144296312592,0.028667776476128753,0.48064252183529826,32601780,59823.68484848521
2013-12-09,377.82971985766,377.82971985766,366.72969505499896,373.3854064941406,224690,0.0024207847809509797,0,0.017514925147665436,normal,-0.03388705226611577,-0.010694525167707636,-0.01825030486810708,0.025354719942516812,39.11805709523107,-1.6691133268241416,0.029645885488177634,1.0075003149979844,32826470,49099.23636363751
2013-12-10,375.7256643085333,379.1608703822113,371.4316567164357,372.9560241699219,146468,-0.001149970825722324,0,0.01387062596155022,normal,-0.04043520394070177,-0.02278347142224757,-0.017566062605879562,0.023242217297637424,39.08609306088363,-1.697768267657258,0.030350265435556984,0.7298552079445528,32680002,40386.96969696939
2013-12-11,373.1278344348328,384.74312095867305,369.0485267907397,381.84466552734375,134018,0.02383294753638876,0,0.01284663341069878,normal,-0.0003369950586841197,0.01646040054383291,0.00528831376983363,0.02264005634074029,54.1650136051406,-1.065402422953336,0.0286115942723263,0.8230264143713045,32814020,31463.93939393929
2013-12-12,379.69762295960834,385.1724826630124,374.6950936099437,377.8941345214844,259570,-0.010345911210789094,0,0.012486926687798123,normal,0.00028426449409635346,0.003878314999048227,-0.004627676365660194,0.02144467994426824,52.526792720608,-0.8688089364362747,0.029040567605528696,1.6033429487377466,32554450,9723.61212121221
2013-12-13,377.01377689868553,383.32597179917485,374.8667736133855,382.0592346191406,114248,0.01102187019369949,0,0.012520924214579147,normal,0.025707248164072105,0.015116657619040463,0.005735610062334695,0.020943758819476077,54.005887001831056,-0.4357540683952784,0.029141429265815186,0.7015104998157927,32668698,-14558.048484848487
2013-12-16,378.130269440912,384.8289365024201,375.8329860365299,377.7652893066406,101764,-0.011238951773487327,0,0.012740127540915505,normal,0.011730192815044393,-0.022554361108086396,-0.0050402095696295834,0.01979213661279311,46.64690712012509,-0.4160345837431083,0.028936801417571153,0.6249988484406658,32566934,-26473.587878788247
2013-12-17,380.4061176058946,383.0039867835239,375.7256391603664,381.1360778808594,83782,0.00892297061068148,0,0.012918669360810757,normal,0.021933024755783626,-0.019389045513954817,0.003471015168955205,0.019217366559325155,54.94769704273868,-0.16632580032641858,0.027960641439695986,0.5200901600520947,32650716,-16803.612121211318
2013-12-18,380.68518985449737,383.75541537929575,377.2285194202428,380.4704895019531,74966,-0.0017463274078040047,0,0.012921552964576798,normal,-0.003598782828333702,-0.003934565114987354,0.001554693073321456,0.018546625042326292,53.654682882806206,-0.042767384420846766,0.028295736000670122,0.46712648605805096,32575750,-14655.18787878686
2013-12-19,380.0196375189357,381.2863748857068,374.9312494660813,376.3482666015625,50494,-0.01083454042858023,0,0.012460019211307646,normal,-0.004090743355620874,-0.0038076417146148955,-0.008418746478371264,0.0172826715367278,49.98185271197706,-0.2252515755774127,0.027888487106904693,0.3451766933612242,32525256,-19498.157575756657
2013-12-20,376.3482696428324,388.178254342651,374.99564687935066,383.7554321289063,235362,0.019681678340731423,0,0.013121611112213076,normal,0.004439619190088617,0.030260997746434315,0.010029756860322925,0.017218066049549563,47.59010570208685,0.14630080764010583,0.026327159074578062,1.5698827333709973,32760618,-16243.672727271809
2013-12-23,386.761248389614,388.1782655775584,378.3449782338255,379.826416015625,101094,-0.010238333543540645,0,0.013305069607402454,normal,0.005456104007775409,0.017250297974849893,-0.00028162877281667775,0.01651416411562079,42.415304309963105,0.12185311426215138,0.02566681710806959,0.6843196876446903,32659524,-5449.381818181649
2013-12-24,376.9279512923141,390.754659883755,376.9279512923141,389.0799865722656,100700,0.02436263031336905,0,0.01416483691612047,normal,0.020842709867758824,0.043232878295049515,0.021731539517669374,0.017209852475168708,55.8377759650158,0.6914859896078382,0.025706731910042708,0.7235572864086913,32760224,3096.6909090913523
2013-12-26,392.021443919062,393.1164106567906,384.8719105110837,389.76708984375,181250,0.0017659691970735025,0,0.013604846312116422,normal,0.024434484666514766,0.020747767434344144,0.021246748136045657,0.017847383825671193,60.441699985317804,1.0553479938242707,0.02515385169527393,1.2510137525235967,32941474,29491.272727273965
2013-12-27,386.9759403863987,395.04866881171256,386.9759403863987,393.1807861328125,127504,0.008758297911788837,0,0.013690335362032433,normal,0.044725912206925234,0.04045220662311988,0.02723746840858765,0.018833175949554803,68.65326158825638,1.442761999957236,0.02466632873316905,0.872498147282647,33068978,43991.05454545482
2013-12-30,395.4780317954264,402.7778434572312,392.9230924720871,394.4259948730469,193780,0.0031670132014378627,0,0.013679387841360309,normal,0.027805633095393523,0.03236869870776493,0.02750698574956134,0.019796218024960677,68.84615678989529,1.6829529064180135,0.024362943916990315,1.2912614954458013,33262758,70440.48484848498
2013-12-31,396.7662166489537,399.34262065316767,393.3310113100017,395.3062438964844,63112,0.0022317216280860475,0,0.012414035579518305,normal,0.04075500604524196,0.04643347360483774,0.026885686613971727,0.020681714696920706,69.85880295973635,1.7911493553626916,0.02399833677288389,0.46107943669874374,33325870,86347.39393939458
2014-01-01,392.9875652609402,400.6308932451304,392.9875652609402,394.3831176757813,75038,-0.002335217910053533,0,0.01239151425551655,normal,0.013629925173575419,0.034756719617246246,0.02210397429827715,0.02123286603553054,62.97779945342009,1.6917728120932338,0.02259630681017592,0.5823359090588087,33250832,94547.56363636597
2014-01-02,392.0428809224391,397.19568987213165,389.1658906838192,390.4111633300781,348310,-0.010071309261692307,0,0.011937949889280926,normal,0.001652457334420765,0.02612731894433562,0.010673277551020321,0.02104839875475628,62.949882422475845,1.2690780405029725,0.0223783920668438,2.4644964908643603,32902522,71477.13939393932
2014-01-03,389.8314686081221,395.9074998319095,383.4763426160863,393.6960754394531,64392,0.008413980997253656,0,0.011686039633855824,normal,0.0013105658384500174,0.0460950942980074,0.017319045043156844,0.02128601491065285,62.26258912756285,1.1261158037502899,0.02291230723977201,0.46251045087442577,32966914,44591.866666667396
2014-01-06,395.02719074714463,395.02719074714463,384.8718534120482,390.2823181152344,234382,-0.00867104738193858,0,0.011352169878855577,normal,-0.010505587389457505,0.0170079311975333,0.007682289482907834,0.020912896890703747,63.43941355953526,0.7359187375532272,0.023324907034793778,1.6081517048128868,32732532,15259.490909091839
2014-01-07,389.0370220083116,392.858698601963,385.6018165159645,388.1138000488281,225032,-0.005556280583959183,0,0.011490596775741439,normal,-0.018194612300481805,0.02181887221046308,0.0018845382243251052,0.020193691489146737,57.69046036610795,0.2890053976388627,0.023451280355303934,1.5438179569205692,32507500,-32746.521212121548
2014-01-08,386.8900373559782,392.4722465520134,386.8900373559782,389.4449768066406,53724,0.003429861957098712,0,0.011470165215321213,normal,-0.012521177118946292,0.0009380853474127981,0.004811676633688533,0.01968610882514832,59.74816457013746,0.052654977898387134,0.023197854502725098,0.3806808237455722,32561224,-69266.0848484836
2014-01-09,389.5094330538432,390.7547057864702,384.3136941526273,385.4086608886719,69824,-0.010364277775683828,0,0.010595474706576853,normal,-0.012813420596728187,-0.011182136893151617,-0.005071608108585202,0.01858387840434439,59.859878542805895,-0.3819896576778756,0.023456718947413458,0.5062777160656746,32491400,-95098.77575757666
2014-01-10,385.6018324647094,392.901644437872,383.8842296474946,384.7644958496094,205446,-0.0016713818459014318,0,0.01030081610136653,normal,-0.022686483678746594,-0.02140564997080041,-0.00609704167008096,0.017462774891202182,51.28763704874282,-0.7007867000222618,0.022722753711221344,1.5194563723742733,32285954,-118181.9030303037
2014-01-13,384.9577898251243,390.754700212898,383.88428790146247,385.8810119628906,281088,0.002901816891436093,0,0.010039717684869543,normal,-0.011277236882261787,-0.021664350274141042,-0.0029078149239754048,0.016585589772656784,58.32355105510157,-0.8163010550086702,0.022108563729886174,1.9580891132284979,32567042,-103523.09090909042
2014-01-14,389.46645652625017,391.184059421625,386.6538870267819,388.6291198730469,75610,0.0071216458570408925,0,0.009740427626878255,normal,0.001327754447674634,-0.016891015830212797,0.003792263083184144,0.016160766713476216,49.24515384065153,-0.6923614144266406,0.020385610861255298,0.531549550246231,32642652,-72099.70909090783
2014-01-15,389.0370929436593,393.2666799939011,384.313684530436,389.5309143066406,271908,0.002320449980403705,0,0.0095849468842383,normal,0.00022066660277575423,-0.01230327352178806,0.005535284521761108,0.015861573639962545,49.60741443420299,-0.5410831502125104,0.02046833389254171,1.7929875740846737,32914560,-22566.084848484
2014-01-16,392.4723062282928,392.77289201087655,387.7488977288276,391.1411743164063,80550,0.004133843940555826,0,0.009582151477975647,normal,0.014873857309061211,0.0018698517227362377,0.008760875135345403,0.015775229791075374,46.39339485186994,-0.3341539670127611,0.019827322205416706,0.5301783716185086,32995110,12216.533333333095
2014-01-17,387.4267672391732,391.18402322514464,384.3136122793682,385.0650634765625,30736,-0.015534316606946263,0,0.009949277861907798,normal,0.0007811729777442711,-0.021923032769012196,-0.00625560116730306,0.014758330072363268,35.86259470211988,-0.5929560620229104,0.01958659889114139,0.20362774865329156,32964374,48493.16363636379
2014-01-20,388.6077341516543,388.6077341516543,380.4491187385256,381.2434997558594,42368,-0.00992446233942934,0,0.009230030481920877,normal,-0.012017984983094254,-0.02315969220185432,-0.014605354197940401,0.013264108630778315,30.49456922021966,-0.9848712691117869,0.020185190112516706,0.29986043127585066,32922006,66864.13333333589
2014-01-21,380.0625530104567,386.1385834616029,375.7685459661242,377.7438049316406,91158,-0.009179683919751769,0,0.009172821971763265,normal,-0.028009519577334108,-0.026718954893855562,-0.021446801008322414,0.011406175082826042,28.460351484878657,-1.4168887113867936,0.02088780115997707,0.6474492100605417,32830848,62964.06060606054
2014-01-22,375.87588406222056,379.5902105196117,372.31186357167394,375.2962036132813,139710,-0.0064795273579728585,0,0.007200362073989459,normal,-0.03654321177228492,-0.03633060903590546,-0.025207657623487645,0.009390552112449324,29.629705793080518,-1.7810228639259695,0.020881006126226592,0.9787307674255198,32691138,51105.6727272722
2014-01-23,375.7471293496025,380.87847366721087,373.5786607558889,374.7165832519531,40168,-0.0015444343847544895,0,0.007152517489171005,normal,-0.04199146534025289,-0.027742183094861095,-0.024230695484657394,0.0075168865748085345,22.409681100063793,-1.960251079493003,0.01993516718366618,0.2960233469917165,32650970,30826.654545453395
2014-01-24,373.6215649431473,376.9279558080994,369.1772778680474,371.51751708984375,58920,-0.008537295398955869,0,0.006828860102049053,normal,-0.03518248647229805,-0.034428797102275754,-0.029551708242853247,0.005389587017655462,22.550438516214427,-2.1768874995432363,0.01964450130219459,0.44547673268674187,32592050,-8296.763636364169
2014-01-27,369.349060296797,369.3705250922807,360.7825102154945,365.4414978027344,111788,-0.01635459704485487,0,0.007308285814408568,normal,-0.04144858066627832,-0.05296843722935474,-0.04127555715830655,0.0026239545601585146,20.236958242659952,-2.584253078732225,0.020650949272366048,0.8722316546403336,32480262,-38488.763636363336
2014-01-28,364.9906589272733,374.4374759818616,364.9906589272733,371.6893005371094,60206,0.017096588022818215,0,0.008594850111231704,normal,-0.016028070653936743,-0.04358865167250259,-0.022568160352749334,0.0011242831774647133,29.356091786973437,-2.297441656808002,0.021046495662655734,0.4702936073783432,32540468,-59304.254545455165
2014-01-29,375.4250501249927,375.4250501249927,367.3093921152083,372.8916015625,50380,0.003234693663910271,0,0.00870838836694382,normal,-0.006407211231102883,-0.04271628292649987,-0.017590744578294903,-8.2316591871745e-06,34.42013323599062,-1.9073244652948098,0.021299420036844513,0.39736561896123357,32590848,-58005.95151515063
2014-01-30,371.8610801089594,375.5968721831717,363.4018793959499,373.4927978515625,41242,0.0016122548390560265,0,0.008583222205637958,normal,-0.0032658960267252235,-0.045120221607167,-0.014504500108263652,-0.0009052122994668288,35.955199737166964,-1.5069217282995648,0.021872830624315165,0.3701104534081894,32632090,-45164.30303030329
2014-01-31,375.1674045423434,380.01962731036105,370.9163270415575,378.9675903320313,103232,0.014658361585447865,0,0.009087530121419659,normal,0.02005308740364442,-0.015834916544960276,-5.315571982067446e-05,-0.000873035157031965,42.22965394470122,-0.8066058810037631,0.02197770183056124,0.9105470762152741,32735322,-24340.642424242116
2014-02-03,380.0196435604637,382.6175127182367,377.9799901063256,380.4919738769531,86688,0.004022464146831828,0,0.009030283691404963,normal,0.04118436511647339,-0.001971249029524502,0.0035897286497796888,-0.0006165595940685886,40.595549147300844,-0.20528947181502488,0.02176471458865237,0.8178969684561308,32822010,1163.30909090932
2014-02-04,378.79584225051497,379.8908088061274,371.8610103840707,375.5968017578125,26086,-0.012865375501254772,0,0.009356557308279945,normal,0.0105128159865151,-0.0056837548248254155,-0.008441531054637519,-0.0011147243778090177,35.256649946947704,-0.10675914128777597,0.02198713325683965,0.27161146836370903,32795924,20379.26060606008
2014-02-05,377.80822158056304,377.80822158056304,371.861031957045,373.6645202636719,21390,-0.005144563226037735,0,0.009310470088498163,normal,0.0020727704725265195,-0.00434772143682749,-0.012268712460747677,-0.0018299074991904307,31.633529460437686,-0.13920242350748824,0.022277307595616944,0.22652923116677912,32774534,29537.806060605726
2014-02-06,375.7256309127376,383.0254431704709,374.0509576172534,380.9643249511719,35704,0.019535717981329803,0,0.010253692896509955,normal,0.020004474363596092,0.016673245803530135,0.006353805729465423,-0.0013649015163080813,45.79853557047903,0.33745074440406286,0.02231739984596666,0.3850779075247873,32810238,36955.115151515165
2014-02-07,383.3474678540607,389.8958284082745,381.02869363341546,386.80413818359375,85040,0.015329029124105942,0,0.010841872427659034,normal,0.02067867556879066,0.0411464342610075,0.019665133126760104,-9.278612323126989e-05,55.47096390642874,1.014266395364118,0.022123184865663656,0.9808693565986071,32895278,43152.44848485013
2014-02-10,388.6076262964019,394.619235984965,387.7488249123215,390.8405151367188,125062,0.010435195890301507,0,0.011064855720261274,normal,0.027197791202587362,0.06950228008230974,0.027340385804973888,0.0016065809683920573,62.750848119341086,1.6636574096303212,0.021427777927458536,1.5851239522772007,33020340,45043.32121212066
2014-02-11,392.7729018803328,394.533434609136,384.8933817785597,387.0189208984375,32498,-0.009777886606623931,0,0.011192926096131152,normal,0.03041058679724884,0.04124310368680528,0.01562227677686634,0.002512186528614846,61.11574753568559,1.7565478673427974,0.022075243817282132,0.4234725058214765,32987842,42628.90909090996
2014-02-12,389.03706820196055,390.7332063569113,387.8132865834172,388.9297180175781,65492,0.004937218869570659,0,0.01123850302853867,normal,0.04085268182040558,0.04301013052553282,0.018634608940784503,0.003569439715780165,63.14536287090369,1.8575893827437835,0.02130829184049393,0.986014944091393,33053334,41722.739393938675
2014-02-13,389.8958076842947,390.7546090228064,384.4424139430383,386.2029724121094,240502,-0.007010895488694713,0,0.011297979125679597,normal,0.013751018449323249,0.0340305747089622,0.010387120723689414,0.004073216757705556,63.70191007211243,1.658252095497006,0.021192688161113624,3.231750169648676,32812832,24841.85454545458
2014-02-14,388.99410014532015,391.5919691087725,382.61748409844046,387.5770568847656,302986,0.003557933446431294,0,0.010761286356597694,normal,0.0019982172496950668,0.022718213304708135,0.012633567660592426,0.00469664333318609,72.63944706835608,1.5390186873853515,0.020793097672717933,3.4418102713816725,33115818,29178.80000000049
2014-02-17,395.4780889174239,395.8645600740498,383.0254672251271,386.6968383789063,210380,-0.002271080009054849,0,0.010508686636003114,normal,-0.010601963198116793,0.016307478023070532,0.00934043219642211,0.005091093848637485,67.24228971094266,1.3288711665965827,0.021467030990453866,2.1816499985481936,32905438,23207.60000000023
2014-02-18,386.4606266917862,395.8645124247018,385.7735960610829,392.0643005371094,215794,0.013880284567891144,0,0.010624819620639301,normal,0.013036519317865425,0.043843554317364086,0.021079642529725717,0.00619930336616803,70.10360741181147,1.468440339640538,0.02153300589786339,2.1019564908234094,33121232,26256.66666666575
2014-02-20,393.2881555906797,393.2881555906797,386.03127246580345,388.5862121582031,155252,-0.008871219272301611,0,0.010737148606521625,normal,-0.000883208053953477,0.03993339234884252,0.010864085614486374,0.006629081333746845,64.92576365445981,1.2520394715341248,0.020818033486414117,1.5008821496415814,32965980,15468.315151515095
2014-02-21,389.0370672047792,391.39877125513937,383.2401572629861,384.5712890625,46476,-0.010332129576611337,0,0.01105611237093077,normal,-0.004224937315780775,0.00946798394256576,0.0003797196339057063,0.006391018898501466,55.70621131832489,0.7867543803125778,0.020859911839584164,0.44793597279769154,32919504,2204.618181819235
2014-02-24,385.17252457988354,387.7489294265717,380.4920452916485,382.48876953125,62362,-0.005415171622215276,0,0.010930388092813447,normal,-0.013128453460103717,-0.011156469712574557,-0.004559933232049174,0.005856070289115722,52.01047162245622,0.31139280171965256,0.021462644374064435,0.6000500346393657,32857142,-10115.745454546537
2014-02-25,383.0683586400714,386.46063469469607,382.20955722963873,384.3780517578125,71470,0.004939444964300099,0,0.010104242846311097,normal,-0.0059963940507362645,-0.016534783699805766,0.0003229783365854555,0.005645161027301615,59.41103824150062,0.10739609765105662,0.020543242257002027,0.7012906220164239,32928612,-9738.02424242424
2014-02-26,386.4606451277133,386.4606451277133,378.7958528160962,380.7066650390625,221554,-0.009551499368812166,0,0.009842506458239742,normal,-0.028968808132970647,-0.016309941241946402,-0.008359755293622317,0.004904385612512829,57.2759806904641,-0.2709341947449204,0.021063611641800897,2.0145027027764266,32707058,-22499.745454545788
2014-02-28,386.35333290657735,386.35333290657735,378.8602844203901,381.4796447753906,67702,0.0020303814125470776,0,0.009833373607324749,normal,-0.018288264381133623,-0.01915532009269294,-0.005745405941319004,0.0043550269848529055,50.61543552833569,-0.4544541056662036,0.02067118874717068,0.6107775139473285,32774760,-23799.054545455598
2014-03-03,386.0312464001904,386.0312464001904,370.52989092693576,371.9898376464844,363658,-0.02487631321585637,0,0.01142742020559207,normal,-0.0327155244654026,-0.036802240741064085,-0.02765633149740432,0.002471855113086896,33.7263665480594,-1.1601615157651186,0.022460056804848964,2.8642065932404166,32411102,-57591.06666666609
2014-03-04,371.989856629813,377.87265202232334,369.7569675352456,371.3028259277344,219866,-0.001846856148266296,0,0.010885649165313102,normal,-0.02924515566097352,-0.04198966545604865,-0.02672210199100744,0.0007216285176470105,26.832908140186987,-1.5917535044199955,0.022559438757267413,1.6556411575165608,32191236,-78307.24848484888
2014-03-05,373.449827900345,385.6018635707208,373.1492421413768,382.6175231933594,178314,0.030472962971273443,0,0.012936945645817264,normal,-0.0045802005509991695,-0.010549129914400268,0.0026561441861756574,0.0008578380713122336,45.56846820327925,-1.0593615347771312,0.022762072993122297,1.2979675264268151,32369550,-92115.49090908919
2014-03-06,380.577845663001,384.678617219375,373.6215488894684,379.7405090332031,77346,-0.007519295342629517,0,0.012702453888647429,normal,-0.002537796404904702,-0.03143308760074115,-0.004420119727291061,0.0005504853345252858,40.924456875557574,-0.8539393318740333,0.024315689958123964,0.5526988246592884,32292204,-89260.72727272764
2014-03-07,379.74055551456735,383.00401704914026,373.5786650288308,375.6827392578125,66682,-0.010685638426412458,0,0.012893904241033137,normal,-0.015195844908032385,-0.03320620365999316,-0.013643948390963057,-0.000315361169982431,39.87606715867806,-0.9376307800589208,0.025170229683078804,0.4689080003094081,32225522,-90344.47272727224
2014-03-10,375.72565762460727,381.30786739503,374.8668561214653,375.8330078125,69494,0.0003999879126317385,0,0.01207940459166936,normal,0.010331384831184343,-0.022722136307424257,-0.012002714186419294,-0.0010455803189965973,38.425729036899504,-0.9274615939844094,0.02467866906981598,0.4829443384654943,32295016,-81760.78787878821
2014-03-11,374.007999794302,379.37550840214215,369.9716228377909,375.10296630859375,123866,-0.001942462446700377,0,0.011482659952340813,normal,0.010234612061905013,-0.019309856421948712,-0.012612693274533626,-0.0017847444713557925,38.53981147647793,-0.9130609250724021,0.02407255417167683,0.8493408430461787,32171150,-76521.34545454405
2014-03-12,374.6736011274703,375.29623742669406,371.0236949282404,371.9039611816406,171090,-0.008528338654409162,0,0.011227772393742405,normal,-0.028000709226024045,-0.03245266091319776,-0.019068477044195897,-0.002893581924246158,29.17956753921949,-1.0522453914878622,0.02316213120135879,1.1549272576063594,32000060,-67534.36363636314
2014-03-13,372.31190456376726,377.01384788559767,369.7140353411157,370.5299072265625,98408,-0.0036946472705274847,0,0.011099637161249882,normal,-0.024254988834586766,-0.026731231016025925,-0.020575934917589134,-0.004051782780762236,30.505281345571788,-1.161535365102046,0.02325630013190783,0.6498378509020719,31901652,-67430.18181818222
2014-03-14,369.3491076480563,372.2904926370301,367.1806126468294,368.59765625,60770,-0.005214831350660809,0,0.010991698221502335,normal,-0.01885921887657005,-0.03376848201946747,-0.023294400973311036,-0.005332105026086165,31.941755343739516,-1.2793343445807228,0.022787415691506364,0.4019217109153127,31840882,-56364.76363636327
2014-03-18,370.8949140163371,372.7198672835666,366.7082565209284,367.5455932617188,201166,-0.0028542313561745747,0,0.010943575791957033,normal,-0.02205078952223305,-0.011947219883434279,-0.023656894990180533,-0.006584471963616889,32.703708936771505,-1.3372039840439847,0.02261063680321623,1.3480102766300481,31639716,-69196.16969696952
2014-03-19,370.0146119986137,372.2689658171976,366.30028522362585,366.8370361328125,155970,-0.001927807439121576,0,0.010854345390374838,normal,-0.022036429775873723,-0.012027352023954219,-0.023163141177478974,-0.00775731938437052,29.12624109354232,-1.3295079522629774,0.02298875256576111,1.099301527336289,31483746,-95842.6303030313
2014-03-20,365.5059376122155,369.2846591149389,361.9848460859226,367.4811706542969,96402,0.0017559146379406698,0,0.010899789226926897,normal,-0.011892292067262056,-0.03956000868107967,-0.019444961374398995,-0.008655209206904324,33.03973895068381,-1.1917642281186471,0.022877514763242183,0.7078903908810336,31580148,-96767.56363636426
2014-03-21,368.6405423737805,375.2962539716764,364.346534891267,368.5546569824219,492056,0.002921200904562493,0,0.010292083861245149,normal,-0.005330879385487375,-0.02945656780010053,-0.015025188153526381,-0.009245730542473574,33.55187733987853,-0.9496133824730837,0.023480807487705632,3.2804783086392098,32072204,-66440.96969697019
2014-03-24,371.8610538614614,373.49277148889104,361.5554357405895,363.2086181640625,213364,-0.014505416542910043,0,0.010534434162432852,normal,-0.014620380771717123,-0.03320387068725461,-0.026595221755858156,-0.010525939907588655,37.50765188503374,-1.0622308599183565,0.023125519857601376,1.3954407040381738,31858840,-49531.21212121188
2014-03-25,364.13184493130666,367.9964517760965,359.1937361851864,361.1904602050781,203422,-0.005556470463684793,0,0.010420605073345541,normal,-0.01729073392022784,-0.03896024910810103,-0.029044451851665265,-0.011906923631613275,36.13891454501646,-1.1765080341073242,0.02339060050833519,1.265470633867523,31655418,-34639.6363636349
2014-03-26,362.8435825687754,364.969121223164,355.11437015902635,357.6048889160156,131786,-0.009927092999706177,0,0.010522165546877332,normal,-0.02516688967428682,-0.04664873105317602,-0.03512851942852646,-0.013608060287496726,6.497365258782111,-1.3831820329260234,0.02273742046810207,0.8025000715506643,31523632,-27441.418181817684
2014-03-27,355.6511317081406,361.5339265718243,347.4280977750288,350.6915588378906,300068,-0.01933231421718229,0,0.010913595294493553,normal,-0.04568835945121352,-0.0570373122038077,-0.04891017092281791,-0.01608844721370839,5.697437377244512,-1.8461516188926517,0.02380662184506538,1.7083368441188458,31223564,-40167.84242424216
2014-03-28,357.2614383858565,357.2614383858565,352.7098007359923,355.9732360839844,486708,0.015060748150300451,0,0.011677201911881898,normal,-0.03413719148592276,-0.0392860896210393,-0.03139555144014994,-0.01739814304026921,21.022797123102663,-1.6630280522471503,0.022880425213022044,2.5764437402762947,31710272,-23495.01818181787
2014-03-31,355.9731747094752,363.27298649483225,355.95170991652,362.1565551757813,147232,0.0173701797354735,0,0.01251842793460087,normal,-0.0028965804655163296,-0.017474612127891698,-0.01320134998778233,-0.01753976267070667,32.92223223172881,-1.0232144008895663,0.022663389580976932,0.7633212604091384,31857504,-522.9333333330517
2014-04-01,360.8684291947414,366.06416819538737,358.5496544787665,361.2119445800781,144852,-0.002608293518930438,0,0.011362421795309345,normal,5.948212194706315e-05,-0.01723228028782453,-0.014294285258523276,-0.017743181501453154,32.74675407867541,-0.5832520487559076,0.02234903936152335,0.7961390126913304,31712652,935.5878787884196
2014-04-02,359.40844261361195,364.5612518267103,358.9790418458537,360.4604797363281,233062,-0.002080398655209481,0,0.011363016387579,normal,0.00798532377163097,-0.01738253166503001,-0.01481134081289237,-0.01797062514291159,34.86660919707232,-0.27796071265014266,0.022655153903586266,1.2763324131215878,31479590,-21600.436363636458
2014-04-03,360.69665751151376,362.7577760270136,359.9022765468405,361.598388671875,361954,0.0031568202327734163,0,0.008644233123700785,normal,0.031100919195566235,-0.016008390231117553,-0.010598681204999183,-0.017930364122972775,38.114310034779734,0.04812651267471857,0.021705950461367786,1.8872914395241753,31841544,-17916.339393939114
2014-04-04,359.8377841604928,370.9163169036785,359.8377841604928,369.6925354003906,272854,0.022384355080355522,0,0.010224174317356225,normal,0.03854025506897796,0.0030874075158491276,0.010437099580663523,-0.0165961304974358,51.25173488634008,0.8139753221436692,0.022383922472112527,1.3537090389327662,32114398,30285.999999999913
2014-04-07,371.3457450505115,371.3457450505115,355.97320420010413,357.54052734375,177368,-0.03287057999015197,0,0.012291563465574905,normal,-0.012745945823873894,-0.015605606631702185,-0.020652156882195793,-0.017226465415778658,40.87701899027944,0.5213935987700502,0.025014805959980867,0.8564588357204871,31937030,54078.0121212129
2014-04-09,361.94194546674873,370.14349027836175,358.1846884598628,367.03033447265625,192290,0.02654190617049257,0,0.013890882272449234,normal,0.016107966471989865,0.01616840672996278,0.00483042035814929,-0.016264462486685893,50.15192669141372,0.960687464461822,0.025659144053961132,0.9017775743501049,32129320,73849.34545454518
2014-04-10,371.0022490746086,377.0997449839784,369.7784674169806,375.9618225097656,264250,0.0243344682938591,0,0.015004323318289237,normal,0.04300427826311637,0.051333005120243635,0.026419951044450718,-0.014005960742960344,55.89728528027883,1.7978580390932466,0.025575768709204333,1.1997533752002236,32393570,93504.31515151486
2014-04-11,375.7256405926157,382.29546655212704,375.6827110028215,381.4581298828125,153834,0.014619323143918672,0,0.015185558838677164,normal,0.05492209543267301,0.08773114228034196,0.03733293958291717,-0.01115671191409806,58.45288669336217,2.617201274941923,0.02439515317053262,0.7011871053845466,32547404,91000.99393939521
2014-04-15,380.4490713663033,383.7769272388641,373.8792450144402,379.139404296875,156474,-0.0060785847889776035,0,0.015236746709144126,normal,0.025553312528350247,0.06507839878002808,0.0279897212328295,-0.008993469725325443,60.86705808782077,2.8777170766793945,0.024160084299873458,0.7039053218236562,32390930,96363.38181818256
2014-04-16,379.1394291643823,381.26496829636494,376.2839034546373,377.8512268066406,104894,-0.0033976354755933524,0,0.015201484675494138,normal,0.05680670556085898,0.04333670454547356,0.0221123513760777,-0.007276385841351263,61.47933114823588,2.833522272792873,0.023520010748174943,0.4672332286415653,32286036,97569.34545454581
2014-04-17,377.8726696726599,380.8784749996015,376.5844673896849,379.7835083007813,74298,0.005113868520346232,0,0.015189902032383754,normal,0.034746920432199735,0.051414589133516264,0.024671318969870404,-0.0054663104219292435,65.63741123726251,2.7997215275558434,0.02235449609877128,0.34057139609152864,32360334,87976.80000000002
2014-04-21,382.037825495184,384.313644067507,380.10552225685575,383.4977722167969,86532,0.009779950510842017,0,0.015266164558062846,normal,0.02004445466490279,0.06391073023406113,0.03128513328996019,-0.0033152339525118757,74.22331724745864,2.881548291273882,0.020354462128917637,0.40306495563267114,32446866,59716.02424242447
2014-04-22,383.88428284378,396.3369049941935,381.5440434393213,391.8067321777344,362978,0.021666253529734503,0,0.01586395568591946,normal,0.027129064723567575,0.0835411452379875,0.04827510657446554,-0.00019037288751455606,75.32636332341434,3.3182137794674946,0.021421905366699603,1.5919124193360228,32809844,63659.75757575726
2014-04-23,391.8067236326781,395.0486940870098,380.0196676815257,383.24017333984375,253636,-0.02186424615594562,0,0.016835871162147475,normal,0.010815992736428193,0.03664568970747695,0.02288530191843252,0.0012360711364756138,64.41581226400287,2.8698755134860185,0.02333732452912733,1.1737364687763776,32556208,60222.096969697785
2014-04-25,385.1724308999737,385.1724308999737,378.3879050288391,382.1666259765625,307606,-0.0028012391131272407,0,0.016427101440561226,normal,0.01142089495485532,0.06887638393265627,0.018078822951475892,0.0023086235953104772,64.30243442767392,2.361982132963246,0.02326644375642824,1.3931121999557075,32248602,22826.121212121358
2014-04-28,380.01966654107486,385.7306913163114,380.01966654107486,382.789306640625,487736,0.0016293433851566341,0,0.016315782077868185,normal,0.007914504643164122,0.042936429738460236,0.0178243436024077,0.0033235119700125715,65.26718528883605,1.946251245627534,0.023252633266387136,2.0752904213502985,32736338,21076.63030303023
2014-04-29,379.6331999035953,383.0254763773498,368.4258505961503,370.4869689941406,68400,-0.032138665926825905,0,0.017921446040775477,normal,-0.0339266722397048,-0.014562259218441787,-0.013488471258880419,0.0023574646461681503,55.27253782235486,0.7807989499595331,0.026288982731055576,0.2950166766371377,32667938,25855.10303030264
2014-04-30,370.14347630909833,374.0080833703302,363.8527443315644,371.0237426757813,72960,0.0014488328242636683,0,0.017212568072200517,normal,-0.05304398264531429,-0.02735395156012732,-0.010923232809454286,0.0015884441271198924,50.86741777517416,0.02411322693323026,0.026073218529745004,0.3308905063540864,32740898,41543.139393941
2014-05-02,369.28467878826257,374.6092590588599,364.9906708953758,367.5026550292969,39354,-0.009490194943026387,0,0.017179826501824567,normal,-0.04106437530647755,-0.030692534555090134,-0.018411112830902132,0.0003868274392493376,57.314015645283924,-0.6957170004996165,0.025204679137016267,0.19862896851634446,32701544,42307.61212121224
2014-05-05,363.8312422379142,374.4374457715458,363.8312422379142,369.5422668457031,60912,0.0055499240304635045,0,0.016813073686975002,normal,-0.03303365148277915,-0.02199003039148384,-0.011743260806160949,-0.00035503753103449665,52.07074719580813,-0.9982556986319793,0.024679614887799597,0.31428362094852647,32762456,35636.60606060554
2014-05-06,367.8032134834807,373.4927735186319,362.9295253707493,365.1624145507813,50042,-0.011852101066291754,0,0.017047102059394265,normal,-0.046048548859784044,-0.03849849567038166,-0.021269772706076107,-0.0016562656654036667,40.37505922517431,-1.430784547884298,0.02507222699432667,0.2646720794280688,32712414,25414.44848484846
2014-05-07,362.2209552046513,371.4316054603765,362.2209552046513,368.5760803222656,64028,0.009348349215194451,0,0.017140903685592374,normal,-0.0051577756622939175,-0.03890946173761811,-0.01097862294614771,-0.0022704204815201523,38.07626665250534,-1.4214896652115934,0.02534347548231474,0.3544900896910641,32776442,20185.890909090547
2014-05-08,366.0640898629115,371.5818782706849,364.99058813310825,368.7263793945313,84948,0.0004077830339241917,0,0.01713586350410928,normal,-0.006191957594631758,-0.05890749414875596,-0.009577790271067754,-0.002773888732839347,39.958529132019386,-1.3407760564648454,0.02469264066926645,0.5093731055461513,32861390,39794.53333333418
2014-05-09,367.2234933825591,371.1739851664745,364.75443929367947,366.2143859863281,152378,-0.0068126219022571766,0,0.016458956808810366,normal,-0.0035054686689707237,-0.044425894094400564,-0.014793385367423473,-0.0035798216389234527,39.03713704469949,-1.3863751012280305,0.025142585843388368,0.9479433067966275,32709012,33557.78181818235
2014-05-12,363.7453550173356,368.6405339185405,362.220987637715,364.6041564941406,105258,-0.004396958595306533,0,0.014626792997769086,normal,-0.013362775505255886,-0.04595500571915179,-0.017335416817293225,-0.004511050676668571,35.61249655062292,-1.448045797127478,0.02567003326983365,0.6698341101333585,32603754,-779.5515151505829
2014-05-13,367.05173692915344,377.65794014889184,364.9906186771553,375.3606567382813,139330,0.029501858529453084,0,0.014910207400469892,normal,0.027927962411043117,-0.019406628590380004,0.010533321296505527,-0.003683125929272113,43.19572017620288,-0.7240408226962819,0.026556413520121145,0.9018566609101807,32743084,693.793939394788
2014-05-14,376.1121392296086,384.2707537360336,375.72566805904506,382.5746154785156,778514,0.019218739659399686,0,0.014532042010669065,normal,0.03798004239453179,0.03262637419392256,0.02702459276054925,-0.0018648340366254068,42.13606578172994,0.23003041644669747,0.024957315422555863,4.320143214195341,33521598,39989.769696970754
2014-05-15,382.57457429686906,383.8842412428464,372.80570797888834,378.5596618652344,100596,-0.010494563546144975,0,0.014374963657222538,normal,0.026668236991478134,0.020311150804271705,0.014676431494291098,-0.0008827403233074849,45.67799786395237,0.561161502838913,0.02447661017015956,0.5665985332061909,33421002,68315.29696969723
2014-05-16,380.10553815066623,382.16665644935904,369.71403505943607,370.6587219238281,171916,-0.02087105610375084,0,0.015053391977746633,normal,0.012135885720409467,0.008587875084275609,-0.0058854442506839355,-0.001212350498230319,40.56340636378425,0.23521376146164735,0.02609063449271234,0.9641097423784096,33249086,76396.30303030278
2014-05-19,373.14924047030297,373.14924047030297,352.51654029820446,354.53472900390625,192606,-0.043500913282799814,0,0.017805721595276557,normal,-0.02761742374814702,-0.04061115381982283,-0.0446602245214377,-0.003921603165753518,31.527207805993072,-1.0108036705020738,0.030283507690020747,1.054211954588197,33056480,71395.45454545492
2014-05-20,354.8997169640327,361.555428534441,354.25561584431574,358.74285888671875,332272,0.011869443353647036,0,0.018030954425484923,normal,-0.04427154938390154,-0.017580001139930634,-0.030243431685155198,-0.00563541145254276,41.41286297702413,-1.468332263329696,0.02847482456676264,1.6987312378674653,33388752,77618.47272727394
2014-05-21,359.193737087106,361.1260405143528,356.4026321366383,359.8807678222656,132094,0.0031719347364240758,0,0.01785006114645386,normal,-0.059318749174889884,-0.023591635388810928,-0.024643815895724064,-0.006936704259363657,41.92340514386804,-1.600254624505189,0.027306668771512627,0.6675520598024441,33520846,87117.11515151642
2014-05-22,361.2119483416781,372.7198842258361,354.9856369116382,357.8196716308594,318408,-0.005727164037907628,0,0.01688075667174763,normal,-0.05478658273357806,-0.029579407314392125,-0.02742977952983139,-0.008358591506249402,42.82987691392652,-1.721683449313348,0.029084021054697737,1.6274392447317834,33202438,75888.16969696931
2014-05-23,362.7147940240226,376.5844320611933,360.9113057553397,372.3118896484375,320388,0.04050145692528839,0,0.01909764449199717,normal,0.004460080464393057,0.016650093211622252,0.01080930102734512,-0.007365323900993981,51.73153937294063,-0.7698517230731468,0.029517158149110507,1.6100927044087738,33522826,67842.48484848403
2014-05-26,379.1608116191569,385.1724213164029,365.41998945402327,373.4712524414063,476702,0.003113955866581586,0,0.019118505424918955,normal,0.05341232293576348,0.024319788431726774,0.01261092360988414,-0.0062987437339601104,55.41255353629813,-0.044334692516577956,0.031183013730609565,2.2980002612777253,33999528,68917.11515151517
2014-05-27,375.0815998006243,382.1667130195256,361.55547456454,374.1154479980469,765514,0.0017248865941605906,0,0.019119202646329544,normal,0.04285127558785051,-0.0033173661594018133,0.012972437360089462,-0.0052508144914580335,53.7435354232818,0.46852414786223484,0.033305994147164904,3.4586840523921185,34765042,104117.24848484831
2014-05-28,377.8726406651446,386.4606552257161,373.127767862137,378.2161560058594,364558,0.010961076399694347,0,0.017805138874914632,normal,0.050948508014323934,-0.011392442928302438,0.021732949281891623,-0.003700489887720093,56.0881709036644,1.040726734924506,0.03421807708337717,1.5438286533900176,35129600,186594.71515151515
2014-05-29,379.89079625608,379.89079625608,367.5669911928368,373.2780151367188,204618,-0.013056398545449932,0,0.018086960305140874,normal,0.04320149150940722,-0.013951953312964949,0.007587417989465495,-0.003086363693395766,54.394863048942575,1.04091878192046,0.03580056107727164,0.8430145129114897,34924982,231713.86666666798
2014-05-30,373.1492323812329,380.0196440246158,371.9039597874536,378.344970703125,151772,0.01357421375204848,0,0.01815442168877299,normal,0.016204373866180788,0.02073672714189212,0.01920053762208318,-0.0017764492668991272,58.19671206003971,1.3187050529944653,0.03564132243072093,0.6111393650789816,35076754,255420.36363636455
2014-06-02,382.5960690496423,392.9016870711815,379.3111428218599,382.7248840332031,324736,0.011576507339157605,0,0.018272859656381455,normal,0.02477735978687834,0.07951309906507431,0.02796444404222931,2.6756312779818714e-05,54.75464359531609,1.7090689644481287,0.03551393701998543,1.2416593030578444,35401490,261845.78181818215
2014-06-03,383.0254240438149,390.32523593702655,378.731417047808,385.6877136230469,139940,0.007741408289476892,0,0.018019508047576904,normal,0.030932338364868528,0.07510910410856875,0.03239034855717837,0.0020353472735594735,52.12668460689795,2.0552005510014566,0.03573814088832248,0.5260332715856328,35541430,269631.39393939544
2014-06-04,388.5862422879495,389.2303434599141,381.4796645989822,385.9883728027344,423078,0.0007795404651684823,0,0.01795970311024615,normal,0.02054966894844812,0.07254515193588373,0.02993904628582067,0.0038137073660571286,55.34616168502134,2.1808856694665746,0.03509447153566959,1.4898093642081363,35964508,283207.1878787891
2014-06-05,382.3169162780122,387.9635461660586,382.3169162780122,384.2921752929688,92562,-0.00439442643686172,0,0.018020640515402326,normal,0.02950658680559015,0.07398280687435066,0.02293724915201789,0.005087430065789267,60.77363362010554,2.0294051824089236,0.03398433939575947,0.3255076276014376,35871946,240886.79999999984
2014-06-06,384.2921431988219,388.3499848601001,378.0872981409456,379.9337158203125,255702,-0.011341525414441778,0,0.01816802283300436,normal,0.004199197135447363,0.02047161636194872,0.010244941039034172,0.0055226309941953655,74.65596697188136,1.5376187569814088,0.032424604484110546,0.8831678572242704,35616244,173620.5575757588
2014-06-09,378.7314242600613,380.5993068554792,377.8726228445056,378.3879089355469,174412,-0.004068622552826362,0,0.01816208790633438,normal,-0.011331834637854366,0.01316475220515656,0.0055471437457552675,0.005649042348595756,70.1098070332733,1.0343077923791322,0.03169379394515489,0.59529144576582,35441832,103246.30303030346
2014-06-10,380.01969539773233,382.5961001122933,375.4036369508108,376.0906677246094,145836,-0.006071127424234879,0,0.017035386714615422,normal,-0.024882944308195376,0.005279706403817919,-0.0005045773129183084,0.005395016760123106,66.20867317170823,0.4998456824494446,0.03235631861526358,0.49720569824814054,35295996,58469.15151515149
2014-06-11,374.5018276418604,424.2478878089132,374.5018276418604,416.1966247558594,1859094,0.1066390646539983,0,0.029103396580585736,high_volatility,0.07826207751745784,0.1004200062501075,0.09501780039912577,0.011109588745230603,83.15039834630659,2.678809825880749,0.03473230361376059,5.352372112413133,37155090,132965.18787878787
2014-06-12,419.4601026263045,428.9713395061793,414.3717143378009,421.3709411621094,525960,0.012432384355075543,0,0.028928288422891395,high_volatility,0.09648587260688624,0.1288394281880645,0.09727919063871182,0.016747890468143067,81.15622270915861,4.208910828684146,0.033599749032118965,1.426880125357968,37681050,197957.35757575883
2014-06-13,420.8127452787687,420.8127452787687,395.3707502198228,397.796875,289058,-0.05594611269845484,0,0.0315698723061552,high_volatility,0.04701651481790514,0.051413143567694775,0.03236190667392891,0.01809768290862257,62.02507049681776,3.407858989368087,0.03671277301558058,0.7719215788904452,37391992,223893.97575757548
2014-06-16,397.7968449691997,410.50709603671095,397.7324243765727,407.2865905761719,265432,0.023855681561530284,0,0.02977784695979108,high_volatility,0.07637316351339196,0.06417588081583414,0.0512836759625761,0.020577021760050718,65.0790303713684,3.2899642791777692,0.03448301989823336,0.7020027145769396,37657424,257894.27878787892
2014-06-17,408.3601504661912,408.4889654612225,402.7779402074525,406.7713623046875,96892,-0.001265026355902088,0,0.02981812621518914,high_volatility,0.08157792046715695,0.05466507730719883,0.04498226883215217,0.02256287945822133,63.41810797904608,2.9604488210225233,0.03318830708362521,0.2644881308999508,37560532,268594.24242424377
2014-06-18,407.50132658575006,417.2916588004747,390.3252959604287,401.3609008789063,472860,-0.013300989025202159,0,0.0301467019200889,high_volatility,-0.03564594952122857,0.03982640193161546,0.02803968278158564,0.023408803003551082,63.137847027501806,2.196417517182736,0.03624157170565675,1.233410220407584,37087672,257233.07878787935
2014-06-19,403.6366648678149,404.49546628242734,391.6134450632417,394.4474792480469,83826,-0.017224950451626753,0,0.030487529541233176,high_volatility,-0.06389491842937634,0.026425997217705666,0.009338585029941893,0.023052448807233228,57.40520400810963,1.0991703937775563,0.03773988501333967,0.22555274225272906,37003846,221514.678787879
2014-06-20,393.1593538578814,403.63674364440936,391.63498629114594,393.2452392578125,113850,-0.0030479089193985454,0,0.02937688253496909,high_volatility,-0.011442110353902302,0.03503643631300046,0.005662434637224489,0.022481371087495594,54.98374897464284,0.2125585957320597,0.03739118486440935,0.31509456573271183,36889996,148819.4787878793
2014-06-23,393.1377801265315,404.0660324739368,393.1377801265315,400.4375915527344,208798,0.018289737743542256,0,0.029571680632465566,high_volatility,-0.016816166262062504,0.058272693435728495,0.021714964796358815,0.022935363170085044,56.71816307604033,0.03968539875228139,0.0366008718463068,0.600123762340666,37098794,60446.37575757504
2014-06-24,397.2171658283661,405.3543154317609,397.2171658283661,404.4955139160156,170376,0.010133719832711607,0,0.029598999123102026,high_volatility,-0.005594908097210527,0.075526591402171,0.028926226989626436,0.02382163912141433,58.150528107966586,0.12310958146240214,0.036301935420097735,0.5354906841668552,37269170,-48440.278787879
2014-06-25,401.9405205168724,433.1364918959249,401.9405205168724,428.2198486328125,694676,0.0586516633698011,0,0.03198738094539598,high_volatility,0.06691969171658241,0.028888326242448414,0.08009117046674241,0.027881982590634236,66.20211702625795,1.6175866633846798,0.038552446927086995,2.075680236791695,37963846,-19413.17575757461
2014-06-26,428.456051004631,428.456051004631,418.2363186850415,420.4692077636719,189124,-0.018099676822282418,0,0.03217065796108877,high_volatility,0.0659700717703442,-0.0021399990135783087,0.054461955254895056,0.030168231757887964,64.58597019481753,1.9057951899326966,0.03925579926276428,0.5664104616003872,37774722,24558.969696969343
2014-06-27,417.6136874980126,422.10093050552223,413.2982152711752,419.1595458984375,88358,-0.003114762843633656,0,0.03219245853301286,high_volatility,0.06589858961683581,0.053702460328371115,0.04607891229222205,0.031835265875232555,64.69591774012831,1.8295341280611002,0.040413864391602626,0.2671617353811359,37686364,43305.63636363636
2014-06-30,416.5187512415545,439.7063930632493,416.5187512415545,433.00775146484375,316164,0.03303802979536985,0,0.03275454838110875,high_volatility,0.08133641945506542,0.0631524864402857,0.07240331276295331,0.03508994487756789,68.93845835468285,2.491998129586694,0.04175992172578242,0.9572028329406094,38002528,93424.93333333428
2014-07-01,433.694735390498,447.8649594181083,433.694735390498,436.3570251464844,207484,0.007734904676210075,0,0.03275453736632561,high_volatility,0.07876851568021115,0.07273290497681617,0.07245583971962732,0.03821564743845607,58.88030721946383,2.907056158453898,0.035728332619789575,0.6218107265976599,38210012,144218.99393939477
2014-07-02,440.1142917047337,446.1259023954034,436.3570612316078,442.39013671875,562676,0.013826090161468851,0,0.03276067231107418,high_volatility,0.033091151965933596,0.10222529337062292,0.07831992376485464,0.04158361186619741,59.18906998084423,3.3099373842078066,0.03446111078712665,1.651737671616905,38772688,186307.9878787874
2014-07-03,446.4264998542431,446.4264998542431,434.7682590179018,437.2802429199219,113086,-0.011550650375545701,0,0.0329341590667453,high_volatility,0.039981608274389346,0.10858926961208892,0.059220327131558115,0.04360778422274558,70.58431018534282,2.9654021385694875,0.032521090845702025,0.330967399040983,38659602,196215.81818181722
2014-07-04,440.13573204516814,444.8591399012626,432.8788494919344,435.8631896972656,137362,-0.0032406065574651644,0,0.03274626813669973,high_volatility,0.03985032420775503,0.10837499398565553,0.05020792498289861,0.044979716801737624,66.26742706569317,2.399371542529,0.03249663959223599,0.40910014170574643,38522240,170971.40606060764
2014-07-07,439.66343335218255,442.2827674136428,430.6889472969745,431.6980285644531,44722,-0.009556120432435367,0,0.0328700294786572,high_volatility,-0.003024710056482638,0.07806569031269883,0.03620757892008686,0.04541270370374573,63.62355094956566,1.5433377312667549,0.03378354232627943,0.13581684010985123,38477518,137422.70303030443
2014-07-08,433.84508452183206,446.14742783238944,430.259598352314,438.16058349609375,261308,0.014970082103758608,0,0.032762522806223604,high_volatility,0.004133217172346271,0.08322730023420699,0.04656464378996272,0.04647952973792924,69.88401874010208,1.2251286619907482,0.031479246030525446,0.779895139697835,38738826,112773.75757575882
2014-07-09,443.1415676659102,444.8162410503898,423.1100124813166,428.39166259765625,275232,-0.022295298268253716,0,0.023833619791335123,normal,-0.031642826001777036,0.00040122840030032414,0.020972279228750113,0.04589136201253541,67.79207001893606,0.22205158299487593,0.03366840812513751,1.0757040313106039,38463594,101609.87878787854
2014-07-10,429.40075744935615,437.1085062872805,417.1843006582135,427.2537536621094,153424,-0.0026562350178499505,0,0.02371501241228759,normal,-0.022929207116381467,0.016135654581038494,0.016492575299849488,0.045046828098533886,67.8378192353558,-0.6073996190280955,0.035082557772343315,0.6467162995067347,38310170,63411.600000000966
2014-07-11,428.5419244979207,431.5477295795694,419.9968395681031,422.7664794921875,68694,-0.010502597417717752,0,0.019835450908731324,normal,-0.030047754696088447,0.008605156745312259,0.005259871724268894,0.04353355270429393,62.05378191684775,-1.4969085603773546,0.035560124429024904,0.3036639123815519,38241476,9085.563636364723
2014-07-14,420.38333216909865,427.6831448829645,416.06785989466863,420.9630126953125,44728,-0.00426586989356692,0,0.019285680774835837,normal,-0.02486695597114097,-0.027816450695823614,0.0008789526774157785,0.04181011292851,59.11140934248425,-2.2027449265881085,0.036302635614218676,0.2078612523352325,38196748,-33331.212121210876
2014-07-15,420.8127492739509,433.26537144634335,417.80694392199416,422.3585815429688,56560,0.0033151816325165395,0,0.019274232675733062,normal,-0.036064407772694596,-0.032080252629865025,0.003795812064000925,0.04034239670067419,45.69269591458507,-2.5472822898145075,0.03352117655543676,0.26533386750382565,38253308,-61184.81212121245
2014-07-16,419.0950744066658,426.4593067405671,417.37747164270405,419.52447509765625,53042,-0.006710190272348537,0,0.01905293543146867,normal,-0.02069878635413136,-0.05168664426085656,-0.002660608158701505,0.03853266102222164,49.25166325257314,-2.91142544389767,0.03355389028339404,0.27600956422418166,38200266,-54944.67878787883
2014-07-17,416.08924226664135,425.9654575113604,416.08924226664135,424.333740234375,71946,0.011463610402228097,0,0.018572769561600425,normal,-0.006834377469375319,-0.02960687772924997,0.007930400018759443,0.037461977632518906,53.883261217500916,-2.774350296444494,0.033354304498570506,0.37553926417354583,38272212,-45380.836363635266
2014-07-18,419.52452107975614,428.9713373169666,419.52452107975614,427.10345458984375,296974,0.0065272074616054,0,0.018509742030077186,normal,0.010258559531175937,-0.02009744184524065,0.013109410832266022,0.0367604765317775,44.68495781965472,-2.4541429941137824,0.030839996955058575,1.479420554387912,38569186,-24080.242424240736
2014-07-21,425.643421217319,444.4297008422952,425.643421217319,443.2917785644531,156106,0.03790258261936885,0,0.019766891519612022,normal,0.05304210867880199,0.02685615692652865,0.04637576565047641,0.0381756370040518,55.070574521410656,-1.1739999949904263,0.03034686828427309,0.7880078000182734,38725292,2184.7151515156297
2014-07-22,440.1357252762903,449.1531401356094,440.1357252762903,446.81292724609375,145508,0.00794318517037107,0,0.019744629789613,normal,0.057899488187946435,0.019746969663411384,0.04922263864722032,0.03971136053460533,53.35719315802153,-0.16500886041403717,0.02998758655710387,0.7391494508497719,38870800,50803.68484848589
2014-07-23,447.4428059272976,456.13101575112864,441.0135359605251,454.0675659179688,142498,0.01623641177212254,0,0.015524682545617922,normal,0.08233867836261921,0.05993558129637844,0.05957202208243029,0.041835235260049286,62.34087832517245,0.8597752536296941,0.03005264161462584,0.8419389565009826,39013298,87246.7878787883
2014-07-24,451.7869052555484,477.8515344049069,447.442800397322,462.4299621582031,401972,0.018416634148550992,0,0.015046557490610811,normal,0.08977891294429274,0.08233095249506595,0.07101888137163037,0.044593320022000116,67.72052644949483,1.909472122980402,0.03235570454259387,2.234516004584968,39415270,128724.29090909129
2014-07-25,464.3848532200415,473.5074742842331,456.1744836565432,466.44830322265625,139874,0.008689620901074724,0,0.014947889370108802,normal,0.09212018355270901,0.10332376347088323,0.072123817952219,0.04730687785145582,73.22456152230495,2.63817745425591,0.032955823553897944,0.7665672885108622,39555144,159856.53333333426
2014-07-28,462.647181961059,467.0347174002228,453.95897197118,465.3188171386719,381396,-0.002421460376596629,0,0.013542048178291154,normal,0.04968970695903874,0.10536746247457973,0.06249222176600977,0.04929884782894112,69.54376412930948,2.7929563280943395,0.032604150687070406,2.0535014343432603,39173748,151280.24242424246
2014-07-30,461.34402934429096,485.2366109016695,461.34402934429096,483.1297302246094,349376,0.03827679524215233,0,0.015589332086811751,normal,0.08127966037677603,0.14388519930062782,0.09242806730955677,0.05310172654246337,85.30460870328571,3.7822617672574594,0.03172541854335072,1.8118887567017001,39523124,153689.0666666682
2014-07-31,483.93325318970335,501.2879298821408,483.93325318970335,498.8769836425781,260332,0.03259425457143328,0,0.01666267560356084,normal,0.09868447140464665,0.18914869871763806,0.11444561404293485,0.058144495258958706,88.86994207973687,5.102452785664303,0.030471138410590203,1.464950733510779,39783456,151369.9757575744
2014-08-01,490.8839138407664,503.9162301374239,487.8647817768264,499.35491943359375,224138,0.0009580233337804778,0,0.016191127962092364,normal,0.07984983737441764,0.17679758191696426,0.10337476117692557,0.06227144642891824,93.45563789998609,5.5747481790643665,0.03108574175968321,1.2230628027126547,40007594,146882.8121212124
2014-08-04,499.572032544345,507.3914208798217,477.02611890466295,484.2590637207031,485328,-0.030230713917895335,0,0.018084565953035564,normal,0.038183782372009256,0.1338214629655643,0.06293083010822675,0.06365520881244136,81.20647033776532,4.4842515469067,0.034820422089814326,2.4186837398378036,39522266,114686.54545454582
2014-08-05,484.3676763219823,494.793527650886,470.90095168881504,490.3408203125,111522,0.01255889057619064,0,0.017793613159441942,normal,0.05377389061481086,0.10613560644054698,0.06851753032586583,0.06533337490570257,82.03652751068387,3.8126780110353096,0.03561715331504686,0.5466820981980697,39633788,87427.87878787986
2014-08-06,494.3591783340667,508.6947256847031,489.03764939330017,500.2671508789063,256746,0.020243736917681332,0,0.017963401427413685,normal,0.0354716747535484,0.11963446080728835,0.0808684634286394,0.06772299184405117,85.6658183073074,3.6755442155211355,0.036420377617545324,1.2599806251956867,39890534,72862.00000000092
2014-08-07,508.1735358631362,508.1735358631362,495.22807890486985,498.5513305664063,77868,-0.0034298080725179148,0,0.016813570190402135,normal,-0.0006527723002853758,0.09796728061496007,0.06930330872441526,0.06927490211643139,83.70465392041697,3.129223495950459,0.03698545960088434,0.40158513390296935,39812666,51188.23030302984
2014-08-08,498.7033278716202,502.8736586836353,488.71188489161386,490.9273681640625,128678,-0.015292231581615079,0,0.017450355655627633,normal,-0.01687687642907454,0.06162534510709339,0.04766790809624699,0.06938762925496333,77.76059262751741,1.970895415520559,0.038245846525799605,0.6678870968830241,39683988,39604.48484848356
2014-08-11,491.1228149722257,506.0448051322186,491.1228149722257,502.1567993164063,245326,0.02287391553324647,0,0.01727202891638744,normal,0.03695901003522728,0.07655402720310645,0.06437091778984816,0.07055407628621313,76.75797826222662,1.6883819122515078,0.03686870836668507,1.2175235327368945,39929314,47469.903030304034
2014-08-12,503.9161115448047,515.2107830104641,493.05585052013214,500.6362915039063,515634,-0.0030279542457054553,0,0.017224961925622104,normal,0.020996561503578093,0.07589951891996938,0.05500410419431412,0.07107549034779326,74.9194634969006,1.1521023608149932,0.03885508708609816,2.2912871065387135,39413680,-2751.9636363636787
2014-08-13,500.701549772082,505.63209851937415,480.93587130844304,492.4911804199219,292366,-0.01626951785600006,0,0.018090772497389117,normal,-0.015543635925970856,0.019376680029524085,0.03411297980950012,0.0702512924541745,67.64411018437208,0.05948724806708938,0.040886951380500434,1.2344894999187186,39121314,-48537.59999999893
2014-08-14,493.0559578043312,520.8582320769983,493.0559578043312,517.3612060546875,449826,0.05049841829362345,0,0.020078475988018873,normal,0.037729064862611406,0.03705166407386806,0.07747473937716709,0.07221216005816844,71.90367957703198,0.7822617857111958,0.03863959698097999,1.7525412912342546,39571140,-47561.38181818106
2014-08-18,521.7269968194056,553.8733729764714,521.7269968194056,551.7447509765625,285910,0.06645945718288071,0,0.023635668825696086,normal,0.12388264895465251,0.10491502036746381,0.13299639765100868,0.07762896537263808,77.381092330613,3.210345993430174,0.038714586086416786,1.0693465096351893,39857050,-13474.012121213767
2014-08-19,549.5293832800478,569.8815083317676,545.1852774833676,557.5659790039062,509700,0.010550581617750687,0,0.023590497645608444,normal,0.11034238660699058,0.15137954201613657,0.12935960996056117,0.08257830099571573,78.74644682046893,4.749903713292184,0.03979906444770097,1.833418943242788,40366750,17884.751515151085
2014-08-20,560.6067239518504,562.1271606305264,543.5561126266972,547.400634765625,546584,-0.018231643645908346,0,0.023893842634923862,normal,0.09340981478038501,0.11636766120503705,0.09740154249815114,0.08526679857200548,71.0304897959591,4.620792398696558,0.03984375137237663,1.8370774488949149,39820166,16628.472727272245
2014-08-21,548.6605454864251,551.2670088854104,538.2346918904835,541.3624267578125,343016,-0.011030692374695228,0,0.024387729682042263,normal,0.09923273406890387,0.08214666065262732,0.07655111211950771,0.08650567538580112,64.84518139391446,3.7054123611704703,0.03961183720342653,1.1158457342036308,39477150,11519.503030304399
2014-08-22,544.9461879595849,553.4389337828503,538.7124083770958,542.9044799804688,559302,0.0028484673971400643,0,0.024389000863795425,normal,0.0493722251047195,0.08896405785071848,0.07149289685630578,0.08736675492053836,65.1046782595736,2.820509233386094,0.03932500789758282,1.703917839343636,40036452,36737.43030303135
2014-08-25,540.4067077106276,544.1860581688561,526.9399810715364,531.001708984375,244970,-0.021924245304665635,0,0.025244302369612025,normal,-0.03759535900517996,0.0816298772875097,0.04323204139719161,0.08639187030794604,66.57939282257422,1.136650743230497,0.03844175098915071,0.7645884169083998,39791482,37302.26666666748
2014-08-26,530.8495962771566,557.739615074007,522.7478303763676,545.8801879882812,238488,0.028019644291472634,0,0.025669392042834038,normal,-0.020958579711950365,0.08707118718973095,0.06511243434571257,0.08685184525552425,68.54244219171424,0.7468193069285292,0.03884631932459,0.7330754786055681,40029970,65927.64848484927
2014-08-27,551.1800589821768,559.9551297970262,542.578709942968,547.2920532226562,474186,0.002586401311940101,0,0.025584603951035807,normal,-0.0001983584527907034,0.09319292770125887,0.061009358782016854,0.0870300306151317,66.64617733976947,0.32738458399614956,0.038448451682086264,1.4370805613204802,40504156,84822.04848484803
2014-08-28,543.0130756365477,551.5058213509516,534.324866426363,539.9287719726562,315378,-0.013454025518262691,0,0.02501933605153108,normal,-0.0026482347394191086,0.09632170775583582,0.04209623950854913,0.08599829301153905,64.08394172866957,-0.6493729682067624,0.03953311759134238,0.9607423760505616,40188778,53805.05454545423
2014-09-01,533.4561014322524,556.4798582530254,533.4561014322524,548.4866943359375,124256,0.01585009506349233,0,0.024349006990748386,normal,0.010282129842932086,0.06016200657681292,0.052736929365020835,0.08568898902856525,69.4681101863179,-0.9067123556430516,0.04007037298821134,0.38653510486960946,40313034,46615.10303030295
2014-09-02,553.4391321011173,553.8735427228607,536.4971178531239,546.1193237304688,234388,-0.004316186025870583,0,0.024423850764543766,normal,0.028469992639022834,-0.010195705960295953,0.04340408292639597,0.08480092085997804,65.81753187631841,-1.394804311848624,0.040539533647271364,0.7279727281988337,40078646,36708.36363636383
2014-09-03,547.3572485881958,559.4773125555171,547.3572485881958,556.783935546875,295162,0.019527988395572127,0,0.02317382970398278,normal,0.01997461677218415,-0.001402602537601716,0.057357010823163135,0.08483916050887785,68.95447824667937,-1.1670912066170196,0.03863450111885744,0.9446232909702293,40373808,74195.35757575717
2014-09-04,556.0020909537594,556.0020909537594,538.6690988605052,544.9246215820312,158412,-0.02129966977800013,0,0.023988177250549962,normal,-0.004325719013613782,-0.004523219423473779,0.031413753336202,0.083229031298373,67.26760716256268,-1.937426740003076,0.03861262535096737,0.5031990744887865,40215396,66517.21212121224
2014-09-05,544.8593418814019,552.5701278637777,538.7124230136707,547.7264404296875,311856,0.0051416631524594525,0,0.02373799250331281,normal,0.014442031730485638,0.011755551100930184,0.033104323546986114,0.08179875387723534,61.70073454151364,-2.3528825306243775,0.036522955377483055,0.9820216503503374,40527252,48190.99393939521
2014-09-08,549.9637373250195,558.2175374902449,547.3572741149483,552.1575317382812,605970,0.00808997152870261,0,0.023667343104899624,normal,0.006692664453397779,0.017043609141234928,0.03736578692895143,0.08070293729896583,50.2067928848326,-2.414788637185321,0.032911458186439375,1.7616922851501176,41133222,87475.97575757673
2014-09-09,558.0871605972444,564.7336626070706,551.4189698791093,553.8951416015625,385052,0.0031469458685295937,0,0.023173673658287257,normal,0.014238313008186898,0.04311367031374491,0.03661906706320073,0.0796089917772369,48.082547718715425,-2.4182393323823774,0.031340485239382154,1.0792145836293767,41518274,118138.27878787872
2014-09-10,556.0454024343214,571.2280271721536,556.0454024343214,567.36181640625,673542,0.024312679049231622,0,0.023229990364493004,normal,0.01899817897760525,0.0393522770942365,0.05560683635016428,0.0797683940458449,60.079056012288014,-1.6308372371375803,0.030440720253475762,1.780915330754979,42191816,180507.6242424238
2014-09-11,569.0778077373113,597.2710624057485,569.0778077373113,584.6731567382812,452776,0.03051199398945048,0,0.02372098963609136,normal,0.07294318072993589,0.06830193001252494,0.07879314714223051,0.08139500871853134,69.63382626129369,-0.13994627309820018,0.0316012408842213,1.207219169352925,42644592,272982.0484848482
2014-09-12,588.9303623042042,603.8740958522767,588.539435231525,600.2250366210938,228722,0.026599271239972522,0,0.023341506889717655,normal,0.0958482050824887,0.11167447963208588,0.09626581076593355,0.08406342375153586,73.0562252348242,1.6017572275580179,0.03131491873380481,0.615051087086299,42873314,330962.3393939393
2014-09-15,601.1807772271562,640.3211575980833,595.7506452936582,634.8475952148438,369028,0.05768262981606731,0,0.024039256277069345,normal,0.14975810112784438,0.15745304630126888,0.14215134092792225,0.089551186873843,85.31552748154633,4.622757625611783,0.03268145578892721,1.0032435747668316,43242342,384815.33333333535
2014-09-16,638.5835016277883,656.4377644349207,610.3902466304679,623.965576171875,369012,-0.017141151868561577,0,0.020865366295909932,normal,0.1265048730481857,0.14254440203589347,0.10962020945925888,0.09271005027298207,77.29697920920648,5.372698664521124,0.034517030522375,0.9919944084518401,42873330,367407.7696969701
2014-09-17,638.583416952245,638.583416952245,612.9531981766107,631.2636108398438,130692,0.011696213616051221,0,0.020879005151323415,normal,0.11262970574642606,0.13376764403199704,0.10964232106853977,0.09572843659383978,78.19435928375397,5.807833635241465,0.0350519109980451,0.37019076613501717,43004022,342931.3696969693
2014-09-18,631.1984935842628,639.3654326755382,612.5188409867932,614.3216552734375,234548,-0.026838162814210698,0,0.021493706201205016,normal,0.05070952581534005,0.1273516206515537,0.07171027841139388,0.09618555052306044,73.46864507393612,4.462666991656928,0.037142429106325106,0.6950851386537016,42769474,263219.26060606085
2014-09-19,622.4670149334017,622.4670149334017,587.4100445655545,597.4014892578125,356392,-0.027542844811638267,0,0.022476971078672317,normal,-0.004704147929543434,0.09069317301745605,0.03802123017153902,0.09447691659095825,64.65774811103762,2.063376882086729,0.03963316832747041,1.0540817600129664,42413082,153899.4666666668
2014-09-22,605.5682630564377,606.4153423564356,587.32302127138,594.8817749023438,160510,-0.0042177905491985745,0,0.022570805396255143,normal,-0.06295340899728041,0.07737690913960682,0.030341753665431792,0.09235921846944595,64.59876795874095,0.04345768756241597,0.04000707166079049,0.5044834945170303,42252572,53364.03636363631
2014-09-23,597.7488569803642,606.0026566043664,588.1918258367829,602.2449951171875,110008,0.012377619428755482,0,0.021718665448100475,normal,-0.03481054385715732,0.08729062575964042,0.03883127814943976,0.09087763122776771,63.884851960083246,-1.002184918032249,0.040046057887580984,0.3532476673702206,42362580,-29068.703030304263
2014-09-24,609.9124453297547,615.9941933601085,593.7523932034117,604.5474853515625,98588,0.0038231786947884316,0,0.0211247912154679,normal,-0.042321662502829316,0.06554136684920353,0.038569221388726094,0.08944708295877546,69.33916375614061,-1.7030353017484785,0.040381147277117,0.3238510511165516,42461168,-71455.12727272433
2014-09-25,599.9208517916861,614.2563971277656,599.9208517916861,609.9122924804688,114254,0.008874087245249962,0,0.021128647888961134,normal,-0.007177612501721331,0.04316793998717028,0.043038698674837894,0.08836550676154897,69.84060959769747,-1.951725393292115,0.0400819147386815,0.3988935412232005,42575422,-80689.32121212185
2014-09-26,603.8305876940774,619.0349550101154,597.5316355202904,611.6282348632812,121966,0.0028134248218443236,0,0.0206628471898785,normal,0.023814379209438297,0.018998204917243466,0.0414134838858875,0.0872298709074999,69.30886881665882,-2.1323870746805333,0.04121240544888402,0.4406975513149275,42697388,-67184.26666666644
2014-09-29,605.5682013258943,622.6839846233262,605.5247708841779,611.9974975585938,216340,0.0006037371629761257,0,0.020579047156926072,normal,0.02877163728719001,-0.03599304435975237,0.037886504212767846,0.08592191374868263,69.03371908004628,-2.342021092731464,0.041636247769767064,0.7689057008276559,42913728,-15144.54545454496
2014-09-30,606.0026812411509,622.5537116069577,577.7659971689826,604.72119140625,599390,-0.01188943775321094,0,0.02084090885271612,normal,0.0041116095760673765,-0.030842061646561114,0.02305750688996233,0.08373334744378069,62.75589054661672,-3.04140945108713,0.04538015045218496,2.0005607270761088,42314338,-16416.424242421675
2014-10-01,594.2736034668701,616.3416795439043,591.2327297649198,607.6968994140625,140890,0.004920793334350693,0,0.020570755445816113,normal,0.005209539595832702,-0.03733259928356669,0.025348537971254137,0.08178901800371308,58.714244594211856,-3.349911667918331,0.04459371172093195,0.48266959554966915,42455228,5485.066666667189
2014-10-07,601.6585078880822,615.5596430883844,599.5081972482344,608.8480224609375,133370,0.001894238802246484,0,0.01966879794142454,normal,-0.001744955844721452,-0.008910043729556727,0.024627659499217414,0.0798868286111376,53.66301762398941,-3.5060474513181,0.04413990938539087,0.4588754746765215,42588598,25676.799999999534
2014-10-08,604.9166189521264,610.781160679849,591.7757013770444,595.880859375,91568,-0.02129786516103771,0,0.020578811920458736,normal,-0.025746645741103302,-0.0025454069167146764,0.0025374305322294344,0.07667440936313863,29.71494914050082,-4.451503057066866,0.04203595556462615,0.32746023418728043,42497030,19306.884848484726
2014-10-09,593.9260029407469,601.8323057055297,586.8885741878421,587.2578125,260132,-0.014471092231498117,0,0.020981522148047205,normal,-0.040424487285138144,-0.012815928683636901,-0.010842705874421044,0.07276352946400966,30.430654454725186,-5.554749466805191,0.038870018959544304,0.9915872211146646,42236898,-12970.266666667429
2014-10-10,582.5445293565434,589.0606874030372,566.4495977702518,578.5479736328125,244760,-0.014831371642565427,0,0.021369640205132188,normal,-0.04328146283839163,-0.039347809739396666,-0.02313965606588453,0.06825523659304844,22.313432309527883,-6.691940560275885,0.03908244649515277,0.9586236176409305,41992138,-51074.10909090885
2014-10-13,574.5078804699766,590.8851349437577,571.358404376663,583.4567260742188,146574,0.00848460743986923,0,0.020800695561022244,normal,-0.039888591439607435,-0.03488685304030148,-0.013455994815632866,0.06455712785836365,31.444125531972674,-6.906435119674043,0.037857517129040175,0.64012822304521,42138712,-70120.26666666394
2014-10-14,582.5445179498017,587.6488416529413,579.9380547822411,582.110107421875,176492,-0.002308000905918872,0,0.019663474253275137,normal,-0.043915581643821366,-0.04558390673767909,-0.014255924828211142,0.06097286356709053,38.688801401405016,-6.914819214728608,0.034589545729346326,0.8202757180875044,41962220,-87267.7696969696
2014-10-16,576.4844659381656,587.9528605302881,564.8422435144962,575.0726318359375,495862,-0.012089595243597429,0,0.018788597966176934,normal,-0.03492011399877415,-0.05976768393551213,-0.02373966414846007,0.056951925459785224,36.264969584732356,-7.140994678546951,0.0355119409054395,2.1698958685237275,41466358,-115898.47272727055
2014-10-17,574.2907221468887,588.843474939567,572.9874905535146,583.3916015625,195014,0.01446594615362562,0,0.013229336332484225,normal,-0.006583498516675723,-0.046741851249734845,-0.008709194011807697,0.05404988724118942,37.09864693961765,-6.495532825701531,0.03476620743146817,0.8871607934014533,41661372,-104547.806060607
2014-10-20,585.1509896755651,597.1841402636776,584.3255990547067,590.820068359375,173632,0.012733242605788897,0,0.013369182627072193,normal,0.021211887839661214,-0.022987656533994816,0.0035391521656122915,0.05204262938610538,41.22214746136589,-5.379606949467711,0.033307593651903764,0.8266257746403103,41835004,-108505.56363636274
2014-10-21,592.9921691948803,609.260823813601,592.9921691948803,604.3085327148438,219884,0.0228300714173848,0,0.014203343161776096,normal,0.035738394483728175,-0.005575751172148147,0.0238708410637698,0.05139966224858172,46.753970386502814,-3.6283059168385616,0.03304938284212781,1.0250586572945526,42054888,-85266.87272727245
2014-10-22,606.4370330149,620.5988041257124,600.0946505819302,610.2815551757812,118750,0.009884061100550401,0,0.013170840416788673,normal,0.04839539357712863,0.002354500075485877,0.03065438478763216,0.051211119203726785,49.25658774313193,-2.041918440612397,0.032608973493520425,0.5689473109274297,42173638,-41806.969696970395
2014-10-27,634.239352122045,639.8866888190222,622.0541159605782,625.3121948242188,87758,0.024629024949161638,0,0.012635837884542178,normal,0.08736211776917613,0.049391308658728095,0.05043225069235735,0.05227726417447309,56.32613764224153,-0.05936672569292156,0.03324683175420784,0.44937940089232725,42261396,5365.018181818811
2014-10-28,627.2453356744728,641.5591405320129,625.3121771196036,627.9186401367188,142900,0.0041682304200587605,0,0.012544836355734073,normal,0.07632444220136492,0.06923846183267046,0.0493331061485196,0.053228809488991224,61.533475473532604,1.274816673595538,0.029862187651950922,0.7350573488760155,42404296,45845.587878788596
2014-10-29,634.1089899194351,641.4505380247232,630.0038318781712,633.8917846679688,189000,0.009512609037931163,0,0.012445445256949343,normal,0.07290157971139655,0.09565984768322999,0.05336449536897114,0.05439444840187235,62.64681493582841,2.3446245890531934,0.028276264841296198,0.9528313206242103,42593296,78288.84848484915
2014-10-30,635.3688642554662,663.3449144763032,634.2394074233155,647.92333984375,369978,0.022135568744010348,0,0.013188701136171982,normal,0.07217307843224985,0.11049082286409484,0.06887533953516223,0.056491258382624254,66.7786448559921,3.7015710420580117,0.029141341210414375,1.745791095652863,42963274,133397.5636363641
2014-10-31,649.8563573289917,672.0547759966969,649.8563573289917,664.99560546875,239430,0.026349206109965273,0,0.014106689315150012,normal,0.08965378328894325,0.14238800699401888,0.08699353211395078,0.05964745264951432,78.66673079941471,5.352971400344874,0.028943794770782242,1.0973740114444426,43202704,179805.27272727303
2014-11-03,667.2546131685398,669.8828182404546,652.3543099052113,655.177978515625,110236,-0.014763446363235233,0,0.014745548303277345,normal,0.047761396528979816,0.13929605104654108,0.06375822453011248,0.06119640040543506,77.89483025024039,5.374109997091049,0.02965930461784568,0.5066039209919209,43092468,172106.47272727228
2014-11-05,652.4845590311627,684.6309354414863,651.6157380470999,674.3571166992188,396888,0.02927317280572539,0,0.0158000835974951,normal,0.07395620004589887,0.15592530796309956,0.08509087524463044,0.06403174699325453,86.2329889930204,6.210581110491951,0.02991778880728867,1.7512953093519086,43489356,179346.6181818195
2014-11-07,675.964488380146,682.0244937211863,659.4351474323317,660.369140625,384674,-0.020742683257627403,0,0.01640987543758105,normal,0.04176952059869343,0.11771616434552246,0.056287386296464126,0.06491871544420857,77.21757724332322,5.383434733619383,0.030882775722435484,1.781808850449489,43104682,155022.63030303165
2014-11-10,661.6073055310625,667.9062588667161,658.2406235757994,659.7393188476562,213936,-0.0009537419885303766,0,0.016455191530568524,normal,0.018236692950057476,0.09172596965293667,0.049753263605225806,0.06535359492210646,77.61131235452186,4.397141786767918,0.031123905317361165,0.9744654665009277,42890746,118298.30303030252
2014-11-11,659.7390978432617,671.1641133466284,656.3941587487091,664.4741821289062,268280,0.007176869933294583,0,0.016457867352841965,normal,-0.0007841004294700804,0.0887993852894926,0.05155002877632775,0.06588328489562723,82.32805330496522,3.6951416510555184,0.030005533742182754,1.1855719761683594,43159026,93992.48484848575
2014-11-12,667.254486749061,704.83099267601,666.863506717507,694.8178100585938,675442,0.045665623655188003,0,0.017696271183342504,normal,0.0605023868976442,0.1111534619181922,0.08924063272515381,0.06878129633131591,84.7561614083959,4.834000306659036,0.031213882531814945,2.643804179643817,43834468,100435.39393939434
2014-11-13,694.6224965994345,713.3021509795318,682.0245901570432,693.81884765625,377754,-0.0014377328673533807,0,0.0170592564384083,normal,0.028859680538837917,0.10495023289192784,0.07866776139659915,0.07088190837776476,83.46994763118582,5.055744179195685,0.03305890540907886,1.4453275951916535,43456714,76732.66666666679
2014-11-14,702.8762295898789,724.9443054757221,700.2915081770659,705.613037109375,412222,0.016998946472795096,0,0.016231854434055046,normal,0.06851303869462222,0.11314431607434972,0.08696210578798147,0.07341865510926948,83.28590445959762,5.495940093583599,0.03379039299263173,1.528246395633052,43868936,75358.19393939589
2014-11-17,738.4978245644675,740.1920360618401,712.4331954621921,714.1708374023438,754234,0.012128177687910524,0,0.016233209520389636,normal,0.08250458476502676,0.10224588849441618,0.08975134472303692,0.07602240024872065,83.5650642304883,5.830916563869312,0.03479319880331602,2.513122325429672,44623170,124326.6545454539
2014-11-18,718.9494206719703,729.8096838241149,718.9494206719703,723.2066650390625,318822,0.012652193513788434,0,0.01596496294546501,normal,0.0883894129971814,0.08753600639101977,0.09276349557080255,0.07870410829839658,82.9027746265699,6.099600254933364,0.03297908762993975,1.037714477656828,44941992,186527.45454545465
2014-11-19,727.6375376516385,751.4432526322274,727.2465576226983,738.0199584960938,591780,0.020482794439167895,0,0.015121370587231644,normal,0.062177664147464506,0.12644194813775034,0.10304994842136028,0.08192424929670894,84.19930884749523,6.667450221857003,0.03347754681109662,1.8965441541489347,45533772,252575.81818181823
2014-11-20,741.9732100733371,746.1869711439172,717.2118090345899,726.5516357421875,147370,-0.015539312483196177,0,0.016369659874103278,normal,0.047177715330896985,0.07739892966273665,0.0770966788627423,0.08334709874128832,77.8315862881673,5.700616365405001,0.03552423081841111,0.4759267362832373,45386402,307453.45454545296
2014-11-21,731.0912081210845,731.8949100551247,721.1215072889933,727.1163940429688,207384,0.0007773133704451762,0,0.016526703952640054,normal,0.030474716030878257,0.10107567012413154,0.06999214122834418,0.08425418011433328,75.88034117795836,4.577485712226064,0.033661628307135934,0.6661097123012719,45593786,325003.51515151665
2014-11-24,731.5474459822909,736.3259625534341,716.7774856714846,717.88525390625,149238,-0.012695546699739602,0,0.017039837192853437,normal,0.00520101957315533,0.08813471229841996,0.050763105877357884,0.08389802773413346,68.21804026308331,2.77968325041115,0.03363847833237475,0.484847815394092,45444548,289979.9636363628
2014-11-25,717.8850585837697,724.1622687965013,678.5491684823845,690.3651123046875,283204,-0.03833501447733656,0,0.02002577976992062,normal,-0.0454110205588345,0.03896453898754859,0.009474334829559172,0.08094203575556924,60.802886936082054,-0.5202434621597654,0.03788518477642717,0.8961400388891438,45161344,226439.07878787906
2014-11-26,683.7622041861165,720.6871008543629,683.4581380132423,717.66796875,412732,0.039548430183798944,0,0.020995951164357648,normal,-0.02757647609905589,0.03288654717915085,0.044483665779324166,0.08033597713515928,62.66520786965066,-1.088823544061949,0.0368632769484423,1.2421390461882198,45574076,206169.7939393955
2014-11-27,713.3455053693654,732.850548352706,713.3455053693654,730.4830322265625,190574,0.01785653538206966,0,0.021117414657477407,normal,0.0054110352120519956,0.052844030821828536,0.05678030408863144,0.08053749243553288,70.64472510385748,-0.8377380174476556,0.03591498303543759,0.5694574386039039,45764650,150025.69696969734
2014-11-28,737.1512060977866,737.1512060977866,704.4618151727011,715.8867797851562,231194,-0.019981644743911287,0,0.022003128221251847,normal,-0.015444039427267908,0.014560023887694618,0.03215828674768306,0.0791683791067439,65.27596775029193,-1.8334810548348024,0.038944481824805,0.6865069961985768,45533456,80777.50303030494
2014-12-01,716.777323079094,738.4978480208847,712.5200789790529,732.7853393554688,178090,0.02360507282364388,0,0.022061063789576594,normal,0.02075552515968604,0.0260644946254478,0.050865553093405014,0.07904645568861568,67.43158103276522,-1.5444093864843111,0.03913888054004002,0.5443277617856176,45711546,51349.57575757773
2014-12-02,731.1129312789766,760.2184371587696,731.1129312789766,758.3721923828125,399832,0.0349172556452193,0,0.022546626274941105,normal,0.09850885982794355,0.04862445141023497,0.07856480457610138,0.08069050236905606,66.62125892977146,0.09279224628587812,0.0367586437364532,1.1928365130313971,46111378,51793.03030303082
2014-12-03,764.5625282924785,792.7992125760076,764.540786554655,782.2864990234375,415778,0.03153373354247879,0,0.022589388350019557,normal,0.09003959085144486,0.05998014012730524,0.10077400713036555,0.08367783437660137,70.66041888315311,2.3822013128732777,0.0359225100498797,1.1863393132792004,46527156,100192.90909090954
2014-12-04,784.1109501274505,799.7497280801309,779.7885868769793,796.8826293945312,272872,0.018658292568406454,0,0.022213185724057803,normal,0.09089820603440746,0.09680109464002395,0.1085053672139118,0.08702702583637345,71.03942892373634,4.3602929980555345,0.034263820579098686,0.7926090697259656,46800028,141611.030303028
2014-12-05,799.315400045252,806.5266044616732,777.5948728701093,779.984130859375,159490,-0.021205755919156744,0,0.0222456154123442,normal,0.08953559820374801,0.0727087674676774,0.07628601741810126,0.08817005824571567,64.60946274961961,4.019710515673857,0.03448899295742243,0.4789325530597451,46640538,171020.43636363585
2014-12-08,783.6766150505707,798.4900038756786,773.2507620787227,777.8120727539062,103788,-0.0027847465346193534,0,0.02229069256563257,normal,0.06144600741881834,0.08347687673144799,0.0658493237753428,0.08859681464479152,62.50248399274549,3.1743271729623217,0.03546693435245423,0.3169060530558405,46536750,172131.57575757772
2014-12-09,772.8162689901327,784.5019218869395,761.8474040143032,779.136962890625,154900,0.0017033550688252408,0,0.022341349470468355,normal,0.02738071189368041,0.12858681443154785,0.06082857697858035,0.08868472438824693,60.033929962480435,2.2727929559487308,0.03489487952963891,0.48130253079994406,46691650,149572.72727272892
2014-12-10,781.9388838333249,786.28298874351,771.122052001239,780.9180297851562,82804,0.002285948401065996,0,0.020549263458495275,normal,-0.0017493197696618612,0.08813276304545425,0.056886732023520015,0.08851788009362593,63.92563439610856,1.407256352202431,0.033551741763478464,0.2833782393136829,46774454,140496.76363636312
2014-12-11,781.8956828530194,792.47357080789,762.8250460949184,764.7147216796875,173122,-0.020749051100698135,0,0.021357821187181644,normal,-0.04036718398452832,0.046861717443024586,0.031523116227016645,0.08674776410743212,58.91626990456577,-0.5412730055439496,0.03602569989693267,0.6139698515630125,46601332,120132.6787878783
2014-12-12,779.245747142916,783.0250981109704,771.5132173343043,780.1796875,218788,0.020223183079755458,0,0.021464322980948653,normal,0.0002507187427127633,0.08980876519907044,0.04715958797715292,0.08605029640644268,64.34860016262924,-1.0442271819670808,0.03519823415490117,0.8034820444230955,46820120,86147.95151515264
2014-12-15,773.6850732452593,787.5210365771323,773.6850732452593,776.5739135742188,145204,-0.00462172238466696,0,0.02150872002933589,normal,-0.0015918487550645732,0.05975634591334056,0.03813573489518918,0.08481158751502038,72.31531912701917,-1.8294272040587742,0.03243883342520152,0.6003928909155036,46674916,40519.745454546195
2014-12-16,771.078606768344,780.5922069449007,750.3355062200689,755.0271606445312,248326,-0.027745913882836426,0,0.022565547657718857,normal,-0.030944241377851678,-0.004410804842106764,0.008435478992148138,0.08174842229005685,59.96752903090279,-3.891153703543015,0.03270496001907997,1.0419702631087577,46426590,-3675.2606060622184
2014-12-17,748.4892111022913,760.2182933424317,725.4654570753491,731.11279296875,470106,-0.031673519738504075,0,0.023364987015598474,normal,-0.06377780370893538,-0.06541555570570357,-0.021314343611275377,0.07694817980815549,50.15862688582739,-6.787130074211159,0.03526440987197543,2.0242266829372055,45956484,-49614.63030303095
2014-12-18,745.0140116010942,764.3018485129935,743.4718331061547,756.8299560546875,259612,0.03517537011151273,0,0.024345306024069053,normal,-0.010310728172829187,-0.05026169709619044,0.011847798341277915,0.074455746008522,59.765828473564206,-6.871348648065382,0.03411327910224659,1.0914859204404086,46216096,-56284.642424244004
2014-12-19,760.6962414798268,767.9509288905322,743.0157547477668,748.8151245117188,148156,-0.01059000305002411,0,0.024515426057833172,normal,-0.04020171697725883,-0.03996107755848144,0.0010243759278953934,0.07139221211673963,53.99265416821226,-7.325832930498045,0.03437895365214764,0.6307449641428665,46067940,-74590.59393939567
2014-12-22,753.2678375105191,784.1109842597965,753.2678375105191,776.8997802734375,373956,0.037505460082730036,0,0.025507753665634656,normal,0.000419620970422363,-0.0011728957577614718,0.034767382083635834,0.07059541765720723,54.558084053883285,-5.66808576883145,0.03370531084955149,1.5193656592710088,46441896,-72477.56363636079
2014-12-23,784.5455027631374,790.6272508465726,760.6529210067849,766.3436889648438,152494,-0.013587455649528457,0,0.02388076607171694,normal,0.014988240039804701,-0.01641980105566776,0.018698504653283488,0.06881860138835494,45.80188447262828,-5.22637819643176,0.03375456685374161,0.6364765940609598,46289402,-67205.9757575758
2014-12-24,767.1690111226957,775.4228113556126,758.6111447242287,762.5642700195312,63228,-0.00493175451137029,0,0.022579047413517912,normal,0.043018638646808105,-0.023502799353569026,0.012356105356146285,0.06672032940107187,40.417283901803195,-5.125632349035772,0.03362685326449668,0.28466245294682,46226174,-54987.187878787205
2014-12-26,767.1690434938107,768.5374473537872,749.4016411106795,752.0298461914062,82978,-0.01381447340544184,0,0.0226134845017339,normal,-0.006342388835008483,-0.016587722360593582,-0.0014741411693669493,0.0638437973373327,41.90668146780029,-5.663282246906437,0.033167470660313635,0.38285304834132233,46143196,-52190.121212118815
2014-12-29,756.7432442699568,774.8581445774789,753.7023701540614,773.3377075195312,460196,0.028333797436414176,0,0.022756085294286046,normal,0.03274851455998973,-0.008769748931035548,0.024201989725415096,0.06271126901034973,48.833801988778994,-4.527873718966127,0.03203091918930324,2.0167582586135873,46603392,-4152.424242421416
2014-12-30,776.6826150319519,777.6382970084508,767.1690136007129,774.9884033203125,123560,0.0021345083586779,0,0.022289747446478277,normal,-0.0024602619303769613,-0.002041673337453309,0.02381514835559484,0.0616037922208279,48.920553225603584,-3.64749901459572,0.030839614661138253,0.5480363435561597,46726952,43571.648484848585
2014-12-31,779.3325103543502,810.1756587574488,771.0787100774647,799.3588256835938,573830,0.03144617681873707,0,0.022040586238033278,normal,0.04308137092294184,0.05871532489138365,0.05040702727809365,0.062223672081956005,54.29353504187608,-1.5148920069037537,0.03203825120934414,2.4505956199067813,47300782,105409.73333333358
2015-01-01,798.6854791330845,809.3067950874347,792.0389769957947,795.6228637695312,96950,-0.004673698211648092,0,0.021025462790240472,normal,0.04335187871987922,0.08823545617199802,0.04098702194973658,0.06222126918546733,57.63981231128615,-0.4994358721967558,0.03107718971181007,0.4442804901520498,47203832,120022.96969696807
2015-01-02,800.1841642016074,818.8638162432301,798.4465221512238,816.0618896484375,308986,0.02568933952208141,0,0.02139090197367074,normal,0.08514561460734082,0.07826319917689673,0.06088614183160357,0.06347768805084386,58.656432565127844,1.3065094087351774,0.030730398021959718,1.4043305334834384,47512818,153678.08484848676
2015-01-05,820.6015763522103,837.0874364655666,813.3469409595975,816.626708984375,344472,0.0006921280641849492,0,0.020722587969988472,normal,0.05597684044619067,0.09055851338055465,0.055426523658882676,0.0643341442987082,59.806454678779865,2.2419441053674376,0.031575471362407306,1.5024547176987415,47857290,180527.672727273
2015-01-06,818.8638128566587,829.7240756266409,803.6594449786836,817.5171508789062,228284,0.001090390364085314,0,0.020688654976987728,normal,0.05487662444545771,0.05228135164508996,0.05091468688841916,0.06486791095786448,67.02166287053817,2.5983932266843013,0.03117480735296344,0.9693686899569253,48085574,223070.42424242373
2015-01-07,821.8829015784584,872.6872399683646,821.8829015784584,866.9747314453125,947474,0.06049730028689271,0,0.02438692624321885,normal,0.08458767650922616,0.13131320049937178,0.10247082661504003,0.06865140052642849,82.48678468745895,5.6667788188472805,0.03107854694112423,3.443778366517487,49033048,287203.9393939397
2015-01-08,873.2085627200881,876.2060058694424,852.4872024342795,855.441162109375,452894,-0.013303235858685536,0,0.024746067151046106,normal,0.0751842374871361,0.12179549415220436,0.07878326250946244,0.07076499165520245,75.29532816920019,6.368875373468349,0.030706808921842733,1.5423926917748412,48580154,289162.63030303014
2015-01-09,858.3952201501289,860.0460014003312,837.1308455992587,845.058837890625,483074,-0.012136806923282673,0,0.024348821667091458,normal,0.035532780797641994,0.12370385586470611,0.05906454077234535,0.07153461016218565,74.39176699341502,5.609976559035321,0.030913328295072134,1.5626969246436107,48097080,230706.87272727248
2015-01-12,848.8382211373213,857.9608427565043,834.9370834318994,839.2811889648438,276782,-0.006836978286864581,0,0.024226608020161067,normal,0.02774153689957526,0.08527126093052573,0.046657860994446576,0.07148410522414861,67.8252677041952,4.25621022981268,0.03008169730793998,0.887041904238753,47820298,164150.20606060585
2015-01-13,846.2316650033056,855.7886961275728,836.457428626214,839.8892822265625,463696,0.0007245405588902631,0,0.024156648781917738,normal,0.0273659473976835,0.08374432266107812,0.042707517963062935,0.07118568167979022,72.28218318133622,2.9983815188812173,0.029154776066809995,1.4139112134158371,48283994,116373.00606060498
2015-01-14,847.534893302878,857.9607453988642,839.7155042308884,845.3845825195312,658212,0.0065428865557144444,0,0.02295706300357386,normal,-0.024902858344889478,0.05757834323850397,0.04460231304313145,0.07102036557308655,74.83394960911448,2.1716783253003555,0.029086385810503292,1.8889874213294993,48942206,123880.37575757786
2015-01-15,868.8210721195929,868.8210721195929,834.502639770869,840.2151489257812,381804,-0.006114889839063942,0,0.021414098052418992,normal,-0.017799018632735586,0.05604701321047889,0.03444981129141933,0.0702199013178808,77.32171451782118,0.9729853050993178,0.030556049187516466,1.109792434945713,48560402,84202.69090909373
2015-01-16,844.9283851933334,851.3793702277737,832.7648917303959,837.8474731445312,395802,-0.002817939886322063,0,0.020465212477897326,normal,-0.008533565265223753,0.026695994228426834,0.02844604779706339,0.06907525427942529,72.64406419440343,-0.21944225506995352,0.030283159043900356,1.1281507826613393,48164600,27091.60000000032
2015-01-19,842.7563932218791,843.6252142458192,823.8595359511824,829.1376342773438,280876,-0.01039549458148814,0,0.020457312302868333,normal,-0.012086002666175433,0.01532024994446779,0.016036787896710036,0.06719774979116577,68.10985191327171,-1.7496756015834265,0.031402140505497486,0.7857168033559604,47883724,-30275.58787878807
2015-01-20,830.5928292374398,843.5817130618879,829.7240082863547,834.3939208984375,258474,0.006339462115569017,0,0.0190110636309619,normal,-0.006542959226193079,0.02064393389348118,0.020293716996880207,0.06567159394312894,63.43493844665275,-2.5161483441115315,0.029093904693826354,0.734920599266484,48142198,-58645.67272727146
2015-01-21,830.5929343852566,840.5843765875898,823.6423658966771,831.9179077148438,270598,-0.0029674391454430626,0,0.01864631672880562,normal,-0.015929643245388148,-0.04043580794105306,0.015596025162343041,0.06391631947859522,64.05389590070872,-3.251453467296024,0.029152522177519274,0.7566878304067157,47871600,-39297.066666665836
2015-01-22,829.941366762421,836.1968893709629,823.7510163429683,825.879638671875,287662,-0.007258251068972599,0,0.018713909600861355,normal,-0.01706171362446185,-0.03455705049848923,0.00743545730348627,0.06172411437921266,54.278732898794054,-4.148601547614415,0.028432022115267436,0.7799307106630639,47583938,-51753.89090909029
2015-01-23,834.0681651735345,837.1090386923962,827.9864181358107,831.7440795898438,460102,0.007100842112295558,0,0.018234946429596697,normal,-0.007284611758487269,-0.015756013313838135,0.013181344914672488,0.0599896773234474,56.29749186507543,-4.331101028298825,0.02715712564479509,1.186789116151611,48044040,-59243.830303030474
2015-01-27,838.4123047845811,842.7564099907189,827.5520417692368,831.61376953125,227478,-0.0001566708580096332,0,0.017427949408350667,normal,0.0029863983391182902,-0.009135697945346077,0.011767765501941918,0.05824192068157652,55.909700127989474,-4.428805234591092,0.02622857658497883,0.6049134358284326,47816562,-96950.88484848423
2015-01-28,834.0682152188112,834.241990036041,827.5520572874143,831.3531494140625,455520,-0.000313390815227077,0,0.017448695696399213,normal,-0.003644287677816327,-0.010163402478324923,0.01034885931769658,0.05648093873060045,24.581367636913527,-4.466461530235847,0.02207145921819917,1.160121584572461,47361042,-128546.13333333368
2015-01-29,836.1967781363456,836.1967781363456,825.4233765753919,829.0072631835938,177374,-0.002821768621580567,0,0.016215217806470873,normal,-0.0034987160442850884,-0.019372625991270764,0.006778963226692358,0.054571948669012826,28.29092534985209,-4.587403796054424,0.021018519794212643,0.47575582906435904,47183668,-114748.23030302822
2015-01-30,831.896113511303,831.896113511303,814.5631238303293,820.6014404296875,200600,-0.010139624979431217,0,0.01637787163229181,normal,-0.006391001781658634,-0.02334367396394832,-0.0031038023047965657,0.052125105538412875,29.240190237382265,-5.130483471660213,0.02074792777650946,0.5306763186618703,46983068,-116030.13333333492
2015-02-02,820.6014548152567,830.2453469425559,820.6014548152567,825.4234008789062,324012,0.0058761296430260845,0,0.015419779035485904,normal,-0.007599307125882304,-0.014828560882323982,0.0024911413917296787,0.050135137529396356,38.04331340604896,-5.053821932436119,0.019468887882214826,0.8554557707463443,47307080,-106906.25454545708
2015-02-03,832.7650741055769,841.8876962006301,830.00657755399,835.91455078125,480162,0.012710022385084896,0,0.01565267842916551,normal,0.005171608993949528,0.008173451817577781,0.013762115558271892,0.04893830111040409,47.07020846230259,-4.219424221597192,0.018979561852492364,1.245414271782209,47787242,-79922.6060606025
2015-02-04,849.2725038502643,853.0518538835704,817.2129886315771,822.81689453125,680290,-0.015668654454882858,0,0.016105458598241647,normal,-0.010267904667022543,-0.013874773146383745,-0.0019204491865313367,0.046808697888971684,35.04170533515975,-4.449598244545859,0.020808978848541982,1.6667879473019713,47106952,-71644.6060606043
2015-02-05,827.3130018995205,828.2035645782578,802.0303336494143,805.1798095703125,306482,-0.021435005866019763,0,0.008780401228082952,normal,-0.028742153020201444,-0.03214030843256743,-0.021140822886032806,0.04356752570251787,30.071594073890978,-5.614513304361646,0.020542218094031055,0.8149064583999721,46800470,-85575.23636363637
2015-02-06,812.347582307571,819.8194212114645,806.7436766153398,816.3224487304688,502006,0.013838696683294405,0,0.00929302211804393,normal,-0.005214457943161999,-0.011572134114815391,-0.006876357747902184,0.04135717987966303,38.867669377994055,-5.4547877945311,0.019914018311301164,1.326127597838385,47302476,-78317.79393939227
2015-02-09,813.6510479601452,832.287273172114,809.7413525882064,817.6259155273438,686106,0.0015967548104331986,0,0.009031350831151096,normal,-0.009446649250869021,-0.01697416838778354,-0.004789130842252964,0.03937133253658809,43.552418731787895,-5.0886567427079505,0.020125155788732314,1.7651212921778874,47988582,448.7393939384878
2015-02-10,827.1176497033816,842.3220182641056,826.2270869048018,839.8241577148438,359742,0.027149631348442282,0,0.010982690459335722,normal,0.004677041367374013,0.00987283819052398,0.020070795394852015,0.03902617957392107,52.55628222684365,-3.2672940611726613,0.020465160705566247,0.9157237917077234,48348324,84344.58181818243
2015-02-11,841.4532005170513,841.4532005170513,827.9864740245224,838.281982421875,390054,-0.0018363073731588742,0,0.01098982262017041,normal,0.01879529697726401,0.008334403992690698,0.016436038648040663,0.03846760717577302,53.022459813682275,-2.1369103856688962,0.0202066871549764,1.0022771668159596,47958270,110151.15151515322
2015-02-12,841.7138727130475,857.9608379204059,836.2403103781171,854.7027587890625,1068302,0.019588607069600084,0,0.011761105132877805,normal,0.06150545335355351,0.030995501181487528,0.03277158191025675,0.03895719442450485,62.46003978870824,-0.3476514835559996,0.020593565316016246,2.607698885182132,49026572,175164.6787878798
2015-02-13,858.3952387932195,886.1975137338906,825.3800373011726,878.7691040039062,644926,0.028157561172425405,0,0.013144552960944713,normal,0.07649753522098224,0.07088418409765485,0.05563353458792286,0.040864135163919846,67.56445972378637,2.2494964482703654,0.024060225206577024,1.5252665147374205,49671498,239644.42424242556
2015-02-16,883.5909955529728,888.3695112614697,868.8210379085278,883.6778564453125,563458,0.0055859410840011225,0,0.013105682156963214,normal,0.08078503832081596,0.07057524114821212,0.055345890147457055,0.04267399029665642,68.77637000774811,3.989146913737171,0.024277711175078286,1.3066868393028752,50234956,323872.0121212121
2015-02-18,888.3477000066956,905.7458611407772,872.3831146844301,893.0610961914062,295476,0.010618394110087692,0,0.012836113725657764,normal,0.06339057764356282,0.06836409936487753,0.05983443840717584,0.044691599681286664,70.88040611569258,5.376598481569554,0.026155967211349735,0.6840653311145128,50530432,420737.8666666659
2015-02-19,901.4018112697212,912.24033231908,890.541548483339,904.0517578125,265050,0.012306729817215256,0,0.012966975449260352,normal,0.0784578182160256,0.09872775318684801,0.06548232261386944,0.046981616649519164,73.98967697525308,6.560893653068712,0.026701193808109418,0.6131584426400166,50795482,453457.5393939399
2015-02-20,904.442710088325,919.6470784135372,888.3695207159581,911.1978149414062,332866,0.007904477887634709,0,0.012882864456442234,normal,0.06609906844384783,0.1316699749682877,0.06639854228487518,0.04923391765225982,79.19634332436002,7.295464340532675,0.027584901278702622,0.7645353497629904,51128348,439191.9515151504
2015-02-23,912.2620861108816,912.2620861108816,888.3695076651203,895.0593872070312,374346,-0.01771122304042483,0,0.013583940978522622,normal,0.01853761486254135,0.09645323192938382,0.04279279963881644,0.04990201780092485,70.91589394989349,6.207059758631907,0.029219361782303537,0.8513327644833867,50754002,385515.43030303053
2015-02-24,895.7546256581079,907.0493008603923,890.9761092263722,900.5331420898438,178172,0.0061155214514792,0,0.01357433516237247,normal,0.019074016081305212,0.10139994952218134,0.04427980609951998,0.05063555975863587,70.01204074573234,5.398197421360436,0.029010734700033507,0.4186164642683363,50932174,345461.1030303035
2015-02-25,903.5737875964664,904.8552772856953,888.3694209782567,898.968994140625,355214,-0.0017369132529524434,0,0.013604786623896479,normal,0.006615334577235288,0.07042526210095446,0.038266837756580685,0.050959011982179,75.39829494100691,4.34550254690846,0.02752349686504497,0.8222395933037335,50576960,274334.3636363612
2015-02-26,899.6641543077137,911.5453240219308,883.5692239136941,892.9959106445312,345486,-0.006644370979450476,0,0.01378265813643743,normal,-0.012229219259216051,0.06526912109524607,0.028296225844143486,0.050640824034086984,81.75948527162173,2.903889920954004,0.027851803536264146,0.8100374625269222,50231474,131345.56363636345
2015-02-27,893.017799393549,915.3030831418696,889.955183622935,905.0726928710938,519516,0.013523894211168175,0,0.013861684282708507,normal,-0.006722055266019655,0.0589326915867161,0.038030624375174016,0.050949169556577356,81.88190606826281,2.4393646090673116,0.02832526554987554,1.171101046790076,50750990,60360.14545454552
2015-03-02,911.3933447980352,939.6082891464644,893.2567041186654,921.992919921875,781958,0.01869488184104462,0,0.013759131090867708,normal,0.030091335949101516,0.04918677240816671,0.05168362614770872,0.052105384610537486,83.70969058312407,2.9151474088867957,0.02964971680364547,1.6543031540073945,51532948,54120.01212121231
2015-03-03,921.8191418461992,950.9246472673564,920.9503207888512,942.0843505859376,747818,0.02179130688526887,0,0.014208630170535941,normal,0.046140676621481136,0.06609478071066688,0.06702014213100083,0.054181658727431525,83.4849260663155,4.151090391239162,0.02941758339894511,1.514195494172067,52280766,103670.78787878898
2015-03-04,945.27725029036,953.5310498103586,931.3978559931812,935.068603515625,455000,-0.007447047672481832,0,0.014474351180501947,normal,0.04015667905155018,0.04703766349622218,0.05314887715808281,0.0552931483743504,80.59586763847852,4.059318945440506,0.03030032045350505,0.9236451951976945,51825766,123304.08484848436
2015-03-05,936.5892497287756,975.6862035671752,936.1548391305712,960.3732299804688,810556,0.027061786022656076,0,0.014303777944485004,normal,0.07545087108776016,0.062298946582713066,0.07330286482720028,0.05763217746057214,81.62777434133194,5.193531352749048,0.03090743088148889,1.623948388254926,52636322,189118.50909091128
2015-03-09,957.8752756551618,960.4817389902778,936.4805557794172,955.4208984375,358904,-0.005156673872583339,0,0.01294822739346973,normal,0.055628908001511324,0.048532912141517226,0.06092088813630059,0.05908780830755833,75.90650691445006,5.093943916558818,0.028315200180531328,0.7153075708553182,52277418,235234.20606060477
2015-03-10,960.047204048926,961.0028859365292,919.4298223391638,936.6107788085938,313578,-0.019687783321118868,0,0.014339360611678073,normal,0.015854632471534957,0.04642305549268699,0.03608339711856745,0.05891148450321748,66.35340890791471,3.3302733891942715,0.030563516522619235,0.6369311091178534,51963840,225361.12727272842
2015-03-11,939.6299472180432,956.1375468455444,929.6385053382396,936.1546630859376,198510,-0.00048698534436719676,0,0.01438812517119244,normal,-0.006294221421162538,0.03955603556514076,0.03208167127644601,0.05849032187426717,64.09083016842061,1.779761626598674,0.030054707286737717,0.4242150706939638,51765330,201873.66060606108
2015-03-12,939.1954609391654,962.2192164571004,937.9357129657996,954.2477416992188,504848,0.01932701862920716,0,0.013906653413134774,normal,0.02051094231106143,0.06149127269004184,0.0468415103547406,0.05901900835935314,65.68468334108275,1.6238438483466915,0.02981164514427613,1.062386324633803,52270178,172143.5636363647
2015-03-13,957.4408066357988,962.9360574088768,930.594214711964,937.0017700195312,218480,-0.018072845159662343,0,0.014860055927941335,normal,-0.024335809486706328,0.0492789035766561,0.02519585562390314,0.05815907307015711,57.584230357731016,0.09124732945171843,0.030441474418735275,0.46821503945796095,52051698,86940.12121212279
2015-03-16,940.0643711582336,942.5839734014398,923.144102509882,934.1998291015624,145822,-0.0029903261739947506,0,0.014603780051478086,normal,-0.022211225827949432,0.03218209593537824,0.0199804373936725,0.057007844054832946,62.48265154809502,-1.3023071831609414,0.030192325018833704,0.34678306165624095,51905876,6353.830303031963
2015-03-17,942.6707886813776,963.8700423756164,936.1546311559302,951.7716674804688,421918,0.018809507164870176,0,0.013943359267352982,normal,0.016186967964601395,0.032298238864043594,0.0353040071912889,0.0568720140287895,65.17032854239127,-1.232485210273019,0.030655336464723036,1.0307053544556624,52327794,-13086.836363638004
2015-03-18,955.7030592350434,977.4235833085672,949.1869020129864,954.2477416992188,494498,0.0026015422641278985,0,0.013942479578673391,normal,0.01932701862920716,0.0129111486733815,0.034254634211198676,0.0566758502574507,66.27862460273437,-1.2096747089243856,0.031455380017735075,1.2182730361704142,52822292,34665.15151515247
2015-03-19,960.00377200422,972.949226796344,933.982624108925,958.8091430664062,325996,0.004780101820377469,0,0.013856168560985092,normal,0.004780101820377469,0.025389088524117698,0.03533338224895233,0.05655615492408339,69.54333562910064,-1.081688051083649,0.032124496796328714,0.8001339136257114,53148288,63301.45454545675
2015-03-20,972.6451418308928,972.6451418308928,903.7259561379076,926.7930908203124,1115574,-0.03339147574636392,0,0.015961319812098765,normal,-0.010895047934654456,-0.03496571761047451,0.0006894443325753397,0.05426131534002754,55.766978837324956,-3.2263105401736247,0.03659230556135051,2.4793122837274115,52032714,69094.7636363646
2015-03-23,929.204120963108,929.204120963108,904.0083102965066,913.4349975585938,101134,-0.014413242172419793,0,0.016257403441312074,normal,-0.022227398139152532,-0.043944926207465373,-0.012442034075639374,0.05124233241431986,47.683978615292986,-5.484874991780302,0.03547309805072508,0.23070655050204578,51931580,52761.200000001125
2015-03-24,914.4341753415412,937.5665363092072,914.4341753415412,933.4396362304688,207346,0.021900451291381406,0,0.01636680602363937,normal,-0.01926095499199776,-0.003385763488819582,0.008303815879772802,0.0496552310210725,47.65939064668471,-5.554825627256459,0.034265769321690696,0.48218160981767205,52138926,31024.193939392946
2015-03-25,914.7816232476208,942.6707552561932,914.7816232476208,938.9131469726562,251918,0.005863807931160148,0,0.016363756516068296,normal,-0.016069825535302118,0.0029466112764162666,0.01284498967597325,0.048421321794179795,51.04970014995002,-5.164010661256064,0.03450390038470948,0.5808527803659503,52390844,7671.915151517075
2015-03-26,941.215396765634,960.0471329502476,931.810452569358,953.0097045898438,311924,0.015013697126980308,0,0.016578034432442837,normal,-0.006048584870618878,-0.00129739590179212,0.02531233876755601,0.04802347860085798,47.85841587673519,-3.942811377650397,0.033065575446111,0.7228173014178086,52702768,27408.218181820193
2015-03-27,959.1784443549792,959.1784443549792,903.5738968561398,935.7202758789062,350044,-0.01814192303359441,0,0.017122452461735133,normal,0.009632338811128127,-0.001367653916596434,0.006068160672276335,0.04643398286946265,44.653973673915495,-4.259154434765602,0.03608898761940331,0.8107241149221421,52352724,8242.363636363663
2015-03-30,943.9740164649128,944.8645792013298,916.60615496593,939.2606201171876,308498,0.0037835497739493462,0,0.01692919828198316,normal,0.02827308196819689,0.0054172467795163826,0.008925830656726363,0.04509155138181886,50.78404609320571,-4.183601096146866,0.03494041065898417,0.7323982315969804,52661222,-7466.593939393097
2015-03-31,944.4084596243068,944.4084596243068,933.982607264149,937.6968383789062,188924,-0.0016649071671782645,0,0.016478082198410054,normal,0.004560768563063755,-0.014788031186956263,0.006551440433068212,0.0436573375627789,50.4533337352281,-4.182573442334995,0.033774313346706025,0.48248500566317937,52472298,-14508.339393939565
2015-04-01,936.371910066379,962.349681322818,930.2250434067316,945.95068359375,491816,0.008802253433117135,0,0.015858754188301877,normal,0.007495407475957672,-0.008694867949799123,0.013923176884779842,0.04274621360956332,47.4112705206024,-3.592239967964119,0.0339372131995752,1.2984747246573332,52964114,36491.21212121342
2015-04-06,938.3701922521398,964.391339577292,938.3701922521398,962.957763671875,317168,0.01797882318083821,0,0.016218012640246245,normal,0.010438570598095609,0.00432684714728615,0.02900139054762052,0.04282005983005477,58.11050857103403,-2.0966888368797196,0.03286899278310414,0.8528937851867628,53281282,124804.84848485127
2015-04-07,964.3044767047172,998.7097680777636,946.9063144704244,981.3768310546876,317256,0.019127596326321106,0,0.015649373478023008,normal,0.04879295271537942,0.05889528177865744,0.043843885485564726,0.0438241666910173,63.430661500234606,-0.017275568018805032,0.03460764019440257,0.913735232906634,53598538,154439.70909090847
2015-04-08,988.2839636493932,998.9270217194634,978.4662431700162,981.2247924804688,277230,-0.00015492374530123865,0,0.015582279856326589,normal,0.0446778790300455,0.07421414233422396,0.039358224338507775,0.04450393627008875,59.308124857260985,1.1339596757157864,0.033942598835101506,0.8079584033881619,53321308,143230.98181818344
2015-04-09,987.849603463048,998.7316090925964,965.1733936715232,989.5437622070312,329644,0.008478148728318091,0,0.014825848182036116,normal,0.055291776303477924,0.06010471786170246,0.04338340659824058,0.04540854045808751,60.75738669297739,2.1810966977535706,0.03404137377763083,0.9584697235521217,53650952,146980.71515151637
2015-04-10,989.5872456854984,995.0173776306558,981.7678556844716,989.5437622070312,306598,0.0,0,0.014820465197413599,normal,0.046083880871746086,0.05392470581291109,0.03909014277384215,0.046004874452530986,59.63507504381698,2.572225944258669,0.032185029057148117,0.8776698829021579,53650952,149197.39393939346
2015-04-13,989.5435332952036,1007.8322558786564,985.9162696292948,1003.5750122070312,554704,0.014179514374084157,0,0.014562291460156227,normal,0.04217967814110324,0.05305854428727952,0.04844949079878558,0.04716560244620527,77.12977096602638,3.4212575568370127,0.028389630077044172,1.5766492735300488,54205656,187191.55151515128
2015-04-15,1009.0489451048298,1032.9415276836723,1006.0949318654456,1018.4973754882812,414936,0.014869205689401532,0,0.013948103520236453,normal,0.03782496514993139,0.08846350960133242,0.057588907281374224,0.04885397088496357,86.71638569245577,4.5618568911223925,0.02826618067989843,1.1473496007437078,54620592,206265.49090909277
2015-04-16,1031.2902947611778,1031.724705163352,994.908423579102,1011.8069458007812,323720,-0.006568921873060796,0,0.01406859708609002,normal,0.03116732634017838,0.07723769540614023,0.04559874686091514,0.04971499943306146,80.1973314719049,4.435737772450025,0.02934856695769942,0.8736384482959165,54296872,200759.20000000106
2015-04-17,1011.3077580107,1011.3077580107,996.972209894569,998.6881103515624,227748,-0.01296574954705032,0,0.014113267741147423,normal,0.009240973965755739,0.0650437001345745,0.028901980510973813,0.04948793324006662,71.7515381611893,3.101919659055067,0.028800409992385048,0.6311714700784683,54069124,150409.29696969475
2015-04-20,1012.1765868015552,1012.1765868015552,933.9826873919932,942.6708984375,524974,-0.05609079684982232,0,0.019256699425697566,normal,-0.04736815647747428,-0.003467184085950259,-0.026137863754312263,0.04581876073465274,47.117293583680365,-1.66368390759407,0.034297229153882884,1.448773256032163,53544150,84856.7151515158
2015-04-21,942.6707666051016,951.2286320766568,884.2425554952463,899.0125122070312,477392,-0.04631349742824731,0,0.021755986222724396,normal,-0.10419001940876282,-0.06640504275183656,-0.06489629580873002,0.03989287497643823,41.07707701054338,-7.537940043049453,0.03686707997209249,1.2905018660418233,53066758,7378.3636363632495
2015-04-22,899.0126644146061,920.9286562109888,889.0212214179711,897.600830078125,566608,-0.0015702586001173913,0,0.020545175799346966,normal,-0.11870089046836951,-0.08536578236366998,-0.0604261274310286,0.034501621383195014,39.76744478905063,-11.0858734672102,0.037215439954305034,1.6544308835196075,52500150,-77255.18787878918
2015-04-23,900.3156146610557,939.1953480806768,900.3156146610557,934.6991577148438,321414,0.04133054069645836,0,0.02238483738583776,normal,-0.07620800430946983,-0.04741587770933853,-0.01957681139127121,0.03188197878056198,49.37313109746603,-10.506838546604145,0.03812022591524367,0.9092511282398441,52821564,-149525.27272727175
2015-04-24,942.6710245223444,947.8188326782462,919.0607654253366,929.5083618164062,382882,-0.005553440222550332,0,0.02189753688422886,normal,-0.06927062394965655,-0.06066977801641127,-0.02269260637500181,0.029178310218589854,46.516995020455255,-10.046299646056902,0.03807440059241121,1.0568970814301712,52438682,-214646.06060605802
2015-04-27,931.810519296479,931.810519296479,871.6446652533264,899.88134765625,192502,-0.031873854369916965,0,0.02296726717475461,normal,-0.04539182322502444,-0.09060985271717792,-0.04896633537231565,0.024955300576354533,37.31654944322343,-11.220738778354809,0.04203818808227893,0.5357708939432356,52246180,-275572.7757575768
2015-04-28,904.0083877781112,925.2945055105126,889.0429649919885,910.1118774414062,315738,0.011368754127198955,0,0.0228403805416573,normal,0.012346174367614315,-0.0931301931881342,-0.03464642380087357,0.021797922222929866,35.182019505942506,-10.789194753370653,0.040345073303316686,0.8782947388215188,52561918,-265269.6121212118
2015-04-29,910.5244665976924,941.9974881367192,905.7459507901664,934.677734375,201080,0.026992128706918583,0,0.023389749243394143,normal,0.04130667336130678,-0.08229735601733579,-0.007777793095025909,0.020440971495384153,41.21361226649671,-8.434236003400727,0.0404914339566998,0.5711824966140365,52762998,-196411.95151515052
2015-04-30,933.5484679686316,962.2195702887476,933.5484679686316,954.7694702148438,302576,0.02149589650092465,0,0.02386281072513476,normal,0.021472483776564077,-0.05637189566908529,0.012244547288356555,0.020386640259678623,43.71521117848808,-5.2634736215214275,0.03927373404241148,0.8602128527585996,53065574,-110115.18787878971
2015-05-04,959.1786137841516,981.7679651957347,956.5721501597382,976.728759765625,119988,0.022999572395040913,0,0.024345214542741248,normal,0.0508014773067158,-0.021988196673541238,0.03203395152687594,0.02157006783128579,47.854250813543295,-1.6164184954378922,0.039396230901140285,0.34449740983816474,53185562,-17532.00000000007
2015-05-05,977.4235248307768,1031.4641430696356,977.3800413623328,1018.6707763671876,172740,0.04294131424125047,0,0.02596602085948268,normal,0.13200565721283808,0.08062185653090514,0.0685806517933798,0.02499620336009767,52.31158233324493,3.416918141012757,0.040075434911226296,0.5197612480287797,53358302,60184.94545454379
2015-05-06,1023.4715162215598,1044.7576385877976,970.951309785738,976.2510986328124,448292,-0.04164218579593837,0,0.027648654537520936,normal,0.07267152844696745,0.085914918176349,0.021739174516919535,0.025349462877296114,44.03337900343999,3.663739251914307,0.045068268641413466,1.3227811889663386,52910010,83876.16969697054
2015-05-07,975.2514433537224,994.713052387997,951.6411933823756,971.4938354492188,222604,-0.004872991375124647,0,0.027341998243777282,normal,0.03938908537158747,0.08232279081633909,0.015139867734270673,0.025275956780037134,44.27514726225684,3.2927032986407525,0.04574889938727892,0.6661429787667,52687406,59551.46666666861
2015-05-08,976.1205184282192,998.2754567637062,954.2696462701978,957.18017578125,187348,-0.01473365979862351,0,0.027535851525202115,normal,0.0025249085162555307,0.02405160834997222,0.00016569726350867953,0.024271025691249726,44.12540625783925,1.9364851901901767,0.04860988881237371,0.5682819169459321,52500058,44165.612121215476
2015-05-11,968.735510699491,998.7098381605964,959.6780084568176,991.8461303710938,305220,0.03621674943439923,0,0.028705554427900536,normal,0.015477552446695908,0.067065312282796,0.03280917887568302,0.02534609618888428,57.407421368544334,3.155220102478501,0.04427052392503617,0.9292648085023985,52805278,23799.696969698467
2015-05-12,992.6282180172436,992.6282180172436,976.555025865542,987.1546020507812,103266,-0.004730096913880377,0,0.028729456738833103,normal,-0.030938527979373465,0.09698306851434957,0.02519746254958033,0.025901318556203146,65.04309216940862,3.4051035871513298,0.0407969665123987,0.3244434418539769,52702012,-19475.96363636418
2015-05-13,1003.4883780254196,1003.4883780254196,979.2048705212164,991.5855712890624,191092,0.004488627444045656,0,0.02856382914583768,normal,0.015707508731846787,0.08952052584645176,0.026884873964391653,0.02653946898109316,65.87662586721851,3.6090460241016658,0.0400654750914374,0.6367483489167161,52893104,-36804.460606060034
2015-05-14,991.8026989643045,1005.66035210606,971.3419210838664,981.029296875,102350,-0.010645853186769583,0,0.028424318479008323,normal,0.009815256749799106,0.04959095610744857,0.01441159751742771,0.02637175616729981,58.59740535099071,2.8088258799390307,0.03996682528626818,0.3597834198723481,52790754,-50324.72727272517
2015-05-15,988.2839744950196,999.1442379510088,977.879863315634,983.4619750976562,191820,0.0024797202595328027,0,0.02841117244366496,normal,0.027457525742167643,0.030051761999004833,0.015290304571466962,0.026265813250832215,60.115627970974224,2.2436876764212634,0.039323699064905994,0.6902937473032589,52982574,-33546.787878786025
2015-05-18,987.8495646371018,999.1442386391092,981.9632806284498,996.47265625,105844,0.013229470464327653,0,0.028435955490494075,normal,0.004664560093787129,0.020214308513975432,0.02591573282648718,0.02682847769069374,69.31299968075105,2.5254693742436896,0.03572904164565393,0.3894380331620592,53088418,-1990.278787877237
2015-05-19,999.5788052279228,1016.0646665277231,997.4067521961368,1009.8960571289062,157598,0.013470917435328467,0,0.025254955777866114,normal,0.02303737938401995,-0.008613891201997625,0.035815860923230414,0.027987967355751042,69.69987188595633,3.34389534964593,0.034075830225513554,0.6218902625980742,53246016,50855.987878786385
2015-05-20,1014.7829168462524,1026.5554836897577,1007.8974680740318,1013.0670166015624,514710,0.003139886971804895,0,0.022348666064956887,normal,0.021663733251557904,0.03771152526261812,0.0352163916613879,0.029062681128414702,66.90399890073266,3.7938680468160175,0.032728699998284504,2.0162282261766915,53760726,103252.25454545402
2015-05-21,1023.4061280907192,1032.7242130989218,986.9807613546168,993.8662109375,326320,-0.01895314460880726,0,0.022996468375492386,normal,0.013085148530620927,0.02302883937285749,0.014089545382245161,0.028771175366886448,58.46340813102144,2.5529522757838325,0.034587975339641176,1.3413946360657247,53434406,112697.2727272745
2015-05-22,1041.281978418285,1109.766751972707,1031.7249473272536,1055.98681640625,1571302,0.06250399176983046,0,0.025128263808763793,normal,0.0737444285035953,0.10322679378974198,0.06958228321783122,0.03197205415711846,64.61589717038473,5.5011950082754275,0.03856673730089257,5.138943942313605,55005708,186305.26060606234
2015-05-25,1064.197137200409,1098.5806863315086,1059.961634766404,1089.067138671875,489642,0.03132645384551713,0,0.025553260611625283,normal,0.09292225114368269,0.09802025266197956,0.09236372784655589,0.036480229090150695,63.420345301842396,9.054748010683758,0.036598951313992045,1.57389740200629,55495350,276597.47878787806
2015-05-26,1090.8047871921956,1107.3123865204727,1081.6821665107796,1091.9559326171875,260620,0.0026525398138772527,0,0.023805706212449616,normal,0.08125576380758837,0.10616506304958206,0.08541384732903268,0.04036703313143297,75.97261604258858,10.854024236322328,0.03335076395492371,0.8286606837674777,55755970,341614.00000000116
2015-05-27,1094.714466947407,1128.5984861624454,1086.0262568922683,1120.236083984375,564436,0.025898619644298293,0,0.024070349925725116,normal,0.10578675016221761,0.12974221935083907,0.10161406669732731,0.045120255285730604,80.19941335891065,13.05511132640498,0.03247697270226107,1.7264080767743797,56320406,413139.733333336
2015-05-28,1125.123293657094,1159.007315628234,1124.2544725809107,1154.33740234375,978656,0.03044118900195203,0,0.024205100026910516,normal,0.1614615625727731,0.17665945963164487,0.12072335724159355,0.05089185652390449,87.05204545225143,15.734399098208403,0.031193633817354984,2.6752304131089177,57299062,489680.3151515163
2015-05-29,1159.441708270608,1166.826687304179,1094.7145390940173,1105.4444580078125,907876,-0.04235585214224713,0,0.026803417112494555,normal,0.046835472596028715,0.12403375625991386,0.06581838961417108,0.052943332714665114,70.26504688128456,13.240599266946063,0.034549398866087086,2.292117220948369,56391186,474842.23030302976
2015-06-01,1112.0909044754965,1131.6393774057296,1088.0679820853368,1115.522705078125,375124,0.009116918536526963,0,0.026564849770053384,normal,0.024291951769394915,0.1194714657561633,0.06785339757331954,0.05503690764842539,72.46804591158812,11.368363117470345,0.03599801123760834,0.9175257984116152,56766310,446205.21212121355
2015-06-02,1116.8694612987842,1127.9469297013975,1086.5042079827583,1089.9794921875,237394,-0.022897976683348698,0,0.025948657455460173,normal,-0.0018100001755111395,0.07929869068532436,0.03910657178660304,0.05522552429404404,66.03653987334599,7.68466759911859,0.03796608773650666,0.5760931789959951,56528916,370545.4545454542
2015-06-03,1092.5423829313866,1099.9273612653164,1053.0110283203503,1091.0654296875,370034,0.0009962916805164035,0,0.023679048495273324,normal,-0.026039738153339043,0.07699235273456173,0.03618047498920851,0.05522152917476264,68.50528255467728,4.740585103717322,0.03875304451799451,0.9065843335061402,56898950,309590.6424242413
2015-06-04,1099.9275735671874,1127.2085788307818,1090.3705409374568,1120.9530029296875,441296,0.027393016430506734,0,0.024007728986016906,normal,-0.028920833151797165,0.12787112650938037,0.058058573158362936,0.056598995280153996,71.1677747710042,4.241659746511239,0.03871215971921658,1.0529676395033707,57340246,212912.77575757544
2015-06-05,1125.2969567319838,1183.768654530985,1122.951182371595,1177.0135498046875,932490,0.05001150514649755,0,0.025194585165701902,normal,0.06474236790318155,0.11461007989694183,0.09935468168905248,0.06053559706149092,74.5423626324574,6.962096436465622,0.0396377192647027,2.0433456884943615,58272736,224507.95151515296
2015-06-08,1187.7218650511968,1192.022486848337,1142.0652762114714,1148.5596923828125,471082,-0.024174621801589802,0,0.025589927626011578,normal,0.029615701369676506,0.05462707632836028,0.06539368067382889,0.06215002083466703,68.10961816566407,6.148377234343066,0.04250808718475611,1.0138479139890102,57801654,203450.20606060684
2015-06-09,1157.6605477214337,1179.7286232611268,1119.3021838037778,1128.4248046875,605606,-0.017530553987612496,0,0.02607191038013311,normal,0.03527159251670264,0.03339775075254581,0.04208030173956434,0.062219888628165076,64.4266048533282,3.6790579101395977,0.04591048882595461,1.2365246487802508,57196048,138778.87272727166
2015-06-10,1133.3771246630008,1149.8847255588205,1120.9964239911358,1128.3162841796875,330546,-9.616990637006939e-05,0,0.026115547246691493,normal,0.03414172374873692,0.007212944048877068,0.03783073047409058,0.06201827257470738,67.65748598915043,1.5711369545384528,0.04484788157160626,0.6654342244884771,56865502,76251.3333333363
2015-06-11,1142.0651669244105,1152.013124624208,1123.2551716818364,1130.618408203125,446172,0.0020403179992312115,0,0.025821916568566857,normal,0.00862248929988696,-0.020547713426305236,0.03600665068470632,0.061710221038536295,61.62853773584905,-0.04950504205418582,0.03925119579529516,0.8681598448344165,57311674,96696.95757575826
2015-06-12,1132.3780830288615,1142.499871159716,1127.2086393427217,1131.8568115234375,303638,0.0010953327058247364,0,0.025837748651634955,normal,-0.03836552118600778,0.023892972029752046,0.03348569607708485,0.0612563995416906,57.40161008399245,-1.347544634080343,0.03748525046797639,0.584459518635785,57615312,73026.71515151752
2015-06-15,1142.3912000454748,1148.1471401160527,1122.0173866713928,1139.5240478515625,251662,0.006774033826597803,0,0.02580093296575397,normal,-0.007866935076316861,0.021515781493444797,0.03648999954046861,0.06101191506875692,58.09435934420563,-1.9619934780148398,0.0372643448056597,0.4777090496729183,57866974,73253.86666666709
2015-06-16,1139.458800093631,1145.9098387732588,1124.5151205480925,1134.5281982421875,305576,-0.004384154611562718,0,0.025875596320934766,normal,0.005408772945555418,0.040871141497609065,0.028815732776795944,0.060293763854124105,52.64130094917276,-2.919427241917944,0.03609512547733254,0.5720157144458977,57561398,27645.587878789713
2015-06-17,1138.155695591042,1208.4867245865275,1134.6804110243515,1198.278076171875,790966,0.0561906509053367,0,0.028168368416796243,normal,0.06200547929081024,0.09826417698440193,0.07773419404092219,0.06270078321701478,57.318585639744434,0.35219864526476385,0.03627231168650787,1.4433109333769325,58352364,37334.909090909656
2015-06-18,1195.4979549141588,1205.3590541883696,1159.87628619942,1166.08837890625,442232,-0.026863294844266083,0,0.02863033532990018,normal,0.0313721857399234,0.04026518137566715,0.04393262123031394,0.06286383501981763,60.695728856238745,-0.020429132442544073,0.03564242473436682,0.798515756544349,57910132,34705.07878787902
2015-06-19,1172.9083628667286,1192.9129878226283,1164.8282850551905,1175.27587890625,334980,0.007878905378182033,0,0.02564824366056759,normal,0.038360918926106935,-0.0014763389076751787,0.04695701652349049,0.06321102238925613,60.57184521459529,-0.017028115591500637,0.03442257743877502,0.680851721153639,58245112,105605.17575757502
2015-06-22,1190.2848359963814,1215.3720437623635,1173.2342229259953,1209.2685546875,426056,0.028923145953513973,0,0.02552708492086741,normal,0.06120494514129171,0.0528565147351987,0.06937197558846098,0.06496251413269616,70.49255133539123,1.8049293573425729,0.033496012720700345,0.8715972538884801,58671168,168674.0606060592
2015-06-23,1216.3929628483197,1220.6935846560552,1185.9407423882672,1189.7200927734375,354754,-0.016165525712453666,0,0.02598246243737274,normal,0.0486474418324403,0.05431933774524955,0.04689193138375147,0.06521445446857399,65.93686219836604,1.2502286393234812,0.033316117268810404,0.71881114131536,58316414,161479.43030303426
2015-06-24,1193.7383772712344,1195.3891584725816,1164.2202034002066,1169.7154541015625,306668,-0.016814575792563846,0,0.025896206805451363,normal,-0.023836388763417204,0.03669110381755525,0.026425757305082342,0.0641622727492035,58.13699480649425,-0.796998719962005,0.03353971216087117,0.6380404144137696,58009746,101940.86060606285
2015-06-25,1165.0888480235542,1176.6442086259533,1159.8759225290416,1170.1280517578125,262836,0.00035273335476859735,0,0.025046298164245275,normal,0.0034642938945601554,0.034945162106001515,0.024174916190294438,0.06301411453841,48.588958221596044,-2.367596976517831,0.03071699892218363,0.5908426537160666,58272582,72613.9757575777
2015-06-26,1172.0396031182097,1195.4977716016724,1158.6379959228095,1191.97900390625,284940,0.01867398368547102,0,0.023134098180849782,normal,0.01421208866767909,0.05311819637493742,0.039015605587599644,0.06285285014255204,59.14539671765283,-2.183578057212003,0.029369050060034572,0.6887556423382402,58557522,67424.43636363726
2015-06-29,1185.3757753748962,1185.3757753748962,1151.1876941231396,1173.060302734375,242540,-0.015871673166957034,0,0.023516312188542804,normal,-0.029942275281012343,0.02943005454429959,0.02033585630615864,0.061519840571977236,59.449976792051615,-3.506292873959957,0.02864710509379207,0.5958139244666932,58314982,54362.181818183715
2015-06-30,1175.0805678656518,1209.2469160758817,1175.0805678656518,1200.254638671875,444210,0.023182385316518506,0,0.02312251914308859,normal,0.008854642333458118,0.05793283986376241,0.03963413546707151,0.06146248361949391,63.663346732703666,-2.7532424592395586,0.028432374812892503,1.064194749483846,58759192,39727.430303029294
2015-07-01,1198.9732177770445,1212.8743565338798,1181.5967943310004,1186.6142578125,395924,-0.01136457249977274,0,0.02340095497858166,normal,0.014446935493313662,-0.009733816040962129,0.025103186820484513,0.06049062601116151,60.196216678551046,-3.3383197909304627,0.02891087952281175,0.94558340918161,58363268,41709.175757577636
2015-07-02,1194.6290395994538,1203.751661356395,1186.8096495220757,1193.0,302944,0.00538148108827885,0,0.02277498818970569,normal,0.019546534422303807,0.023078543256723094,0.02762303917955955,0.059719888165737034,60.92862731544816,-3.44580985545511,0.028866664926011913,0.7356739861546304,58666212,30600.836363635688
2015-07-03,1202.8827391420775,1211.8316383458855,1194.194528675179,1203.6212158203125,315626,0.008902947041334874,0,0.020033299907144753,normal,0.00976712834362825,0.024118028305355477,0.033153718550189115,0.05933138989107367,61.336901259079944,-2.9701709364377393,0.028178829747521547,0.8285279955605477,58981838,49875.85454545297
2015-07-06,1182.0310034020968,1228.0785176838397,1182.0310034020968,1210.1156005859375,553796,0.005395704795049472,0,0.01912430325330126,normal,0.03158857031065443,0.0007004613616670152,0.03491113385448985,0.05907057307705266,63.298689829534375,-2.4105669422254365,0.02948276289295965,1.4381188915861387,59535634,118831.64848485005
2015-07-07,1213.7429798731782,1229.208036642353,1202.88271698956,1210.9193115234375,311292,0.000664160462943153,0,0.018530575535956634,normal,0.008885341916581524,0.017818660774721495,0.03209932205361987,0.058643646657317916,52.85684097506177,-2.185341971223579,0.026653451729994053,0.8404940060950206,59846926,170638.3636363641
2015-07-08,1207.2269566972395,1220.0420683282466,1201.1452088045585,1212.830810546875,309242,0.0015785519359110545,0,0.018516321695332506,normal,0.02209357637645848,0.036859696342499415,0.030418590226153563,0.05812918214408369,62.23836614676553,-2.105828675066917,0.025045691198351337,0.8373672870520578,60156168,200316.63030303334
2015-07-09,1218.0870846933449,1229.381758089217,1213.0478802938226,1226.7318115234375,304796,0.011461615961334548,0,0.018589470219966226,normal,0.02827477914789389,0.04837398751409516,0.03805401147056853,0.05811856156164952,63.14795949876888,-1.3518712376716948,0.024090307286616867,0.8414342224733797,60460964,238125.2969696984
2015-07-10,1230.0334117195237,1240.2420591415294,1227.4486902858291,1233.313232421875,289170,0.005365003855459127,0,0.01857585153852857,normal,0.02466890431249702,0.034676977010642096,0.039305289835634305,0.05818736679164371,57.144712215080595,-0.6787462861322382,0.022303757809686794,0.7998937790188667,60750134,284177.03030303185
2015-07-13,1233.2912958070376,1244.58596776582,1228.5127807475528,1236.158447265625,209016,0.00230696855344914,0,0.018573457973887587,normal,0.02152095772261564,0.05378934431944349,0.03758196183311857,0.05814445084067654,65.31953638250457,-0.32846083485704725,0.021173061275488632,0.5816045603211324,60959150,298883.1878787896
2015-07-14,1235.8979361481693,1241.1108624166325,1224.8204678276848,1229.946533203125,189856,-0.00502517624358001,0,0.018589668929655533,normal,0.015713038431726334,0.024737996067322188,0.029195270553471264,0.057574430739071314,71.85879959632726,-0.7761436490908373,0.020415931548283143,0.5369349210757477,60769294,300797.0424242421
2015-07-15,1234.160369431514,1238.5044749205372,1226.3844630290675,1230.6416015625,139626,0.0005651207923362822,0,0.013996744019281233,normal,0.014685305535397708,0.03710333283131417,0.02686481013339459,0.056882150730588554,71.91637833999881,-1.257952769480923,0.020134606706257805,0.4349378179656924,60908920,259567.05454545355
2015-07-16,1238.0698618755628,1240.6763247426693,1230.2504732742434,1234.6380615234375,212830,0.003247460475790387,0,0.012311622447992556,normal,0.006444970225547131,0.034901979483183077,0.027245008351361566,0.05624370438239579,67.74487730618968,-1.5223401390123783,0.01854012759980264,0.6875351108736377,61121750,219285.85454545592
2015-07-17,1239.590433685597,1270.2163757128735,1232.335799126048,1250.428955078125,318050,0.012789896931577616,0,0.012463517141623588,normal,0.01387783914605345,0.03888909454450862,0.03639734580085796,0.056209684797492665,83.04284177072645,-0.8804292253544155,0.018139725247149293,1.0302596040408334,61439800,187630.47272727502
2015-07-20,1250.428917249505,1259.7904849960123,1248.4958116822552,1251.9276123046875,417282,0.001198514494147318,0,0.010892030555583201,normal,0.012756588828838122,0.03455208056032388,0.03393312985034891,0.05602173656459075,78.27443174607416,-0.6142085934037809,0.01669780406188671,1.3536255080369506,61857082,185862.18181818392
2015-07-21,1258.4875195875486,1258.4875195875486,1236.7235059077047,1248.99560546875,453338,-0.0023419939037369053,0,0.01010256263758924,normal,0.015487723857406932,0.03144412148932485,0.028425246515521918,0.055494725976067416,88.66491536554881,-0.8787738011363402,0.016192933506857365,1.4474434952080004,61403744,151980.400000002
2015-07-22,1245.4549715250446,1250.1466263927464,1238.0482508840494,1241.0673828125,347626,-0.00634767858392471,0,0.009288624392703991,normal,0.00847182578320349,0.02328154266867033,0.019770462169280245,0.05444543437565086,79.23391706930293,-1.77900026312005,0.016006360726967067,1.1027099385561163,61056118,100882.8121212145
2015-07-23,1245.7591005830268,1258.487350782371,1234.4644263958187,1238.091796875,209390,-0.0023976022403849884,0,0.009350125074720187,normal,0.0027973666608827052,0.009260365831269102,0.01564959207419836,0.05318212791682275,73.11412878880894,-2.710335119189992,0.0163443279509708,0.6698878700035543,60846728,47775.20000000174
2015-07-24,1248.9304143163497,1265.742082508041,1223.7780842213738,1257.662109375,299886,0.015806834799646063,0,0.009114034001425578,normal,0.005784538391805816,0.01974265443119494,0.02859803893115931,0.05278792142254374,77.12542289783735,-2.1673420329578583,0.015858073880836758,0.9571175978705613,61146614,25627.078787879123
2015-07-27,1265.4809138153616,1291.6903908015272,1255.4558101974803,1280.769775390625,494314,0.01837350894439238,0,0.00864095716840818,normal,0.023038203489131215,0.036088681207235185,0.042779954821961175,0.05330429293790662,81.7658272610492,-0.49804790143741684,0.01612460209326854,1.5167160820433327,61640928,39570.12121212115
2015-07-28,1288.195956267405,1312.1775880743548,1284.7887025003388,1300.0120849609375,472496,0.015024019101671726,0,0.007867410414421508,normal,0.04084600399617977,0.05696633948415797,0.05258762705960507,0.05441766107012924,84.2487083405665,1.5441398821901196,0.01657334017270901,1.4435072175971893,62113424,58364.630303029706
2015-07-29,1302.174250482318,1314.4053403895657,1289.5063359355258,1296.604736328125,256804,-0.002621013044594056,0,0.007179872182442202,normal,0.04474966813628334,0.05360060531179345,0.0448702467902804,0.05499639333126671,79.91568820314272,2.264027644704182,0.017076778814491364,0.8015881686430335,61856620,56167.563636365696
2015-07-30,1296.495568670144,1347.5603278907115,1293.5470022656548,1339.217041015625,412304,0.0328645295621659,0,0.00958977065839796,normal,0.08167830882642924,0.0847041596653404,0.07112908172154353,0.057210351014521654,84.65122075133482,5.049092252756278,0.018693690810272993,1.2653688807593981,62268924,79161.20000000136
2015-07-31,1348.914664385497,1417.7145541655216,1345.4200668093688,1377.5921630859375,897048,0.02865489378869457,0,0.010855313089316733,normal,0.09535951891763461,0.10169566810764352,0.09124003556672644,0.06060566120376065,87.5466730787802,8.70065701124458,0.021409667186621774,2.5275500897274537,63165972,158382.9212121229
2015-08-03,1387.3553071952622,1390.7625613319378,1343.2360105873524,1370.253662109375,370352,-0.005327049015815821,0,0.011189438295617898,normal,0.06986726922991138,0.09451508908479123,0.07666728937778844,0.0629316675622833,87.02612260991584,9.766739033780645,0.023152606425329857,1.071199143623789,62795620,224299.12727272528
2015-08-04,1376.8715305107178,1413.127982614902,1368.5718607519284,1387.202392578125,1781684,0.012369045920051835,0,0.011185691251979834,normal,0.0670688439175604,0.11065434218041603,0.0807228788603509,0.06541535900932316,88.05115077980551,10.684098782880426,0.024539900537788813,4.249637750727182,64577304,345799.34545454435
2015-08-05,1406.0730363747214,1410.157282774374,1374.8182120255617,1378.7496337890625,654644,-0.006093385387948347,0,0.011503987143645063,normal,0.06335384651884346,0.11093857826200204,0.06660660142139241,0.06689628905828116,84.28282527915586,9.814737854086111,0.02598102188001376,1.4996692061129977,63922660,369949.2484848499
2015-08-06,1391.286703906001,1391.286703906001,1352.4093046445776,1371.5203857421875,449868,-0.0052433363314902115,0,0.011728545776335942,normal,0.024121067562032028,0.10776954439401609,0.05488424021563976,0.06756996697005602,80.02980030405755,7.926780179693338,0.026169881538235962,1.0137203365998226,63472792,320855.6000000016
2015-08-07,1374.032081334116,1409.9171874535812,1374.032081334116,1399.0184326171875,673756,0.020049316919281246,0,0.012160867058230738,normal,0.015553420021825026,0.1123961055902647,0.06829805159332003,0.06906473599940588,82.31087046992246,7.697503756820083,0.02703923797880123,1.4551698294955708,64146548,296673.6000000031
2015-08-10,1401.9886548518828,1461.1783924223548,1401.3115553437046,1447.65869140625,1294372,0.034767418109044934,0,0.013660542683357263,normal,0.05648956206963707,0.13030360274134756,0.09444965567697161,0.07215688517613339,86.3417281127601,9.851578061538476,0.028123906070673176,2.502283595826834,65440920,339685.13939393964
2015-08-11,1461.1786984126109,1478.6516873323433,1445.889833107845,1470.7451171875,888330,0.015947423186347898,0,0.013409452283453433,normal,0.060223890224201826,0.13133188083531744,0.10017820464170568,0.075479935988094,89.80762216356517,11.733330631325948,0.02868599006848769,1.6087106120970662,66329250,416590.2666666662
2015-08-13,1458.994604103381,1500.143472506545,1454.6700819175485,1484.7017822265625,720138,0.009489519887546427,0,0.013259390689053359,normal,0.07684654692986115,0.14506891778840214,0.09903989152575399,0.07858555667628453,91.17499713642013,12.73636999855185,0.029448308411583055,1.2389991080915914,67049388,464554.46060606046
2015-08-14,1461.1784771101052,1477.3847145373086,1429.2465520368737,1460.6324462890625,705272,-0.016211562635429666,0,0.014407388784723562,normal,0.06497319432744164,0.09066148469956703,0.07292314180082449,0.0798909771870655,83.38715358026793,10.680308662660465,0.03059333339979485,1.1641077452303608,66344116,438593.5636363622
2015-08-17,1457.6400571640306,1457.6400571640306,1435.0781078073894,1439.8831787109375,365490,-0.014205673460726764,0,0.0152291595466125,normal,0.029209583763169622,0.045217312709925794,0.05190293764894727,0.07980266428627436,76.37766370576816,7.002180825955229,0.030504378143988646,0.6009177275908689,65978626,403103.7818181824
2015-08-18,1450.2141651110862,1458.9070399471775,1439.7740982587063,1448.72900390625,186526,0.006143432554877037,0,0.015166818690543829,normal,0.000739340361339158,0.0572706674442085,0.05251473079420066,0.07975712463071583,75.53432252217584,4.372916964978266,0.02971291687461175,0.3126054267776515,66165152,319005.2363636372
2015-08-19,1452.441848195392,1462.6635015511056,1435.5367568855725,1438.7037353515625,206312,-0.006920044071497156,0,0.015355515800886252,normal,-0.021785815544443254,0.037126048115965204,0.040748009405038754,0.07896723148709306,73.85590241843099,1.3246152012381884,0.030030566895809727,0.3530740988063949,65958840,301589.4303030327
2015-08-20,1429.2903336694646,1442.9629672982608,1404.391327245516,1408.4974365234375,276582,-0.02099549621364105,0,0.0163529226547394,normal,-0.051326365075714864,0.021575927931616112,0.01706656040848409,0.07671382863406095,62.13649534359062,-3.1174596577751927,0.02989150717289674,0.4762263885846994,65682258,208698.50909091084
2015-08-21,1402.207316274713,1405.2213641089772,1365.0772159995263,1397.55517578125,327224,-0.007768747360446748,0,0.016549206961783493,normal,-0.04318490299737554,0.018982430235606085,0.008285116563528483,0.07400700882652056,53.868967491465355,-6.963772359247862,0.028332756381411518,0.5577649176257662,65355034,46639.34545454677
2015-10-01,1358.415748764619,1375.9106011054553,1354.5935322514936,1364.1163330078125,481470,-0.023926670912828074,0,0.017682057514558834,normal,-0.05262013392708398,-0.02494756237348683,-0.014352890288277576,0.06999527124675775,48.91982370677265,-11.65485027794685,0.02878825256592451,0.8081755194676686,64873564,-119579.80606060417
2015-10-05,1376.434611311461,1410.50693745627,1373.2676322787702,1403.8016357421875,642062,0.029092315496927368,0,0.01828580933923746,normal,-0.03101157500327778,-0.030295162751007187,0.012940228812825527,0.06788174123627666,52.70499463500744,-11.93632071655587,0.028067754724827525,1.064538105540585,65515626,-173298.24242423943
2015-10-06,1411.7734964847905,1428.39469519102,1403.8014468887734,1421.60205078125,379552,0.012680149805959884,0,0.018223933955342747,normal,-0.011886870208294487,-0.033413720590979135,0.02327165221045724,0.06651339420034597,56.776725777800266,-10.80861658568228,0.027176382607853287,0.634183222930394,65895178,-147997.3696969675
2015-10-07,1424.135698388894,1441.5213407368058,1405.0902076932057,1413.58642578125,339762,-0.005638445017432936,0,0.01829951956286488,normal,0.0036130624918804255,-0.04789874794833404,0.01580878397960528,0.06473450876049358,56.63586279406978,-10.479669589646946,0.027206874122048575,0.5637917593564554,65555416,-87958.2909090895
2015-10-08,1415.0499933112997,1434.4232128222425,1402.7534197717323,1426.9971923828125,215532,0.009487051061735308,0,0.017098688782067197,normal,0.021066800876111458,-0.023027869873563978,0.022966745086860696,0.06348510277292041,54.61889976027071,-9.277344493454521,0.026614465347906686,0.36358373195087434,65770948,-45072.303030302835
2015-10-09,1432.7849113662255,1440.5166866622567,1402.818696475944,1408.366455078125,153016,-0.013055903266058766,0,0.016374006898375388,normal,0.032438671834346566,-0.021888389349077664,0.008687705678334545,0.06139065798015553,42.80000751578987,-9.614299772306289,0.0257258923296485,0.2754081554046709,65617932,-27951.151515147365
2015-10-12,1419.6800856419252,1423.174682775813,1378.9024626772152,1384.9306640625,218726,-0.016640406998564172,0,0.016802342280105315,normal,-0.013442762281517417,-0.04403745605405063,-0.007331753888085046,0.058380829998109895,34.29528594074766,-11.183116785306389,0.026754879313845212,0.39912345608950395,65399206,-5953.39393939398
2015-10-13,1395.5893429699238,1395.5893429699238,1346.948873189597,1360.730712890625,420724,-0.017473763705171952,0,0.01703191030565464,normal,-0.04281883095003469,-0.054196719272355254,-0.02237977287199555,0.0545591587316967,28.132195899432787,-13.465079218663476,0.027396951038225086,0.8765669537483652,64978482,-11374.157575757014
2015-10-14,1358.5247498774847,1397.5550775527213,1353.5667471187894,1389.7139892578125,279654,0.02129978848321712,0,0.017675303213372504,normal,-0.016887850709406682,-0.01333580507749288,-0.0014086234784915774,0.05221925221985457,37.70354955543779,-12.649684168985527,0.026236195886951814,0.6063374748275437,65258136,-8096.739393936693
2015-10-15,1397.511571900382,1397.511571900382,1376.5439840434724,1388.512939453125,201796,-0.0008642424369124102,0,0.017626898081232117,normal,-0.02696869561840287,-0.006470038882772755,-0.0020557458002349316,0.049939943068135983,40.44528502373779,-11.833131801818183,0.026022936032998406,0.44961975407228105,65056340,-32500.436363634904
2015-10-16,1395.6767962214803,1418.8066430414865,1386.1758588796847,1412.2542724609375,367838,0.017098388018741195,0,0.01746860239914487,normal,0.0027605154672594168,0.03528873475694194,0.013558827871170909,0.04873868920776614,43.57198513558807,-9.439924372732506,0.026268155623967678,0.8484935720218887,65424178,-65317.70909090701
2015-10-19,1419.658282553556,1446.1517621727062,1415.3556236401923,1443.2686767578125,711934,0.021960920849494414,0,0.016349723132116082,normal,0.042123417589864154,0.028114400219201086,0.032296152976111214,0.04876670420868345,50.74907297312023,-5.698290068148491,0.026038768983886917,1.7604828918117592,66136112,-23172.193939392928
2015-10-20,1452.4202270485462,1453.075464081454,1431.015817306891,1441.5433349609375,423184,-0.0011954404780341044,0,0.015911779568399186,normal,0.059389136516688756,0.014027332169877393,0.028020914565497268,0.04852453029945836,55.981697303737434,-3.3840171283513065,0.0252517636353017,1.1103120456882345,65712928,13672.981818182203
2015-10-21,1443.7057177778415,1446.9381780878775,1431.0378007383383,1435.68994140625,355418,-0.00406050474705022,0,0.01573440349863788,normal,0.033083031835198895,0.015636479823144978,0.021526633766711933,0.04788430675230293,57.03239946189988,-2.341434410826267,0.023985546939797285,0.9793727647306985,65357510,10690.01212121056
2015-10-23,1441.5213763772465,1441.5213763772465,1414.569316214916,1418.12939453125,199956,-0.012231434078168402,0,0.015563578796928927,normal,0.021329621234779106,-0.006214306446360229,0.008164694203590672,0.046432283674199715,60.58009452563349,-2.892362968938926,0.023476184147848543,0.5922202454167615,65157554,13568.012121214057
2015-10-26,1415.3119221627778,1419.6801688361195,1391.614183959898,1399.3240966796875,297962,-0.013260636105620227,0,0.015523912394112807,normal,-0.009155699531868566,-0.006420458514780458,-0.00471090671329899,0.044235220171712886,49.044803606621585,-4.486037756883025,0.02285629575690562,0.8914038858797678,64859592,-2572.4484848460907
2015-10-27,1402.1853693723483,1414.613010269988,1387.180505504577,1390.9371337890625,308446,-0.005993581408714088,0,0.015454138613062432,normal,-0.03625904435639016,0.004337018366640466,-0.009669298534125903,0.04182167438468132,43.18449798660704,-5.97464422897032,0.02313991672569724,0.9062412316461368,64551146,-40926.96969696658
2015-10-28,1373.8136528591876,1408.3228034397523,1373.8136528591876,1394.8031005859375,304410,0.002779397215705748,0,0.015441168557821591,normal,-0.032423745607527366,0.025039772654893655,-0.0062621606944943675,0.03972398425547308,45.746815079757745,-6.523789934795161,0.022977354274198437,0.8816772402671127,64855556,-80446.06060605685
2015-10-29,1389.1898705069138,1406.5755146571623,1385.7826165644385,1393.5362548828125,370816,-0.0009082613184562272,0,0.014739256962561776,normal,-0.02936127453964621,0.002750397315235631,-0.00648680499174803,0.037701133364001826,41.9823660724732,-6.768007773062392,0.022440725030960878,1.0595526926135392,64484740,-120057.86666666466
2015-10-30,1393.1212885921657,1422.0390619188,1386.1539560731185,1411.773681640625,310486,0.013087156285966906,0,0.014929338571851749,normal,-0.004481758092833132,0.016752268939359993,0.005891282048154034,0.03653772272942302,50.81795324139467,-5.548157667083943,0.022059110877951038,0.8892950965981281,64795226,-146812.6424242434
2015-11-02,1408.1917397837583,1414.8751789078683,1380.518959503824,1391.9637451171875,288336,-0.01403194915803807,0,0.01422049213442177,normal,-0.005259933406395745,-0.014367474568437677,-0.007445990192334828,0.034589347967282746,51.718304784889064,-5.890053161054938,0.021864209122361027,0.8493448077282789,64506890,-161607.28484848342
2015-11-03,1403.9545282289057,1407.4491256856045,1381.2396447603603,1387.9449462890625,197504,-0.0028871433198044416,0,0.01261543848864344,normal,-0.002151202543460018,-0.038332246351407195,-0.009338746526761255,0.03260465282792069,57.37630717126913,-6.171719674957741,0.020773138733943368,0.6225449373779758,64309386,-128593.96363636298
2015-11-04,1389.1024066797645,1396.2226699049677,1377.6576220169518,1389.6484375,219050,0.0012273478249207326,0,0.012240396068110102,normal,-0.003695620610372985,-0.035999540355367676,-0.007354944649027084,0.030826863839807483,49.97914898342558,-6.021620627362209,0.01944090565788051,0.7083781358385007,64528436,-89702.593939389
2015-11-05,1391.1554698992195,1406.5754016880478,1378.487554790849,1388.5782470703125,231464,-0.0007701159522136569,0,0.012192976747467069,normal,-0.003557860654954337,-0.032814671871136625,-0.007351805563218572,0.029123428683066832,50.02079066712781,-5.772053121630822,0.019822155618943703,0.7618643861380339,64296972,-72773.58787879076
2015-11-06,1393.4704621043832,1408.1259486386,1347.822291794067,1367.260986328125,248556,-0.015351861364070518,0,0.012351674243612493,normal,-0.03152962538639459,-0.03587007532548825,-0.020483368047067407,0.02667273899907041,35.45185932488512,-6.752188504270342,0.021576895823516243,0.8137003468168733,64048416,-69877.57575757461
2015-11-09,1343.235613601629,1373.8133348868694,1325.762630010063,1329.934326171875,601312,-0.027300318322175943,0,0.013386224219863506,normal,-0.04456252482358325,-0.04958806231698598,-0.04291994947857625,0.022930166955019038,14.791651339755347,-9.457990383983036,0.022942630478414005,1.8339470767534083,63447104,-106200.43636363687
2015-11-10,1323.5787168998377,1352.409144396666,1317.5068967978002,1325.915771484375,301770,-0.0030216188938194666,0,0.012984179459452837,normal,-0.044691379849420176,-0.04674644218287727,-0.041630479682525645,0.019423832320798917,14.583858344556432,-10.956361836237697,0.02370400979621923,0.9088614670687177,63145334,-162425.4787878787
2015-11-13,1327.510362937181,1327.510362937181,1267.4032370471384,1271.771484375,548758,-0.04083538960303634,0,0.015287107594765254,normal,-0.08482501756851724,-0.08820715709568872,-0.0736403250637282,0.014084274870318714,11.254495427244478,-14.793327556351908,0.027196037776373777,1.6214695692641812,62596576,-211248.63030303066
2015-11-16,1262.4230160583295,1266.7912617886352,1235.7767171034652,1243.2464599609375,685846,-0.02242936310848398,0,0.01470522046298493,normal,-0.10466229570858021,-0.10784778249957583,-0.0862009287925356,0.008194170193376982,10.699881987805952,-18.226260294297784,0.028339556248357954,1.9118079534016221,61910730,-294821.0545454538
2015-11-17,1246.2606350166914,1268.0363848802465,1246.2606350166914,1257.2249755859375,362128,0.011243559563756333,0,0.01514652772648995,normal,-0.08047915638820125,-0.1094713041222628,-0.06919583433132448,0.003594019965991402,17.359036133767617,-18.47197501638688,0.027838333933579994,0.9873739873110031,62272858,-306741.8545454548
2015-11-18,1258.0550847001616,1269.7620075121183,1242.7443582601577,1248.61962890625,315842,-0.006844715024593717,0,0.014240042818686145,normal,-0.06114188923875952,-0.10297977710537964,-0.06886568975345753,-0.0007978385329102666,17.341637622756153,-18.10627042576081,0.028006460377333103,0.8673191840155492,61957016,-324538.6424242403
2015-11-19,1257.1812651069529,1290.3799364579354,1251.5025450074424,1286.2301025390625,317122,0.030121642141536675,0,0.015171129162595014,normal,-0.029930761665866612,-0.07328449447649499,-0.037075057089800856,-0.0030564553872332034,28.426303595268394,-14.385857357441427,0.027590207908306196,0.9207466618353323,62274138,-307297.2363636365
2015-11-20,1296.4518860782607,1314.405422544355,1286.9073310956296,1296.124267578125,282258,0.00769237558624325,0,0.015435821203343412,normal,0.019148709891929183,-0.06730059732958538,-0.026918423023714055,-0.004599466459020207,31.285649358293966,-10.493809992764739,0.027786434293964542,0.8366373024435935,62556396,-235386.9333333307
2015-11-23,1299.5532044853685,1309.0541396778249,1298.2427306657196,1301.8902587890625,161994,0.0044486407323516275,0,0.015585103186333335,normal,0.04716989005540184,-0.06242931463469803,-0.020482213727521237,-0.005684832752979374,27.827192180837827,-6.9377460242909805,0.026403924610789848,0.49433507638675284,62718390,-146168.01212120728
2015-11-24,1299.5534312751345,1303.92167810295,1272.797919454764,1284.7451171875,311806,-0.01316942152828604,0,0.015610150580199655,normal,0.021889591867785274,-0.06035122040761742,-0.030298995547440755,-0.007332580137557332,28.129707602630404,-5.2250071337806006,0.02657657284220298,0.9355303571958993,62406584,-71392.76363636137
2015-11-26,1284.2644843636722,1306.9356412759244,1259.168929289364,1267.162841796875,495604,-0.013685419119642384,0,0.015622537418987411,normal,0.014850970192474167,-0.047198935420881605,-0.039584515225775774,-0.009486831404526885,26.654812952447827,-4.77340130282942,0.028160488322607972,1.4441711148293261,61910980,-43836.933333332934
2015-11-27,1273.3439374989994,1283.3909051019075,1265.2626809488345,1278.9134521484375,202562,0.009273165187593246,0,0.015932663956944135,normal,-0.005688445929061703,-0.035448948075576414,-0.02783800496072486,-0.010834114431343522,29.396953766864286,-3.253087377078046,0.027877353744319305,0.5995065721324536,62113542,-6730.581818180133
2015-11-30,1277.2754971438892,1286.4488163778226,1264.6075801065524,1275.5281982421875,232868,-0.002646976541346935,0,0.015855938241997065,normal,-0.01589050513992951,0.0029539220790388843,-0.02759490465395731,-0.01211394034723412,29.145871220002533,-2.1011463426409236,0.027601535026154866,0.696575363568679,61880674,-6403.418181816721
2015-12-01,1278.1927501215034,1303.9216813426017,1268.1239198290418,1298.002685546875,324792,0.017619749477635782,0,0.01659117263853444,normal,-0.002986099032497136,0.04404293705984719,-0.009474489117241691,-0.012228620709250015,37.278366289702134,0.41461625611648856,0.025775073902458603,0.9782806114042979,62205466,-25405.793939394865
2015-12-02,1303.4848395524734,1303.4848395524734,1285.1600656340734,1293.0665283203125,107428,-0.0038028867594236404,0,0.016130561465910492,normal,0.006477091075488328,0.02850846382340655,-0.0119953921020578,-0.012494207843269045,42.31332476489826,1.9030870652110288,0.02423141708224274,0.3337828180829579,62098038,-29698.569696967017
2015-12-03,1290.8167933203974,1301.4971342911315,1278.3672912528402,1280.704345703125,143216,-0.009560360852620575,0,0.01601855221278899,normal,0.010686474902505516,0.02569614961521971,-0.01943875983807475,-0.013207849841202934,40.890666950002114,2.1913940708432236,0.023808733393526182,0.4552407229635657,61954822,-60740.23030302871
2015-12-04,1279.8962758856048,1292.0836414512492,1272.9070812050008,1282.495361328125,149132,0.0013984614255500016,0,0.016063302308292678,normal,0.0028007440016135643,-0.00290363380826264,-0.016374946701561033,-0.013705391262046174,52.73838438749963,2.610577542865947,0.021495856688734775,0.47771861588068754,62103954,-62479.35757575248
2015-12-07,1282.4954453013534,1282.4954453013534,1254.9318709629451,1258.8414306640625,218664,-0.01844367736314223,0,0.01633788859955414,normal,-0.013082241224553925,-0.028764862943062908,-0.03133231224671229,-0.015103407647010347,54.083831156210685,1.4600304958325125,0.021421370291411102,0.7004956814875635,61885290,-55265.575757574836
2015-12-08,1253.6864686653405,1270.8536949488623,1247.1778254762137,1257.3121337890625,241836,-0.0012148447276582042,0,0.016332412217158303,normal,-0.031348588266339905,-0.034241077309744794,-0.029504337477488263,-0.0163350335052308,50.02441593259288,0.7945350839883112,0.021384135500507422,0.7734428145289657,61643454,-42308.63030303222
2015-12-09,1253.730868274564,1254.298655182337,1216.9938608988812,1221.9954833984375,245650,-0.028089007845803593,0,0.016999197814193685,normal,-0.054963177350353276,-0.048842087780361365,-0.05163760634658887,-0.018876011171771068,43.512560240193366,-1.6900938648860517,0.022779607583777273,0.786006052550576,61397804,-50508.31515151581
2015-12-10,1223.1091291450227,1262.292282417231,1188.6218412793537,1252.1361083984375,578630,0.024665087072316627,0,0.01745102040065776,normal,-0.02230666070630305,-0.011858565373594088,-0.025624988409894467,-0.019724360716258493,41.37855247545046,-1.0034896560552404,0.0240515968153345,1.8581847574449584,61976434,-47958.99393939494
2015-12-11,1252.13603567805,1258.4481307378978,1207.1649578886402,1214.7220458984375,445344,-0.029880188143328157,0,0.018467613047953708,normal,-0.05284488152807265,-0.050192142511414906,-0.04978575901472293,-0.022020377847047246,31.93050835424762,-2.6741060484283814,0.026151195544534687,1.3979295234388243,61531090,-56990.41212120802
2015-12-14,1206.9464861533936,1243.639756090739,1198.996298996297,1235.340087890625,301034,0.016973464885901457,0,0.01688954737173782,normal,-0.018669025503108894,-0.03150703403260391,-0.03054979702489391,-0.023050537028977747,36.141140080034695,-2.02503801111844,0.027548438004396242,0.9831678466614281,61832124,-58066.303030302835
2015-12-15,1236.2139283196932,1260.6761120602948,1233.221636399903,1258.0770263671875,228250,0.018405408113474575,0,0.016669715782993137,normal,0.0006083553618623228,-0.030759303986236386,-0.011510440772830921,-0.022873855952741495,44.572850964249604,0.18377656266594755,0.026842234200180736,0.8056602708006834,62060374,-24450.90909090856
2015-12-16,1260.1079667758015,1264.6072817153768,1226.6254021310074,1229.2244873046875,290938,-0.022933841456285298,0,0.01727550573785618,normal,0.005915737009228428,-0.04937258804352129,-0.03102603462226583,-0.02390064758244248,42.617899688888194,-0.03831845972751324,0.026903695724425712,1.03999842715868,61769436,-12108.036363636626
2015-12-17,1240.581961801082,1275.0911079216053,1227.914047402409,1271.4873046875,333382,0.03438169172457828,0,0.01892060249139992,normal,0.015454546961203741,-0.007196853080532528,0.0020704849027262107,-0.022857622042539272,48.70837928192385,2.7660853110291157,0.027641328652818077,1.1879961015659661,62102818,12854.630303028965
2015-12-18,1267.2285688112404,1287.9777439296597,1257.1597372402323,1262.5545654296875,318944,-0.007025425440647992,0,0.017703562123040705,normal,0.03937733713877889,-0.015548435105283476,-0.00449833112960607,-0.02225747322004268,47.786231811607244,4.046943121991831,0.028344752245686004,1.1361779103907643,61783874,28568.59393939593
2015-12-21,1261.1128904010177,1288.6328460973336,1258.9287669330563,1285.5750732421875,211700,0.01823327754920867,0,0.018121037281154568,normal,0.04066490340918194,0.021236703787245403,0.012336607299634261,-0.02064399731910127,47.88334674342646,6.335684935806693,0.02749861448360214,0.7637396473954385,61995574,45131.98787878937
2015-12-22,1288.6326438014191,1294.3113639266458,1271.9022393339242,1274.1737060546875,196708,-0.00886869030429005,0,0.018183761065783625,normal,0.012794669444032847,0.01341080851165466,0.003037677968667163,-0.019663543961989882,46.85153962702635,6.925005334534909,0.02797363694865463,0.7052376916469122,61798866,33506.678787881145
2015-12-23,1277.7776326062817,1287.103881909696,1261.7899137746892,1265.1534423828125,193708,-0.007079304516340312,0,0.01801804707259198,normal,0.029228961389230257,0.035317609247090154,-0.003677589417249827,-0.01913331784478023,47.37927439352789,6.554441140176614,0.028296395044975952,0.7095024348077701,61605158,-6944.969696969016
2015-12-24,1278.5860853010097,1279.0229100653762,1258.4484210050414,1271.4658203125,163944,0.004989416870888608,0,0.0177874139224657,normal,-1.6897042479979696e-05,0.015437388782587158,0.0011701458569199907,-0.018324752159526225,48.169140800719745,6.565219936302906,0.028234446481228297,0.6393161659904109,61769102,-2392.2666666659875
2015-12-28,1272.0335609182684,1277.7122821723678,1266.573252020096,1268.69189453125,174490,-0.0021816754622379086,0,0.017667963949542346,normal,0.004861040678644901,0.044429792655072076,-0.000917591820008945,-0.017675296528606332,51.7569272290953,6.219621948907193,0.027371461958912817,0.6841862363640142,61594612,-34533.68484848504
2015-12-29,1271.2034812101658,1304.1400177985383,1271.1597560856628,1300.7764892578125,313522,0.02528950871749447,0,0.018550995462254395,normal,0.01182460389286133,0.052970353677198156,0.021978819319648846,-0.015638355912947044,56.99036826750537,7.8791842817656566,0.02734276602745357,1.210203130018034,61908134,-30274.933333334127
2015-12-30,1306.1060010470787,1308.726949544163,1293.6783582527366,1300.0341796875,169640,-0.000570666503002415,0,0.01814211070981219,normal,0.020295877642057203,0.03335022613159677,0.019318568069874198,-0.013842254483224625,64.12142481943243,8.595650659797489,0.025969970997878324,0.6750282521845703,61738494,-20973.93939393832
2015-12-31,1303.9216518319188,1316.152742703374,1287.7810014576676,1295.7530517578125,480318,-0.0032930887484178273,0,0.018136497154668443,normal,0.024186480746057226,0.054122387847155284,0.014419763673374053,-0.012416652576076492,58.707589159513304,8.438014065762426,0.023558677697462362,1.779268575027088,61258176,-53366.40000000069
2016-04-01,1162.6089735131052,1187.2458446647513,1162.6089735131052,1170.2752685546875,353070,-0.09683772925165213,0,0.028284589217170412,normal,-0.07958574280269837,-0.07960129508150138,-0.07644221045146715,-0.016628979448386705,43.43508103106449,-0.012949109190246944,0.031081094360845437,1.2589625352831855,60905106,-76594.66666666372
2016-04-04,1179.4267175525565,1180.9774666031144,1157.5854820423235,1161.604248046875,368804,-0.0074093854162374795,0,0.02826296603534142,normal,-0.08440792200689606,-0.07995719167072668,-0.07595575700226864,-0.020644881947467275,38.71057211549962,-5.7646310354830455,0.030006324257926785,1.2655029290173105,60536302,-126684.72727272409
2016-04-05,1157.585375502474,1160.3155296899797,1138.8673957342749,1153.806884765625,428202,-0.006712581582204558,0,0.028080468827908604,normal,-0.11298605541067575,-0.10249746686846262,-0.07492008324943467,-0.024439875967349756,33.27024116693349,-9.454049574732387,0.029917052052450464,1.418330293200824,60108100,-170895.84242423894
2016-04-06,1153.8069355461985,1189.8885908882885,1153.8069355461985,1182.57177734375,967300,0.024930422029825205,0,0.028813899618286058,normal,-0.09035331853504458,-0.07189124079052844,-0.04715151784588978,-0.02639328483139758,42.51263928882229,-9.302610515173551,0.029074576793471363,2.8603203807215647,61075400,-152580.53333333504
2016-04-07,1183.838621325696,1188.6218302965035,1170.2970560924286,1179.928955078125,204214,-0.002234809181359987,0,0.028185678616946472,normal,-0.08938747743835995,-0.06736296519430418,-0.04479778333894835,-0.028128263316873126,33.164661064808044,-8.73489946429298,0.027393086864365878,0.6075860938373513,60871186,-149548.7515151498
2016-04-08,1175.4951647108671,1186.197368923211,1171.1706432184153,1173.6605224609375,276712,-0.005312550887245915,0,0.027518151183693353,normal,0.0028926988352329097,-0.07692326155297202,-0.045337940448967884,-0.0298301784369025,33.492824268010054,-8.147506924947798,0.026578339410333485,0.8620010765979504,60594474,-141784.12121212092
2016-04-11,1178.0287205314778,1182.7682039279275,1155.4011826571068,1160.6212158203125,430044,-0.011109947374973617,0,0.026860223464668813,normal,-0.0008462712048576959,-0.08518276121789747,-0.05088729642183487,-0.031805908009532535,25.903459601262156,-7.992102043285435,0.02673311032822293,1.3428543414410536,60164430,-154871.1878787876
2016-04-12,1172.8742425617754,1196.200637352948,1157.672722669634,1181.9383544921875,705890,0.018367007582924755,0,0.026913563771314878,normal,0.024381436874747697,-0.09135938091365015,-0.030365501886743806,-0.03245493813419309,32.86819708765337,-5.904841543042792,0.027225072305022135,2.073165359233338,60870320,-91218.15757575806
2016-04-13,1183.1832831494105,1216.5566435674327,1183.1832831494105,1206.1165771484375,520830,0.02045641599187964,0,0.02699857417509455,normal,0.01990982725595991,-0.07224241024312006,-0.00953693820089363,-0.031806168764511256,39.61902734001715,-2.520102987621307,0.02723032925362145,1.4666392579367984,61391150,2114.0121212134814
2016-04-18,1210.2226782424034,1247.571185367372,1210.2226782424034,1245.234130859375,617242,0.032432647433982886,0,0.02754473001492186,normal,0.055346701596051595,-0.03898807788251302,0.020391451499679913,-0.029345205946882835,45.86455110682772,2.459573119750594,0.027572636941026303,1.661784676221727,62008392,101302.9575757581
2016-04-20,1242.766270128001,1261.4842511609988,1235.1218378864403,1242.8973388671875,626888,-0.0018765884537511601,0,0.026403096863829835,normal,0.058992200113431315,0.062055545617220265,0.016687556118962332,-0.02720185778594597,45.9278530312403,5.5267569730131605,0.02849935549606952,1.6236057999241147,61381504,133666.4848484847
2016-04-21,1243.9455268974305,1253.6867378624147,1214.3725196019209,1217.8016357421875,355374,-0.020191292024064444,0,0.026728844518512464,normal,0.04926708140645242,0.04837911688925289,-0.003476171760705471,-0.02637643090346653,36.605313024176766,5.769423750043504,0.029313413367285,0.9160776428737143,61026130,116284.52121212061
2016-04-22,1220.051270697158,1236.2137830551223,1218.1947658992835,1232.9813232421875,289744,0.012464827648838606,0,0.02653570631108983,normal,0.04318581299608493,0.06862018204428155,0.008086501016343783,-0.02487137212412316,39.65769475102078,6.786148605511222,0.029147381287902736,0.7394593910352442,61315874,80222.66666667015
2016-04-25,1228.787955455149,1239.2717488895332,1223.109234011524,1230.5789794921875,342514,-0.0019484023842980536,0,0.026482889435685913,normal,0.020281955166875587,0.04059559264662105,0.005536034647855237,-0.02357904382826037,39.88887929362713,7.097228506652012,0.028495602262099955,0.8581676051838721,60973360,75325.21212121555
2016-04-26,1231.8673627564542,1244.0765902677097,1221.4490523035963,1239.402587890625,271578,0.007170290201185425,0,0.02651347486441831,normal,-0.004683089568646381,0.05040441846650179,0.011518131238017704,-0.02196674052957248,66.80826636732063,7.649954519435912,0.021923506393902347,0.673864064950275,61244938,72863.68484848413
2016-04-27,1236.476180859637,1256.2861192977705,1236.476180859637,1249.9302978515625,334868,0.008494181038346094,0,0.026564444116043896,normal,0.005658519625430181,0.06498452826095069,0.018160115843514957,-0.020005231955335656,71.28424946654579,8.416480809458589,0.021534152879701646,0.8136510107099243,61579806,65689.8909090932
2016-04-28,1255.8711032480971,1274.654566705373,1228.3511451595302,1234.2701416015625,808750,-0.012528823628739416,0,0.026699260347724962,normal,0.013523143158974626,0.0634564703603111,0.004886607953086264,-0.018934959769445814,68.68159368954355,7.5863990923117175,0.023171196914477322,1.8244873613502401,60771056,-26210.557575758878
2016-04-29,1234.903465311069,1265.0443705485873,1234.466640597482,1250.4544677734375,282588,0.013112466733477435,0,0.026201905180636607,normal,0.014171459211809845,0.057969278195297624,0.01631478383163154,-0.01720045097193379,66.73852568413055,7.814058198510267,0.022568123599424877,0.6397323242670554,61053644,-62990.8242424217
2016-05-02,1247.5712923276603,1254.5386246792216,1238.3979740017216,1248.61962890625,148644,-0.0014673376076256295,0,0.02620076450475848,normal,0.014660293824868775,0.035239588413833456,0.01339283685783621,-0.0157113806138951,67.00551947894958,7.525003658407639,0.02247634228321455,0.33730697671568877,60905000,-75379.05454545301
2016-05-03,1249.9301013801016,1266.747851623162,1238.3979724435208,1243.68359375,439892,-0.003953193624365636,0,0.026203326122572916,normal,0.0034540882044316046,-0.0012451771686541324,0.008485141972592647,-0.014581345531002432,67.45050009461002,6.712173624145099,0.023330737919424322,1.0028144971451525,60465108,-64719.19999999946
2016-05-04,1243.6399153871107,1248.4012619373425,1224.834590806141,1230.86279296875,228920,-0.010308731936064408,0,0.013946451965143577,normal,-0.015254854543158558,-0.009682654811543956,-0.0017293699616982572,-0.014124148704094286,67.5240391789738,5.095175427534495,0.023353214154550737,0.5293561173213359,60236188,-89631.95151515036
2016-05-05,1230.5351553593473,1245.8240195544404,1227.5211076481187,1232.47900390625,113140,0.0013130715679541272,0,0.013751372171825996,normal,-0.0014511715344489584,0.012052347224116966,-0.00037872054603094174,-0.013601132181266351,63.98360182895402,3.9686293484713895,0.022150445773958853,0.26959489518706153,60349328,-118182.41212121179
2016-05-06,1235.340140234622,1243.6398087864106,1228.350945664695,1230.6661376953125,127562,-0.0014709104213473934,0,0.013604586088024513,normal,-0.015824910533016157,-0.0018777133953554737,-0.0016732662928712339,-0.013177906458290756,57.75174376653572,2.980663560323689,0.02106118407524618,0.3152522509809465,60221766,-126170.87272727014
2016-05-09,1240.1451788354482,1240.1451788354482,1223.109017519991,1229.1153564453125,560452,-0.0012601153168186885,0,0.01264103584495954,normal,-0.01562066782341276,-0.0011893775785760674,-0.0026528448261076143,-0.012831265247876478,43.32731986113428,2.1412801276749502,0.019668708193728485,1.4584002854077482,59661314,-174301.7939393943
2016-05-10,1229.7052715557604,1250.6291322981035,1229.7052715557604,1232.23876953125,231398,0.0025411879117438474,0,0.012601729085084105,normal,-0.009202360050630798,-0.005780057609503064,-0.00010712347172647796,-0.01234089256322124,45.61622831460132,1.7324428556909233,0.01933779444953355,0.6000184104042121,59892712,-175802.21818181648
2016-05-11,1227.477242221337,1248.83792452518,1219.1557114741026,1243.8363037109375,196196,0.009411758878597354,0,0.012566953109793536,normal,0.010540176221345066,-0.004875467176929549,0.008410115589762901,-0.011343558790087527,62.04524506614617,2.1517455249212647,0.018604361037542205,0.5141058372116972,60088908,-127885.89090909138
2016-05-12,1252.3762939611308,1288.632740559936,1240.582028200074,1282.7137451171875,519274,0.03125607549020781,0,0.01359508077688402,normal,0.040759105065256485,0.03924878507776719,0.03598943139329025,-0.00867759252360567,68.87119665309177,4.804165411839242,0.019690924902365917,1.3449655932649411,60608182,-87490.7030303024
2016-05-13,1282.0804578901225,1300.4270947662333,1277.9743484860348,1290.380126953125,539448,0.005976689549886283,0,0.013236304361813047,normal,0.0485216805994515,0.0319289188120373,0.038011258619705,-0.005986927168029843,71.82012298597768,6.714449102938141,0.01992213126379188,1.4279985101852979,61147630,3142.3515151502143
2016-05-16,1294.7481959641923,1301.2787028162634,1268.1892372817535,1282.320556640625,292496,-0.006245888435627456,0,0.012882072685498748,normal,0.04328739358459055,0.026990547765051387,0.028439898201961356,-0.003992478852355652,65.74762520738005,7.040538861262662,0.020630101165495966,0.7984093829807909,60855134,66772.25454545574
2016-05-17,1285.2256323265194,1318.2932413356243,1285.2256323265194,1312.942138671875,471342,0.02387981840630493,0,0.011968238089147385,normal,0.0654932884243895,0.05568823555277769,0.04771052673102494,-0.0008769635320751146,70.14935393940435,8.80908635362564,0.021028256975215803,1.3127350973420666,61326476,127390.02424242317
2016-05-18,1312.1994514486137,1312.221314011532,1296.4956258276388,1298.0682373046875,362640,-0.01132868001497267,0,0.012340084868657055,normal,0.043600539260633564,0.05460027284913127,0.032317572773587155,0.0011619932209860906,70.50387767207856,8.465535072259645,0.01962627820140759,1.048574344857897,60963836,142525.27272727425
2016-05-19,1301.7156393432697,1317.0263651832702,1300.0339283707417,1308.704833984375,313492,0.008194173752971157,0,0.011203727526461102,normal,0.020262579212334764,0.0618475688725999,0.036750360836704576,0.0033978859251238003,69.41317088530865,8.424896444879245,0.01882184621843631,0.9119849517188373,61277328,173482.7757575778
2016-05-20,1314.7985185593936,1325.784722889132,1271.1597771170243,1280.2020263671875,404474,-0.021779401188891656,0,0.012346536570854593,normal,-0.007887676176453695,0.04025128111889198,0.012803702184845056,0.004058398080990955,58.93693441004552,6.059260556002236,0.02138812373959489,1.1573482460111124,60872854,162625.44242424378
2016-05-24,1171.7820088632232,1201.2676698504615,1140.1122248398926,1159.3543701171875,1125678,-0.09439733242176451,0,0.024854430243250153,normal,-0.09589348457891034,-0.056757070003484955,-0.07551181641669047,-0.0007607223267933616,35.590046227828395,-3.5466708171874934,0.030501927010357918,2.89644237775884,59747176,45112.04848485055
2016-05-25,1162.259405385402,1207.8202408637706,1160.861587737964,1201.9012451171875,708388,0.03669876622425572,0,0.026304448084170054,normal,-0.08457409529639481,-0.024619842488483812,-0.03777343487286755,-0.003063851190743261,45.50751981494814,-6.751579491312592,0.030901920424480596,1.7257463845561112,60455564,-19376.218181815984
2016-05-26,1204.2382228800363,1220.9249032698156,1191.679514125472,1198.821533203125,719338,-0.0025623668554917156,0,0.02620614096137641,normal,-0.0764572317920964,-0.03619026906797351,-0.03654678320025395,-0.005199884822735479,44.80269145191073,-8.672838506986894,0.03163328410557631,1.674025193062413,59736226,-116843.81818181644
2016-05-27,1205.199217193217,1206.4442101124764,1179.9071124522775,1187.8572998046875,1026142,-0.009145842892179457,0,0.0261437226077585,normal,-0.09234132177212573,-0.07394981590677041,-0.04121657896344255,-0.007538716962378844,43.57125206323414,-10.172219800999871,0.03260164961080925,2.3290961452210657,58710084,-231389.59999999753
2016-05-30,1188.163175783114,1204.7625142683191,1188.163175783114,1199.54248046875,221882,0.009837192283941754,0,0.02605698084426752,normal,-0.0630053259072898,-0.07039603647559489,-0.02884503187215981,-0.00902415185820149,45.69012661290466,-9.859959028300093,0.032276267626792136,0.5071126084729644,58931966,-274862.27878787724
2016-05-31,1200.3941800309349,1205.1992513483804,1175.4733115506722,1182.1348876953125,548766,-0.014511860194092563,0,0.026212574741803538,normal,0.019649313588063988,-0.07812841214038957,-0.03900845505663553,-0.011076465405573943,42.98985739274909,-10.262725324883396,0.03324776019838464,1.1993679324046107,58383200,-340910.84848484735
2016-06-01,1196.8996711063628,1219.7892425958664,1190.4346442542676,1207.864013671875,961922,0.021764966286312637,0,0.02675716629744128,normal,0.004961113551476659,-0.08003256343519694,-0.016397665373560133,-0.011657696466516376,45.158489897700434,-8.31626761897425,0.03301098097174032,1.9888906693407906,59345122,-293105.3090909062
2016-06-02,1209.9824350802978,1232.850248490429,1205.8763259707828,1222.890625,372480,0.012440648250165554,0,0.026828850688967815,normal,0.020077293517213546,-0.0579149925590865,-0.0037662200996506634,-0.011437998148697281,41.396016968107716,-5.663453375373296,0.03137426209574983,0.7588847767689332,59717602,-225142.26666666544
2016-06-03,1223.109068706056,1225.118504834732,1203.9106459033744,1207.0994873046875,333634,-0.012912959975723504,0,0.02698121110335372,normal,0.016199073325696478,-0.07763809228880758,-0.015070555078250503,-0.011923511505901097,38.29580417013068,-4.660782035518367,0.031711031991024416,0.6648079446815005,59383968,-139372.10909090916
2016-06-06,1207.8202162266357,1218.0855960028834,1194.7809571287844,1211.6861572265625,204054,0.0037997447353046443,0,0.02699882093353737,normal,0.010123590415128225,-0.05351957560561871,-0.010260279806200812,-0.012093945401599804,39.97523941984152,-3.433863046728902,0.031014181390216312,0.40352811728011756,59588022,-46486.84848484562
2016-06-07,1213.0621531227273,1227.4773677619244,1213.0621531227273,1220.990478515625,803048,0.007678821148175308,0,0.02705805611492331,normal,0.03286899932042897,0.053164166183465866,-0.0024074987521746083,-0.011773701352141175,36.10928344240336,-1.8218111393234722,0.029597217206498296,1.5508707338637007,60391070,30729.551515152067
2016-06-08,1214.4379953711996,1226.1667797600153,1205.6578839857696,1210.178955078125,260920,-0.008854715599947771,0,0.027122299306425693,normal,0.0019165579734532479,0.006887179786664088,-0.010181234689784047,-0.011945034081374817,36.557985070920786,-1.3324657446366466,0.03010140810672746,0.5024642741392084,60130150,133135.04242424195
2016-06-09,1210.0043447968535,1221.1433739637562,1202.1633632420308,1206.18212890625,394974,-0.0033026736707852944,0,0.027025596829503555,normal,-0.013663115696671557,0.0061398594363402115,-0.012184912346285715,-0.012233223769249069,33.99484551799418,-1.1345283177975567,0.03020244853257613,0.7463329022583443,59735176,169985.04242424446
2016-06-10,1211.7516394120123,1211.7516394120123,1189.9322683878345,1192.2037353515625,184010,-0.011588957604075079,0,0.025998079169965334,normal,-0.012340119526009774,0.0036590552986370817,-0.021430163540684166,-0.013079499836807562,35.60971305742045,-1.7640304587681808,0.028591084996067998,0.3590744500410181,59551166,128401.393939396
2016-06-13,1186.4159262243518,1186.4159262243518,1161.953742178489,1169.9039306640625,222102,-0.01870469285262233,0,0.026119163333115245,normal,-0.03448271345951137,-0.024708211911849576,-0.036086377937838976,-0.014793796625575117,52.54564499177589,-3.4061885841612067,0.022429788502754587,0.44725508473705927,59329064,79300.29090909295
2016-06-14,1168.942778494608,1177.897683935243,1165.2297689216616,1171.1923828125,216544,0.0011013315834456083,0,0.026145741225702485,normal,-0.040784999211185724,-0.009256562002113,-0.031795154103574697,-0.016178070705980097,40.74753265821183,-4.083864382127734,0.020221870670291277,0.43942316375180984,59545608,612.9696969703698
2016-06-15,1178.989809818592,1178.989809818592,1166.8679249640288,1171.825927734375,219818,0.0005409400976068568,0,0.0253355119726693,normal,-0.03169202966454998,-0.02983621130324532,-0.02837769875267393,-0.017299040329644133,41.74463573785668,-4.153983153464608,0.01916717569939782,0.4577488472358128,59765426,-16045.9393939382
2016-06-16,1170.69017591319,1177.766714602439,1167.2174409371064,1173.7042236328125,201042,0.00160287962058403,0,0.025339956355022203,normal,-0.026926203344504906,-0.04022142320960842,-0.024328132096611554,-0.01812822731292174,45.41726878041531,-3.7507163417561618,0.01816352500786373,0.42581428971434887,59966468,-2001.5151515154012
2016-06-17,1175.0582775193257,1178.7712869464312,1151.8192280813569,1153.0423583984375,570482,-0.01760397962139304,0,0.025305365224982217,normal,-0.03284788982948195,-0.04478266246881879,-0.03770011212270563,-0.01974590419387523,35.77056834948918,-4.501792314568856,0.019111386151813323,1.1762881689718587,59395986,-44333.11515151416
2016-06-20,1146.6647808194955,1149.7225535683476,1130.2838553792171,1145.441650390625,361262,-0.006591872321472958,0,0.025033181966197963,normal,-0.0209096487602638,-0.05467134079303593,-0.04001670865124263,-0.021443164542339632,38.054597607509855,-5.093222301536361,0.018803719681223914,0.7482266323380989,59034724,-92911.98787878705
2016-06-21,1133.5601148375165,1138.8020113223142,1118.402318831641,1120.389892578125,917576,-0.021870828430201272,0,0.014455840437660239,normal,-0.043376725275806494,-0.08239260478083454,-0.05552427444704999,-0.024023468848904272,21.396844100210913,-6.655662286046951,0.018547425222086696,1.9422919305565904,58117148,-131297.28484848453
2016-06-22,1121.9404584848885,1144.4806544915496,1118.751723658014,1141.7286376953125,587516,0.0190458207973343,0,0.012384202244145218,normal,-0.025684096354868236,-0.056562144875832554,-0.03408294732442019,-0.025193637941523406,24.512955524871828,-5.7691037186793,0.018122887603452577,1.2597485803288166,58704664,-127468.23030302962
2016-06-23,1143.6068838832778,1154.0906750265929,1139.8065309231538,1146.8612060546875,326746,0.004495436297135891,0,0.01248225772200239,normal,-0.022870342491433937,-0.049180734343456045,-0.02698471124404689,-0.025884825905731046,29.726416396610773,-4.415126554805212,0.01761056055330122,0.7313909917492266,59031410,-114869.6484848464
2016-06-24,1127.00772669231,1155.139194730929,1100.4051451046305,1150.1375732421875,295184,0.002856812289231625,0,0.012416008825852889,normal,-0.002519235425387789,-0.035284373687162085,-0.021950352909117732,-0.026241557809577598,29.101101054631613,-2.9475536461737093,0.01951229761416019,0.7196132795349369,59326594,-89906.95757575512
2016-06-27,1151.0329401043437,1177.6573809000097,1146.7957623752234,1172.131591796875,340512,0.019122945868716767,0,0.013022598408460147,normal,0.023301004810806436,0.0019041402241875005,-0.0029388177239939584,-0.025418927297254035,34.726144283695035,-0.2844788689672235,0.020064542671191354,0.8182835347449449,59667106,-58455.599999999526
2016-06-28,1173.7480492913292,1202.840618962574,1170.712138747727,1200.4598388671875,446176,0.02416814568310155,0,0.013772595157141363,normal,0.07146614479430347,0.02498945218923354,0.01910472829862675,-0.023271276666174123,47.26159742844191,3.393194589239446,0.020282440002342635,1.0855861105629903,60113282,7671.418181819659
2016-06-29,1201.1804958663442,1213.5426553255004,1182.3751725409354,1210.6158447265625,280750,0.008460096315224153,0,0.01300987443809822,normal,0.06033588433964954,0.03310211531774554,0.025019770366871308,-0.02083840879940213,51.20731549223676,6.346565367653152,0.020831371475660776,0.7448105342606214,60394032,96885.70909090998
2016-06-30,1214.328946411798,1218.5006436451629,1192.9682611430007,1205.177490234375,744744,-0.004492221472135016,0,0.012718674587849142,normal,0.05084859778307527,0.02681533044513329,0.01843501091250599,-0.018901972259050992,53.70512011546144,7.681475929410304,0.021145435994190564,1.882783847594277,59649288,151260.9333333343
2016-07-01,1202.9060538493377,1230.5789420863416,1201.9450608097293,1226.73486328125,433848,0.017887301431992908,0,0.013017197755777178,normal,0.06659837207399288,0.06391135967040329,0.03304603917820104,-0.01613540040342909,66.29922494841276,9.637285391824724,0.020679747251579558,1.0830890536227042,60083136,195113.06666666662
2016-07-04,1239.7083488379408,1244.9502446046974,1230.2511378840743,1240.97509765625,293932,0.011608241357802918,0,0.013224589426917663,normal,0.058733598122577835,0.0834031547857943,0.04057452713468246,-0.013005849822344429,68.6297794903615,11.390807473819637,0.020761749820427066,0.725651774937645,60377068,222584.63030303136
2016-07-05,1238.398060905823,1249.318678726862,1227.477443084784,1238.944091796875,151092,-0.001636620962991775,0,0.013151125800416302,normal,0.03205792620767989,0.10581512739814647,0.0350397345615594,-0.010336184407851667,67.78571946132269,11.861262726099234,0.021356132232335154,0.4056580344545678,60225976,164372.24242424217
2016-07-07,1236.2137938958192,1240.5820405173592,1223.9827033555073,1227.10595703125,253010,-0.009555019345913962,0,0.013179121251414008,normal,0.01362125927602742,0.07477899433991575,0.02270030791477673,-0.00853157928117565,63.44147340722656,10.849952232338303,0.021914327032158766,0.6800137609993926,59972966,105965.49090909051
2016-07-08,1227.1059806378594,1238.8347657009865,1219.7891674060218,1225.3150634765625,191400,-0.0014594449195082237,0,0.013155513168068312,normal,0.016709217858251968,0.0684074559394714,0.01914927164248237,-0.00701559798220297,70.10094302212516,9.5793764687639,0.021485456962569434,0.5288939401852455,59781566,43528.448484850225
2016-07-11,1230.9718284303412,1253.0096100620883,1230.7971412340034,1248.9908447265625,357570,0.019322198800711066,0,0.01342779589560427,normal,0.018142454503805805,0.08594908451317873,0.03501276941614684,-0.004574089384217217,76.43591151577631,9.816294292485296,0.02136046770479319,0.9649311470879761,60139136,11181.357575760501
2016-07-12,1255.4341349648569,1270.5264490440254,1242.2201883459677,1248.095458984375,348976,-0.0007168873542732213,0,0.01250979013469818,normal,0.005737714915934111,0.06480830968052631,0.030906024187096648,-0.0024806898105192987,87.19006619220625,9.395212472872128,0.02144829816354976,0.925889273007543,59790160,-27348.981818178756
2016-07-13,1252.8129928509943,1260.5884923088945,1236.1699324002827,1252.6383056640625,258710,0.0036398230976533164,0,0.01249902913712824,normal,0.011053133033086526,0.04346539976390473,0.031254381201855086,-0.0004460194754789537,85.801052550283,8.909424727956694,0.021295792645841846,0.6825809798127949,60048870,-23514.363636363538
2016-07-14,1262.4232968592917,1263.7337708698724,1247.112570839679,1249.2093505859375,263182,-0.002737386412837828,0,0.012560411561013913,normal,0.01801262020450345,0.03187923405057691,0.02565421796430778,0.0011622838043319206,83.40483616236986,7.87949821319137,0.02148787804963733,0.6904302498389892,59785688,-14537.709090909748
2016-07-15,1249.318514784417,1256.591602640151,1228.0014502657596,1232.107666015625,201544,-0.013690006852967396,0,0.013120707171967045,normal,0.0055435558914864735,0.02234540223283865,0.010495396331749784,0.0017671624447845868,74.5391636865151,5.671985884492006,0.020270498788749095,0.5286946375572977,59584144,-58830.09696969581
2016-07-18,1239.2933592759305,1244.382323644672,1227.0185443022644,1230.229248046875,193178,-0.001524556676791411,0,0.012289490058841408,normal,-0.01502140448739231,0.0028485248689176235,0.008095093201421877,0.002199493947514952,69.77411270433228,3.800692732288045,0.01951774892324247,0.5331321992772642,59390966,-83946.64242424423
2016-07-19,1231.933045114192,1235.3184366697333,1202.7313767811645,1205.6580810546875,462542,-0.01997283598255928,0,0.013188645868229968,normal,-0.034001708462444435,-0.028459085656322602,-0.010905317035046602,0.0014378345207268772,51.81571034593324,0.7813707496533908,0.019942686612571887,1.2589280513781085,58928424,-106307.34545454136
2016-07-20,1212.1447467123137,1230.9719328434908,1205.6361017203812,1227.237060546875,177584,0.017898092196512838,0,0.01226294582785688,normal,-0.020278196030195206,-0.009449200595501472,0.006146222192205508,0.0017622440109785753,55.37662559201283,0.1441780161239521,0.019252608550309615,0.5374658984085823,59106008,-111495.12727272823
2016-07-21,1229.5742307291732,1240.5821922323253,1218.7409564535872,1229.5523681640625,291874,0.0018866017753373931,0,0.011792975539639596,normal,-0.01573553897323532,0.0019936429440299275,0.007272712375521628,0.0021437727118107652,58.04737366873897,-0.19623070405162402,0.019001924596868145,0.92474139627162,59397882,-104054.47272727343
2016-07-22,1230.0984869258148,1247.549614230248,1226.6038889515935,1245.3436279296875,359138,0.012843096540250842,0,0.011966153278463591,normal,0.0107425367759173,0.016345644520437297,0.01824940171906042,0.003191496056920151,56.38686085514546,0.5276748665914539,0.018320009735648773,1.1320443073904807,59757020,-82813.75757575825
2016-07-25,1244.950434843384,1255.3031592353814,1236.345009307307,1245.1251220703125,238944,-0.0001754582867528054,0,0.012003158854137433,normal,0.012108209951182891,-0.003095076855504364,0.016321628532845356,0.004078526824752071,51.576058486201305,0.8578151711005937,0.01836583479273755,0.7599146787908355,59518076,-50470.824242422335
2016-07-26,1245.1249651031253,1247.833363305694,1227.9141162006642,1233.5054931640625,285698,-0.009332097393497052,0,0.011806533521038217,normal,0.02309727156227792,-0.011689783594104997,0.006182027162927373,0.004301338171011748,48.07479074751857,0.19429636296209551,0.01842754452144449,0.9165959243438931,59232378,-49448.484848483095
2016-07-27,1244.076646336949,1244.076646336949,1220.9249390841896,1228.700439453125,210406,-0.003895445733777869,0,0.010729447282311797,normal,0.0011924174662700793,-0.01910995863905607,0.002046582528276275,0.004258856244552245,50.59400807654528,-0.6227985461110368,0.018880520493764284,0.7015729256590647,59021972,-35894.50909091255
2016-07-28,1229.6614861162436,1264.1706361706604,1227.5647063025942,1251.6337890625,488140,0.01866471995369534,0,0.011318442526443323,normal,0.017958910470327494,0.0019407783614695528,0.018736332711436265,0.005254059010135981,58.47043912879839,0.2783010671324,0.019536715483037776,1.573246494406908,59510112,-812.9333333353563
2016-07-29,1251.0619642676593,1295.1394423733589,1250.6661015412806,1290.5645751953125,431340,0.031103975038875076,0,0.01296742989650412,normal,0.03631202364667985,0.04744464367202972,0.04540285038185132,0.007870415626070715,62.18375442171419,3.2293793108525577,0.019876028694894035,1.4641279487748695,59941452,47700.327272727074
2016-08-01,1296.766936081156,1317.002114016576,1254.141136823534,1267.8658447265625,342678,-0.01758821751737205,0,0.013318536588991021,normal,0.01826380518163373,0.0305931571204634,0.024380388121309604,0.009074698803176684,55.13744233981555,3.3702318670989424,0.02217860247715422,1.1814572057139723,59598774,60312.52121212241
2016-08-02,1278.775196500281,1280.9746722424554,1263.2468762812734,1267.2059326171875,185460,-0.0005204904857400994,0,0.013119922697114064,normal,0.027320866943753908,0.05104917598914871,0.021527153553487777,0.010053864476408547,53.86344153136517,3.1410901426532334,0.021813014082827348,0.6515980947448786,59413314,29453.6969696976
2016-08-03,1274.8162599065013,1274.8162599065013,1240.5264513444502,1245.101318359375,363710,-0.017443584889284214,0,0.013755904510262429,normal,0.013348150924036295,0.014556484958610616,0.003353725196521884,0.009864080252434793,49.0087148729,1.3163451866936544,0.023213873356641847,1.231853772105528,59049604,-15282.375757576901
2016-08-04,1253.7011644613772,1272.616655714654,1236.963132698699,1267.27197265625,395460,0.017806305374480358,0,0.014077130367654645,normal,0.012494216543533332,0.030677509530163016,0.01916009845576694,0.010664673717174722,58.28267110148088,1.409707170141985,0.023205871690935555,1.3078388645685992,59445064,-18305.951515151544
2016-08-05,1266.898070149929,1276.0479110247122,1253.2393038518692,1268.921630859375,246052,0.0013017396728716157,0,0.014057984749499252,normal,-0.016770136692045856,0.018932929354514405,0.01849956282179588,0.011392395156666346,59.123513177755484,1.3875921961489883,0.023482196491837134,0.8064388728891582,59691116,15462.121212123884
2016-08-08,1268.61360245153,1459.2422120172198,1266.942086769136,1386.615478515625,3164246,0.09275107681515538,0,0.024542130716203807,normal,0.09366104015103649,0.11363545232309802,0.10111986066232892,0.017261336649155412,79.64859367468614,8.696764273088991,0.029716344440205354,7.103591906575723,62855362,206694.66666666797
2016-08-09,1385.6698261473994,1395.347520171286,1358.484282364679,1376.1900634765625,792592,-0.007518605698980774,0,0.024679771884475444,normal,0.08600348850505113,0.11567404531495029,0.08326276782972819,0.021779966811851903,75.33070246638587,12.021792444604934,0.03053977097552605,1.6949347541902797,62062770,295196.4363636355
2016-08-10,1376.4321956441663,1377.5978750629108,1346.16738187973,1365.14892578125,341644,-0.008022974433793073,0,0.02485511340704253,normal,0.09641593471289345,0.11105106008495946,0.06699390850658626,0.025098099357239168,72.3946974013202,12.608638852574067,0.03128851036555218,0.7241739947338813,61721126,316728.2303030299
2016-08-11,1372.472904983142,1441.536445394153,1370.1854716207592,1423.8966064453125,1526490,0.04303389875975783,0,0.026214794376817046,normal,0.12359196539379891,0.13763036671600326,0.10107055206780347,0.030430082208151354,75.82492162688393,15.873504230004748,0.0327787876382959,2.8535937009287093,63247616,421348.76363636076
2016-08-12,1420.8173110242042,1458.252431484783,1402.58367842049,1445.099609375,714062,0.014890830439310943,0,0.025810323817318178,normal,0.13884070870185172,0.11974219434645517,0.1051033102767247,0.03580506603922751,77.26799852590207,18.21355782881091,0.034112382357630464,1.273832559794021,63961678,548371.054545454
2016-08-16,1450.818422459613,1469.249988640024,1429.6594200838556,1439.359130859375,338170,-0.003972375660739269,0,0.025865155123359,normal,0.03803769189149131,0.13526138183002945,0.09025595703914258,0.040025232271933664,78.52704714841684,18.09030542148207,0.03522462443334646,0.5955673669871075,63623508,585372.4969696975
2016-08-17,1436.2578744626796,1477.2781031896766,1436.2578744626796,1467.79833984375,524616,0.019758244050875007,0,0.025103066580189577,normal,0.06656658756550282,0.15829503481906437,0.10008448172636641,0.044695512512342495,81.09703047006974,18.569597967452133,0.035411681809919535,0.91890354294298,64148124,589840.7030303032
2016-08-18,1469.249837052606,1482.4466918764315,1453.875522662105,1464.6529541015625,304792,-0.002142927714799292,0,0.02517837071381591,normal,0.07288877165058616,0.1763323454122454,0.08760437543744848,0.04838383633636645,79.2086748301178,17.343449791572993,0.035095888177782954,0.5279835142867636,63843332,496044.9212121206
2016-08-19,1464.8509666998289,1482.4467741076346,1458.9123816996944,1473.8468017578125,243238,0.006277150932242348,0,0.025130607354660994,normal,0.03507993142648069,0.16300749449115792,0.08467642762844907,0.05173366232109777,77.36261541354973,15.860572943104486,0.03386217418508615,0.42313755493231375,64086570,383774.87272727175
2016-08-22,1473.6488391536277,1492.520299239798,1471.1194418923938,1482.1168212890625,320086,0.0056111798874798335,0,0.02513034997588081,normal,0.025615681904496812,0.16801289003584996,0.08141491521754607,0.05473673821536229,83.4260679847582,14.199412384344427,0.03167511448294118,0.5587203992660387,64406656,249106.8484848479
2016-08-23,1481.566983655685,1485.9659355073943,1469.249918470899,1478.6417236328125,148404,-0.00234468538939292,0,0.0251768065824232,normal,0.027291724442657816,0.06636753053968625,0.07083488543751115,0.05694307775825713,82.69962249959788,11.731678558090223,0.03170068132060374,0.2611072266690971,64258252,260135.73333333517
2016-08-24,1482.0066678457842,1532.5946069381753,1469.249709292051,1510.137939453125,683696,0.02130077578423184,0,0.02493858966875813,normal,0.028845651653947257,0.09733239581615671,0.08397702441201704,0.05988875023791307,89.83217204017011,11.09281157680148,0.03241380293509052,1.1622262857787855,64941948,238612.93333333265
2016-08-25,1516.3185037561911,1539.1930503750834,1514.62486455763,1523.9287109375,742678,0.009132127022362768,0,0.02471322363530861,normal,0.040470854662153055,0.11630949719671291,0.08418282216508755,0.06272225496617212,89.56944581411508,10.478530509933591,0.03181119830391742,1.2078466986199046,65684626,199924.44848485067
2016-08-26,1532.9028586373024,1532.9028586373024,1492.1466092771702,1512.227783203125,287814,-0.0076781332685679216,0,0.02498949982930839,normal,0.026041364271738976,0.062034824971124,0.06814142519369937,0.06441678499832149,86.38353007664556,8.26115766498883,0.032905077805948126,0.47583462922249625,65396812,199260.59393939297
2016-08-29,1498.2830054449375,1517.19849846729,1491.2446824598762,1498.43701171875,147830,-0.009119506755234985,0,0.024801479382012093,normal,0.011011406250347466,0.03690915283467433,0.05254628968347563,0.06505022582427022,74.26051205342577,5.003038503913039,0.02527840232115703,0.250268374444015,65248982,212086.55757575837
2016-08-30,1500.0425959171253,1527.316097661073,1500.0425959171253,1514.6470947265625,149210,0.010817994270722942,0,0.024075256989685292,normal,0.024350301035256816,0.052306587183864606,0.05749382781951762,0.06596944747282163,79.30374161118908,3.1665772141673543,0.024631346274188982,0.25681030958886425,65398192,194902.8969696977
2016-08-31,1514.2070558861355,1533.452468597406,1504.4414050867574,1522.2791748046875,289590,0.005038850372933057,0,0.023989108785071545,normal,0.008039818770435803,0.037117384235995976,0.056501245392717614,0.06678588126975327,83.74274990576123,1.7628084943007991,0.024394330082711628,0.49399627101816895,65687782,206978.13333333176
2016-09-01,1524.6769817005709,1524.6769817005709,1495.7318519132034,1499.7569580078125,177454,-0.014795063329802627,0,0.023839540887794445,normal,-0.01586147223042822,0.02396745509435938,0.03683446388932565,0.06632229353051278,69.29207825509273,-1.2245636072646278,0.0225011381728507,0.30759593153965065,65510328,170392.07272727258
2016-09-02,1496.0836119525177,1511.8978233017488,1470.1297945149406,1475.826416015625,291320,-0.01595628002551519,0,0.024416732778593363,normal,-0.02407135194302301,0.001343161484254285,0.018322612674962047,0.06471032001163146,57.70722620200934,-5.134989642717144,0.022193212769080872,0.5095686682787033,65219008,113925.68484848537
2016-09-06,1484.6463995208571,1523.7970749452588,1471.163653695579,1520.7618408203125,350724,0.03044763551936036,0,0.024866682107561926,normal,0.014898743775659362,0.026074206146340595,0.044421522806931346,0.06481698525827273,67.0632258289028,-5.012408209333685,0.022150057354112518,0.6079113546673026,65569732,84202.24242424431
2016-09-07,1496.523353620831,1541.1727129366789,1496.523353620831,1534.772216796875,399164,0.009212735091383761,0,0.0153009908032128,normal,0.013287004042314976,0.03796084762585883,0.048646119879451444,0.0651862323946526,64.94260449337585,-4.330581825559619,0.022116757938482726,0.9099233676036698,65968896,52259.890909090165
2016-09-08,1525.116599030694,1534.5523292241248,1517.638380921804,1527.360107421875,215838,-0.004829452405953338,0,0.015194804015896126,normal,0.0033377140680121986,0.011404367454662223,0.03926810426687877,0.06494636044061686,63.72925966332248,-4.691236703295523,0.02168920941908527,0.5266383792739135,65753058,33389.212121211334
2016-09-09,1539.6331301448536,1539.6331301448536,1515.4388952425772,1519.85986328125,153736,-0.004910593188979573,0,0.015066211949850783,normal,0.013404108689811345,-0.0026699724383740797,0.03081065115703563,0.06418269444513847,60.14948272343111,-5.681324792339716,0.021827252391116665,0.3839123216736556,65599322,45813.16363636439
2016-09-12,1495.6437924879797,1517.5945216603873,1482.4469354954383,1507.9388427734375,235320,-0.007843499782983931,0,0.012463623083151487,normal,0.0217589456384093,-0.002836173542984932,0.020516750780023463,0.06280294094660888,55.60549191613942,-7.283202102012247,0.02275827319951409,0.7005925502944294,65364002,27247.866666667673
2016-09-14,1507.5208126457385,1561.6279208906833,1507.4548713259055,1557.1849365234375,437528,0.032657885288918775,0,0.013909243907258008,normal,0.02395055867753637,0.03920613569021625,0.048468058678987846,0.06324832258181279,64.22374725992815,-5.264421762065709,0.023756707124355722,1.3585277792612813,65801530,23090.096969695456
2016-09-15,1561.6059480512797,1576.694374931993,1550.6305842603824,1553.533935546875,306494,-0.002344616166602309,0,0.013865862078037847,normal,0.012224432097915017,0.025673862218930088,0.04144630448564368,0.06323046871490612,58.74025295840967,-4.4458814785410254,0.022098423135440182,0.9563693573883398,65495036,5464.254545455208
2016-09-16,1557.22882793955,1566.9065212205303,1519.133865065908,1528.8555908203125,312602,-0.015885294914961268,0,0.014012145879658343,normal,0.0009791295393735133,0.004320111661823667,0.022477634718921058,0.06201599146082826,50.950616731476266,-5.7543205353211775,0.023329618568135514,1.0087973927627156,65182434,-11080.472727270459
2016-09-19,1528.8555950394427,1533.4744941181118,1495.6435111880608,1500.746337890625,348164,-0.018385812956085323,0,0.014725539376975816,normal,-0.012575847189859046,0.0006596934773530627,0.0033270482803520185,0.059648649630489325,47.916627903576924,-8.533155784534287,0.023627357456883522,1.1157511188308078,64834270,-52320.79999999743
2016-09-20,1502.6818745647631,1518.056189009406,1495.2036568049268,1500.262451171875,295488,-0.00032243071765891695,0,0.01468249483949192,normal,-0.005090651811477942,0.016557526610901485,0.002716715810811454,0.05734648925296271,50.34804393443722,-10.305500623482466,0.02348732375344614,0.9390796963042297,64538782,-120905.34545454581
2016-09-21,1500.482466218988,1515.4389024111445,1476.816083941554,1494.807861328125,363438,-0.0036357570900273917,0,0.014674912354341985,normal,-0.040057589649290626,-0.017066432623130345,-0.000840524519974517,0.054921186883782,46.05561738932901,-11.647817867577245,0.02403862846204931,1.1471268329542592,64175344,-177687.01818181755
2016-09-22,1504.0015303700404,1511.0398528286307,1485.1080549995172,1496.0614013671875,499366,0.0008385960975270113,0,0.014659371850741046,normal,-0.0369947079137708,-0.025222515110729815,-2.382494767250165e-06,0.05265386054774934,44.65180559083235,-12.19559074748885,0.0238714689245371,1.4934413006803486,64674710,-163717.9393939396
2016-09-23,1508.356511461702,1522.0372942617,1484.9981422794435,1504.9254150390625,325008,0.005924899649021542,0,0.013905193434658748,normal,-0.01565234540458471,-0.014688541538957267,0.005355434408234272,0.05082090351753532,51.11653644803227,-11.70316458727622,0.024115034095218816,1.027081740737452,64999718,-130723.2484848453
2016-09-26,1515.4388472415835,1517.264369222419,1494.2579379520023,1503.143798828125,311480,-0.001183856816512896,0,0.013735721923085859,normal,0.0015975124356257808,-0.010998424826507591,0.0037670538862493164,0.04896713716825474,56.525844541985926,-11.237280963319257,0.023252075824923182,1.0562998171449653,64688238,-115836.04848484781
2016-09-27,1505.3652610574698,1520.277663934426,1500.8563356942382,1509.3902587890625,174648,0.0041555970664997055,0,0.01366938145300264,normal,0.0060841405515799085,0.0009625164989819357,0.007176850326076956,0.04740684197460232,46.66742507823802,-10.274510973654046,0.02158416025185617,0.6038584455229772,64862886,-96067.15151514811
2016-09-28,1508.7522019952926,1520.2774318804113,1491.6402185470758,1497.4908447265625,252326,-0.00788359007434336,0,0.013628745919741947,normal,0.0017948684027213613,-0.03833461934851978,-0.0006906722475051863,0.04541994411173622,38.93738250390296,-10.185381829288044,0.02099191232183937,0.8569549005603425,64610560,-54818.8242424243
2016-09-29,1508.8403162581656,1511.0397919378422,1407.5324449730056,1445.2974853515625,336340,-0.034853875440240434,0,0.015436943228331114,normal,-0.033931706258335415,-0.0696711206100632,-0.03224665999751808,0.041544944293743225,30.762019284426103,-13.196757048907486,0.026018680169862612,1.1071048388848768,64274220,-37913.24848484765
2016-09-30,1442.8562972605157,1490.0570750495465,1429.6814571230204,1479.8074951171875,240412,0.023877443997095682,0,0.01644546989816044,normal,-0.016690474937073874,-0.03208157526297695,-0.008275988767561082,0.039333061371080946,41.665917356413104,-12.430322529628334,0.027158341646471053,0.7978031641736563,64514632,-13936.654545454949
2016-10-03,1494.6979458991086,1549.3108919336548,1486.845773633093,1533.2767333984375,259360,0.036132563497399905,0,0.018102871660128552,normal,0.020046608044955283,0.02167614518622485,0.024867748130216416,0.03929041702060854,54.495071117963995,-8.097942927224967,0.027706214382172113,0.8491417892611851,64773992,9070.484848487265
2016-10-04,1532.594845365315,1533.0347405562925,1511.5898499961434,1528.789794921875,185636,-0.002926372245026787,0,0.01768017883921393,normal,0.012852564815395207,0.01901490217776014,0.019744756563771393,0.03892820731805502,44.01152729442743,-5.437779482742023,0.026269702725618068,0.6184700100215357,64588356,2983.466666668508
2016-10-05,1530.8352805320762,1542.2725556165117,1513.4594203076465,1522.25732421875,412626,-0.004272968543369227,0,0.016388199749959635,normal,0.016538651691529793,0.018363204797596122,0.013901578466855025,0.038214912547222424,43.483038267800325,-4.083326181876412,0.026511440976690476,1.3606851406123093,64175730,-50440.52121212227
2016-10-06,1535.1902566098463,1538.7314345438815,1514.0313613613162,1525.11669921875,118930,0.0018783782179976338,0,0.016256878341093413,normal,0.055226840616672046,0.01942119342495574,0.014279234091052029,0.037555172587495855,49.14302278016628,-3.009597005330974,0.025381135477257545,0.41118529095516826,64294660,-64091.03030302881
2016-10-07,1525.116742389083,1528.635904182885,1486.7799165563663,1489.7711181640625,337560,-0.023175656704036762,0,0.01703154829015708,normal,0.006733053508480857,-0.010069799289426307,-0.008355900822013762,0.03550710631267595,47.56517976057199,-4.599398490379816,0.02617629877602875,1.1430192897203098,63957100,-69880.0363636322
2016-10-10,1491.2444603294266,1500.37228409103,1482.7105379397365,1485.4378662109375,109496,-0.002908669593799873,0,0.01701389712021136,normal,-0.031200412910112663,-0.011779267313607233,-0.010180662765445936,0.03343131357778728,46.766436740721176,-5.78569201975478,0.02600305562636405,0.37356483599563445,63847604,-89769.09090909072
2016-10-13,1482.006944952747,1482.006944952747,1446.815328569185,1462.8494873046875,322644,-0.015206545773515656,0,0.017247650203208315,normal,-0.04313235726469333,-0.030834153866683423,-0.02288430344156589,0.030650603216930028,43.513983423933375,-7.808699905099777,0.026404564338760372,1.0846004048039968,63524960,-105424.2060606057
2016-10-14,1475.4084713993188,1475.4084713993188,1449.4546551165042,1465.180908203125,141352,0.0015937530953598067,0,0.015311523222951234,normal,-0.037494591162448576,-0.02157604945447078,-0.019335149789423522,0.02820761607011435,43.76004234744142,-8.641973709743837,0.026363622359456152,0.5000627944040458,63666312,-113973.66060605981
2016-10-17,1467.1823953179014,1467.2483366354882,1446.2213258390825,1454.4693603515625,216882,-0.007310733979395745,0,0.015341781621651724,normal,-0.046322579054689395,0.006346011871576129,-0.02404097392497373,0.025573745218337995,39.8800103419098,-9.49853864052045,0.02577142757594701,0.7796241317469235,63449430,-145330.27878787558
2016-10-18,1454.5133514166605,1460.7159161519678,1427.4597989859558,1436.081787109375,278538,-0.012642117973350131,0,0.015217026722550214,normal,-0.03603864405751955,-0.02954824066785111,-0.033028915568409256,0.022491035333249254,37.38938174980213,-10.793016365771564,0.026611208738863853,1.007426450722228,63170892,-165854.95757575723
2016-10-19,1444.571716122254,1473.6488300254482,1442.8561679055135,1459.0882568359375,347492,0.016020306039025156,0,0.015332313141444285,normal,-0.0177386142997773,-0.04838557511928365,-0.01589402881974611,0.020600746784251278,41.10187388523479,-9.627840099703826,0.02707992096748125,1.256974560781274,63518384,-133847.10303030346
2016-10-20,1459.132237948303,1475.84825393927,1452.0939154257912,1457.4385986328125,242764,-0.0011306089233439343,0,0.015330679751235145,normal,-0.0036988690352858233,-0.046671685359273796,-0.01541194762764675,0.01881809865058215,42.648408456207896,-8.533633516686788,0.026871264383685405,0.8865989396486458,63275620,-112237.16363636294
2016-10-21,1467.0501904152368,1471.4491415109346,1453.6333895733585,1456.3607177734375,127030,-0.0007395720549642215,0,0.015321483741714319,normal,-0.006019864427870836,-0.04328874323474308,-0.014625448587255119,0.017157312548397252,52.499715910031185,-7.485330102003806,0.022688328027093693,0.48485750655071,63148590,-109152.58181818169
2016-10-24,1438.589277568086,1464.653067869668,1438.589277568086,1455.1292724609375,146430,-0.0008455633947492824,0,0.015314370336310116,normal,0.00045371331109755886,-0.045889882914313396,-0.014007015165689363,0.015602710380447027,43.437034959368596,-6.513491244392132,0.0210232488887584,0.5992689925053519,63002160,-93676.24242424041
2016-10-25,1455.349311385916,1461.617818307512,1442.8343137831114,1449.6087646484375,182188,-0.0037938263747272494,0,0.015227839494501565,normal,0.009419364315099488,-0.026958740860219876,-0.016084631249707382,0.013982385109921447,20.131916555109328,-5.899396673220193,0.018604120000179077,0.7680558770051604,62819972,-94974.76363636093
2016-10-26,1447.2553063655305,1455.5473744076326,1429.9674023512664,1436.60986328125,175920,-0.008967179065270114,0,0.015311545203171906,normal,-0.015405780595775798,-0.03287111769557771,-0.022589010924681685,0.01202447904702808,18.97854118157423,-6.005528829719444,0.01896602123390951,0.7634465672027833,62644052,-99385.28484848412
2016-10-27,1429.659412019462,1438.0833622117684,1405.4651758160558,1412.9874267578125,434050,-0.016443181358565484,0,0.015555918620086174,normal,-0.03049951601165124,-0.03408557133157031,-0.035108047232827455,0.00937097804668352,17.02071219778901,-7.221802903154291,0.019475447561713502,1.783287345705895,62210002,-134392.3515151515
2016-10-28,1422.6209600547616,1464.411000625325,1421.631195935985,1456.9107666015625,215908,0.031085442808599373,0,0.017280663492918787,normal,0.00037768721815423234,-0.005644450835565973,-0.004629165020186732,0.008712869791960953,33.50349184154415,-4.743059728233214,0.020198480708136825,0.8937406939956014,62425910,-132260.26666666556
2016-11-01,1458.2526255626676,1469.2500058459457,1437.55553439028,1465.093017578125,257188,0.005616164808534441,0,0.015403923537889318,normal,0.006847326423676803,0.007304146457918215,0.0008693980987004579,0.008422297418983371,43.128368038819936,-2.348393540840874,0.01959026565868924,1.0823486040544517,62683098,-115523.36969696963
2016-11-02,1441.9763872718063,1457.7905973735203,1438.8971210390723,1452.7978515625,236004,-0.008392071949089974,0,0.014523453131009788,normal,0.002199963874277344,0.011640050450588912,-0.006817719170201797,0.007666362066790278,41.29724824748523,-1.433425988482007,0.02017565180735634,0.9941200480707869,62447094,-120939.74545454698
2016-11-03,1452.7980146206055,1462.8715723255232,1430.5612894934577,1452.3140869140625,258320,-0.00033298827356964544,0,0.011643470623857993,normal,0.01093144634058385,-0.0046427417191095,-0.006472039865849877,0.006962051132621161,46.81560576766976,-0.7368258755961676,0.019871919246734565,1.0883601666583105,62188774,-108506.86060606028
2016-11-04,1451.6540231594963,1486.8456358421506,1417.3422007939082,1452.5338134765625,455146,0.00015129410674985522,0,0.01165987812734315,normal,0.027987783875396355,-0.0033653459986932033,-0.005723101600927261,0.006332257512707384,46.127903091623,-0.16703663147288772,0.02201047233055727,1.8146074090375939,62643920,-71315.61212121353
2016-11-07,1464.4109621360446,1472.768970030483,1445.0555754331351,1452.7757568359375,421832,0.00016656642147006018,0,0.011666421794156678,normal,-0.0028382038628697037,-0.0024615885980369123,-0.005030866601444028,0.005770450927254034,49.44595926438853,0.29519925748119924,0.02233555591836158,1.6787081692923178,63065752,-11927.042424241807
2016-11-08,1441.97626149256,1452.4017547776048,1414.504831620317,1423.302734375,906756,-0.020287385938438374,0,0.01228800239401367,normal,-0.02852397950282126,-0.021871966077702476,-0.022869569788097066,0.004126505635063671,46.102200782493824,-1.2312208999321808,0.023049737723596288,3.1194839597488606,62158996,-10755.793939391528
2016-11-09,1363.674993199431,1404.0133578093323,1288.452920993914,1374.3204345703125,451680,-0.034414533620773624,0,0.013443699814128858,normal,-0.05401812572050835,-0.05193699977137223,-0.05139291407891411,0.0007881456549478916,27.681206932016863,-5.16630497496536,0.028927405172419214,1.5239843309793812,61707316,-36147.333333331066
2016-11-10,1414.2630180145102,1426.0742466755717,1394.1378133258124,1409.4901123046875,274548,0.025590595067715105,0,0.01498114141562891,normal,-0.029486717091871784,-0.018877603216937655,-0.024598404056760392,-0.0007639361347510087,39.26954186144603,-5.022651654103107,0.029624533072238633,0.9012400470598122,61981864,-44804.78787879135
2016-11-11,1403.1996010797316,1403.1996010797316,1333.102265274655,1354.5911865234375,432078,-0.038949493367841814,0,0.016862462600186298,normal,-0.06742881029303172,-0.04132820938709181,-0.0569684536861067,-0.0042482773632442905,31.64617656564127,-8.066575516812536,0.03391370620304955,1.3933267183759839,61549786,-97940.27878788064
2016-11-15,1347.838774098817,1347.838774098817,1223.436401015401,1288.60693359375,1158490,-0.048711562267754194,0,0.01956617582941029,normal,-0.11300355369347426,-0.11552103043373307,-0.09402601768636087,-0.009863450627555115,25.65435943965538,-13.637897809788285,0.04147557008214072,3.2094496321221446,60391296,-191869.64848484835
2016-11-16,1297.6908590354396,1346.0793317452358,1287.2873803613495,1315.7265625,470298,0.02104569531580669,0,0.02048837457335347,normal,-0.07558207349488355,-0.10195015148255604,-0.06830784469344264,-0.013679728450474493,31.589120024924682,-14.528530795342203,0.04279267059856824,1.2587164409995906,60861594,-218338.54545454483
2016-11-17,1328.4832030371074,1328.4832030371074,1284.493693002766,1291.1141357421875,405504,-0.018706338732758176,0,0.02065475709105962,normal,-0.060543594299490855,-0.1112912685315578,-0.07820963357320765,-0.017949876993543112,30.611368472832993,-15.707015426684265,0.044626899195208874,1.06716830538766,60456090,-260580.60606060424
2016-11-18,1284.9338724288316,1286.6934532195592,1262.9611287838782,1276.83984375,581400,-0.01105579405958712,0,0.02007670248944668,normal,-0.09411223774942856,-0.12082389391189996,-0.08066073057295386,-0.02220069731872709,31.393522672182172,-16.308586706930953,0.044876011096744,1.4843875063285612,59874690,-327623.3454545445
2016-11-21,1277.8954554231009,1288.0789855430894,1265.1825281021888,1273.1885986328125,182364,-0.002859595222580169,0,0.02005627808275969,normal,-0.06009384137478779,-0.12347059543797934,-0.07595985949673578,-0.02599824554678931,21.78615053415126,-15.801915912638968,0.043404274812782834,0.4692161488532167,59692326,-346220.64242424443
2016-11-22,1278.3793160410582,1284.4938155607313,1254.5589296469188,1278.3572998046875,354476,0.004059650846249596,0,0.020157809405429387,normal,-0.007954042091390612,-0.12005876076231026,-0.0657839684665632,-0.029028493258203114,21.05546378761302,-14.028296846584198,0.04313046372123304,0.8861257558826985,60046802,-281583.8545454527
2016-11-23,1292.852036014763,1309.128158958807,1273.4966465677912,1305.4990234375,258996,0.021231719517664782,0,0.02105679046689468,normal,-0.0077733013484707625,-0.08276785260953634,-0.0417555909622237,-0.030477586667300938,28.172883026223545,-10.119314904248284,0.04275002485708553,0.6384600992019619,60305798,-226677.07878787906
2016-11-24,1301.210055933595,1314.4069124846455,1282.734456762124,1294.4136962890625,310140,-0.008491256561225735,0,0.02106649548576294,normal,0.0025555916828208236,-0.058142727322709975,-0.045356159858887524,-0.03209151708412772,27.314674188689878,-7.4933412825215555,0.04308093833020428,0.7526666956272089,59995658,-196336.02424242362
2016-11-25,1306.4667499122247,1308.4462783457882,1284.9559172260188,1302.9696044921875,175764,0.0066098715021740695,0,0.021216381628524513,normal,0.020464399564354085,-0.07557378862227426,-0.03545927332779042,-0.03304083402698044,29.014974843249874,-4.538653701457676,0.04027561986475139,0.42656288565069383,60171422,-117357.27272727225
2016-11-28,1302.0675809488534,1315.7703788164508,1288.0788942025458,1306.70849609375,178032,0.0028695155962750185,0,0.021090713249856632,normal,0.026327519345470174,-0.03534844380065594,-0.02967040979217961,-0.03360125118238688,29.704780587684354,-1.8298904205399893,0.04015918136593377,0.4459203368748406,60349454,-35528.13333333449
2016-11-29,1313.9669628489846,1336.577533178195,1307.3685348467295,1322.0830078125,208312,0.01176583129650588,0,0.019818231516945478,normal,0.03420460618834276,0.025978499219610596,-0.016543991066371277,-0.03333880224165331,35.36262625121449,1.3294632095524292,0.039238238683936014,0.5222600850811199,60557766,-5019.709090907503
2016-11-30,1324.0845241451211,1352.2158001140635,1298.2186654500058,1334.1580810546875,474738,0.009133369970594218,0,0.019929461690706987,normal,0.021952569172917213,0.014008623888892124,-0.0068464899419118375,-0.0324926961914902,43.498093359008166,4.3920270321865615,0.03455438897251834,1.158621275386894,61032504,80718.89696970032
2016-12-01,1335.5438534261189,1347.8168866393778,1317.9260290551192,1321.1593017578125,188978,-0.009743057799117105,0,0.019945706244239175,normal,0.0206623319464454,0.023270728112936068,-0.014972799251177893,-0.032175214455829604,34.594163033110775,5.623215212433124,0.03371234461710215,0.4638719505459844,60843526,127044.37575757399
2016-12-02,1317.3982164395852,1326.28407833758,1304.2233761788073,1309.4801025390625,339406,-0.008840114286907563,0,0.019941833081952798,normal,0.004996661491126986,0.02556331473272322,-0.021473691003507822,-0.03226711242233826,40.73542035194121,5.713387773700646,0.031049625915021827,0.8249083903658041,60504120,111400.60606060887
2016-12-05,1310.8876308183442,1356.1088766090525,1310.8876308183442,1348.89453125,217160,0.03009929561702651,0,0.021416602036813413,normal,0.032284197494973244,0.0594616796745453,0.007213849941336559,-0.03059859499819073,63.89818794167374,8.3313208594788,0.02566642111696052,0.5435147151428266,60721280,87814.87272727351
2016-12-06,1350.302302131858,1352.2377979863363,1318.4099012359536,1321.64306640625,179314,-0.020202813646591378,0,0.021716578208285563,normal,-0.00033276383075064864,0.03386046030180756,-0.01189866392888328,-0.030163227721549002,51.36311172408828,8.122918544406225,0.024846457531974613,0.4628393298568459,60541966,65607.93939393951
2016-12-07,1327.603661632466,1339.3049164529496,1311.767435052357,1317.3760986328125,235244,-0.003228532636304071,0,0.021396218922399686,normal,-0.012578706121997518,0.00909772813467069,-0.013671400715187576,-0.029852611943219975,56.67643594050053,7.6022518816118065,0.024034900475529475,0.6648201011682763,60306722,41833.92727272758
2016-12-08,1325.4042657423,1349.5985022560162,1320.1255232302165,1336.7315673828125,169386,0.014692439592677742,0,0.02047666854153523,normal,0.011786819049210084,0.03269269416344289,0.0007420030084388518,-0.028670014014469225,64.8424884090564,8.403359824847147,0.023904331572263734,0.49858800216877214,60476108,6611.951515154202
2016-12-09,1338.11709331042,1347.3109669293003,1328.9673595639488,1330.8369140625,635442,-0.004409750965823078,0,0.019486944217313437,normal,0.016309382236528114,0.021387536189820366,-0.0033225606897621107,-0.02778058164565944,64.12941298258653,8.36037832345583,0.02376585041998636,1.7760884530856031,59840666,-57376.53333333558
2016-12-12,1330.9027417343138,1332.2224271500147,1306.5325940162145,1309.58984375,274716,-0.015965194598969612,0,0.01784420033222824,normal,-0.02913844380670516,0.0022050424137161073,-0.017434771180384723,-0.027789440295329926,57.0957423382778,6.791780692503458,0.023919896085625444,0.785109228711547,59565950,-120471.56363636238
2016-12-13,1318.739630977161,1318.739630977161,1286.6712122299573,1292.69775390625,384088,-0.012898763627686383,0,0.014307335636003475,normal,-0.021901005828076414,-0.022226481796230324,-0.027319495936277804,-0.028403100874759057,46.9496069057074,4.611629744890408,0.024035584648118814,1.2342639286424697,59181862,-181132.36363636557
2016-12-14,1293.291794056236,1305.6088587615334,1291.0923182160043,1294.017578125,233774,0.0010209843830562004,0,0.013450873273325718,normal,-0.01773109481191759,-0.030086766703054657,-0.023878998984342426,-0.02878316351632837,49.901002302115955,3.31418711344444,0.023064079097789042,0.7809081789687858,59415636,-180715.0303030275
2016-12-15,1289.7725713245202,1299.4502645609252,1278.995140220342,1284.581787109375,216558,-0.007291856907614247,0,0.012878689305665067,normal,-0.03901290397109536,-0.027685922961576903,-0.028127698708908966,-0.029408855915366128,45.42464621674407,1.9440711003311968,0.023064721488377283,0.7469722097281127,59199078,-185110.0848484848
2016-12-16,1285.923712127236,1292.4781079990255,1267.7340016765563,1273.628662109375,388160,-0.008526607733281955,0,0.012778252463542996,normal,-0.04298667353499508,-0.027378377388226127,-0.033061084910896765,-0.030312572114933878,42.05416969166695,0.49896492352595345,0.023097779598631966,1.3850372021791784,58810918,-213371.8666666692
2016-12-19,1275.6959346326885,1282.1843880933204,1260.5195519620584,1275.52001953125,220010,0.0014850148070180147,0,0.012764875177936081,normal,-0.026015644807683702,-0.05439603321006492,-0.028699686882224573,-0.030915786537336287,38.04085830020442,-0.09882116224733295,0.02260409819729818,0.7798048237242707,59030928,-194632.1090909098
2016-12-20,1276.5759197328964,1280.007123904752,1260.73969192091,1263.423095703125,401088,-0.009483915299558054,0,0.012906047213056219,normal,-0.02264617395262225,-0.04405120579297861,-0.03442510131383092,-0.031846122262005894,31.834611422613364,-1.0266606926503528,0.020857056369427945,1.4099716204401733,58629840,-189235.03030302568
2016-12-21,1263.42295970216,1275.2560968071564,1243.9355822075338,1252.689453125,401742,-0.008495683365793982,0,0.011946626272983029,normal,-0.03193783894333446,-0.04910264090486005,-0.038725700072623104,-0.03300397612412598,32.20933987057879,-2.0233910546913627,0.02111728890010688,1.3777037653299389,58228098,-198256.79999999792
2016-12-22,1249.3023240461478,1253.3713545029882,1231.6405753460515,1236.391357421875,185178,-0.013010483693677855,0,0.012117480879356088,normal,-0.0375144892844389,-0.07506384408755573,-0.04658035099830926,-0.034597128740643135,31.454349133741502,-3.3615492841256795,0.021376596493012115,0.6489401779190446,58042920,-180891.345454543
2016-12-23,1236.127412691935,1249.808087695357,1219.7633342608292,1245.43115234375,182740,0.007311434900939995,0,0.012145373735140613,normal,-0.022139506281936616,-0.06417447608816407,-0.03597285491723601,-0.03548397941058701,18.962774605760018,-3.218892784151482,0.020270302541423837,0.6396145931811078,58225660,-166427.86666666582
2016-12-26,1244.8591678993096,1245.5190105850183,1222.9084441799123,1234.9176025390625,136000,-0.008441694898109975,0,0.0121609199878947,normal,-0.031832049964303,-0.057019563466614964,-0.04007821196541783,-0.03658791902243019,21.079626636923535,-3.3960808618905958,0.019794056154401,0.47954578551539007,58089660,-158121.1393939373
2016-12-27,1236.2155187922249,1256.714678617824,1223.5905476945463,1243.517822265625,157352,0.00696420531125308,0,0.011903915140386625,normal,-0.01575503368997877,-0.03804441640902834,-0.03030921475852577,-0.03705533187171495,26.062258613554604,-2.5369163592224133,0.019978060885312583,0.5598645383426726,58247012,-148943.0181818188
2016-12-28,1244.9035495824005,1270.4174739201317,1244.9035495824005,1249.1265869140625,247108,0.00451040149808124,0,0.011699206861834824,normal,-0.0028441735515929434,-0.03469117573810976,-0.02352357486027634,-0.0370915383107121,18.829375076008972,-1.2583504885258279,0.019583986484857614,0.9163273040380135,58494120,-99369.83030303121
2016-12-29,1247.1027823471204,1274.8161775103897,1244.419378904546,1268.28369140625,180286,0.015336399603433915,0,0.01229256359432089,normal,0.025794691780179457,-0.012687472192642324,-0.0077401536471914945,-0.0361623553967334,29.66242957360778,1.0835549315614088,0.01996699996937314,0.6696167251528019,58674406,-43230.16969696987
2016-12-30,1277.8953288217972,1285.373545892355,1262.498999558884,1269.6693115234375,220668,0.0010925159146777386,0,0.012200643541582061,normal,0.019461661236009897,-0.0031087166171182012,-0.006026000225958672,-0.03516234074638247,35.09603772054312,2.8325701727062906,0.019786828180490414,0.8380836055506119,58895074,5428.254545454642
2017-01-02,1276.1800027255742,1276.1800027255742,1260.3656844299194,1269.7354736328125,104490,5.210971768354611e-05,0,0.009702644942394796,normal,0.02819448926969903,-0.004535049085755083,-0.005408309838364267,-0.03416117360655013,40.19543763414967,4.027626338872171,0.018871427817550714,0.40552309335452863,58999564,73433.39393939196
2017-01-03,1269.977468002682,1271.2971536292866,1254.2291980459397,1263.489013671875,255186,-0.004919497084747815,0,0.008837640714422397,normal,0.016060237375499442,5.2174104600677396e-05,-0.009329286672564052,-0.033436743103486655,37.49102178579931,4.400788301622622,0.0191089633610285,0.9760009913531972,58744378,101160.26666666612
2017-01-04,1271.2970595963684,1271.2970595963684,1245.1012803666054,1254.7569580078125,273358,-0.00691106576280065,0,0.008898125610250184,normal,0.004507446365111578,0.0016504528537817365,-0.014657898764281252,-0.033065038894163123,37.70848907862844,4.070585936004079,0.01956873950003915,1.0379376268432015,58471020,85805.56363636188
2017-01-05,1258.9799881874037,1264.6986254503097,1254.8450165096615,1260.651611328125,232668,0.004697844696291975,0,0.008136016067897883,normal,-0.006017644261957389,0.01962182423924208,-0.009082454844151266,-0.03236591343862849,44.4191642920589,4.241002897415775,0.018638531671337017,0.872950422953312,58703688,67852.13333333551
2017-01-06,1260.299648583222,1282.2944068481995,1251.8536828887266,1273.4744873046875,795436,0.010171625420803965,0,0.008631301314611381,normal,0.002996981770540197,0.02251696925049873,0.0009017695223207944,-0.031080900759310914,49.19591281673799,5.148741696544388,0.018943091797547783,2.897443378745443,59499124,97459.47878787806
2017-01-09,1284.4938203666145,1285.5056006769803,1264.9405026967956,1274.7720947265625,344356,0.0010189504656834547,0,0.008015645154453363,normal,0.003966669592478045,0.032272997085438515,0.0017383074897476813,-0.029791869873813104,54.87514171161411,5.723783633597439,0.018996520745421828,1.238635844529181,59843480,121347.28484848671
2017-01-10,1275.2560704428065,1277.015651085018,1265.1164655128068,1267.25,546116,-0.005900736890680047,0,0.007626719703667945,normal,0.002976667218652862,0.019084710576271702,-0.003776788854211177,-0.02888869822517348,56.4321859510015,5.484254526974908,0.018014595979866432,1.9087376801600202,59297364,104678.65454545611
2017-01-11,1269.0975939875952,1313.087111976767,1269.0975939875952,1312.647216796875,691722,0.03582341037433423,0,0.011225259515139658,normal,0.04613663101814969,0.05085203577304265,0.028784668734042285,-0.026017561212847262,76.79702674692345,8.111411689459295,0.01870333274396224,2.2385021120600523,59989086,129482.64242424267
2017-01-12,1313.0650853055552,1317.4640370695204,1283.7900398371098,1296.7230224609375,260102,-0.01213135877802396,0,0.011458030781857389,normal,0.028613306649257764,0.0224234776867267,0.01472847019782697,-0.02411722125848237,67.19258520330379,8.465755600340465,0.019132928884035477,0.8358347662813801,59728984,133997.5151515163
2017-01-13,1306.0488307407925,1313.087153843471,1286.6934422084264,1293.2918701171875,208658,-0.002646017911549281,0,0.011287518929864668,normal,0.015561664572050882,0.018605284367632757,0.010883998422421381,-0.022523936281859336,70.54185245324192,8.154950487950469,0.01939263256023206,0.6904331114590626,59520326,129059.47878787766
2017-01-16,1291.0923637307174,1310.799689433189,1285.8136215280704,1304.619140625,213010,0.008758479635989858,0,0.011426183781739766,normal,0.023413632932433925,0.02747317667071436,0.0178245080030337,-0.020562396452572962,71.09659363909938,8.366797057705558,0.018778694142873396,0.7056507716078011,59733336,135127.35757576002
2017-01-17,1305.916896978479,1328.5715004414672,1299.9343865211738,1325.646240234375,329502,0.016117423817116228,0,0.011600199185173245,normal,0.04608107337492595,0.04919490861409437,0.03086866200811733,-0.01786877165703815,73.87783336647324,9.49507703890579,0.018574448834809815,1.104659017801497,60062838,133261.4666666661
2017-01-18,1327.6038139968375,1363.1033378421455,1326.240095815194,1359.9581298828125,539226,0.025883141827016454,0,0.012408756650746347,normal,0.03604236727167698,0.08384187168966073,0.051785914964858515,-0.013980321602254486,76.13499772057365,11.964776490498537,0.018476638935952264,1.767038135314121,60602064,126602.70303030388
2017-01-19,1359.7159177773292,1387.8692075663132,1349.0484603182222,1367.172119140625,515150,0.005304567176957153,0,0.011729905819498692,normal,0.05432856165843991,0.08449638810224358,0.05161981598287113,-0.010246156728237366,76.90256252732381,13.38919110914144,0.019212262536053196,1.601552213897612,61117214,137723.39393939445
2017-01-20,1371.5490561012905,1379.1153386583037,1347.8827827606656,1354.1292724609375,225986,-0.009540018039488674,0,0.012160374601175337,normal,0.04704073670411102,0.06333443344197343,0.037478204638633716,-0.007529267050835009,71.72954005994407,12.76051065621963,0.020210605388524535,0.6978775179961645,60891228,160291.78181818346
2017-01-23,1348.3667520017243,1370.2735545456285,1348.3667520017243,1360.639892578125,144082,0.00480797531638566,0,0.011787047142091065,normal,0.04294031124385267,0.06735933286175455,0.038267189188782025,-0.004866239600921363,74.98022574043617,12.096719241230886,0.020367919864528503,0.444391531633619,61035310,196802.2666666646
2017-01-24,1362.047525225097,1385.889823515572,1355.6029961263164,1384.944091796875,303692,0.01786233032804785,0,0.012133128501305865,normal,0.04473127880030514,0.09287361751578227,0.05112566391582152,-0.0015050407975348845,80.99284704224877,12.553691777418702,0.02022148199921521,0.9160038257815571,61339002,199023.61212120968
2017-01-25,1374.6725461526182,1384.7901360923015,1362.7953753538595,1379.0274658203125,190016,-0.004272104564803092,0,0.012327044236365959,normal,0.014022002235571263,0.05056975566170685,0.04200713052131899,0.001160610632058523,78.17806078477295,11.731947324421943,0.020940521352471965,0.5781088609019869,61148986,212248.12121212322
2017-01-27,1378.631422357269,1390.9484867561214,1359.7159306018884,1364.97265625,269430,-0.010191827152588262,0,0.012523824153858392,normal,-0.001608768098641078,0.05263239150295762,0.028313283677632084,0.0028718526969830904,71.65313068553095,9.605705691809604,0.021197577404685402,0.808752525569373,60879556,179376.92121212225
2017-01-30,1375.992075305552,1386.2855792019473,1363.7629682465345,1383.7781982421875,260542,0.013777229826604787,0,0.012701878546359844,normal,0.021895195964095393,0.06996589881663828,0.03827994954502589,0.00513677028796633,73.82235183892813,8.848469121793288,0.021010546291627123,0.7774207755409439,61140098,132860.24242424296
2017-01-31,1385.6696735061191,1385.6696735061191,1367.6339729938172,1377.0697021484375,309880,-0.004847956198668069,0,0.012836461781291147,normal,0.012075060903279367,0.05553387902060747,0.02998514598009394,0.0067971632017123085,74.08580841827842,7.340580239061715,0.021431201587827423,0.8971473851488929,60830218,64008.084848486964
2017-02-01,1378.4997350103254,1429.5716169223008,1369.283950924772,1422.951171875,422574,0.03331818981637635,0,0.01419167272317535,normal,0.02744304286594934,0.07340188406781989,0.057824232038644174,0.010129052691666862,74.14073712321257,8.780681147864623,0.02146555793410615,1.1944700492092015,61252792,26876.67878788096
2017-02-02,1425.260448402681,1431.7048701259862,1403.133698357172,1421.3013916015625,461788,-0.0011594075088772193,0,0.01397166796109651,normal,0.03065488311801201,0.04510672819319517,0.050932975428040095,0.012900648049143593,79.08184724810641,8.939686194836696,0.021234027815990104,1.2714539335148327,60791004,-13918.44848484867
2017-02-03,1417.8259204433427,1440.1505964640542,1412.0632517533827,1421.235107421875,271328,-4.66362589097713e-05,0,0.01404116897799483,normal,0.041218738642314845,0.03954365915187985,0.04581584426391205,0.015243635456945182,80.34405588736831,8.36806953547568,0.021320136912642975,0.74310012494187,60519676,-37460.13333332974
2017-02-06,1421.2352630027897,1449.1905133699718,1421.2352630027897,1445.0555419921875,268304,0.01676037584908996,0,0.014217776726357026,normal,0.0442826341879361,0.06714740710538258,0.05696766545414045,0.018191876544249252,81.44369513537033,8.87380049865196,0.02111546702746227,0.7919870875264041,60787980,-54189.90303030174
2017-02-07,1447.2550961123254,1447.2550961123254,1412.0634828329985,1421.1253662109375,227652,-0.016560038756890494,0,0.015087008153598766,normal,0.03199232689076403,0.04445369708968716,0.03557204341550846,0.019684510147146117,71.10342218823843,6.960723242346315,0.021800470185143663,0.6837669475998535,60560328,-72480.0969696969
2017-02-08,1421.2355426308582,1436.7857745279202,1404.1675862777154,1422.1812744140625,258164,0.0007430084834390005,0,0.014893378188774892,normal,-0.0005410568374760727,0.026887137782489523,0.032766979103477034,0.020941983302394496,66.12322851731281,5.210559136713297,0.021541251698291047,0.8104592070581941,60818492,-50685.127272725724
2017-02-09,1420.1136306155556,1431.7048041670491,1409.9960414788163,1419.079833984375,225518,-0.0021807630894066232,0,0.013201285350246152,normal,-0.001563044706995087,0.029043923458215826,0.027528588781428942,0.02182145927267487,63.74320641634907,3.377064136514125,0.020727008781984472,0.7638717177307741,60592974,-47549.66060605944
2017-02-10,1421.3015631224855,1438.4574779976874,1417.892374910106,1424.9747314453125,422206,0.004154028067882676,0,0.012645247613321245,normal,0.0026312493998414954,0.04395844482347111,0.02868183168824645,0.022737501748916644,69.49509973852732,2.153882038423106,0.020106545494506363,1.3918784289601542,61015180,-32607.236363634092
2017-02-13,1427.460019052476,1449.8946757463668,1417.386461260208,1439.2052001953125,403908,0.009986470942938253,0,0.012568900077876342,normal,-0.004048523829616624,0.04005483105857133,0.035114484502786425,0.02401885073396315,70.73832933887466,1.9044010238442404,0.02043389154826373,1.2900373972485921,61419088,20092.072727272367
2017-02-14,1442.8559952275048,1442.8559952275048,1412.1512943376167,1418.4197998046875,376840,-0.01444227715950741,0,0.013295538183375099,normal,-0.0019038196562937149,0.030027599613685174,0.018209619696388346,0.024191389077024006,59.00360297772615,0.03932371146475333,0.02075437122897595,1.1728989502921665,61042248,28196.109090910133
2017-02-15,1422.1809812750753,1426.5799326554495,1394.9074827167535,1405.1790771484375,272684,-0.009334840544437673,0,0.01332030965891309,normal,-0.011955014154317212,-0.012489602649642939,0.00786924331213279,0.023711383415660814,56.767110618065765,-2.2592135458936866,0.021434049404620837,0.856289164495986,60769564,47028.012121214
2017-02-16,1403.265556460018,1424.5564391857274,1400.0763165589726,1421.1912841796875,159888,0.011395136243946835,0,0.012370504883891499,normal,0.0014879009233639273,-7.746943929387573e-05,0.017478590448074094,0.02385078569557586,64.40150074330447,-2.8369391409250326,0.020853182405006866,0.5338825490447494,60929452,49652.52121212353
2017-02-17,1424.8645053560083,1431.7708381293653,1410.1060007445744,1428.6695556640625,314858,0.005261973928225583,0,0.012369959831164628,normal,0.002592905079097374,0.005230977058872099,0.020613185067434925,0.024180319045304044,62.208295599104474,-2.84395786495001,0.020701142138427813,1.0877163890875299,61244310,49684.41212120977
2017-02-20,1434.9380884723253,1437.247538185532,1423.52282994059,1432.694580078125,114270,0.002817323570803998,0,0.01205334152143667,normal,-0.0045237608343160485,-0.008553970110395492,0.021204140948722472,0.024533368447329673,65.35135918176215,-2.706796850910937,0.020428054889377174,0.40252753616653725,61358580,65052.70303030524
2017-02-21,1437.0053420543888,1440.876440522376,1414.35074376805,1424.84228515625,196132,-0.005480787762487949,0,0.012186113545867922,normal,0.004527915749940048,0.0026154757586396293,0.014099785876580784,0.024428255524487463,50.66056641907507,-3.238270412166848,0.018848117135256658,0.6846183569955289,61162448,47629.721212120574
2017-02-22,1426.140152113927,1435.817845928395,1419.475783195658,1424.6884765625,230530,-0.00010794780261114134,0,0.01163432711707897,normal,0.013883923929221442,0.0017629272678130192,0.012641061891740746,0.024236362504043596,51.195604869115584,-3.662290363616872,0.018237030009739624,0.8150959460529741,60931918,27544.884848483132
2017-02-23,1426.1623146349536,1442.3944052392883,1413.6253009075474,1419.5418701171875,420848,-0.003612443372694507,0,0.011618087107131567,normal,-0.0011605855459858594,0.00032558854107267443,0.00812048679372146,0.02377019166551797,49.42299996755389,-4.307014241904653,0.018337453910565026,1.4296701534681853,60511070,-31904.690909088975
2017-02-27,1421.30137762548,1437.973362587734,1415.9566939550414,1433.6624755859375,261074,0.00994729762186175,0,0.011421348262050242,normal,0.003494803890850884,0.006096770664707263,0.016391794761522416,0.023839329063486403,45.84279111864963,-3.8168685654209185,0.01786095997553186,0.8881596628535386,60772144,-47974.02424242196
2017-02-28,1431.9028038402491,1433.6183520363677,1413.0752691768394,1420.597412109375,191908,-0.009113067893628757,0,0.01138067121785367,normal,-0.008443647471668592,-0.012929211264253504,0.006445985139212462,0.023284944350300485,49.79076461624054,-4.36732935024866,0.017290905900699403,0.6605724883544101,60580236,-44637.975757577224
2017-03-01,1421.7410479212513,1434.0360952196577,1396.6670257270955,1399.306396484375,203810,-0.014987367598668255,0,0.011887040669448195,normal,-0.017921905419219564,-0.013475138547096144,-0.007821759711150511,0.02186423400203452,42.18742573737316,-6.0561730629754,0.017796506110666337,0.7145857394197063,60376426,-67373.6000000005
2017-03-02,1407.664580412711,1415.3627460868431,1364.86275778528,1369.8995361328125,381920,-0.02101531188983663,0,0.010164389325604367,normal,-0.0384567863999874,-0.025106793567705732,-0.02601299657948586,0.0193710270720171,35.76161748958323,-8.874132169571386,0.019679750404961685,1.3486756726692952,59994506,-121049.58787878718
2017-03-03,1373.792486381577,1383.7780843198254,1348.91639538427,1362.2452392578125,466084,-0.0055874877486329355,0,0.010196758636934667,normal,-0.0403627621456808,-0.041476503253324304,-0.02854492249701457,0.016823425311227602,32.02208511346923,-10.84365313223374,0.020539962150748835,1.6446368565856364,59528422,-180094.49696969814
2017-03-06,1368.9537537847336,1370.9112657901633,1345.8152251420706,1357.5164794921875,319000,-0.003471298433901149,0,0.010189741795156877,normal,-0.053112917015303185,-0.04980373235349178,-0.02896545310354215,0.014354325654850397,25.239980464125026,-11.966728137249005,0.0202215038127778,1.1162436546447108,59209422,-218566.69090908932
2017-03-07,1365.874435706853,1365.874435706853,1343.9676358384834,1345.7052001953125,367252,-0.008700652607394721,0,0.00923673197889939,normal,-0.052718814827952376,-0.06071732321208956,-0.03397189116951804,0.011676101220545965,26.692068828432895,-12.92510902321993,0.019932005286544163,1.2632181429126195,58842170,-244787.5030303
2017-03-08,1348.2787446436475,1367.1942376353854,1339.6128309615735,1357.2525634765625,526952,0.008580901136128416,0,0.00907725335415709,normal,-0.030053341507956244,-0.04743663378313867,-0.023293521986562427,0.009768100086728904,34.469038871114236,-12.209869979104996,0.019547125201519598,1.7237987348716342,59369122,-224839.0060606039
2017-03-09,1357.5165339328178,1363.631034014377,1347.3989447298188,1354.2613525390625,224428,-0.0022038720117338872,0,0.009049862512451264,normal,-0.011415569668631442,-0.04943334994423809,-0.02307855330954056,0.00795052861356571,26.31175559749211,-11.383121477182648,0.01915526903355474,0.7382366437449323,59144694,-210763.4181818204
2017-03-10,1357.1207164817088,1377.3118630842173,1353.5575224241893,1373.57275390625,274980,0.01425973009639625,0,0.009787856149263167,normal,0.008315327021886976,-0.03238306469054175,-0.008283904136677789,0.007122535031918398,32.00692689841905,-9.080575479280043,0.01899461874835479,0.8972241455031444,59419674,-188082.13333333549
2017-03-14,1387.3413176382985,1403.5074640755631,1379.7090939808352,1397.4368896484375,267266,0.017373769008100393,0,0.010607695009307314,normal,0.02940694331105531,-0.025267862244001793,0.008087057607355508,0.00734331715078973,39.80665785314834,-5.662490127708612,0.019498804035969205,0.8946693285879366,59686940,-120188.72727272661
2017-03-15,1398.8885792752865,1407.6644659509443,1379.2912290591205,1403.37548828125,224208,0.0042496363712758445,0,0.010372152002838184,normal,0.042855068166168575,-0.012123015064875453,0.011179692871288838,0.007747472632957386,43.724296724112584,-2.8554479436862863,0.019510327382232535,0.7738071818616682,59911148,-39705.672727268626
2017-03-16,1406.3449997937137,1424.4686611394477,1406.0591108630017,1418.68408203125,225374,0.010908408959564131,0,0.010217649821166467,normal,0.0452616706778084,0.01384806472375133,0.02005239551275606,0.008687286320479659,48.387526110747594,0.02593377290912713,0.019539008420987217,0.7987077444960243,60136522,47593.33333333353
2017-03-17,1418.6618856687714,1431.8147079448324,1414.2629340853025,1428.58154296875,176806,0.006976508063253117,0,0.01007841135054242,normal,0.05487876493731947,0.042836722904217694,0.024517854518509852,0.009867925761054552,52.36719170055615,2.4574783144687444,0.01884277622593206,0.6374157561808843,60313328,121982.89696969787
2017-03-20,1430.7149660420507,1435.971799086597,1425.260309052337,1430.4290771484375,110944,0.001293264769365754,0,0.009771879016353737,normal,0.04139301910328075,0.050052542615435014,0.02332419968617616,0.010927599753798534,49.09511537210682,3.9602794369424372,0.0182539141539811,0.4035322163064203,60424272,167487.17575757523
2017-03-21,1425.2603556426286,1460.8918645336944,1425.2603556426286,1449.168701171875,792904,0.013100701267059645,0,0.010129110702542321,normal,0.037019068200247585,0.06751462915129558,0.03311647880476554,0.012555618192252593,57.74969571511253,5.871170291889138,0.018759391222063094,2.6533214873115387,61217176,224115.3090909092
2017-03-22,1434.938126620875,1471.7793492157548,1434.938126620875,1462.9814453125,440156,0.009531494938757046,0,0.010310477540092048,normal,0.04247327784259003,0.0871485412259434,0.03871344300077073,0.014468579694269623,68.00155435121711,7.609868280182031,0.01855650278354616,1.3967495195615254,61657332,255932.07272727348
2017-03-23,1463.5311471064772,1475.562322278201,1442.8120428228349,1449.784423828125,188328,-0.009020634900503532,0,0.01045865603572891,normal,0.021921964298313723,0.068175859704803,0.02647497312465208,0.015541906101750325,74.8630176019817,7.408449122399284,0.01785091803354138,0.5983632131552978,61469004,278483.35757575696
2017-03-24,1451.2799830230022,1460.891734623948,1444.1977358294962,1450.840087890625,141284,0.0007281524378035531,0,0.010456001235520509,normal,0.01558087113152773,0.07131469503319288,0.024566103212033674,0.01645332088426943,78.7549653760849,6.894248589455975,0.016943487410018464,0.45534899056099354,61610288,268326.0606060595
2017-03-27,1451.6541504052802,1464.8510063180556,1448.2009301495889,1453.457763671875,154350,0.0018042483131657239,0,0.01040128870576847,normal,0.01609914597747486,0.058158557337747885,0.023839020128668453,0.017282905366212242,81.5720317025456,6.294928543405062,0.0164979046418456,0.519782024937414,61764638,255033.86666666702
2017-03-28,1455.920845626238,1481.0609159724136,1453.5893800294937,1469.0517578125,201092,0.01072889390416809,0,0.010437160930697425,normal,0.013720318845243051,0.05124730046455195,0.0314029900611934,0.018551422418886965,89.6044707031449,6.487445489886634,0.016599748628941566,0.6840973858683875,61965730,242104.25454545615
2017-03-29,1470.7014595290557,1502.4618675138618,1463.4871147144122,1491.8603515625,304570,0.015526065455966798,0,0.010599742935349675,normal,0.019739762484705548,0.06305145274385526,0.04270788857381125,0.020475911679435965,90.30553352315717,7.611811158305915,0.01689146059397911,1.0166383275019408,62270300,233113.05454545314
2017-03-30,1487.725431369168,1505.5411853521518,1487.1096211035765,1493.510009765625,1958514,0.0011057725352090486,0,0.009781297683647258,normal,0.030160060501990715,0.05274319256986404,0.039518580956757754,0.02212384261926892,92.03283847171403,7.893637753649969,0.016977995144933547,5.0565707065413,64228814,317379.0424242431
2017-03-31,1486.845547552284,1510.1379733342403,1465.3127022999752,1484.2061767578125,396946,-0.006229508303913223,0,0.008291400777420991,normal,0.02299777152952709,0.03893696797556845,0.0298021636124155,0.023097705927189516,85.54256084294211,6.915585947971895,0.01809847753678788,1.022867154256724,63831868,342176.95757575927
2017-04-03,1485.525994099077,1505.3653092914865,1439.6889387097744,1491.992431640625,188616,0.005246073628275338,0,0.007976709725845623,normal,0.026512409876569,0.04303838301086138,0.03174532800670771,0.02415371893719165,83.87697211378409,6.274025324605034,0.019715145512776304,0.5040533299839524,64020484,342010.3151515157
2017-04-05,1494.3240684666978,1496.3256132051629,1473.6489930419305,1485.042236328125,391352,-0.004658331480178801,0,0.008043975345676701,normal,0.010884897983060693,0.024754561099229244,0.02431111282186138,0.024702036791741655,79.04866526564427,4.9222569261492595,0.019533415272134445,1.0358266892279075,63629132,329767.018181822
2017-04-06,1485.0418565416417,1493.2019322984886,1472.5268621611897,1476.7938232421875,226512,-0.005554328950489906,0,0.0077986287817735835,normal,-0.010099154592138948,0.009441252979621506,0.01681842428894309,0.024759822019347455,71.76253516722548,3.1021379417847577,0.0196222937574137,0.6109082200156374,63402620,305276.42424242396
2017-04-07,1473.6489496342926,1485.658110315048,1469.249997545832,1476.9261474609375,103408,8.960236470900718e-05,0,0.007806636836587085,normal,-0.011103951226473563,0.018721213434715667,0.015274503305051423,0.02471881802824738,69.53419479198624,1.6116482043831262,0.019565224835778043,0.29578786614145974,63506028,252716.06060606267
2017-04-10,1475.848348009327,1506.6410110080312,1473.6488720808482,1503.055908203125,136538,0.017691988720701213,0,0.00819711662312547,normal,0.012700210887471863,0.03599005896536567,0.029976438166068986,0.02559847657687997,74.53182223387736,2.061320019863384,0.020283920841163833,0.395524545534076,63642566,192330.95757575976
2017-04-11,1504.3095519246829,1519.2880045453865,1487.8134823856449,1496.8753662109375,187738,-0.004111984097501908,0,0.008164543233865087,normal,0.003272760951570808,0.029871939607915676,0.023232693465671472,0.026020553350650788,67.60826605799721,1.6368087668630267,0.020169307425101497,0.5508011992537377,63454828,107361.9272727282
2017-04-12,1486.845599069703,1522.0812433552796,1485.87785122412,1517.1983642578125,334880,0.013576947356892521,0,0.007884859425655534,normal,0.021653342338057602,0.03277393474346035,0.03347100480527643,0.027066044861227434,69.09356662296068,2.374293473551983,0.019869109293483348,0.9728492327714932,63789708,33578.060606062056
2017-04-13,1517.6383207101726,1518.7820910987853,1491.6845059502016,1497.315185546875,121998,-0.013105193875333487,0,0.008777638705921898,normal,0.013895888499610987,0.003656397181319271,0.0179951897729409,0.0271006985968123,65.98606722678035,1.2301588023909567,0.01986329700477459,0.35975353529991994,63667710,-48664.40000000033
2017-04-17,1497.1613010369722,1498.1950977183023,1483.5685822784797,1489.17724609375,91102,-0.005435020984010608,0,0.008790968626304279,normal,0.008294997453917485,-0.0029010610197081066,0.011262105790815102,0.02671321955507211,62.30764045754022,-0.2866110620591975,0.019872677302470804,0.2740718389395488,63576608,-22246.763636362757
2017-04-18,1482.732352585401,1502.7036542497156,1475.320184704492,1481.78662109375,226604,-0.004962891435110417,0,0.008873424567596745,normal,-0.014150695921086531,-0.0016302018560170328,0.00564536293166773,0.025990990521261192,58.82418252639231,-1.9090847567601088,0.020489191480805663,0.6766483980796186,63350004,-26746.884848482565
2017-04-19,1480.2692208492035,1516.5165388594994,1468.897888072201,1509.3902587890625,185988,0.018628618521968843,0,0.00962891303505194,normal,0.00836067775622773,0.011660801207487692,0.022006228685631957,0.026320367825592772,61.69042465802855,-1.2751555297868649,0.021061675793595108,0.5492139237665513,63535992,-2687.0303030291684
2017-04-20,1511.875447760993,1513.239165548919,1481.6546754398944,1486.5595703125,134522,-0.015125769060467364,0,0.010087176359145609,normal,-0.02019432308068725,0.0010217446664189112,0.005920325881793698,0.025631452787219233,48.463987322518804,-2.47588281801038,0.02103004346041446,0.4400099566636541,63401470,-6182.242424240517
2017-04-21,1487.7695647833073,1499.0088009687065,1481.566999646936,1485.328125,167550,-0.0008283861185872654,0,0.00990786002065119,normal,-0.008005702915847235,0.005778939228683999,0.004600327116520031,0.024888481326563516,47.6233667871306,-3.3795368814777085,0.020999881772421354,0.5736155341454447,63233920,-31157.80606060696
2017-04-24,1478.0476589261373,1493.7959262951406,1478.0476589261373,1490.4306640625,80630,0.0034352941795268155,0,0.009645760000611485,normal,0.0008416848780343766,0.009143664105871974,0.007279040827998795,0.024343112086135932,51.85329220963781,-3.637697430075299,0.01953447878324006,0.2812252253760511,63314550,-42796.65454545237
2017-04-25,1494.763849747624,1534.7943118803594,1490.0790089510438,1529.7135009765625,274916,0.0263567020333495,0,0.011135309675990494,normal,0.03234398205555156,0.017735596279519816,0.03050763301853765,0.025271251312480647,59.457356796536956,-1.2881441405400729,0.018054078132513078,0.9370284667609435,63589466,-28016.606060603724
2017-04-26,1535.2341029985726,1582.7427801114222,1522.0372482450032,1563.1234130859375,625874,0.021840633614102378,0,0.011923081819318435,normal,0.03559924544629256,0.04425755702206158,0.047724603891746264,0.027240222103357414,67.28325042624422,2.200845797283666,0.019405964781147568,1.9745683705742703,64215340,9029.793939398605
2017-04-27,1561.6279950156184,1587.581812397568,1516.2308308369577,1563.8494873046875,352266,0.00046450217089155643,0,0.011825605132562407,normal,0.051992478832139755,0.03074820283615054,0.043420357576969826,0.028859584835592145,69.93356596054878,4.13029158234264,0.02171156888011026,1.0854778443158055,64567606,78397.70909091065
2017-04-28,1563.8494036897512,1600.7785831040317,1560.858094943358,1594.422119140625,329716,0.01954959993536831,0,0.012077908686441688,normal,0.07344774013528155,0.06485403643207088,0.0573919988846705,0.03129031797693549,73.61207805480203,6.876424379669196,0.022348586876134644,1.0120708998460635,64897322,148187.86666666472
2017-05-02,1588.0214492223763,1603.153799021,1564.1131054978737,1572.1632080078125,187462,-0.013960488170353447,0,0.012683135210883378,normal,0.05483820610784562,0.05572604747469945,0.03841429961750564,0.03243051981587519,64.10733322069933,6.603225545155979,0.022939807188683232,0.7902090326344503,64709860,186774.96969697298
2017-05-03,1574.890671464255,1596.8194889472925,1545.4837433851858,1575.044677734375,214202,0.0018328057239132,0,0.012513198663474197,normal,0.029633769152768386,0.06293622530603526,0.036338218164805314,0.03339368920955099,66.17508801585069,6.041239959543791,0.023798550101584513,0.9390965204212128,64924062,208202.49696969733
2017-05-04,1572.6030729526187,1592.4203700312958,1568.38014414389,1580.1473388671875,239362,0.003239692946458206,0,0.012502691703480163,normal,0.01089096717426874,0.046877922834145824,0.03577983206962876,0.034282196910969454,63.90126526589562,5.455690684660048,0.023171878460843648,1.037857009682133,65163424,236005.8424242435
2017-05-05,1580.147613650934,1583.4468276984803,1546.86947685357,1552.544189453125,96248,-0.017468718729641508,0,0.013220428045727215,normal,-0.0072291470140437575,0.044387470544994034,0.015974788660631623,0.033892703287228265,61.79428893187281,2.7864245614016383,0.02401999792402567,0.44584895574214434,65067176,229864.71515151765
2017-05-08,1558.086716146763,1567.7644101367323,1545.81368354527,1558.526611328125,72912,0.0038533021576070414,0,0.013092720391426985,normal,-0.022513177270676143,0.04928102087080921,0.017961371093693224,0.03364376120935941,64.94733662672361,1.088054299258502,0.02426347158410089,0.35020879383733966,65140088,196340.2303030295
2017-05-09,1554.5895629753988,1585.3602092748995,1548.0131515269584,1580.5213623046875,188862,0.014112528343561248,0,0.013314767051336976,normal,0.005316340093892702,0.06044608475554658,0.029158807639250606,0.03410669425487445,70.02057911623166,1.1066436687518113,0.02437610268200893,0.8888941184222603,65328950,155387.57575757895
2017-05-10,1577.903897316611,1637.2017848004043,1577.903897316611,1632.5828857421875,669364,0.0329394620529424,0,0.01455055898178249,normal,0.036531159287861215,0.06724748438184913,0.056712557715403955,0.03628106273050391,72.72582743040793,4.116684499074875,0.024109760401757815,2.7994001082347943,65998314,144856.4484848512
2017-05-11,1623.2131590828922,1646.9674979963002,1621.101640811333,1631.2852783203125,326904,-0.0007948187091799674,0,0.014469004356592874,normal,0.03236276655681114,0.04360619555931855,0.05028388590848132,0.037961754572944484,79.00222557191425,5.429280005338871,0.02387853856627282,1.32851027825224,65671410,129020.96969696812
2017-05-12,1629.811488736808,1643.00834289662,1610.8080402259332,1629.4815673828125,124618,-0.0011056992676089505,0,0.014351279955828538,normal,0.049555676709458485,0.04196828442310174,0.044237288937976516,0.03919278117094516,78.82144253528043,5.5644684706844245,0.02455191141744633,0.5290399269809598,65546792,112223.21212121384
2017-05-15,1629.371685638779,1671.3816737539255,1618.8362179519852,1645.8897705078125,236786,0.010069584985458846,0,0.0138521634586093,normal,0.05605496790666886,0.03227981520660794,0.04928084260888754,0.040690053469481624,79.7374739232223,6.104153470101089,0.02590407842922715,0.9813157702789621,65783578,118453.20000000183
2017-05-16,1645.8897589112362,1660.1643353872844,1630.6913596398151,1650.860595703125,219248,0.003020144656333157,0,0.013649873791441372,normal,0.044503816953078035,0.05005675447336988,0.04721873332704818,0.04199538799894764,76.6757033828283,6.12525854104323,0.02516658290432793,0.8851291694808715,66002826,113402.20606060809
2017-05-17,1650.486699405922,1651.2344997254363,1610.0163432371198,1614.2393798828125,135124,-0.02218310614211194,0,0.014821167106018654,normal,-0.011235880284899524,0.024884819270534653,0.021654110775386926,0.04163943082096355,61.09840678167353,3.1519538024337024,0.024875223068846066,0.555773776496878,65867702,99588.63030303031
2017-05-18,1621.2776896555847,1621.2776896555847,1559.9123131322935,1564.0252685546875,142012,-0.031106979518595534,0,0.016395869384202875,normal,-0.04123129820363525,-0.01020289052542278,-0.009170882330684527,0.03936758112046479,50.03141495578782,-2.4169742220105945,0.0252178196551023,0.5894353064327277,65725690,82548.35151515395
2017-05-19,1583.556718000571,1614.4153221396307,1567.346537543189,1576.012451171875,287472,0.007664315186074244,0,0.01593527620924695,normal,-0.03281357536116025,0.015116002416019292,-0.0014268932323144856,0.03767619345906459,46.47577874886079,-5.345806187996644,0.025500517607132595,1.156473422255693,66013162,67956.48484848237
2017-05-22,1593.256225592081,1626.2923948291063,1585.030207638471,1598.3370361328125,212636,0.014165233875111483,0,0.016095272338248326,normal,-0.028891809905549404,0.025543628524098416,0.011492957197742015,0.03686449405943937,55.00927955861822,-5.794449839209811,0.02564661639847649,0.847727172152372,66225798,58357.24848484779
2017-05-23,1607.8169384091382,1620.5298665915325,1574.8468150091169,1581.0712890625,265432,-0.010802319335655897,0,0.01642358551259911,normal,-0.04227450023477042,0.00034794009807659343,0.0005125084494834731,0.0353997419168397,51.09321247249808,-7.178396639130163,0.025671311133320707,1.0206143865439719,65960366,33710.5818181823
2017-05-24,1585.8223273242158,1590.5952335979828,1527.272228397083,1554.2818603515625,199372,-0.016943846173326116,0,0.016043896635269853,normal,-0.03714289236061297,-0.04796143955351373,-0.014897630710298593,0.03303409608758767,45.65029425023464,-9.66744264997871,0.02791905824840245,0.7779047155293772,65760994,35159.818181817674
2017-05-25,1570.4260110880011,1570.4260110880011,1518.166434954048,1547.4635009765625,338880,-0.004386822975247062,0,0.015298407357058416,normal,-0.010589194376270927,-0.051383886348841945,-0.017420596395400056,0.030610551628444282,49.08138162886855,-11.422122485783234,0.02876594162945762,1.4006552758718034,65422114,-792.30303030218
2017-05-26,1545.7917605641553,1559.4285120090867,1496.611454841564,1502.6160888671875,886100,-0.028981240643849104,0,0.016575247542690748,normal,-0.04657092794546913,-0.07785634465285152,-0.0417081389730557,0.026777699244718844,41.136700086500674,-15.02542458874714,0.03156712396919915,3.2985203748125715,64536014,-90363.24848484863
2017-05-29,1499.3388407222978,1522.03747727251,1483.1067498914067,1503.73779296875,392340,0.0007465007927660583,0,0.015812417769694366,normal,-0.059186042133482664,-0.08636786016064968,-0.037234064216796314,0.023383626002884794,36.96513971509485,-16.630628678276594,0.03161880205260183,1.443664200336465,64928354,-130496.24242424205
2017-05-30,1513.1073732709349,1517.6383149368137,1486.0978531752091,1506.8388671875,493310,0.00206224398512167,0,0.015622204234586453,normal,-0.04695071145021945,-0.08724039382276494,-0.03199901688813711,0.020455912519802277,24.39764201660371,-16.735092848231673,0.030237947361995546,1.7184956970548235,65421664,-118738.5333333329
2017-05-31,1503.1217727983112,1560.7480391830284,1503.1217727983112,1553.99560546875,419000,0.031295143301730555,0,0.017301789239997374,normal,-0.00018417179670859873,-0.03732022348410058,-0.0015431296982167941,0.01954188854003447,36.739595467364666,-13.043773906186617,0.03078021252944367,1.4093550905468601,65840664,-86090.1575757581
2017-06-01,1577.0242510951089,1588.4615259984485,1557.2289676085593,1586.218017578125,405616,0.020735201564263894,0,0.017933193752258755,normal,0.025043897046428176,0.0141895079763934,0.017303730424592212,0.019839507443885518,43.278905645821666,-8.090181092399952,0.03025696614296468,1.3272262393009695,66246280,-40457.00606060391
2017-06-02,1596.77551221736,1612.215876393174,1566.02688129869,1579.9276123046875,299542,-0.003965662477495857,0,0.01747560599039449,normal,0.0514512815417707,0.002484219670917831,0.011990537193323325,0.019793718040142405,39.42002629907483,-5.044453864058989,0.0300900570224216,0.9485886378498717,65946738,1692.1090909108957
2017-06-05,1579.9277265268618,1633.7708588854073,1579.9277265268618,1602.6702880859375,502604,0.014394758091527127,0,0.01772278778789518,normal,0.06579105451747025,0.0027111002593103173,0.02396795002473273,0.020497100618478425,42.68742620741981,-1.4898811402293592,0.03074921020427029,1.4902519146145228,66449342,86236.86060606153
2017-06-06,1607.2449820361098,1615.2950852309784,1581.7971105586803,1595.65380859375,272076,-0.004377993118327095,0,0.017513836724244076,normal,0.058941233425988226,0.009223189132665066,0.01759665427742796,0.020774367353278755,46.901354503703445,0.30152548011421665,0.030538832267853342,0.7968911182589982,66177266,135536.01212121293
2017-06-07,1600.1626310688437,1616.6146666223538,1583.7104881190571,1602.802001953125,259416,0.004479789614060925,0,0.015824586578948616,normal,0.03140703636008868,0.031217080273064246,0.02000304024608157,0.02119060584151322,57.54903465874767,1.7971743423654125,0.029134266893595794,0.8083399080905035,66436682,183064.56969696822
2017-06-08,1602.8020931815925,1609.5764358783204,1592.706413057568,1600.9105224609375,90782,-0.0011801080170118494,0,0.015824813460911125,normal,0.00926260118091804,0.03453846985770337,0.016978515895730295,0.02140120643790744,55.04547395272372,2.4480566599025817,0.027673110251447586,0.29368044531818405,66345900,194859.22424242407
2017-06-09,1604.7376059249932,1627.1722599551945,1601.7683134798194,1615.7349853515625,290830,0.00926001964671741,0,0.015983911910160985,normal,0.02266393268147371,0.07528130260448274,0.02382198965874638,0.02203056252280966,53.636139126636756,3.596528121506246,0.02635740862354332,0.9162051722448712,66636730,152246.59393939425
2017-06-12,1612.215848450712,1630.4274660995266,1589.781194079365,1595.3458251953125,162416,-0.012619124015448402,0,0.01601419973970459,normal,-0.004570162025885338,0.060920216712586406,0.009853711986016256,0.02176253406612383,52.94490365480633,2.741225674431364,0.02646875467415587,0.5177259026159158,66474314,101467.68484848547
2017-06-13,1605.0675870792445,1605.0675870792445,1585.822172366064,1595.10400390625,106036,-0.0001515792283048878,0,0.01598342162664434,normal,-0.00034456389258052944,0.05857636051258486,0.00876866763297679,0.021437752999115878,59.45778549550747,1.9543412193862544,0.024498978029823114,0.34421707139559904,66368278,59053.41818181767
2017-06-14,1603.8578290898763,1603.8578290898763,1575.0446947493974,1589.583251953125,100490,-0.0034610608083267547,0,0.015245367902121764,normal,-0.008247275698365808,0.02290073817399274,0.004772263418693079,0.020877075025471203,59.8174477395785,0.9102462582692983,0.023530489553556317,0.3280576629327487,66267788,27617.103030306607
2017-06-15,1592.4206212532329,1596.8195732456452,1563.4975119031224,1568.138427734375,175760,-0.01349084685712476,0,0.013837501752507675,normal,-0.020470909689683903,-0.0113979223810321,-0.007953145016559637,0.019546920775735943,67.14237626557639,-1.2586418077130013,0.022508782429058977,0.5706391606643388,66092028,8457.684848485582
2017-06-16,1568.138345165286,1573.9449400102706,1549.7507053259317,1569.9638671875,279670,0.0011640805561805578,0,0.013729417398268084,normal,-0.02832835742187223,-0.006306456725984511,-0.006154848283958181,0.018382977166851555,67.2629245059681,-2.530909141388438,0.02181214535126141,0.9091547432280698,66371698,-13546.751515152737
2017-06-19,1570.4257116557344,1593.9821188098265,1570.4257116557344,1580.21337890625,117850,0.006528501663615627,0,0.01341429182956466,normal,-0.009485370538522497,-0.014012182884171165,0.00030170267557516617,0.017668129131304555,68.4391097455329,-2.6311245488236885,0.021330650526714602,0.3891030028450578,66489548,-767.1030303027571
2017-06-20,1574.318756368157,1591.8485131660898,1569.98574630371,1576.4962158203125,181608,-0.002352317184221242,0,0.01320364022135769,normal,-0.011665564151534302,-0.01200610851192152,-0.0018563226576604475,0.016848016595879978,57.2337701786181,-2.876790750322309,0.019760557209273912,0.6080253805933945,66307940,-16519.090909088205
2017-06-21,1574.8248055066704,1623.2132771842496,1566.0269015652923,1614.54736328125,178280,0.024136529526103567,0,0.01362775099191044,normal,0.015704815269946826,0.007328017630257699,0.020075231917297653,0.01742701197167551,58.77865771730842,-0.528631674715923,0.020300013525490188,0.5989981530778284,66486220,-6836.242424240084
2017-06-22,1627.612051613879,1627.612051613879,1597.9191290506528,1601.9881591796875,301570,-0.007778777127998571,0,0.013732018727103298,normal,0.021585933261145884,0.0006731398811055112,0.010971390230822387,0.017415243358482435,56.58043260736898,0.09356291175000919,0.01972364292208226,1.0196277582727897,66184650,-20255.26060606004
2017-06-23,1601.9881514781696,1613.3594839858558,1586.4818475474756,1605.3973388671875,203426,0.002128092937494497,0,0.011665627257570395,normal,0.02256960967080368,-0.006398107720695045,0.01185821752594629,0.01745920335186457,50.91950654520729,0.620191625121489,0.018481983673794767,0.7775298884574502,66388076,-1235.103030303441
2017-06-27,1618.198439563951,1618.198439563951,1589.5392043713166,1604.5396728515625,167390,-0.0005342390913829487,0,0.011684331146841812,normal,0.015394309572388298,0.0057629183033869325,0.01022874725176659,0.017399869565990933,53.12596353779731,0.7856010864784331,0.018276458759186088,0.6685342011217987,66220686,840.945454545176
2017-06-28,1603.417895488486,1616.878730656038,1579.2456773636018,1599.5247802734375,257156,-0.003125440064197682,0,0.011770834547952823,normal,0.014607434018572896,0.0027714659084057125,0.006393571284080135,0.017104071597856763,48.829536130611324,0.44883925039575523,0.018544933029378555,1.0778791990305812,65963530,-15104.484848484173
2017-06-29,1600.536685411902,1626.2925711158923,1584.0626314818307,1599.98681640625,181420,0.00028885837750736165,0,0.009718479759454043,normal,-0.009018346074040506,0.006544837736772946,0.006043831247036113,0.01679845171854244,49.66669397600126,0.1634815854581717,0.01967172618910679,0.8002756102972736,66144950,-22947.575757575618
2017-06-30,1593.3884184138374,1632.8250886813337,1592.1566903386702,1623.2353515625,479702,0.014530454199909393,0,0.009154957708474654,normal,0.013263014624085745,0.03513524243374877,0.018657570798351397,0.01729103809345789,52.55129539186466,1.3791105061145679,0.02002392920453257,2.0820290866540625,66624652,-14853.49090908904
2017-07-03,1639.0493861795478,1648.1112695447423,1618.3743134070198,1629.26171875,148906,0.003712565267691481,0,0.009087961131121024,normal,0.014865092463434593,0.037770201468858344,0.020259022192589793,0.01786369987292402,62.78604648166164,2.3695816654762982,0.019471587988684758,0.6681312015018661,66773558,13551.35757575505
2017-07-04,1632.0552657947665,1657.4811230814028,1632.0552657947665,1648.749267578125,245562,0.011960968949222162,0,0.008922084945180736,normal,0.027552821207589062,0.04337128743923957,0.029280136343742047,0.018976383833940957,67.6610773264403,4.020666575836737,0.01963022080320483,1.1692465334998594,67019120,58336.1333333344
2017-07-05,1653.5660036341376,1657.9649554927014,1634.2106154564567,1642.32666015625,226042,-0.003895442168298402,0,0.008906116434108331,normal,0.026759122716120354,0.04175743885416394,0.022809012874880796,0.019640350215778035,67.26166600881153,4.336569234369787,0.019486969613178872,1.08822832757867,66793078,72265.09090908855
2017-07-06,1645.2079461317703,1649.6068978593955,1637.0478691977696,1641.4248046875,246406,-0.0005491328190849742,0,0.00888793947411099,normal,0.02589895607660342,0.016647044253707666,0.020086001042870505,0.020107595185259397,77.7110446857339,4.141482958553203,0.018594148127466525,1.1899929056127758,66546672,78758.59393939366
2017-07-07,1636.4542849922684,1637.2680267284543,1617.4507251751056,1624.2471923828125,239420,-0.010465061972764422,0,0.009255277967372199,normal,0.0006233481912147898,0.01389463029147664,0.008506852721066771,0.019833768825747278,68.39048848694685,2.588225407598035,0.01878111332566363,1.1161927672648102,66307252,51355.40606060605
2017-07-10,1649.078893957488,1649.078893957488,1626.7321997504555,1634.6282958984375,34224,0.0063913322826161245,0,0.009138174145622277,normal,0.003293870522260045,0.018207926675570585,0.013509264350291872,0.019882911541612147,68.41864743074316,2.0179505132126465,0.018697384741072933,0.16970575707342858,66341476,37894.630303031416
2017-07-11,1623.4771507692756,1643.0743945961865,1621.9155014428595,1626.314453125,164310,-0.005086075405826729,0,0.008708894503137629,normal,-0.013607171747878843,0.013570733489399966,0.00755280556264859,0.01955874780203337,66.35383765857506,0.8960177419511446,0.018762052692160674,0.8143777749361375,66177166,4877.006060604534
2017-07-12,1626.292444160204,1638.4775188949693,1624.0929683092977,1628.557861328125,360402,0.001379443070689268,0,0.008704989814706974,normal,-0.008383715105017564,0.018151066749790612,0.008084099611790352,0.0192808440832557,56.01278687700123,0.15882695860937268,0.01685891849399794,1.6803548307835192,66537568,-25098.54545454406
2017-07-13,1638.1696303112667,1655.7214048203743,1629.3717268187252,1639.7532958984375,127802,0.006874446917828569,0,0.008728341202356658,normal,-0.0010183279698765535,0.02485425447536338,0.013564807491465825,0.019355825981836494,66.39936220108477,0.2723651690396238,0.016633632865061556,0.5920999901318212,66665370,-42966.448484847635
2017-07-14,1642.876358069228,1642.876358069228,1629.877435201466,1636.0579833984375,77932,-0.0022535783335475568,0,0.008041019980425074,normal,0.007271547749021057,0.007899428646372497,0.010195357881135791,0.019217722697529416,63.28125991446592,-0.03774149503806967,0.016065272683695994,0.3694266851667592,66587438,-39413.17575757518
2017-07-17,1636.3881320931005,1642.1287859475567,1616.7907794019584,1626.6004638671875,108708,-0.005780675029380511,0,0.008233604038061481,normal,-0.004911105510282177,-0.001633411533694118,0.003939279629066927,0.01869545106335946,58.89346658294276,-0.9647688260009168,0.01601283633601308,0.5370794710428258,66478730,-31411.284848484705
2017-07-18,1627.612139045522,1653.1260590629922,1608.278767683954,1646.505615234375,131062,0.012237271419352602,0,0.00850058147269666,normal,0.012415287874111502,-0.0013608208281697953,0.014656894070217197,0.018862184703899,66.90951557047816,-0.3538178112065431,0.016132219341796063,0.6454145048122191,66609792,3683.9151515169287
2017-07-19,1651.6743781706518,1688.75756258982,1651.6743781706518,1674.3289794921875,525198,0.01689843265663682,0,0.009043540126145163,normal,0.028105306695541676,0.019485964706249526,0.02868725799935734,0.019897776165589187,72.3545566866814,1.6952094440247691,0.015865079108058632,2.3845983058027413,67134990,57318.36363636505
2017-07-20,1673.80114549869,1686.9980007851448,1656.2053384500834,1667.6866455078125,415898,-0.003967161809735553,0,0.007675083928734479,normal,0.017035092827223153,0.015999417545851102,0.02221078308601032,0.020487255071761412,64.84942399836885,2.3347975631296656,0.015505282162798712,1.7916845448263623,66719092,67696.01212121274
2017-07-21,1679.959512824188,1691.3967862814882,1667.290511515309,1686.5799560546875,240816,0.01132905309145893,0,0.007628970241863908,normal,0.03088030691388166,0.038376402289131306,0.030475152526161953,0.02156919919445066,67.63199655133826,3.681751973146591,0.015093124034711164,1.0511892534389458,66959908,73157.8060606046
2017-07-24,1687.0421129257531,1701.5146219481303,1678.2661178288192,1684.556640625,203984,-0.0011996558019227166,0,0.0076760331284678575,normal,0.035630247282743,0.030544157868697797,0.02638081474385756,0.022351627176944833,62.340887060945896,4.058218632174544,0.01490047622323617,0.8903049533644383,66755924,61863.8181818227
2017-07-25,1693.596214549044,1695.0478899264829,1680.8612722851306,1693.816162109375,195416,0.005496711277656718,0,0.007671613164970718,normal,0.028733911647343735,0.041505939306306416,0.028884677144197513,0.023258922302505702,67.40532341231852,4.517462157942006,0.01441554755117421,0.8477244539804433,66951340,45251.27272727214
2017-07-26,1698.875235876003,1698.875235876003,1689.3295316642948,1693.8604736328125,156286,2.6160763150429034e-05,0,0.007576596163471883,normal,0.011665266730644941,0.040098429325336804,0.02608628026826354,0.02395453688315574,67.82852527519779,4.406124934299655,0.014288101259734043,0.6931417612966061,67107626,51806.29090909289
2017-07-27,1694.476293874797,1723.6852919114235,1689.637446721987,1704.98974609375,280736,0.0065703596218102955,0,0.007592990699331557,normal,0.022368171314688823,0.03978430801663291,0.029608984613643363,0.02484221992492608,78.63064881818599,4.640369092701427,0.01461686483185081,1.2182575466302379,67388362,75284.52121212226
2017-07-28,1713.882136566269,1737.9269640039763,1696.7167492187154,1728.32666015625,238964,0.01368742194254624,0,0.007528911564798203,normal,0.024752282838234274,0.05639694784297977,0.03937572840332049,0.02630528057872339,80.4288551573222,5.84742432841346,0.015096392979751449,1.0941389729203306,67627326,97838.145454545
2017-07-31,1734.055861185008,1750.4248950826775,1716.0941213259844,1734.940673828125,255936,0.0038268307863034146,0,0.0075293895996796315,normal,0.029909373177521514,0.06660529882265154,0.039063076344305836,0.027689465276222736,85.67054692385396,6.520398972839114,0.01558113627826806,1.1438214620263574,67883262,114500.01212121206
2017-08-01,1734.14437832647,1751.044278768294,1718.9919613108525,1728.7027587890625,228940,-0.0035954630225474293,0,0.007375848534893242,normal,0.020596448103459952,0.04992217627085771,0.03185549416804667,0.028565828443353647,82.04478998299302,5.988302432524897,0.016367377374598317,1.026986315073157,67654322,110387.07878788149
2017-08-02,1729.8086028782827,1738.2143224319111,1699.1276833037994,1709.502197265625,321538,-0.011106919003754712,0,0.007859991162127574,normal,0.009234363677703472,0.0210073517237368,0.018416629106101645,0.02856530300183202,71.2308855036373,3.887889631535419,0.01704939610870645,1.4121192504662956,67332784,111087.93939394336
2017-08-03,1704.3261073112117,1720.9606285700277,1696.2080159383536,1713.8599853515625,149358,0.002549156177106937,0,0.007836863455133068,normal,0.0052025176562702224,0.02768705977716235,0.018973549455660876,0.028599627887391232,73.58704373132959,2.40917124004568,0.017495903769866962,0.6702281615372017,67482142,89811.56363636658
2017-08-04,1694.4162493682095,1741.974929996691,1694.4162493682095,1733.08251953125,193840,0.011215930323353884,0,0.0074857746474209,normal,0.0027517132522680843,0.0275721072752122,0.027427415130466537,0.029161525993716353,80.47737940258395,2.340778102120929,0.018217667092503064,0.878823942783955,67675982,85913.58787878824
2017-08-07,1733.7018449124691,1863.349033841371,1725.4067267163189,1817.3165283203125,1782682,0.04860357648281255,0,0.012608693150769066,normal,0.04748050220669864,0.0788099874433763,0.0694840969326671,0.032340484664445945,85.73163538120932,7.30348011602047,0.02103230987605808,5.788108980020156,69458664,156974.19393939257
2017-08-08,1820.9442921627644,1832.07076716794,1760.7770366394077,1801.63330078125,750352,-0.008629882188744498,0,0.012787228737528258,normal,0.04218801735659561,0.0636533887701285,0.054204987206752486,0.03442935539213288,78.05555062350929,8.766291356423835,0.02236680318510585,2.2246329224634405,68708312,167373.75757575734
2017-08-09,1800.1513304698983,1802.761484575021,1766.4841660450304,1795.6829833984375,348022,-0.003302735012853164,0,0.01290334608365865,normal,0.050412796351277045,0.06011269012449816,0.04567181326964698,0.03589633014476101,78.29436069693091,8.559907318828117,0.022659087925465553,1.0337077316747532,68360290,147912.73939394133
2017-08-10,1782.012566674593,1873.1262300698168,1782.012566674593,1822.360107421875,653174,0.014856254845690753,0,0.013087343898597477,normal,0.06330745976781516,0.06883933560130129,0.05505644715903224,0.03789309717471823,79.01647059069052,9.380820337576658,0.024953784088455066,1.7996644643870194,69013464,167611.32121212268
2017-08-11,1805.349537577936,1839.0830184920608,1792.1879499425888,1814.7286376953125,297426,-0.0041876848025163005,0,0.013153642691718702,normal,0.047110346589927854,0.04999169400722625,0.0455956239015991,0.039212376626190926,77.16682351394633,8.591714543164827,0.02598946199931958,0.7954336365736977,68716038,167319.39393939398
2017-08-14,1824.1960090146613,1860.8714470496543,1814.5293884277344,1840.41015625,198656,0.014151712835315466,0,0.01302628374979987,normal,0.012707543000795907,0.060791405730985515,0.05432843785161401,0.04102658059586339,78.63153025997063,8.941221209116257,0.02687479093363485,0.5249697289372333,68914694,181729.13939394304
2017-08-16,1847.046437674492,1907.6340713010247,1845.2988462541152,1902.3251953125,589396,0.033641978584087795,0,0.014353761704387588,normal,0.055889228117390166,0.100435101199849,0.08055698973812353,0.04442048387693065,82.79070124673339,12.278026168611873,0.028165799683562257,1.4686035887094664,69504090,200522.88484848436
2017-08-17,1919.6009560111493,1919.977044573869,1873.5907003243185,1880.447998046875,341412,-0.011500240505425863,0,0.014757741579714814,normal,0.04720488829716185,0.09999741506894844,0.061244332029665394,0.046454322849633245,76.69625252409686,11.936882121384052,0.028962157848644983,0.87063448509416,69162678,156836.8606060594
2017-08-18,1862.9950203202304,1895.246613393909,1862.9950203202304,1880.868408203125,160612,0.00022356914771726188,0,0.014639196895830327,normal,0.032105784440169094,0.09744577986474434,0.055302386627559263,0.04802826402878679,74.94932756197291,10.704128870574245,0.02861546823798968,0.42335690617229865,69323290,109688.157575759
2017-08-21,1874.1216121335,1892.3486216705544,1863.4373274148827,1871.2900390625,192688,-0.005092524867157278,0,0.014792137514968745,normal,0.03116796648948017,0.07974664678323062,0.0449593781917319,0.04888386150415314,72.08677198960375,8.314659596062057,0.02855507345237659,0.5111482079916513,69130602,42634.921212122215
2017-08-22,1878.0146629151743,1884.186316942832,1849.5457755280224,1857.59765625,212366,-0.007317082080637638,0,0.01499571323187056,normal,0.009338950853771122,0.022165168974123572,0.03364012943898853,0.0489903102813134,70.38689470592982,5.043945522432132,0.02886507607044811,0.5627229126367949,68918236,65211.79393939325
2017-08-23,1869.476577966684,1888.0576444516416,1838.6407693210624,1878.966064453125,237424,0.011503248903889318,0,0.015066044316274261,normal,-0.012279252210365521,0.04292369797912854,0.041016269677052186,0.049556775459357105,76.62100228961084,3.618342119687668,0.028929512184638333,0.6256390148472794,69155660,57266.24242424507
2017-08-24,1873.5906084623127,1891.0213728083768,1855.1644299795216,1864.3443603515625,246838,-0.0077817818949370565,0,0.015309261273857363,normal,-0.008563724023232022,0.03823691463800549,0.029687452900507783,0.04938586695176794,72.90103109330369,1.1188990043638114,0.02958184081849264,0.642777161487222,68908822,7232.933333334056
2017-08-28,1880.226977986248,1884.1423173676808,1847.4668743420004,1852.930419921875,300058,-0.00612222756290326,0,0.0154989663208924,normal,-0.014853770821713352,0.01677512165433015,0.021109463942411866,0.04868272955774011,68.68273185910493,-1.7204193143757962,0.029344525514660803,0.7794036169285953,68608764,-22271.11515151569
2017-08-29,1849.7006666385817,1866.622706939688,1832.535389289642,1845.9844970703125,330262,-0.0037486150461361056,0,0.015432262567965023,normal,-0.013523046381877513,0.017223434251136593,0.015610147375323624,0.047664027359280325,55.88768551945448,-4.334863440765446,0.025436373124953233,0.847806052640361,68278502,-84712.40000000263
2017-08-30,1849.258354405825,1885.756874558572,1849.258354405825,1876.4000244140625,202468,0.016476588721097807,0,0.015707050580802902,normal,0.010121873324291153,0.019555351855585767,0.029173697091102957,0.047541163885024273,64.47904979795157,-4.277106799718922,0.023824144452970115,0.5233413531378045,68480970,-117562.77575757592
2017-08-31,1888.0573811018944,1889.959641712058,1863.5258662925128,1871.7989501953125,269094,-0.002452075335155013,0,0.015679847082863588,normal,-0.0038143926031460884,-0.016046806924708168,0.024050938488719975,0.04710140562607523,64.81777385726656,-4.772423500323384,0.0235070732390524,0.6919659445391458,68211876,-120540.67878788007
2017-09-01,1866.9545757345304,1884.7834631190167,1858.7700592295328,1877.55029296875,192344,0.003072628485467188,0,0.01527136057501084,normal,0.007083419189090723,-0.001540965281217388,0.024543657821834985,0.0467112777597023,61.69708321906644,-4.916886150918806,0.020958424720904815,0.5029605913442581,68404220,-120124.69090909041
2017-09-04,1878.014848221612,1884.208536766984,1836.428653702688,1866.7998046875,229534,-0.005725805759509872,0,0.015446868855898589,normal,0.007485108246109817,-0.0074798446580669475,0.016868521880867293,0.045855533344432375,60.89203083913938,-5.875769037785915,0.021112974949271158,0.5939822851293007,68174686,-112327.84242424065
2017-09-05,1876.687581204003,1889.893452861054,1866.9546423104407,1884.9163818359373,274206,0.009704617015143802,0,0.015415405552108163,normal,0.02109003885320382,0.007281790897718965,0.02412903424018431,0.04549213225270776,59.61388869991331,-5.4392277822202715,0.02002905652959922,0.702280723276972,68448892,-88497.69696969567
2017-09-06,1871.378760705812,1883.323731518828,1862.088227851244,1879.2757568359373,231278,-0.0029925067522125204,0,0.01141156622491758,normal,0.0015325796122671598,0.011669965513253056,0.019020038771434766,0.04482320962879904,43.42173748544609,-5.654677961601706,0.018401754425402515,0.7391895627883489,68217614,-83177.29696969714
2017-09-07,1880.6691045205573,1900.134980925852,1877.572260546988,1885.137451171875,229848,0.0031191241171582007,0,0.011149097459981343,normal,0.007126032940220739,0.0032844588497378258,0.020041975386863697,0.04424677185608816,51.47301743111527,-5.520550183414905,0.017441849418000234,0.8012680957960338,68447462,-40999.07878788015
2017-09-08,1893.941358056672,1924.4673925593368,1888.78736789873,1897.1488037109373,278692,0.006371605705247418,0,0.01110178624868736,normal,0.010438341287358321,0.01759569962342611,0.023952992679866725,0.04394029965354429,54.766777488432275,-4.769305643281854,0.01759792368336906,0.9834263033683759,68726154,8508.87272727189
2017-09-11,1897.922864444084,1915.619114928411,1897.922864444084,1901.15234375,142188,0.002110293104700789,0,0.010733613842274649,normal,0.018401833435080395,0.0260246813963787,0.02356818701658736,0.04362258958828136,59.03852434909708,-4.170815426213338,0.01716858486815915,0.5514593380765942,68868342,47982.824242423325
2017-09-12,1915.619624433334,1919.3800786614363,1903.630368337636,1909.9569091796875,226842,0.004631173013899925,0,0.010639299327268816,normal,0.013284688692323021,0.034654902146200595,0.025543593200811676,0.04344234502997435,66.3309557405274,-3.38354614925089,0.01647563454864393,0.8919890385878984,69095184,74666.1090909124
2017-09-13,1913.407536256709,1928.8917590934689,1893.499249752304,1915.5975341796875,185576,0.0029532734340182998,0,0.010289028577916241,normal,0.019327539990673825,0.020889740596685913,0.025780977585737386,0.043284603489357254,62.66832490284037,-2.7134272717900387,0.015904181897383175,0.7316041430865309,69280760,115070.41212121156
2017-09-14,1924.0249462549205,1924.0249462549205,1908.2974891261,1920.330810546875,189126,0.0024709137920322366,0,0.007127393036515478,normal,0.018668855872086443,0.02592792369420782,0.02554996952102284,0.04311899437321931,70.7833621084209,-2.2035851544237914,0.015116245106935721,0.8094664162559257,69469886,138156.65454545643
2017-09-15,1922.255455228969,1938.1157649620448,1915.6193604468203,1927.5643310546875,279594,0.003766809587225417,0,0.00657088204342317,normal,0.016032230726580554,0.026637921909860696,0.026537443135531413,0.04302238038685813,78.59314831841323,-1.6563460151397749,0.014534094817092622,1.2127160955949614,69749480,174067.80606060746
2017-09-18,1937.695202008359,1950.5692678234973,1929.9088083592385,1941.4779052734373,435432,0.007218215233904424,0,0.006697813227172674,normal,0.021211115277535164,0.04000327212292509,0.030615162703419463,0.04318602612513778,84.73048734792019,-0.6842737573481799,0.01402220650838997,1.7824177452557974,70184912,202121.3454545485
2017-09-19,1933.4265749281856,1944.376133358361,1912.5228724705787,1933.404541015625,217864,-0.00415836010076831,0,0.006651723291144838,normal,0.012276524000747191,0.025724302492643902,0.023762337156463476,0.04291230265391732,74.75537828499222,-0.8984774150571297,0.013788191952558726,0.8872428901937962,69967048,212205.41818182022
2017-09-20,1933.3156933323608,1940.8145671544896,1920.5965111393848,1924.9320068359373,94136,-0.004382183862688738,0,0.0064733529590388144,normal,0.004872877778184792,0.024294598508985965,0.01740825243700206,0.04225128577872095,72.32348554629877,-1.86841320503477,0.01361823320663728,0.39282223934047794,69872912,183334.37575757736
2017-09-21,1935.085338543803,1935.085338543803,1905.0237412186068,1914.7789306640625,160572,-0.005274511585769526,0,0.006232602301047408,normal,-0.0028911059762830593,0.015723776255021082,0.010882590525350233,0.04120893145417681,65.08345986260657,-3.3641713899538104,0.01384145669536898,0.6809738521511669,69712340,140963.84242424325
2017-09-22,1904.5148205776427,1922.565127066904,1882.0184172207555,1889.20751953125,385618,-0.013354758987213278,0,0.0067474511016308815,normal,-0.019899108374997865,-0.004185904745138358,-0.0023688073616284777,0.039380781407850396,58.105244008626116,-6.087389239538474,0.013755330820709248,1.5886273433837337,69326722,80807.21212121581
2017-09-25,1872.5288908150776,1910.5095137020924,1872.5288908150776,1893.985595703125,267888,0.002529143104967435,0,0.006562925008027114,normal,-0.024461936672734663,-0.0037696863538766445,0.0001396431435130019,0.037786830716755926,53.63084480734711,-7.486491678233001,0.014282067307252974,1.1109779407709015,69594610,37462.24242424323
2017-09-26,1894.07396181656,1920.0432974312296,1886.862825701428,1913.849609375,211236,0.0104879433702878,0,0.006776042970640393,normal,-0.010114247290612388,0.0020381089105221406,0.009607035392408037,0.03685240928691913,62.4263903891362,-7.002508451370666,0.014520201006484785,0.8982008429402901,69805846,11958.787878788158
2017-09-27,1916.4597219643936,1927.7190482027825,1890.3800013582304,1903.1212158203125,315854,-0.005605661752174473,0,0.006020596544540062,normal,-0.01133068125947767,-0.006513016506213942,0.003570223337299172,0.03557938633474267,56.24517272222435,-7.299990637800519,0.015156645133757543,1.3114349786025183,69489992,-27015.418181816825
2017-09-28,1896.5958674544363,1935.527623072816,1896.1534611405912,1919.9107666015625,352834,0.00882211319052173,0,0.0062316237406744865,normal,0.0026801192844336796,-0.00021873520072979158,0.011227326786958924,0.03483870602377581,57.650590249114266,-6.298916622118931,0.01502574600178838,1.4399442361052446,69842826,-36671.87878787677
2017-09-29,1922.2552666206136,1927.1660194813112,1912.986768743472,1921.9234619140625,312358,0.0010483275303792006,0,0.006217538993392427,normal,0.017317283593561994,-0.0029264232844247173,0.011104198877341931,0.03412120368203553,57.07614138892102,-5.465078579731593,0.014850532693250514,1.2442866259443948,70155184,-15171.515151515969
2017-10-03,1953.22386920873,1953.22386920873,1915.619332655448,1920.0654296875,145814,-0.0009667566182433029,0,0.0060272080505938495,normal,0.013769816435532656,-0.011028956614843155,0.009153430885552094,0.03331154354157473,53.6147781212705,-5.014336742802286,0.01558574202863617,0.5907040694711478,70009370,22486.533333335567
2017-10-04,1915.61925860333,1945.7028866830128,1915.61925860333,1920.86181640625,227520,0.0004147706148116548,0,0.005704890980425019,normal,0.0036639279266774682,-0.006487377237040293,0.008652491435864107,0.032504249005833596,51.950053312761874,-4.646513313938918,0.015381865789856156,0.9305007698961407,70236890,60158.27878787908
2017-10-05,1939.9517660493093,1939.9517660493093,1922.277546676334,1930.50634765625,148214,0.005020939646790401,0,0.00569404495449767,normal,0.01438958885450381,0.002895863750260741,0.012394314150958374,0.03196450537918327,53.63699985689006,-3.774685191954333,0.015429432145465008,0.6166326136221332,70385104,96367.87878787806
2017-10-06,1930.439888128033,1933.31552907517,1914.0708550443303,1929.7099609375,201946,-0.0004125273764143955,0,0.005691417517389205,normal,0.005103984261353389,0.007797782832433375,0.01082369229375435,0.031348913884523544,50.80389558001498,-3.2903710850815884,0.015315436429639938,0.8450853931869577,70183158,104649.05454545621
2017-10-09,1929.7102173491496,1943.557449957844,1912.500653213291,1922.034423828125,368164,-0.00397755997779381,0,0.0056654017254617745,normal,5.7734824649102734e-05,0.017376018228542733,0.006151182581107362,0.03046677963656852,42.35796253275729,-3.505843686963736,0.015675829067505698,1.5123472511366307,69814994,61433.8060606097
2017-10-10,1937.297376226612,1942.340765333665,1917.3890907892528,1923.8482666015625,174918,0.0009437098269160504,0,0.0056557579934723105,normal,0.001970160420355249,0.015767105603224696,0.006420098813944675,0.029638006592264565,46.04963975701891,-3.5350530288085515,0.015404807723763953,0.7137316571682255,69989912,39700.29090908961
2017-10-11,1925.3521590065368,1946.1452544737488,1903.364480158199,1935.9478759765625,645590,0.006289274255694588,0,0.005729496042228872,normal,0.007853797416066621,0.01154650109042743,0.011521498729939017,0.029162265609595117,54.42114814045467,-2.781514269809499,0.016141000364835238,2.4269142037203486,70635502,62471.63636363764
2017-10-12,1944.3316521462448,2025.5575023686383,1941.743531758081,2010.49365234375,852122,0.03850608649759435,0,0.010222090401595685,normal,0.041433329025107435,0.05641912644915581,0.04544599984433062,0.030830564541362238,75.3248061950407,2.4146422130098166,0.017658133851200037,2.846669339212935,71487624,100608.99393939495
2017-10-13,2012.9487659555605,2059.8438361074923,2012.9487659555605,2027.1943359375,711828,0.008306757683258947,0,0.010305094831532007,normal,0.05051763061462333,0.055879456067554845,0.048723818842475675,0.03263665001719951,88.30764100506437,6.425912166088942,0.017822852474036463,2.1870428797779002,72199452,176881.87878787913
2017-10-16,2030.7109493108856,2042.89937077394,1997.5084475702056,2008.568603515625,222746,-0.009187936297810007,0,0.01064024400511909,normal,0.045022179943660756,0.04508251411597408,0.03523435794136476,0.03352209941855033,79.53913779039908,7.215145503320894,0.018251650795960066,0.6904011899599761,71976706,233263.6848484823
2017-10-17,2004.10059648964,2052.765290885635,2004.10059648964,2041.8377685546875,212614,0.0165636189776297,0,0.011072642508725253,normal,0.06132994165987471,0.06342093190387077,0.04715760676980185,0.035119693317923195,80.86188961553881,9.238862139216174,0.01849593990151179,0.6825669247151932,72189320,269442.6303030323
2017-10-18,2044.35946939032,2090.3697236245966,2037.3030026459496,2073.049560546875,358176,0.015286127268710814,0,0.01130108619227988,normal,0.07081889252888773,0.07922888718010634,0.056807182296782166,0.03725851251426637,87.29120266514794,11.7778884436134,0.01875937492823756,1.1245453009882973,72547496,313902.81212121074
2017-10-19,2083.7339871076024,2090.3700826079453,2043.9616979459624,2047.4566650390625,29398,-0.012345529983885717,0,0.011727608778874604,normal,0.01838504322170964,0.06058012579176286,0.03942836268338512,0.038216430225741505,76.94900391007852,10.854814270274442,0.01923926357242946,0.093246910192993,72518098,338633.05454545456
2017-10-23,2053.959667741353,2100.080521200344,2051.924555703934,2059.48974609375,242700,0.005877087051538554,0,0.011569792113925637,normal,0.01593108740673088,0.06725351881025676,0.04102239104524008,0.0392348003218721,77.88542100207505,10.186613268648472,0.020460214359536502,0.7599172012753583,72760798,337283.9393939402
2017-10-24,2074.000881383605,2074.000881383605,2035.9759707963149,2046.50537109375,145054,-0.0063046562987884025,0,0.011121132093553702,normal,0.018887464193019676,0.0647599989482579,0.03107529984955848,0.039585904333778954,74.52384537653411,8.093417081742722,0.020604699596035746,0.4719525412015733,72615744,272234.3999999992
2017-10-25,2056.747182177978,2061.569368332318,2024.009111306572,2054.645751953125,307034,0.003977698262782603,0,0.01111532023937975,normal,0.006272772301348706,0.06798742272051084,0.03172018582462499,0.03996285731987981,75.22951450660597,6.546476355412793,0.020782985717702138,0.992654523352279,72922778,201644.8848484882
2017-10-26,2046.8147532684784,2063.18378614784,2029.3176707468024,2037.1260986328125,300778,-0.008526848632499529,0,0.01135416518987356,normal,-0.01732880033248496,0.052262885748001864,0.02069455516500862,0.03963203998526099,69.52678953484681,3.770526979458566,0.021479825798918516,0.9585538545574953,72622000,122138.73939394233
2017-10-27,2039.0063127021813,2059.22436662141,2021.8410350077816,2033.8966064453125,187416,-0.0015853177619526981,0,0.011225170594471074,normal,-0.006622879411951499,0.011640401885517182,0.017228326631135715,0.03909773133864203,68.91262756373922,1.273149550489002,0.022150945129198886,0.6097581607567903,72434584,65139.27272727366
2017-10-30,2035.068695707016,2109.1497067006017,2035.068695707016,2099.61572265625,315004,0.03231192578948061,0,0.012924039058130226,normal,0.019483455374617487,0.03572493541190647,0.04511056769770594,0.040336578822145475,76.62503285242508,3.478529618711356,0.0229611592396721,1.0312119336222216,72749588,61298.739393940334
2017-10-31,2101.430089428245,2110.2782161205746,2048.651100115987,2052.544189453125,238030,-0.02241911826778198,0,0.014256451585343072,normal,0.002950795265270978,0.02189399249820445,0.01957492011526263,0.039919860686727704,66.98986194126661,1.3099332925089442,0.02476403947901591,0.7888231876834487,72511558,22956.703030302317
2017-11-01,2053.650069210209,2099.4611557167127,2053.650069210209,2078.093017578125,271256,0.012447394923958743,0,0.014355959385966167,normal,0.011411828828746362,0.01775618493387987,0.029103588242593625,0.04011855849933488,68.12185850466923,1.144970905749858,0.02460175131218475,0.880628675427416,72782814,7101.660606061062
2017-11-02,2080.2605413497367,2089.816559719377,2028.3441238071664,2061.015869140625,168102,-0.008217701658707388,0,0.014599015710776193,normal,0.011727192795696784,-0.005804825719205375,0.018643707366971185,0.03965258684270201,57.54684984781504,-0.4784048061676458,0.023830446449950686,0.5510556310429776,72614712,-1238.0484848493322
2017-11-03,2083.2468573566416,2083.2468573566416,2048.3853294244286,2060.772705078125,115566,-0.00011798262504469914,0,0.014618413468197053,normal,0.013214092863739202,0.006503698108212941,0.016729865946456535,0.039086167057645005,55.27519927217998,-1.8553897619332957,0.02333106615572391,0.3808753548274829,72499146,-18655.96363636237
2017-11-06,2058.162692446876,2079.508796600051,2043.9834408023016,2054.114501953125,240006,-0.003230925520603445,0,0.014670295547072575,normal,-0.021671213552145074,-0.002609988299684507,0.012148865797999564,0.03825643323317229,57.43487964291407,-3.410921936077621,0.02306363198492582,0.7860670478778194,72259140,-32755.39393939516
2017-11-07,2065.1530358931354,2097.89110887002,2038.6086523983647,2056.747314453125,408354,0.0012817262608761926,0,0.014581169817605148,normal,0.002047763464288588,0.00500460126029445,0.012150017417219328,0.037461574458723224,52.70431183401846,-4.396115387971854,0.023402851758470584,1.3286951745752025,72667494,-28170.53333332979
2017-11-08,2065.595335825437,2073.713535896264,2035.1578640609905,2058.738037109375,198650,0.00096789850763912,0,0.014580948259546839,normal,-0.009313818152041575,0.0019917229782115964,0.011864394806941458,0.03668212047529806,47.09636386691816,-5.003143146930817,0.022876756607978225,0.6438779571711766,72866144,7091.442424244997
2017-11-09,2063.8252718363447,2123.461551268856,2058.7818835076205,2104.947021484375,345826,0.022445295876439397,0,0.015179218614851074,normal,0.021315290678507903,0.03329245199748776,0.0311803636311212,0.0371460408114106,60.76366653182401,-2.5080132414223044,0.02299605264931506,1.1781503272204488,73211970,41851.260606060205
2017-11-10,2114.2597541519435,2175.665663533599,2097.4483143825832,2155.845947265625,487212,0.024180620824060917,0,0.013751052894914267,normal,0.04613475418867008,0.05995847597850412,0.05050077422684862,0.03880471129046459,65.74842266384265,2.105707530224933,0.02330109868746022,1.7698297234709168,73699182,83540.7272727281
2017-11-13,2112.4903339850684,2179.559180253136,2073.801812036846,2159.96044921875,668372,0.0019085324525824898,0,0.013709798313947068,normal,0.05152874738237956,0.028740843341636513,0.04726877773248295,0.040191468026502974,69.09674365163706,4.8149891810117325,0.025496583458230644,2.4472208929068993,74367554,167358.65454545556
2017-11-14,2170.8879544785464,2174.4935230190445,2113.065358258473,2118.396484375,558680,-0.019242928665098247,0,0.014359484098256218,normal,0.029974109842592522,0.03208325319389127,0.024470563207700913,0.040087979496684856,59.64525861495796,3.2625128928852334,0.02680162227951476,1.9270715121930353,73808874,185222.75151515045
2017-11-15,2114.702126592189,2134.6104102107347,2090.900753917942,2101.3193359375,195022,-0.008061356107536333,0,0.014168317930202968,normal,0.02068320401167334,0.011176746258665382,0.014645334463916582,0.039372611159599114,59.725229995232354,0.6754881555457786,0.027354039670759105,0.6747423639890144,73613852,194807.975757577
2017-11-16,2097.0059970546645,2130.6509119290363,2091.697121112754,2095.546142578125,258546,-0.0027474136180255515,0,0.013816362969937834,normal,-0.0044660881296768595,0.016754006582151204,0.01071627888275617,0.038441105107352325,59.26842580293274,-1.7045029647971788,0.027482930088404335,0.9102120293483232,73355306,169010.7030303038
2017-11-17,2109.835834986105,2136.756303972803,2094.794019429484,2101.4521484375,398036,0.0028183611610235193,0,0.013478785709978926,normal,-0.025230837526733052,0.019739898174666815,0.012257117791882877,0.037645213390186116,50.336631323808724,-3.080742241192759,0.026274132754607552,1.3158989190107715,73753342,148243.18787879118
2017-11-20,2113.3751407734712,2123.1080805048964,2090.082489574512,2107.27001953125,318362,0.002768500390587514,0,0.013442170575409449,normal,-0.02439416411840223,0.025877582543515798,0.01360579495170433,0.036967135606422064,61.81924787323455,-3.7543074908165224,0.02523210891625597,1.039497455310804,74071704,113638.09696969551
2017-11-21,2110.278526805495,2142.994566474476,2109.836120405745,2131.02734375,301546,0.011273981975995051,0,0.013497977901991814,normal,0.005962462394628831,0.0361152917399703,0.022595187695354513,0.03688069623733803,61.52148984040309,-2.798730055324853,0.02457566219386544,0.9600627081609436,74373250,100734.09696969799
2017-11-22,2134.610393703895,2139.676032237367,2100.545108664476,2112.556396484375,242728,-0.008667625650040423,0,0.013700609567516047,normal,0.005347621541711867,0.026141431500709578,0.01240770641589184,0.036159562270223544,61.15046659666485,-3.560661255996706,0.02403513861236438,0.7807907111098816,74130522,67157.89090909406
2017-11-23,2115.343820868399,2127.974435110059,2106.3185589731265,2115.741943359375,143060,0.0015079109273963276,0,0.013497113361688922,normal,0.009637487989838878,0.005128357989450771,0.012590539653970056,0.03548000187186262,61.74274586051441,-3.9689695737873123,0.023553120516340075,0.47216282323400177,74273582,49114.23030302983
2017-11-24,2117.3787820552884,2121.139235954001,2083.0922906258497,2097.890869140625,291786,-0.00843726441912196,0,0.013678151391821224,normal,-0.0016946754174359535,-0.026882754864051228,0.003660201853452838,0.03427008434536116,58.92488104007805,-5.467691651007996,0.023839389954441115,0.9467202583197277,73981796,34767.745454545555
2017-11-27,2109.83586124502,2134.146176332613,2106.186008895414,2122.178955078125,388640,0.011577382930051616,0,0.01190128391597861,normal,0.007075000075306592,-0.01749175275607029,0.013804637042105883,0.033745250864311904,62.25750978742088,-4.869613728321966,0.022791500225957644,1.246084344109603,74370436,82752.31515151751
2017-11-28,2128.858863943404,2147.30729088006,2114.790431673942,2121.205322265625,302222,-0.00045878921293140973,0,0.010608391779867015,normal,-0.0046090546483045225,0.0013259264313090213,0.012053770995134494,0.03313267455961166,61.74695199775221,-4.5896994603802455,0.02259861309595446,0.959134696250634,74068214,76971.78181818279
2017-11-29,2132.3982488999804,2137.286751839049,2116.936063156601,2128.48291015625,305992,0.0034308738594206467,0,0.010315145075511274,normal,0.0075389768047751105,0.012926913941250673,0.01402659251805427,0.0326689793894821,55.185125821445745,-3.9868430934521264,0.021032262287508888,0.9657759202412356,74374206,71736.7393939413
2017-11-30,2129.744010985618,2159.827640555004,2074.9299114886708,2130.451904296875,6269128,0.0009250692740965238,0,0.010073283955760045,normal,0.0069526252876301875,0.01665711912017631,0.013520164816627211,0.032192833259057974,42.86787878122968,-3.542870831651129,0.02123679992192541,10.080820187986012,80643334,382001.3212121191
2017-12-01,2141.710905307503,2152.3066224669005,2107.889073708528,2126.1826171875,331530,-0.0020039349871097123,0,0.010100049921720717,normal,0.013485805416782348,0.011768275936422379,0.010383571101842293,0.03154025267688043,40.52146533155757,-3.611795424778279,0.019218746700753717,0.5240049193524297,80311804,612378.448484847
2017-12-04,2108.065959049674,2128.3060466942748,2101.4298647399687,2107.291748046875,132580,-0.008884876109848783,0,0.010319473093651369,normal,-0.0070150573285191475,1.0311215659974948e-05,0.0012723213262657573,0.030345397339131885,46.429519011427736,-4.923463883235584,0.018219862732809428,0.211345649129877,80179224,777251.5636363609
2017-12-05,2107.2921772871523,2128.240162462148,2094.926832630525,2106.6728515625,200320,-0.00029369283344304886,0,0.0103258645192187,normal,-0.006851043861988426,-0.01142852167473507,0.0008850052419471233,0.02917597589698495,51.92504205103714,-5.768004114144212,0.017872718876233467,0.3247141123392173,79978904,877270.6545454559
2017-12-06,2121.2937446460205,2121.2937446460205,2086.0561290451456,2106.052978515625,156706,-0.0002942426710512702,0,0.010331536706770608,normal,-0.010537990008563591,-0.0030784588660319745,0.0005342338187974693,0.028033124147603727,53.92350639452409,-6.262401101175691,0.017751942109122724,0.2548833006107369,79822198,884612.9575757594
2017-12-07,2110.2775892039635,2189.910705777698,2108.087592090724,2189.888671875,279804,0.03980702015315085,0,0.012675264047453234,normal,0.02789866669050256,0.03504526095365623,0.0363786294288595,0.02917882257745985,70.87483489658129,-1.1073877560272365,0.018438865269598433,0.45755973374917586,80102002,847764.6181818199
2017-12-08,2189.88951617724,2196.060955479884,2139.4772234803363,2148.259033203125,233564,-0.019009933795507195,0,0.012383196738290355,normal,0.0103831231791498,0.024008953374744735,0.015064913632097054,0.02894350952041358,58.27601267052014,-0.6860481993868035,0.019579476165632843,0.39003311784689915,79868438,708076.5090909099
2017-12-11,2154.562917379366,2189.468730476823,2140.27306459288,2154.164794921875,202690,0.002749091998437647,0,0.012391810877666555,normal,0.022243264094041093,0.015072168992728674,0.0161274791892001,0.028784316058958703,55.03456746312963,-0.2186091384854656,0.01997247816003148,0.3521692664249373,80071128,534000.3151515174
2017-12-12,2157.173133028281,2171.772541024576,2135.05281788238,2150.138916015625,131964,-0.001868881580341708,0,0.01155730162569205,normal,0.02063256495705379,0.013640166487559391,0.012855945114762735,0.028427169318677947,58.72628781591681,-0.38009557750546463,0.019929773094336172,0.23811134850552484,79939164,263478.65454545413
2017-12-13,2150.0947193705024,2155.846001541658,2121.42687618638,2130.1201171875,146554,-0.009310467653513954,0,0.011610996076195979,normal,0.01142760363456663,0.000769189653080149,0.0030985066562649877,0.027475329383199965,53.09642107919683,-1.9470794219178025,0.020545058010028837,0.2655984301214289,79792610,-65800.42424242791
2017-12-14,2144.564276062753,2144.564276062753,2061.613104992765,2077.031005859375,359052,-0.024923059925006097,0,0.012944236214859102,normal,-0.05153580063912355,-0.025074914073280108,-0.019857314006099358,0.025132263089199025,46.099678632728335,-6.418890226192524,0.02261443663541162,0.6448338509216377,79433558,-62399.91515151349
2017-12-15,2100.633461742376,2100.633461742376,2070.9257089700304,2080.902099609375,255604,0.0018637631017925926,0,0.012933636937322461,normal,-0.031354195445098876,-0.021296626739438662,-0.01634142545464312,0.02310515808615432,41.644196059670335,-8.827273413487198,0.022347617229073753,0.4649952809902862,79689162,-52495.41818181839
2017-12-18,2084.020676441479,2084.020676441479,2034.3605815967808,2079.087890625,373042,-0.0008718377403317268,0,0.01291211232525832,normal,-0.034851978118785376,-0.013383935778240263,-0.015586545373213911,0.021208698912310364,41.50295280923227,-10.158792316273043,0.022956086012422394,0.6752800739140258,79316120,-64230.157575758494
2017-12-19,2085.9457410392374,2114.458913981179,2069.709343137346,2104.32763671875,548372,0.012139816795413427,0,0.012955378243913794,normal,-0.02130619512797194,-0.001113231625883726,-0.003290805317255896,0.02015514214619185,45.456081887889134,-8.995878974026851,0.02350893315213682,0.970970501281148,79864492,-48946.49696969537
2017-12-20,2110.2780133803512,2110.2780133803512,2085.945667314121,2099.394775390625,263210,-0.002344150807151224,0,0.012823361637562933,normal,-0.014424229670880306,-0.0031614604157265136,-0.005094044212750171,0.019032380315307407,44.2221814455765,-8.23550755389199,0.02150353020083786,0.4652071171156841,79601282,-57079.99999999853
2017-12-21,2092.6485895376177,2101.4303997804504,2081.964518182484,2093.77685546875,172134,-0.002675971183566328,0,0.012827558211263022,normal,0.008062397509779329,-0.0438889052400816,-0.007022868469652499,0.01783542748256428,44.001384706048235,-7.792249989745198,0.020710008758959512,0.30345633903675084,79429148,-53271.260606060896
2017-12-22,2126.647016465869,2134.588295705792,2094.7937638789035,2099.94775390625,569018,0.002947256973149903,0,0.012706217656137438,normal,0.009152595069441327,-0.02248857263029458,-0.003707631400464484,0.01689336729280977,48.57337439804376,-6.800894580174109,0.02112315057609229,0.9791977818860335,79998166,-25840.303030301795
2017-12-26,2112.4901005649867,2112.4901005649867,2090.944827163262,2099.4833984375,142748,-0.0002211271532285286,0,0.012417123952332349,normal,0.009809834353067703,-0.025384035897939805,-0.003555179250995688,0.01599901924418079,48.6025560961165,-5.925916336923336,0.02072744999117246,0.25095826966991014,79855418,5744.6060606062565
2017-12-27,2099.4833395742694,2101.4298840526,2089.8610027367654,2094.860107421875,188500,-0.0022021088707182557,0,0.012423196181757981,normal,-0.004499075681787645,-0.02570941262538795,-0.0052047416318404816,0.0150383645817882,47.85773562758636,-5.421656040814538,0.019966160567343297,0.33473882203188776,79666918,20864.763636365606
2017-12-28,2097.492516788592,2097.51455069574,2059.887981922271,2064.289794921875,395054,-0.014593009047092265,0,0.012768013871349846,normal,-0.01672147653231071,-0.030904511785252775,-0.017877109351433496,0.013329750073964863,19.804169929131632,-6.819709973301052,0.01866215090504593,0.6960338716022995,79271864,7966.206060604474
2017-12-29,2064.2900589197543,2092.1175910945963,2064.268025009788,2083.402099609375,263158,0.009258537601898764,0,0.012983867059498904,normal,-0.004955043720288099,0.0030674042573399785,-0.007954162154752642,0.012306212166270925,32.51425035872728,-6.150637253236317,0.017505812847618415,0.9845772339290377,79535022,-8203.006060606933
2018-01-01,2101.430208319593,2112.0479609511026,2086.0345534113967,2096.23193359375,112320,0.006158117046527245,0,0.013079780251976578,normal,-0.0017694822671602273,0.007366917447607424,-0.0016696042170543102,0.0117141854780074,34.943165594530896,-4.607917548657183,0.016698440425196717,0.43820276006877346,79647342,-2435.272727271522
2018-01-02,2096.231357695224,2098.000982647639,2054.534569753943,2059.865478515625,176798,-0.017348488254245287,0,0.013491403126969982,normal,-0.01887031826560759,-0.009245598608915273,-0.017211766320306188,0.010181520771184838,29.91434698812982,-5.727574615964226,0.017227198009504587,0.6838571526929501,79470544,-30673.62424242576
2018-01-03,2061.171174336724,2083.71186416393,2060.087192377158,2070.882080078125,166046,0.005348214083590985,0,0.013566859042743205,normal,-0.01144612342313378,-0.015893702129377685,-0.01082930601455323,0.009106321302015496,36.26962884159419,-5.420333311003068,0.016770879960806912,0.6465540235085775,79636590,-15168.593939392496
2018-01-04,2061.170901317137,2074.3988061600567,2039.5593108866665,2046.7484130859373,334700,-0.011653810337321269,0,0.013781991138302946,normal,-0.008497538416887607,-0.025076923559977926,-0.020270845088757095,0.007489268392201431,41.89279899501095,-6.4656998325044395,0.015289600962537479,1.259612685093818,79301890,-32704.812121209263
2018-01-05,2062.498376058248,2070.240487079488,2041.417756967017,2054.579345703125,264116,0.0038260357585331306,0,0.009941877443692395,normal,-0.013834465229565662,-0.0187209585697945,-0.014972367511450146,0.006265266397997404,43.09923284984826,-6.249412185089362,0.01520055707161125,0.996919211783241,79566006,-43681.309090907474
2018-01-08,2061.6134643392147,2084.176186803013,2047.301576592259,2076.544677734375,176830,0.010690914457593292,0,0.009660304191908112,normal,-0.009391735496378728,-0.011144599254120258,-0.004020219881606835,0.005768779713130057,49.39698428465908,-4.337414278208433,0.014599975635086047,0.6746777415102511,79742836,-8736.884848484706
2018-01-09,2079.3095279820136,2085.215695057786,2046.062739052168,2053.6279296875,244280,-0.011036000473574448,0,0.009820249378877927,normal,-0.0030281340666089562,-0.021841310478628695,-0.013601599111671248,0.0046984203422373305,37.84480003558776,-4.317191775121914,0.014568239487233894,0.9246900728683638,79498556,6461.551515152349
2018-01-10,2060.220129405925,2083.2915781968622,2049.0050848202945,2068.13916015625,388758,0.0070661439002528414,0,0.01004355001651382,normal,-0.001324517676917436,-0.012755480507245065,-0.006003780201067177,0.00414122572289588,42.835549437020134,-3.0853516387625533,0.014809812903118542,1.4033840081410842,79887314,34623.90303030563
2018-01-11,2066.03754612071,2100.987645937313,2049.226105702597,2088.843505859375,223456,0.010011098915394534,0,0.01022033232191047,normal,0.02056681344140876,0.011894507737189697,0.0035699470746843875,0.004199538166847816,48.94232319362181,-0.7564058517710972,0.01576737878491501,0.7956140394602574,80110770,45966.36363636453
2018-01-12,2094.794025168321,2109.8358407661503,2062.21084134912,2082.981689453125,257274,-0.002806249673471095,0,0.008546945217038561,normal,0.013823921577621023,-0.00020179021434640898,0.0006818513207258459,0.0040764583061014825,46.35776341002194,0.4444309155335713,0.01604539768500798,0.9329265705699912,79853496,50651.0060606091
2018-01-15,2082.9818735722392,2117.356935722663,2081.5220189250167,2088.091796875,177464,0.002453265646908509,0,0.0085540787669782,normal,0.005560737153617934,-0.003883223315272466,0.0028372002604659663,0.004091884537901436,47.6023029402364,1.5744305551119728,0.016494944543820472,0.6527678003589296,80030960,68643.2121212103
2018-01-16,2089.9272723134977,2111.605180091517,2035.5112997278584,2069.2890625,336198,-0.009004745099396416,0,0.008797917103213362,normal,0.00762608094002859,0.004574854077930235,-0.005606581578132541,0.0035833456254084073,44.92098698860243,1.07114426260482,0.018872127438829288,1.2450777104210513,79694762,51860.896969698966
2018-01-17,2070.461435977462,2102.7570951283924,2052.7872182949195,2101.34130859375,205684,0.01548949669459243,0,0.009072767724307195,normal,0.016054117187642047,0.014708335548722307,0.00885485153699439,0.003991488596283732,57.31623481679885,2.813533781530749,0.019003838925828086,0.8133425442875146,79900446,54649.64848485294
2018-01-18,2105.7214597687407,2114.171247714155,2037.723521587904,2049.0048828125,355846,-0.024906199467555457,0,0.010642324493411232,normal,-0.019072095604636963,0.0011024656045344194,-0.014745035385809846,0.0029211448474053547,43.99570595234443,0.48022995100337695,0.021183379925841607,1.3818237171534071,79544600,12517.03030303147
2018-01-19,2063.8255303919614,2076.124339964088,2048.341308834894,2072.430419921875,131186,0.0114326409399379,0,0.010998191710761131,normal,-0.00506546436998212,0.008688432625434173,-0.003150492724595777,0.002611066575858967,45.993472250076444,0.5485330674597302,0.020914197049225418,0.5135050183640693,79675786,-7794.193939390345
2018-01-22,2068.249635164755,2102.314923273351,2066.037603469392,2082.5615234375,161802,0.00488851322497319,0,0.011038286519459857,normal,-0.0026484819516922053,0.002897527689936119,0.0015583046425859948,0.002604985898567058,54.19057295761239,1.2688664176469402,0.02056588054747738,0.6881943797586586,79837588,-8821.854545452086
2018-01-23,2072.6738962913328,2106.097611989452,2056.8578681606145,2095.435791015625,200710,0.006181938652585206,0,0.011134882412037108,normal,0.01263560948997422,0.02035805061069995,0.007006621677680291,0.00293693241134263,54.50268221464701,2.532288940606879,0.021305125651576086,0.8432874387103009,80038298,-16335.539393940497
2018-01-24,2095.4129075349283,2103.7080246758687,2070.925678531137,2087.82568359375,160134,-0.00363175405063898,0,0.011154083680264546,normal,-0.006431903729644417,0.00951895492178223,0.003029462419778417,0.0030092093327585,58.01874045927045,2.756841983324799,0.02131240359220535,0.6768397912513044,79878164,-13208.933333331166
2018-01-25,2087.804175868435,2087.804175868435,2035.5116578254365,2046.3948974609373,796634,-0.019843987196047186,0,0.011567115553619623,normal,-0.0012737819091871438,-0.0203215838234726,-0.015292108767051893,0.0019440592210675511,48.587586807786465,0.15384021592629615,0.022563843051952526,3.103732150697959,79081530,-38527.11515151247
2018-01-29,2052.765043804408,2083.7334819652506,2038.165637242868,2075.814453125,220442,0.014376284704660458,0,0.01184463716213846,normal,0.0016328814567645455,-0.003440854216057332,-0.001027620082546865,0.0018040180395102468,49.87714392275224,0.4361881874785709,0.02254318951312666,0.8660614558610857,79301972,-56497.151515146725
2018-01-30,2065.5949957398875,2097.0278766588845,2052.8537808243195,2081.787109375,258332,0.0028772592083115,0,0.011775697018069645,normal,-0.00037185651121685037,-0.003019353607650488,0.001670514081622665,0.001836651282618229,55.02406620929978,1.0148958241812407,0.022650794235134723,0.98662322955913,79560304,-41860.27878788142
2018-01-31,2074.886216597091,2084.7960777114126,2055.9513072539903,2072.298095703125,143774,-0.004558109534420041,0,0.011129499643450733,normal,-0.01104194908367273,0.001454138649672032,-0.0026201980469797714,0.001602198058553217,50.75556371661948,0.7599783409642118,0.022566944909398753,0.552587348995881,79416530,-51773.903030303205
2018-02-01,2072.342420307824,2106.606886381842,2059.778120289773,2097.227783203125,297688,0.012029971726409183,0,0.011384482779655775,normal,0.0045032972260363735,-0.0019575712778320264,0.008477514005271303,0.0020647105635756002,51.50016031647433,2.1907129343461307,0.02213068905682143,1.1159168317930286,79714218,-28365.22424242628
2018-02-02,2068.470544289792,2097.0057491035427,2024.8935260858475,2091.01123046875,374368,-0.002964176225474402,0,0.011049311738543137,normal,0.021802406301525856,0.020500852881615073,0.004962928313203774,0.0022911593853920387,51.434867511762,2.6103067548962655,0.02304054718978439,1.3930034292246143,79339850,-46842.37575757314
2018-02-05,2078.86760063615,2078.86760063615,2017.3731131944764,2042.4576416015625,354840,-0.023220147342921327,0,0.012287498931349932,normal,-0.016069264511199943,-0.014462622258479718,-0.01665183764662237,0.0011704224144735154,42.941227341063154,-0.33365882939711344,0.024910319068141017,1.2984247214446456,78985010,-73446.88484848356
2018-02-06,1990.8285670466405,2044.138532008667,1946.5879322233816,2004.2999267578125,274268,-0.018682255174618523,0,0.012663916273978126,normal,-0.03722147296821865,-0.037579488432355146,-0.03179352328320839,-0.0008409635021651152,40.515283229760996,-4.5673098755882195,0.02614922729457408,0.9860190417710292,78710742,-95851.6242424181
2018-02-07,2041.6607834717413,2046.129130289736,1987.7535328029624,2013.1478271484373,256576,0.004414459269545201,0,0.012534529632128689,normal,-0.028543320421581586,-0.03927009561448025,-0.024963946463537834,-0.002351004545930513,36.19366149139893,-6.377177426671117,0.02633254361875155,0.920380368595521,78967318,-77221.90303029915
2018-02-08,2012.882650686024,2058.95923057299,1997.6859487864924,2047.4566650390625,199332,0.017042383787196913,0,0.013056684629480562,normal,-0.02373186096554869,-0.019335435363167286,-0.007558063011705474,-0.0027264701376676914,49.74313442031172,-4.933595764633735,0.025361911182124802,0.7401845671228114,79166650,-45413.55151515361
2018-02-09,2002.3531562839148,2070.373131994259,2002.3531562839148,2053.274169921875,241482,0.0028413323623146525,0,0.01285200553840662,normal,-0.01804727779411086,0.0033616544243113555,-0.004288883332010718,-0.002885114808167444,46.6245597008633,-3.333495750626547,0.026689802248930763,0.8937101432004313,79408132,-44917.975757577115
2018-02-12,2066.0376270707834,2119.126388365964,2066.0376270707834,2111.38427734375,429514,0.028301192443328738,0,0.014384755148651996,normal,0.033746910750197756,0.017135358203717033,0.02156653116496643,-0.0014362279739221773,54.34420076538122,1.62561648745812,0.02695576306443981,1.5405053625413672,79837646,-10257.042424240612
2018-02-14,2152.3071588039697,2157.0850615670925,2099.815682091566,2107.6904296875,699924,-0.0017494909362956168,0,0.014389658296139833,normal,0.05158434700785208,0.01244282866189761,0.017861918711081337,-0.0002732159591041228,51.899603162889406,4.48223851806803,0.027275124900538635,2.2953091576054963,79137722,-3044.6666666657534
2018-02-15,2118.1526674546258,2130.783496159945,2079.9951264085075,2103.9736328125,165652,-0.0017634453440826814,0,0.014226351178041696,normal,0.0451163120955278,0.015285222321563596,0.014514576736374574,0.0006369686982239386,52.533690863819196,5.859631077674761,0.02793460115095005,0.5588621683387909,78972070,-9330.581818178081
2018-02-16,2123.9926952078304,2127.974351999513,2095.236285045675,2115.56494140625,165568,0.0055092461297887585,0,0.013858986377552337,normal,0.03326481948563642,0.008743522449010444,0.018154381616407367,0.001737555382406386,61.97438352024787,7.2012383122684795,0.027120595718575186,0.5623844273643394,79137638,18647.745454545817
2018-02-19,2115.365572451582,2115.365572451582,2077.4955526710687,2094.04150390625,89962,-0.010173848639074667,0,0.012791981291758486,normal,0.019854793179386432,0.0014491904172224679,0.0070481397925605815,0.0021061276528404616,53.24406766404359,6.320367917889752,0.027143577329845035,0.3200248728786728,79047676,23750.036363633004
2018-02-20,2091.6970302627924,2114.702158345209,2090.369811334961,2094.395751953125,265356,0.00016916954425894026,0,0.012562043665930979,normal,-0.008046155109195707,0.025429222762649806,0.006526538477292787,0.002427894717578205,52.289894579274815,5.474445668235908,0.026462290934430446,0.9219579463264793,79313032,23211.793939395167
2018-02-21,2112.490602396614,2117.755195458522,2096.829458726053,2110.16796875,246902,0.007530676464639896,0,0.012623236702664745,normal,0.0011754757850597208,0.05282045894370779,0.012745777451612428,0.0031228453078260276,56.72420340417268,5.666234258178763,0.02607882475091096,0.8453437480848103,79559934,13880.375757576498
2018-02-22,2112.0480283075112,2156.7310720567903,2102.0275671457025,2148.259033203125,424906,0.018051200196963046,0,0.01316040604590928,normal,0.021048457879876636,0.06711439877024272,0.02798938922650729,0.004737656541820012,58.65655001958889,7.909808246269508,0.025878248915514337,1.4010228740379849,79984840,34537.47878788016
2018-02-23,2167.790874427805,2202.7409721991926,2156.775000739045,2195.17578125,305410,0.021839427797922806,0,0.013868594206841155,normal,0.03763100734257363,0.07214761549452331,0.045418090999643335,0.0073750015650326795,65.525845599607,11.86699617200816,0.02474426735211879,0.9834598039263042,80290250,72808.50909091083
2018-02-26,2196.812856152216,2211.1467776535515,2187.278870386842,2196.436767578125,224702,0.0005744352406289455,0,0.012842957379098574,normal,0.04889839264449414,0.06972405329664144,0.041454208251059166,0.009662512219938746,76.71739184768127,13.750110448207307,0.02311152415809319,0.7969571899121084,80514952,125815.41818181844
2018-02-27,2200.9712369831104,2241.1416406898184,2172.4360320011183,2190.906494140625,427034,-0.0025178386735885683,0,0.012652587300430403,normal,0.04608047075033417,0.03766354502597635,0.03500425365859039,0.011458113467429643,86.5128777148535,13.7697779646072,0.022229449334765165,1.4610467035833852,80087918,170747.83030303472
2018-02-28,2181.063186531699,2216.145921765585,2166.5964132683134,2209.48779296875,180960,0.008481100803625852,0,0.01271679679226385,normal,0.04706725990044491,0.04829806210978682,0.03944800519313474,0.013460242361893693,87.00775534828202,14.127802252861045,0.02175717382728502,0.6274381446748372,80268878,175855.58787878798
2018-03-01,2205.395405730664,2212.009466323836,2176.638996227656,2187.1904296875,105070,-0.010091643571060627,0,0.01294928545975396,normal,0.01812230084112665,0.03955220520694436,0.026128276318775123,0.014552108825613752,77.58732297898041,12.03815295094914,0.021133052028060872,0.3667675827304026,80163808,150477.80606060883
2018-03-05,2173.0994048137204,2185.2435422517524,2163.98579325918,2168.87451171875,157468,-0.008374176166895064,0,0.012985979219792727,normal,-0.01198139563851841,0.02519873971680786,0.01583881776852558,0.014959129829820839,71.74936956551696,8.750541284244932,0.01983559364565016,0.563462934674755,80006340,113103.41818181623
2018-03-06,2165.579095750764,2183.2310660139137,2117.821243585092,2134.69921875,156356,-0.015757155512730603,0,0.013534458689028629,normal,-0.028108047424556304,0.019415906880501987,-0.0001519232256721459,0.014354624754908674,54.82070635175437,3.8523595360185787,0.020138347074796673,0.5821924821671997,79849984,50673.33333333159
2018-03-07,2134.610473341006,2174.427041755657,2114.702189133681,2161.022216796875,253844,0.01233101029675221,0,0.012461334030013918,normal,-0.013640142755372175,0.031811783795692605,0.011004716514793733,0.014468534646736808,60.08353128314871,2.05355373466859,0.01997420682259195,0.9633025608097929,80103828,10054.739393943906
2018-03-08,2170.223842222834,2175.532717180876,2133.393522201419,2144.96240234375,268074,-0.0074315822985518976,0,0.011664291643790242,normal,-0.029203777830472344,0.016488940268750918,0.003157792071913912,0.014089613668306633,57.40422882061558,-0.4177794397015937,0.019835735331317834,1.0185004365425225,79835754,-38311.34545454464
2018-03-09,2154.0762623076266,2158.94273157963,2134.2785804965224,2142.042724609375,377004,-0.0013611789797269847,0,0.01171085516290183,normal,-0.020641872086362256,-0.002893649461108594,0.001621341369512308,0.013630401530351444,54.93764938878645,-2.341563342289117,0.0195935392650449,1.400325377192396,79458750,-82257.49090908887
2018-03-12,2156.730601083192,2165.5787266260977,2132.7300605480614,2153.102783203125,146012,0.005163323059191871,0,0.011263059106643394,normal,-0.007271849261175745,-0.01916611799667234,0.006142106462943886,0.01347078750931785,61.4611789074322,-2.923815028285329,0.01931969518377079,0.5477641056422569,79604762,-91501.83030302837
2018-03-13,2150.33803379124,2165.579018500534,2137.862304705492,2154.496826171875,218066,0.000647457696690168,0,0.011271046003932502,normal,0.009274190596962661,-0.019094536216717306,0.006142562755153902,0.013317607689349531,61.61607963564503,-3.2448962849506167,0.019419397349394525,0.8216837761295486,79822828,-65562.58181818275
2018-03-14,2145.780894423952,2147.88232409222,2126.204418040619,2134.05712890625,208792,-0.00948699344428483,0,0.009781645897507091,normal,-0.012477931823668742,-0.02594787380767427,-0.003079635994245211,0.012597306425394361,54.53536705650274,-4.771431885338352,0.019770503797711256,0.8208746030616493,79614036,-71091.53939394043
2018-03-15,2142.573869006926,2166.02140463719,2129.0361920242003,2153.74462890625,606398,0.009225385643771622,0,0.009950499625134843,normal,0.0040943498836640835,-0.02522899843117099,0.005531512443109454,0.01244115141033486,51.11968450102306,-4.401800352716368,0.01900215639091362,2.428731864554496,80220434,-25736.218181818836
2018-03-16,2154.496404925039,2165.57859508691,2141.2462513218884,2150.35986328125,303842,-0.001571572404440058,0,0.009947657009365236,normal,0.0038828070870489118,-0.016839213406540154,0.003573592865028674,0.012169528930939144,38.87554299344529,-4.325450189484506,0.0180305866055836,1.1841707838649218,79916592,-3371.5636363612625
2018-03-19,2150.979054669697,2154.496270547468,2124.8770875315827,2130.42919921875,223656,-0.009268524958463309,0,0.010152586671772344,normal,-0.010530655647866483,-0.017725927568549626,-0.005185353833697337,0.01136464820132077,35.005052538637216,-5.4829875166165,0.018392094500529626,0.8619037214050446,79692936,-707.6363636328438
2018-03-20,2132.3982589234124,2139.0343530901864,2126.204571034423,2134.63232421875,323252,0.0019729005786914833,0,0.009845495305121273,normal,-0.009220019130137369,-3.133674789512764e-05,-0.0029166563966509518,0.010732969887207622,37.13863882128042,-5.800562724225527,0.016486176230755583,1.1921290832703928,80016188,12963.321212123697
2018-03-21,2132.398158803687,2148.3247840561626,2132.398158803687,2138.791015625,404664,0.0019482003336439568,0,0.009845570798243757,normal,0.002218256791080453,-0.010287354289594819,-0.0008814449944818392,0.010252990188841293,32.70200330698577,-5.564633123303793,0.015331226813607247,1.4549947037364368,80420852,63615.1999999984
2018-03-22,2147.882534565309,2154.518628904852,2132.6195175843613,2140.4501953125,177046,0.0007757558711340984,0,0.009728351316821409,normal,-0.006172706557370011,-0.0021036298940809717,-9.624313120926153e-05,0.009840976407112123,37.27889836567519,-5.140975325178079,0.01486979249720699,0.6446761762647482,80597898,102209.81818181649
2018-03-23,2128.4166557619387,2154.5186268053712,2119.126123695632,2141.091552734375,273344,0.0002996366947849438,0,0.008836397241098762,normal,-0.0043101206942788295,-0.00044404897440752933,0.00018399309290617616,0.009462832751498285,41.63349689083897,-4.675099688278934,0.0152719355316495,1.0235697699716568,80871242,121342.39999999834
2018-03-26,2141.268680870312,2154.518836921701,2140.782206720067,2149.2099609375,192504,0.0037917146479593544,0,0.007254729241854149,normal,0.008815482685665899,-0.001808005774733057,0.0035963381626826774,0.00931169582086544,55.18314909707373,-3.719361287671303,0.013496899040112116,0.7364221872317375,81063746,143588.21818181933
2018-03-27,2156.730980112924,2205.7274839175407,2151.7981924595906,2196.458984375,485252,0.021984368347562233,0,0.008897856073268772,normal,0.028963610948259166,0.01947654677110089,0.023159385520474585,0.010383102173329606,61.01163607562766,-0.0009861585025738862,0.013102259176736552,1.7682055183817915,81548998,189155.40606060874
2018-03-28,2196.458816070749,2213.801230261256,2169.649165833394,2199.02490234375,526032,0.0011682066394151924,0,0.008880287605723609,normal,0.028162586376466736,0.030443315016031258,0.02198416485212884,0.011338935386892235,68.33719774759854,2.402463626887103,0.013152352773585584,1.8828427621269532,82075030,228572.50909091142
2018-04-02,2211.146790425842,2264.102913410752,2200.705958055623,2259.39111328125,291716,0.02745135394927134,0,0.010646349193261552,normal,0.0555681782408326,0.04905246562525445,0.04505866104839762,0.013696092915689517,78.64130778058899,7.538954836538521,0.014078596384267915,1.0238537468113813,82366746,294497.6969696985
2018-04-03,2264.235229917688,2264.677636175976,2231.762653763089,2256.183349609375,214838,-0.0014197469632499793,0,0.010335574892396138,normal,0.053753795220955025,0.04921198918149838,0.03926201056618828,0.015598201578081117,76.16173733297973,10.044874764026982,0.014100712357733396,0.7397798958706372,82151908,302432.4121212101
2018-04-04,2237.2489061922524,2249.5477162831103,2208.050087167398,2222.826416015625,268380,-0.014784673240109347,0,0.010752315099614895,normal,0.03425279819846594,0.043370235833586124,0.021571874526890467,0.016320632992469886,64.92112878495465,8.823695219142877,0.014968383092253061,0.9068313411291501,81883528,253723.07878788264
2018-04-05,2223.09143274223,2245.0791100367246,2216.897745168421,2242.048583984375,204054,0.008647624407489785,0,0.010080415609537582,normal,0.020755953074328648,0.05032073137229287,0.027430796173576466,0.017379643910452103,73.70815471806927,8.665822621633627,0.014836514212260326,0.6839680430115456,82087582,211141.46666666845
2018-04-06,2251.826471650065,2300.491174127826,2234.152250115417,2290.890869140625,272780,0.02178466849699201,0,0.010763935256166037,normal,0.04177577375270425,0.07111487396592509,0.04485613492780849,0.01948523068076269,76.69185936563053,11.053221679734612,0.015435427251719881,0.911438015833053,82360362,185308.55757576125
2018-04-09,2292.549368480177,2303.6095256032963,2272.4419164228684,2284.099365234375,125078,-0.002964568935925671,0,0.010581392131459772,normal,0.010935801158057146,0.06711166194684703,0.03763191617065642,0.02105486500062037,75.6881874019337,11.33518532251217,0.015695075766779747,0.4281506355783532,82235284,140947.06666666863
2018-04-10,2284.585902502191,2290.558386949089,2238.575651948313,2271.42431640625,148514,-0.005549254564424122,0,0.01071698315265801,normal,0.006755198685210573,0.060872111472967116,0.028750952944349706,0.022006173558762,77.85830332920415,9.881412563847316,0.016485915421475553,0.5290636989644154,82086770,86860.64242424302
2018-04-11,2273.924483692535,2283.414186843921,2258.92695078356,2271.91162109375,87602,0.0002145370567623317,0,0.010721311094321787,normal,0.02208233837984941,0.05709151845859051,0.026140326075761777,0.02275590485325507,77.52833632297533,8.233391939487394,0.016848888001272943,0.31535275684373654,82174372,35652.43636363747
2018-04-12,2270.871521415249,2301.8399621904423,2260.696176589114,2284.077392578125,223378,0.0053548612417053665,0,0.010724549336113795,normal,0.01874571715081208,0.03989075545066756,0.02853631597406925,0.023625065557451252,78.22751330280495,7.276539382745309,0.01754774611492586,0.8033558695529428,82397750,15516.48484848497
2018-04-13,2309.360948579312,2316.5057673141832,2282.1972442269675,2304.4501953125,293690,0.008919488805665843,0,0.010382837463113219,normal,0.005918800565546611,0.047941836791564496,0.033996775663928336,0.0248006074161351,79.70341860991623,7.310226228891011,0.017777254127643867,1.0403434631829147,82691440,36180.88484848619
2018-04-16,2306.2198897024523,2361.5649641952214,2294.252885011871,2350.21728515625,191334,0.01986030765032165,0,0.010927995089606495,normal,0.02894704185301089,0.04019940210488637,0.04908380108864607,0.026873798084976253,82.55501156517965,9.566940656042618,0.01840117794182478,0.7315450560088825,82882774,79257.78181818049
2018-04-17,2361.122346848502,2398.0412377987013,2351.0576038485383,2363.378662109375,392794,0.005600068145295012,0,0.010837964614536923,normal,0.04048312111433727,0.04751179132607253,0.04946566447913869,0.02888721142613071,82.8246808402364,10.996079587715435,0.01932892766794856,1.4766947097581384,83275568,123182.3878787923
2018-04-18,2374.837399831832,2383.862446597639,2354.0443003921714,2372.028076171875,129790,0.003659766503426143,0,0.010328966003290538,normal,0.044067055315262005,0.06712249732198661,0.04798604186294653,0.030726109269523016,80.51978586567459,11.518587186715337,0.01845445140830296,0.4967047719861417,83405358,142674.32727272552
2018-04-19,2374.39452760837,2397.5102559608085,2365.1703133778688,2387.1357421875,129052,0.006369092409735266,0,0.010298126087182837,normal,0.04512034046843261,0.06471187075941454,0.04919885621070996,0.032566288406079114,81.33370204390367,11.83134248084582,0.017984211422589956,0.512941384089564,83534410,164362.64242424455
2018-04-20,2387.2245401976647,2389.4145379235306,2344.5323296474285,2354.641357421875,88072,-0.013612290324071852,0,0.011145865499813416,normal,0.02178010278176945,0.02782781543197843,0.03148673538163482,0.03321961559432274,67.4898484507512,8.931416248002733,0.017619751903593495,0.37356237739250303,83446338,181895.05454545838
2018-04-23,2366.873855702066,2373.421382951476,2346.722333861472,2350.52685546875,181690,-0.0017474006986907265,0,0.011208838046749079,normal,0.00013171986882021258,0.029082574622386836,0.02678152369970599,0.033551054294541416,67.2658595018502,5.96064371530629,0.017461702769688232,0.7698901712623207,83264648,168015.22424242762
2018-04-24,2358.0257337630264,2363.821299877144,2323.119917605812,2343.514892578125,116198,-0.0029831451933045594,0,0.011301115543641464,normal,-0.008404818850958562,0.03173804896389143,0.021411216099590957,0.03353231939933865,74.44439609475134,2.9027041987400963,0.017287431305451868,0.5093334104798249,83148450,125419.2484848478
2018-04-25,2344.753780993684,2412.2207529939737,2334.689035990362,2378.06689453125,190562,0.014743666474043238,0,0.01152368663236477,normal,0.002545846071569713,0.046725089326491664,0.032882960263858285,0.03423338777385454,75.93857402115383,2.596331633155529,0.018518561430102384,0.8356505407158297,83339012,86188.84848485397
2018-04-26,2380.1464880124654,2394.325527058644,2364.706547492864,2377.2265625,184850,-0.0003533677009601721,0,0.010868537656241862,normal,-0.004151075078126731,0.04078196746947094,0.02933018887535188,0.034682698331345074,70.15388788900832,1.7660748449671928,0.01742178274036955,0.8677580811585004,83154162,37650.73939394086
2018-04-27,2384.570113548248,2431.39886668132,2379.416123018626,2415.870361328125,176864,0.016255833347026627,0,0.011179491890318366,normal,0.02600353710481418,0.04834999959741615,0.04149384394303812,0.03587679124280374,76.77799232779715,3.166740755650693,0.017823273088586895,0.9043893030233922,83331026,9170.460606062643
2018-04-30,2416.865580557104,2449.360409210953,2415.538361677062,2439.074462890625,129498,0.009604862054660712,0,0.009914716623810382,normal,0.037671387253398025,0.03780806919240565,0.04636534992124264,0.03732775714581171,82.67110467865805,4.89973752001103,0.017121873837816756,0.6908369071580878,83460524,-7243.248484850345
2018-05-02,2453.1428930933994,2462.212222094015,2392.887069618414,2400.076171875,144158,-0.0159889710662654,0,0.010818615941674065,normal,0.024135233565617087,0.015527562448613974,0.026737196746597913,0.03748605838420005,71.71665858610596,2.7694073999802384,0.01873450271159563,0.7838213888990082,83316366,-12336.884848486452
2018-05-03,2415.5384400598664,2415.5384400598664,2353.601556981408,2361.166748046875,152102,-0.01621174539545045,0,0.010947082907876856,normal,-0.007106674132354995,-0.004578920559207167,0.009122084748135695,0.03653388138282199,61.97682604513414,-1.671346484374105,0.019672246713120557,0.854011442816797,83164264,-17568.84848484501
2018-05-04,2366.874186575761,2401.050080204356,2345.196273465068,2382.13720703125,225300,0.00888139687792977,0,0.010953463276124831,normal,0.0020657032058761793,-0.0020939467613473317,0.01633403264586364,0.036073131570411254,62.04730693627087,-3.502233999758303,0.020145104777777,1.2574979641705175,83389564,1014.0969697000918
2018-05-07,2382.1369015594983,2433.2568669628017,2382.1369015594983,2421.1572265625,151632,0.01638025694576961,0,0.010526380756601004,normal,0.0021883894595522424,0.028248832430877613,0.029747277116324078,0.03647240414886599,61.236133195567575,-2.441466600879508,0.019342743858670693,0.8759392263438006,83541196,23752.121212123453
2018-05-08,2428.8104490946166,2433.2345118434228,2381.58357925111,2408.76953125,107506,-0.005116435717843815,0,0.01059938076216944,normal,-0.012424766894861272,0.024778562153307204,0.022095830198716415,0.036375263709722994,57.20709510507836,-2.8990287695809585,0.01955570226813177,0.6242027343779485,83433690,27363.721212119803
2018-05-09,2397.399825370412,2412.2424708583294,2384.171919731457,2389.65771484375,125672,-0.007934265257968476,0,0.010710080607221223,normal,-0.004340885990760435,0.019689579277587965,0.01263739357063498,0.035689630151717555,52.709197336837,-4.706774557792897,0.01965986646286057,0.7345493993706133,83308018,14324.957575763276
2018-05-10,2389.192955171324,2400.562666356204,2364.8826449605444,2382.999267578125,200292,-0.002786360249112274,0,0.010766057347197237,normal,0.009246496271095417,0.0020741103028758534,0.008872686353151638,0.03479699444985074,49.34738882345102,-6.46055164341999,0.019814915290264995,1.133375244805816,83107726,1131.1515151539982
2018-05-11,2388.994324467189,2429.872628593216,2388.994324467189,2423.369384765625,124232,0.01694088526872628,0,0.0112324916411667,normal,0.01730890127263529,0.01941035953136039,0.02343318761010149,0.03485329740727661,60.580282511696154,-5.072588278879728,0.01954351413251293,0.7232697811653638,83231958,-14806.2303030307
2018-05-14,2437.658700786392,2437.658700786392,2394.833857568441,2417.352294921875,80048,-0.0024829437400571974,0,0.011206857021932628,normal,-0.0015715343055300313,0.0006134160249124943,0.018864804847431582,0.034621044697688674,60.22747908485254,-4.736963927865155,0.02006864963749295,0.4969385214887049,83151910,-24261.915151517947
2018-05-15,2433.2346440876413,2436.6412589968445,2396.2051504601363,2413.23779296875,277736,-0.001702069641139281,0,0.010456234862015235,normal,0.0018549976080239894,-0.010592817199707394,0.015473892332113826,0.03418610635709696,60.766416065422234,-4.946304053038482,0.020095014372213137,1.679153385924267,82874174,-38062.53333333495
2018-05-16,2402.266223311795,2470.839200220327,2360.525145454377,2451.904296875,478002,0.0160226663194607,0,0.01092697761948714,normal,0.026048325517330495,0.02159436671524917,0.028634636081124265,0.03459375943322285,61.25870168933759,-2.744785921703709,0.020733127207500996,2.817364796525815,83352176,-28293.575757576175
2018-05-17,2455.3552397100525,2464.2033666999987,2407.154981524831,2422.948974609375,266524,-0.011809319924325434,0,0.011335478321016723,normal,0.01676446467054582,0.026165973501704354,0.014893568841307658,0.03412362563783544,56.421189489874784,-3.456806806601591,0.02178951661747338,1.5100552692783833,83085652,-43636.48484848323
2018-05-18,2437.2166168909785,2495.171849567093,2424.4974341471748,2476.17041015625,306418,0.02196556184409748,0,0.012217503789438679,normal,0.02178826955665758,0.03947430183595069,0.033525992187976694,0.034840633155082124,58.135347915248964,-0.7054447252421028,0.021841878574971215,1.6530271168994832,83392070,-26292.81212120925
2018-05-21,2480.571979964693,2508.8859815194887,2423.899693023934,2442.79052734375,222480,-0.013480446529685164,0,0.012208723827365726,normal,0.010523179627277779,0.008935107783960117,0.01769452414685513,0.03453561151751039,50.48795296980981,-1.4526182142249553,0.023636411482433783,1.1582179436321438,83169590,-11005.98787878734
2018-05-22,2455.1117779312403,2490.7475197143426,2442.2154612086965,2479.421875,223362,0.014995697439551758,0,0.012514939262433702,normal,0.027425429116055167,0.02933130082948865,0.029723646855630115,0.03499709594733491,60.4839791894626,0.11782602839699763,0.022688184547792766,1.1503318195536119,83392952,13801.466666665261
2018-05-23,2486.3234944113806,2537.2002207205105,2477.4753680967497,2528.661865234375,389010,0.019859464309346375,0,0.012997487629592557,normal,0.03130528726476145,0.05816906309517811,0.04517910245377976,0.036409750546237074,71.54307799168245,3.8629684471333547,0.022183898791584566,1.8719287203266024,83781962,51943.30909090811
2018-05-24,2523.198045425864,2562.3730373665053,2513.7526276006383,2529.767822265625,263790,0.0004373684937695188,0,0.012760180089234073,normal,0.0440862968125324,0.06158984464844708,0.04111124105862718,0.03750852844118713,70.01064904929603,5.694236961974397,0.02196996388164029,1.247388565392025,84045752,85376.12121212229
2018-05-25,2530.564363470613,2588.077189913128,2524.392708379483,2578.123046875,234922,0.019114491133841893,0,0.013211503246098712,normal,0.04117351386664736,0.06385888304202614,0.05488202974118406,0.03942795500903351,70.75085368293989,9.232287826246633,0.021906003745806243,1.097882299719503,84280674,128534.9818181778
2018-05-28,2600.796067133854,2600.796067133854,2562.8597264565456,2584.9580078125,136482,0.002651138372074424,0,0.012901856202575692,normal,0.05819880127967436,0.06933441734691037,0.051900362090083973,0.04108036020601702,73.63914136682683,10.98387784852747,0.0214691144869863,0.6439096746860113,84417156,161090.07272727287
2018-05-29,2590.156040383659,2596.0399572876927,2556.333995091617,2568.212646484375,169824,-0.006478001297319236,0,0.012999997433508515,normal,0.035811078533932506,0.06421864184588943,0.040617821477060945,0.041954148977809025,74.10974772751698,9.994052022726962,0.021932708836062756,0.7936642947340479,84247332,150529.98787878625
2018-05-30,2545.340511611126,2574.6056468585607,2537.6426847460784,2561.46630859375,220698,-0.0026268610972927098,0,0.012316356730685733,normal,0.012973044680426149,0.044684456835606845,0.03415301303012952,0.04238495239072493,74.09216178573101,7.953184008887575,0.02202625060410831,1.0132983412426722,84026634,143154.2909090906
2018-05-31,2565.956619753137,2661.427815853021,2548.2603672031155,2620.79296875,620770,0.02316121041967567,0,0.012174099343783235,normal,0.035981620796668334,0.08165421402343864,0.05228209498099101,0.043938568369708664,75.35358450505068,9.559026248977553,0.023334460802582797,2.5732998942939456,84647404,143695.2606060622
2018-06-01,2642.935502303531,2642.935502303531,2563.390927962079,2571.46484375,244766,-0.01882183201350973,0,0.013271675306395439,normal,-0.002582577714073997,0.03848460235325102,0.02929264363998474,0.04398056903424252,67.81023631866765,6.410493418262789,0.02480206132056882,1.0105599188797412,84402638,132382.89696969697
2018-06-04,2582.502618454842,2594.292703721515,2526.4055832845165,2551.00341796875,234986,-0.007957108894948273,0,0.01318399163889714,normal,-0.01313545123020543,0.04429888253360348,0.01905439813515275,0.0433777544468017,65.34143368107627,2.2746561894669526,0.02576963042841606,0.9537698477124396,84167652,81171.8060606035
2018-06-05,2546.2916460874235,2583.652946767949,2546.2916460874235,2571.177001953125,146208,0.007908097591040608,0,0.013099100390241753,normal,0.001154248450885742,0.03700666186674062,0.024467791252955395,0.04314025564099366,63.852630588011124,0.32485010377754264,0.023540776947911807,0.5888097632365207,84313860,40728.77575757477
2018-06-06,2568.168777751136,2605.330909935648,2568.168777751136,2600.0,137324,0.011210040391999687,0,0.012929578246345034,normal,0.015043606576814694,0.028211812637516376,0.03241710893011529,0.0434122044942018,70.56947179189578,0.39866304480357684,0.022733483713226692,0.5517375490018429,84451184,22547.624242419475
2018-06-07,2614.620792359437,2661.9582584816803,2604.932139226,2651.47314453125,244240,0.019797363281250036,0,0.01325951817599364,normal,0.011706447684756593,0.048109285442893945,0.047582789010470306,0.044626955759407894,70.44942949839603,3.1815425914607545,0.022015637187818356,0.9727146840330063,84695424,27162.87272727442
2018-06-08,2661.516318329692,2661.516318329692,2604.9103454643846,2618.005615234375,176896,-0.012622239590056927,0,0.013553941319093364,normal,0.018098933608792445,0.015469613992131759,0.030986173640594306,0.04474641587352446,70.43502673964284,2.0885627129251105,0.021522759551468314,0.6971977063292716,84518528,29915.90303030533
2018-06-11,2622.142294930474,2638.621930578552,2610.639730451278,2614.820556640625,138474,-0.0012165973117918005,0,0.0135252005416058,normal,0.02501648497307385,0.01155243092455338,0.026824315212528038,0.04459924921148639,67.12752414900208,0.5513613238548984,0.020987619282204988,0.5395533763290701,84380054,31331.527272727366
2018-06-12,2614.820531232304,2634.52964646208,2592.744282958316,2630.8134765625,90798,0.006116259060783058,0,0.013463946223024527,normal,0.023194231499454876,0.02437525185611844,0.029857680025235256,0.044648934598428225,64.10858688549133,0.038950256528494265,0.020372963241806503,0.3671592289001115,84470852,26827.890909091166
2018-06-13,2625.7255535066056,2689.830180222984,2625.7255535066056,2662.02490234375,198276,0.011863792723926458,0,0.013306370683314458,normal,0.02385573167067312,0.03925821448934341,0.037916549185548876,0.0452033583108451,66.86415842175947,1.1668400594793127,0.02054957551387255,0.8498305276530523,84669128,15716.775757574336
2018-06-14,2675.2307984064546,2675.2307984064546,2641.607920834288,2655.2119140625,153536,-0.00255932552518634,0,0.012874249245942462,normal,0.0014100725624777155,0.013133027187918644,0.03179529802146308,0.045349399343858066,60.99439688130664,0.83442408476391,0.019793608203682183,0.6744003197708894,84515592,29827.83030303324
2018-06-15,2661.074194265532,2733.828004903607,2652.358702766266,2714.870849609375,358540,0.022468615492010402,0,0.012910267846389293,normal,0.036999628194582135,0.055768215617618244,0.0494831849142936,0.04660277440241445,66.10197699886163,3.844323601018374,0.020504003562400293,1.5570478192688466,84874132,48775.60000000148
2018-06-18,2713.587522932523,2713.587522932523,2680.9378094134613,2687.17578125,234716,-0.010201247091868093,0,0.012686223006154726,normal,0.027671200773460747,0.05337992192487073,0.0349549949950394,0.04688852665781318,64.35517731231914,3.2078473638065788,0.02056187406344696,1.0166107287350319,84639416,33539.8666666679
2018-06-19,2680.9823713677824,2691.135683092577,2619.952331473466,2644.0634765625,190784,-0.01604372329801418,0,0.01326573831847614,normal,0.0050364650014309564,0.028347513436068006,0.016573834764852968,0.046006745573415,59.162758550459934,-0.6719447555672247,0.02182159545262003,0.8322021181930801,84448632,11926.581818183242
2018-06-20,2653.73013955062,2678.991584700762,2641.165842731987,2652.46923828125,259288,0.0031791073827311944,0,0.012681534613609798,normal,-0.00358962234128124,0.020180476262019242,0.01788564465786724,0.04524477793966297,53.96150186921481,-3.0919051819919474,0.019723558827498863,1.1639483421834311,84707920,11977.612121215208
2018-06-21,2654.4377031366053,2667.6878577455727,2632.3173889438003,2637.93603515625,151972,-0.00547912221384228,0,0.012799877228764803,normal,-0.006506403053840537,-0.005105504991789411,0.011123245234783363,0.04409074943331781,59.10548430637844,-5.926877129952864,0.01863610002341288,0.6997674686312881,84555948,16909.975757576325
2018-06-22,2640.678900907807,2653.552967344244,2608.0071526960023,2636.498291015625,184020,-0.0005450261573685111,0,0.01216975754328636,normal,-0.028867877308059287,0.007063650159357726,0.009555663228659528,0.04288737288012978,62.355369422324465,-8.024126194556686,0.018040987324848375,0.8573828716315853,84371928,1702.4363636345533
2018-06-25,2642.935314863971,2676.51391082966,2636.741626479623,2644.439453125,129686,0.003012011096853673,0,0.012172304842463514,normal,-0.015903808162903377,0.01132731514181895,0.0113831376812763,0.04184951954951743,60.97564008687377,-8.932215093681641,0.018058506281014134,0.605188947132882,84501614,-13885.951515152852
2018-06-26,2657.092134645564,2690.6264444762046,2638.068664484099,2676.602294921875,225122,0.012162442123175632,0,0.012266078359580988,normal,0.012306368076184793,0.017404813669726238,0.021380179386815135,0.04148250553349353,61.362288253745696,-7.481228581911829,0.01825236259261266,1.0371656953306765,84726736,-12615.212121209799
2018-06-27,2692.484977747976,2711.508450315041,2675.6735368747545,2693.19287109375,273890,0.006198371795223867,0,0.01224427879264592,normal,0.015353102771094918,0.011708368589098628,0.025005929232888136,0.0413584912544438,56.90249644138751,-5.604416795367229,0.0174470840503926,1.2465716889091576,85000626,13711.75757575882
2018-06-28,2709.2964401921467,2719.914192407139,2679.013639654816,2711.751708984375,256268,0.006891017011747769,0,0.01130984240287491,normal,0.02798235925525483,0.021293891693702438,0.028926698678623852,0.04148587432520845,66.3150846040368,-3.420708087129512,0.016913991982220638,1.271867764821492,85256894,39763.090909092716
2018-06-29,2720.7990367569405,2768.5568883705946,2704.1202310509566,2749.00244140625,315222,0.013736778444154218,0,0.010504742214720366,normal,0.04267180857806907,0.01257208673546506,0.03880068185918151,0.042228459240496674,70.87689896521258,0.04155357412942351,0.017632009245577233,1.5375760381206396,85572116,97925.53939393871
2018-07-02,2754.8639340898867,2772.9805578509827,2729.713093607681,2757.496337890625,160600,0.0030898104550354244,0,0.010161180167239239,normal,0.042752684177367994,0.026168945526858556,0.03785792147634659,0.042880710558917734,70.18107597038876,2.2884011819365355,0.017616088962310907,0.7978419517817311,85732716,140739.84242424247
2018-07-03,2769.2866887930195,2769.2866887930195,2736.747573818014,2750.240966796875,187682,-0.0026311444167864684,0,0.010218141310054737,normal,0.02751199609098043,0.040156936917571384,0.03167575341098394,0.0431169605199504,65.21441822902324,2.6453701503171416,0.01684275012650224,0.9228747872685154,85545034,147345.89090909102
2018-07-04,2747.365140978233,2795.6096773247305,2747.365140978233,2787.049072265625,197908,0.01338359289717772,0,0.010316425722042138,normal,0.0348494169055773,0.0507375663559364,0.040974051598655636,0.04392804077395063,70.60570284256855,4.605085697580023,0.01699504542669994,0.9588756365799902,85742942,168743.06666666697
2018-07-05,2808.837343456669,2817.685468652626,2784.593566827218,2790.388916015625,144032,0.0011983440776968113,0,0.009585237713667628,normal,0.02899867519976662,0.05779248580238794,0.03804740952047303,0.044520979214187184,64.32515843155997,5.320278026114963,0.015736335800310645,0.7152054144911129,85886974,175319.3454545449
2018-07-06,2782.735221616268,2813.482454987068,2778.753565496308,2791.5390625,234676,0.0004121814266726531,0,0.008915485599376846,normal,0.015473475197057551,0.058805564946772915,0.034683869122764,0.044877420291104864,72.01380549129793,5.066068394148196,0.015750216059923043,1.148826701325912,86121650,166294.4848484842
2018-07-09,2792.026295017999,2834.5636196269616,2787.1598254814444,2823.813232421875,123170,0.011561425149097193,0,0.009035459421989038,normal,0.024049676374903184,0.06783054877089523,0.04201712426103943,0.04568033003590988,89.7320633550093,6.192298352501474,0.014968696608272243,0.605230326083378,86244820,151424.96969696932
2018-07-10,2835.824511890703,2842.482640600841,2818.23886066642,2826.84375,183948,0.0010732004310092247,0,0.009040449051318645,normal,0.027853116918821197,0.05613140785359394,0.038867609103785616,0.04625121778686503,89.48212730014549,6.244347192492597,0.014609460961270542,0.8836567598675678,86428768,140467.3454545447
2018-07-11,2834.939903562581,2835.360276004464,2790.699268363415,2812.708984375,294276,-0.005000193457809665,0,0.009019331293881234,normal,0.009206839005714285,0.04437710888218427,0.03036871978494693,0.04626331349864676,89.6438713621804,4.510711228496092,0.0149188108543878,1.3817928428280841,86134492,111086.94545454893
2018-07-12,2831.378316018319,2845.2035130394424,2797.0032597375166,2833.89990234375,287710,0.007533988793888335,0,0.008986266375413995,normal,0.015593161970501868,0.04504401820958859,0.03437509851105003,0.04652690907985768,91.09419232860839,3.9928444621569454,0.014874158417678755,1.3097045414713975,86422202,100740.52121212205
2018-07-13,2826.9761816694886,2875.6408733727194,2826.9761816694886,2864.625,220690,0.010841984090842027,0,0.008003268937928364,normal,0.026181234030286937,0.04205982390274032,0.041069574054926505,0.04720077031009895,91.86581104216104,4.8634942810469965,0.014930284744611796,1.0371599234901285,86642892,109321.58787879127
2018-07-16,2875.641136799021,2905.282360824488,2875.6191028900703,2890.10791015625,172274,0.00889572288039453,0,0.007504350354413144,normal,0.023477005126687045,0.048091295877138895,0.04532000947648518,0.04811398586191373,91.65379848668299,6.21316944654081,0.014504523117866252,0.8216791972179839,86815166,125026.98181818047
2018-07-17,2895.5495016027226,2908.46785316633,2837.837508016613,2843.30126953125,217354,-0.016195464695458184,0,0.0075253813838249565,normal,0.005821870958113706,0.03383714512941727,0.025617436672462857,0.04774838500769918,76.19674958585851,3.1648248973638715,0.015617418193097471,1.0301654964656992,86597812,103243.96363636547
2018-07-18,2853.963371196391,2864.603157533789,2791.58407568582,2816.270263671875,214518,-0.009506908799654323,0,0.008082588211570126,normal,0.0012661385577599216,0.010484634697334405,0.01433418280956511,0.04668938578053505,67.71656345647378,-1.2254924116161021,0.01658193328506642,1.0276267072381484,86383294,70192.88484848556
2018-07-19,2815.916516033522,2829.8080327046305,2779.7497956587004,2819.14599609375,197248,0.0010211137968434425,0,0.00784968240521101,normal,-0.005206219964861147,0.010305760574474743,0.013885804169283533,0.04564731615705453,63.45813339528993,-4.3154132455017375,0.016200713148115393,0.9347595214930523,86580542,49741.0787878824
2018-07-20,2820.782493494793,2846.751829018981,2792.02608476249,2812.885498046875,193864,-0.002220707283535406,0,0.007902285634848856,normal,-0.018061527059606397,0.007646833903788508,0.010514585340717586,0.04443800841121215,60.71913866646004,-7.00150919061069,0.016527734317669268,0.9165847544453632,86386678,25953.054545449195
2018-07-23,2831.4003386434206,2863.4305117705835,2815.9161180414644,2847.304931640625,169912,0.012236343646994996,0,0.00815151742666926,normal,-0.014810166210475817,0.008319140568160854,0.02065557191822953,0.043916384273696485,66.99716980325431,-6.681629873544793,0.016779642837594432,0.795772913035048,86556590,16431.83030303185
2018-07-24,2860.1570083793376,2873.429198673441,2830.515783389173,2860.798583984375,158028,0.0047390963271274344,0,0.007913064410316424,normal,0.0061538728381074215,0.01201157084977722,0.02300883213752014,0.04356455511755053,64.06277641117507,-5.814637786840095,0.016567389856245104,0.7519288553911597,86714618,24014.484848480664
2018-07-25,2875.1985575547506,2886.2587151080465,2844.6725227076545,2850.8662109375,108572,-0.0034718882701073595,0,0.00802533635017001,normal,0.012284313658348367,0.0135660058592868,0.01757144563576385,0.042886243113303246,61.24916782996394,-6.131916650549023,0.01683793518544241,0.537757754426006,86606046,2591.781818179199
2018-07-26,2870.774530828948,2873.229799429341,2837.837294811324,2853.6533203125,215952,0.0009776359775519605,0,0.00797855629893009,normal,0.01224034663921758,0.006970400737306592,0.01676839471281477,0.0421861815666118,61.483720938630114,-6.3491377889829295,0.0168381005571447,1.0803985155226739,86821998,6413.13939393835
2018-07-27,2861.9586135541404,2886.829762275281,2829.0931670297755,2835.843994140625,139908,-0.006240886391176925,0,0.00775621477192211,normal,0.008161902114284914,-0.010047041361216591,0.009420853827337927,0.04105495985451091,52.34994191669194,-7.792203022890121,0.0172041053333275,0.7320576340768779,86682090,12469.806060603287
2018-07-30,2853.520223940969,2853.520223940969,2756.100778059952,2811.97216796875,387246,-0.008417891189077653,0,0.008059604709728734,normal,-0.012409195544614948,-0.027035579506536678,0.0008356178928097258,0.03943385598217164,47.31386590937153,-10.29709030318444,0.01920893552264329,1.9128133391027047,86294844,8413.769696969188
2018-07-31,2833.489735121547,2913.477162168153,2794.2067775855694,2905.57177734375,344678,0.03328610803520582,0,0.01075617729745933,normal,0.0156505926736783,0.021900777268940574,0.030797040853931534,0.03975918254493904,63.03205267009651,-5.81597500728261,0.020424287480635153,1.6389964345866963,86639522,14975.018181816653
2018-08-01,2922.360087826446,2942.3458331079337,2853.4981788835835,2882.322021484375,307076,-0.008001783346281544,0,0.010712116627980838,normal,0.011033772972647071,0.023453628959026585,0.02035760090047911,0.03941576757491472,56.75635534183914,-4.634873830827452,0.02159634440297718,1.4232519422349073,86332446,-10020.1090909138
2018-08-02,2877.9472406105065,2908.592049191081,2859.760126165743,2867.909912109375,232300,-0.005000173217140302,0,0.010817641941216684,normal,0.004995908821648243,0.017297407116620755,0.013782693304283944,0.038674566321430515,50.48020540157021,-5.009511080611979,0.021709037612309686,1.0550937911613754,86100146,-33919.93939393971
2018-08-03,2895.7124145964217,2896.6006699383224,2828.293920889841,2839.175048828125,344500,-0.010019444181255777,0,0.011116461523367833,normal,0.0011746255063334043,0.00934611479902192,0.0032787694118947552,0.03730677088900536,42.62449594600232,-7.242242937269538,0.022624360720176418,1.5266248694946227,85755646,-83711.96363636342
2018-08-06,2860.1821258829727,2881.5002535293056,2782.393209728665,2809.862548828125,1199318,-0.010324301776355349,0,0.011089369258327373,normal,-0.0007502276034790922,-0.013150113427059407,-0.006409477824695031,0.03539077489582132,44.89936519971668,-10.542905892216346,0.023584274748132152,4.291423079372781,84556328,-179944.99393939198
2018-08-07,2813.104540494372,2827.5608087859114,2740.267605754701,2753.76904296875,699322,-0.019963078223441677,0,0.011929116247639164,normal,-0.05224539127158534,-0.03741246993577563,-0.023804616433357184,0.03247011745349959,41.24270439162956,-16.024972977616187,0.02443492877965738,2.2910764837718065,83857006,-279542.06060605776
2018-08-08,2767.6259528241603,2805.5544113887763,2760.7196376370675,2798.6259765625,383192,0.016289286753471188,0,0.012511705324032799,normal,-0.02903771483478179,-0.01832433741526618,-0.007155800668071199,0.030710375508257615,47.42749546712765,-16.107977533660367,0.024087361988288314,1.2373681353616004,84240198,-330838.1575757584
2018-08-09,2806.8867958047304,2824.007830260141,2789.365872970146,2813.726318359375,261426,0.005395626969568301,0,0.012451333809596779,normal,-0.018893059897459374,-0.013991539080420834,-0.0016277498477065278,0.029368945574401284,50.10312427013528,-14.664885890085241,0.0234482509279243,0.8477703166564462,84501624,-324800.9090909064
2018-08-10,2825.9842718211207,2825.9842718211207,2789.610260209126,2817.434814453125,218272,0.001318001708109362,0,0.012182650534936073,normal,-0.007657236345456564,-0.006491605224242525,-0.0002821977546743071,0.028167149897445842,46.03805087698618,-13.034492700537463,0.023058118677877618,0.7081051620772885,84719896,-288059.3696969701
2018-08-13,2817.102035152545,2865.0678273323456,2803.7782039914896,2856.02978515625,324370,0.013698620640710812,0,0.012427875219736791,normal,0.016430425163458384,0.015667871001484812,0.012119689243110798,0.027789399987638186,49.4069598197289,-9.11608888182479,0.02320610693665248,1.0269657258064517,85044266,-235657.1515151474
2018-08-14,2864.623316659934,2884.342540770218,2853.3201813257115,2868.842529296875,336188,0.004486208164640626,0,0.01190432550430215,normal,0.04178763161781651,-0.012640970817954678,0.015049697346054991,0.02761027574835051,52.21960496813374,-5.593597586595479,0.02283944567979148,1.0447288564596349,85380454,-126780.35151514929
2018-08-16,2873.0614354385507,2895.711942967901,2854.008404829816,2884.231201171875,295894,0.005364069905493096,0,0.01170827902471767,normal,0.030588304877567918,0.00066237556847204,0.01850651615818588,0.0276545885859385,53.6616212556285,-2.326772774782878,0.022873880982052543,0.9080310670149109,85676348,-6974.181818177886
2018-08-17,2895.401649439047,2949.207894182324,2877.592302023738,2944.522216796875,403128,0.020903669442485562,0,0.012504185737014563,normal,0.04648493976975154,0.026713637120892253,0.03587088780716452,0.02878389720394048,61.8121481399713,3.4794187473741474,0.022742201692584577,1.1992242917229523,86079476,127286.82424242297
2018-08-20,2961.8870977406914,3014.2052446323214,2953.4486729608034,3007.36572265625,289424,0.02134251373648577,0,0.01315381237615109,normal,0.0674127072004651,0.059239275823287585,0.05216910145327347,0.030889610036334503,69.57855080972651,10.727829638534732,0.021608195150855564,0.8489118023273038,86368900,254618.47272727173
2018-08-21,3017.847877194754,3070.7879885096954,2980.119140389588,3045.583740234375,440782,0.012708137653563822,0,0.013170848887236354,normal,0.06636974028187681,0.0838906484961548,0.058930446927573765,0.03333468760890668,65.78071023638773,16.904229987167085,0.020666244603121466,1.2434650534813365,86809682,318604.8606060595
2018-08-23,3072.475329984268,3079.736861018044,3034.1471974481587,3064.547607421875,325100,0.006226677315410267,0,0.0131826862679629,normal,0.06821743477602626,0.11285571142817585,0.05891601919638889,0.03567924849387816,70.73896000115587,20.817654727505904,0.01953010027147375,0.8960059796203426,87134782,326389.12727272796
2018-08-24,3060.039603804087,3060.039603804087,3004.5236458250583,3008.276611328125,275836,-0.01836192590301744,0,0.013994287524605914,normal,0.043008136832390464,0.07491198771160379,0.03557926490657981,0.036460825180249845,64.58535857725894,18.258781147820088,0.020161162426952428,0.7431014807287587,86858946,304943.30909090984
2018-08-27,3014.116815643406,3046.715742460574,3011.851721209385,3022.2666015625,130788,0.004650499951265541,0,0.013993443400683463,normal,0.026403055926063734,0.07411534016027566,0.03640799428534924,0.03726208028329148,69.62625113775482,16.219613301161658,0.019361942482578713,0.3564313694924529,86989734,276317.38181818416
2018-08-28,3039.565305877306,3046.027493566962,3028.5065703078576,3040.342529296875,155306,0.00598091767451292,0,0.013836151517215374,normal,0.010965346313616342,0.07911725719447293,0.03839309689059789,0.038154811686354595,75.31584265468727,14.836870693829056,0.0174766769234119,0.4223631132697121,87145040,240555.24848485237
2018-08-29,3042.718523553384,3042.718523553384,2987.291479697232,2991.554931640625,189950,-0.016046743808018515,0,0.014282236315645966,normal,-0.01774005025046277,0.04745228750370356,0.019620114677500577,0.03783229878643857,76.54434645818651,9.637158147242374,0.017000834367546975,0.5308201233783019,86955090,186661.1878787899
2018-08-30,2991.555071863786,3009.4090909356314,2915.7870648739404,2971.214111328125,300922,-0.006799413942683241,0,0.012544376207445288,normal,-0.030455880622546116,0.03568393210356513,0.011465128127665869,0.03701231821939843,70.38184331271087,4.111062153941525,0.01812298291719587,0.846107193297319,86654168,115604.23030303043
2018-08-31,2971.480359920585,3011.1853266075536,2953.4708544372315,2991.976806640625,219378,0.006987949886660738,0,0.012413252365030497,normal,-0.005418319786857584,0.03735678520673802,0.016738584781455845,0.036556944215418774,70.77272722099755,1.2838428223971619,0.018548037951673483,0.624528496329602,86873546,60800.65454545584
2018-09-03,3015.626856706558,3026.707928733723,2901.041918705042,2916.07568359375,170104,-0.025368219057853025,0,0.01377372283399213,normal,-0.03513618484678016,-0.009660831574254458,-0.008199021764929593,0.0345607273677111,59.83964634718353,-5.875350595246758,0.021218001849235647,0.4885799632352941,86703442,9082.38787878947
2018-09-04,2902.9963692053293,2935.084596793711,2797.871468591874,2817.568359375,408846,-0.033780784488196214,0,0.015662560778823033,normal,-0.07327272100929849,-0.06311083545689011,-0.037881592389850005,0.03079873430789437,46.57300799482094,-16.80372853092846,0.023884569300033322,1.163552682543807,86294596,-53204.86060605702
2018-09-05,2783.7920373446345,2806.775642630624,2686.972212178532,2746.929443359375,746628,-0.02507087921419382,0,0.016486486939245804,normal,-0.08177201952534185,-0.09806143004034318,-0.056430949356465754,0.02604423718402904,40.15210559198278,-27.704878869393482,0.027087998320382417,2.271161528100387,85547968,-125931.15151515162
2018-09-06,2753.569411148784,2806.4206034332715,2718.5720209322685,2751.126708984375,365564,0.0015279845047155849,0,0.015874612943660618,normal,-0.07407322195483634,-0.10227313737219856,-0.05001405158612382,0.02188810946193742,39.05010797331517,-33.1784918589672,0.028244753137511836,1.1714733529260395,85913532,-141750.75151515138
2018-09-07,2771.756489199534,2786.6347669865745,2742.8437328743653,2766.515869140625,173558,0.005593766403413358,0,0.015474675813597343,normal,-0.07535517554801718,-0.08036519689616073,-0.04061581179936313,0.018487983773558314,34.188097949935496,-34.17343269255346,0.027369236214399673,0.5755086990488545,86087090,-151689.5878787883
2018-09-10,2771.356803310633,2773.577441774825,2702.517010920706,2706.51416015625,171172,-0.02168854683020982,0,0.016107229683857593,normal,-0.07186422650705615,-0.10447537660741357,-0.0559006177125041,0.014282940629727792,23.140431378942665,-37.042453118563955,0.028012346419396976,0.5762193223265968,85915918,-152890.04848484704
2018-09-11,2710.333711857303,2713.864396913081,2629.302527251198,2638.140625,424094,-0.025262581723312638,0,0.01691151592261826,high_volatility,-0.06368176792516267,-0.1322883525199019,-0.07270791252390163,0.009215238538551773,15.482677501165483,-41.38555467918881,0.028573002811889188,1.379833389512207,85491824,-153853.22424242395
2018-09-12,2655.8833706284804,2691.4135829445804,2624.949922902617,2671.64990234375,439116,0.012701854111264455,0,0.01686065615196637,high_volatility,-0.027404978019224813,-0.10693603714688704,-0.055448523878537714,0.005420090440932057,17.51549530266152,-39.82866004937681,0.028772706774511762,1.4025281637260214,85930940,-123488.96969696753
2018-09-14,2695.410959267422,2731.3853022729686,2664.766148558994,2714.6416015625,522686,0.01609181621477984,0,0.017332057656984458,high_volatility,-0.013261878234370417,-0.08635275013921417,-0.03655586664775223,0.002944518796656137,25.177398789506867,-33.959453514301806,0.02849056919742141,1.6211650990125113,86453626,-72262.09696970359
2018-09-17,2712.731792564454,2712.731792564454,2654.351123939204,2674.42578125,295048,-0.014814412440062985,0,0.017430172443776093,high_volatility,-0.03328738826979194,-0.1061341868312039,-0.046211596942112854,-2.693556585864343e-05,21.84354583074777,-30.927755970042114,0.02950259282284849,0.9152421972786056,86158578,-20072.739393939264
2018-09-18,2674.7589418155376,2733.7834668732976,2665.8542686117944,2694.256103515625,475678,0.007414796254453071,0,0.016675796140104445,normal,-0.004529093851080135,-0.07606784053175064,-0.035544377609867395,-0.002221919132466277,22.064900033737246,-25.930985531958072,0.030456411983416858,1.4591394452130222,86634256,55388.70303030626
2018-09-19,2721.6147011172898,2721.6147011172898,2633.6774114924165,2646.956787109375,266474,-0.017555612602874304,0,0.01577174497000706,normal,0.0033418090096599684,-0.06055277122130609,-0.04771674846804996,-0.005078955396870644,22.11804074021397,-24.189439188585766,0.0318779417557874,0.8202948116293137,86367782,89897.41818181949
2018-09-21,2653.707253782674,2666.964507951116,2384.9876800328857,2571.832275390625,741492,-0.02838146511669737,0,0.01584919008505098,normal,-0.0373617916275476,-0.06374287056846051,-0.0681103129192705,-0.009074118805078357,20.31689453373079,-26.300105315879776,0.038040368978969875,2.1815838793481364,85626290,33298.812121212984
2018-09-24,2592.595238704334,2592.595238704334,2470.460131099419,2488.003173828125,391462,-0.03259508886510398,0,0.016346233334471088,normal,-0.08348742154541722,-0.09564209976115079,-0.08994946999264486,-0.014245178778628742,15.753777364282655,-31.210182312266767,0.04117154019136037,1.1406065935500376,85234828,-21230.690909089793
2018-09-25,2498.2182113169347,2580.959111732064,2434.7300724296456,2564.32666015625,468202,0.030676603282097537,0,0.018587820235081626,high_volatility,-0.041167386982895016,-0.07308442045813457,-0.05645792510754266,-0.01716297779679643,26.111518621145223,-27.3257831259388,0.04051890583488794,1.3270151582916552,85703030,-30424.65454545146
2018-09-26,2607.02947338859,2609.2501117815955,2509.3213840963426,2523.489013671875,381034,-0.015925290298969386,0,0.018431967922415148,high_volatility,-0.06338190702098545,-0.0676239382667071,-0.06511943015231636,-0.02049616475500926,28.33068706827291,-25.54747206875721,0.04011927076313303,1.0429695209091254,85321996,-67158.484848484
2018-09-27,2524.8659616608657,2560.8403051779333,2498.218299796371,2531.43896484375,464964,0.0031503807342943,0,0.018322919453802707,high_volatility,-0.0436417484517293,-0.04044578183024261,-0.0565879250425384,-0.023178135523826304,32.50527726188895,-22.010699891089928,0.038075278330607865,1.2209592703717729,85786960,-99604.52121212146
2018-09-28,2573.275675368389,2615.911930949225,2457.8913954464347,2586.37744140625,886018,0.021702469356550846,0,0.019463003069577073,high_volatility,0.005655565549435249,-0.031917528139706164,-0.03278693428152335,-0.02430117054265457,37.64282896854768,-14.508297037921736,0.039204457902134685,2.1317880189210388,86672978,-58025.30909090761
2018-10-01,2602.587968839173,2611.470521633846,2531.971674121523,2595.281982421875,345992,0.0034428621565705253,0,0.01960472240230391,high_volatility,0.043118437195836634,-0.043968831492129046,-0.026726508112949965,-0.025010353714660205,37.03027859861162,-7.818312938336774,0.0400527127012409,0.8279786682875642,87018970,28277.527272726496
2018-10-03,2586.599364606508,2591.329280581004,2532.4157927517704,2549.026123046875,267012,-0.017823057258631647,0,0.019487115829747038,high_volatility,-0.005966687999274911,-0.04688844202829756,-0.04004385005069799,-0.02650755793958548,37.81775631924466,-5.490625567014163,0.040549910314526115,0.6353537785908249,86751958,73493.55151515103
2018-10-04,2530.6398603489697,2530.6398603489697,2465.0865626093578,2498.3740234375,637498,-0.01987115751831925,0,0.01926374493023055,high_volatility,-0.009952486457561638,-0.07270358590726633,-0.05379175088834287,-0.028787153446441116,38.88380582524272,-6.287206026592884,0.04135422841048299,1.437013851053667,86114460,108456.33939393934
2018-10-05,2493.7768367797835,2493.7768367797835,2389.473411374508,2419.474365234375,518324,-0.031580402879216374,0,0.019111572967958332,high_volatility,-0.0442296263762717,-0.08594111659957382,-0.07631262165474584,-0.03235050498457659,31.29407273447717,-10.788622355177154,0.04395563863244095,1.154137333979365,85596136,103682.53333333485
2018-10-08,2393.4040037829354,2473.746655583542,2374.817217498063,2462.021728515625,459540,0.017585374696511114,0,0.019415075361587375,high_volatility,-0.048081038327882686,-0.0426973982423956,-0.05466106301615048,-0.03446048332992524,31.24875185703739,-9.601131708265441,0.044133411608562295,1.0570300294608534,86055676,83895.030303033
2018-10-09,2508.433192050352,2522.156694293655,2418.7859744902344,2447.69873046875,638166,-0.005817575808118702,0,0.01934886534903542,high_volatility,-0.056865979478423645,-0.016199514447307273,-0.05474472336201164,-0.03649574751457341,32.497940100458266,-8.51764528265717,0.045648828059868876,1.4232815502150535,85417510,-2003.6727272726357
2018-10-10,2431.598692131594,2553.733786256925,2426.735408003656,2535.302490234375,274440,0.035790254198827975,0,0.021347179195443468,high_volatility,-0.0053838729577616595,-0.011318437066869858,-0.018959770448050972,-0.03627400297358696,38.89195609699171,-1.0320038362282133,0.04573568877024886,0.6052658392671176,85691950,-43933.78181818036
2018-10-11,2453.8054687726,2514.850906047111,2438.5275197234887,2473.880126953125,274782,-0.02422683822456695,0,0.021464238340287434,high_volatility,-0.009803934981149842,-0.019658847908580857,-0.03881596165012957,-0.03727155454656461,38.13912711770827,0.5658277776795586,0.04712640167242624,0.5991743151073995,85417168,-126119.96363635635
2018-10-12,2517.959829027446,2571.055207838621,2496.574907179827,2557.065185546875,435472,0.03362533927470546,0,0.022448689786202777,high_volatility,0.056868062869172675,0.010123183319455054,-0.005880810678583703,-0.03622209954809552,48.99907529556454,7.616751479700426,0.04043109434539603,0.9483894853757867,85852640,-154709.127272727
2018-10-15,2568.834208820555,2569.256216812224,2495.9972775884366,2518.914306640625,388950,-0.014919791298981244,0,0.02239019837162902,high_volatility,0.023108073119769257,-0.026084025357468454,-0.018777249038074872,-0.03599929591705897,52.23348226507969,9.955210401332934,0.039657478071586885,0.8517245917492096,85463690,-146241.99999999502
2018-10-16,2536.6132851473417,2562.616875712657,2495.9977194982894,2531.75,196318,0.005095724505409516,0,0.02203664421611638,high_volatility,0.03433889493220166,-0.024479799440748296,-0.012481470277321383,-0.03540001880629662,47.40840643235101,12.448555803266316,0.037210375692399336,0.4458294244513315,85660008,-89342.4484848478
2018-10-17,2557.7313083193885,2566.014246176952,2444.967333774529,2460.93359375,378956,-0.027971326651525574,0,0.022589445414407005,high_volatility,-0.02933334257779241,-0.03455928854568868,-0.03642339156680685,-0.03628436917464484,45.25005051619206,9.541421417103066,0.038894105337841024,0.8524702123797095,85281052,-54441.75757576207
2018-10-19,2464.0203179765435,2484.4501908364787,2431.598998003168,2470.904296875,341554,0.004051593732688374,0,0.022513099922363854,high_volatility,-0.0012028998679859404,-0.010995041697041241,-0.029513694060674056,-0.036714526613380705,45.417552538744275,8.53566547022804,0.038454704766549296,0.780101979638332,85622606,-25581.551515150997
2018-10-22,2494.665220923392,2497.1079232048733,2465.3527935456204,2478.299072265625,190686,0.0029927405120373507,0,0.02233378910490394,high_volatility,-0.03080332630018756,0.024313011072366386,-0.02413622964559381,-0.03680070310694272,41.18392810271905,8.590535883580628,0.03470079081450591,0.4393250347718925,85813292,-14913.357575755776
2018-10-23,2473.347248502941,2487.603791547431,2421.4953376997955,2435.840576171875,384402,-0.017132111523140314,0,0.021797462919766926,high_volatility,-0.03297997484461557,-0.010634005395043666,-0.03710828576788916,-0.037674605442455045,37.66918542518683,6.106211065273882,0.03491299136078518,0.9236245298405579,85428890,2791.260606065897
2018-10-24,2454.0276235342067,2480.0090941661406,2358.318103514005,2380.591064453125,484590,-0.022681907945543478,0,0.021180789901539526,high_volatility,-0.05970531669670187,-0.02741663636144198,-0.053635480755503395,-0.03952149980729225,37.15236084750359,1.3303902550568552,0.03748827500171961,1.1514690681842483,84944300,-40883.29696969491
2018-10-25,2358.317812034933,2402.5529691692373,2334.3349190311883,2358.0068359375,496216,-0.00948681562862752,0,0.019777960303821337,high_volatility,-0.04182427273694089,-0.06993076959447353,-0.0569901219549489,-0.0415029664584009,38.81432777095115,-2.5497495972297486,0.037371090756159395,1.1751830746885048,84448084,-87592.30303030105
2018-10-26,2371.3975070232,2393.4039457034555,2334.868007202433,2362.981201171875,267434,0.002109563534152148,0,0.019616101261034424,high_volatility,-0.04367757012670115,-0.04482793025134779,-0.05002465053531324,-0.04298763023485308,44.89688620873992,-3.90055416830603,0.03576998866709087,0.6419971687539324,84715518,-122955.63636363459
2018-10-29,2361.78228955266,2420.051932836669,2355.0537980038844,2397.512451171875,188156,0.014613425609511843,0,0.019972513714507513,high_volatility,-0.03259760776970955,-0.062396819321161257,-0.032813083333825266,-0.04337152179322101,44.087147607603036,-1.7000674913525415,0.034243887337597596,0.46720680324777214,84903674,-110519.60000000168
2018-10-30,2407.1721130714523,2428.0461147899687,2387.363974451824,2419.563232421875,269272,0.009197358386698662,0,0.01936049593599571,high_volatility,-0.006682433944663613,-0.03944202228588334,-0.021689064345398523,-0.04306436635750066,47.457152906214986,1.8183470309110987,0.032081158100021816,0.7240674611711053,85172946,-97823.38181818351
2018-10-31,2428.046113556944,2516.449644684757,2415.632657712482,2506.701171875,424200,0.03601391287712041,0,0.02122445437574376,high_volatility,0.052974284120000714,-0.009893878986866778,0.012238074765968276,-0.040697535167049104,47.412874346046905,10.127938091305055,0.030219912953744623,1.1287967165373773,85597146,-45376.945454544344
2018-11-01,2522.644681874878,2539.454954332798,2471.5700096186088,2479.58642578125,251860,-0.01081690406418423,0,0.020997851090096383,high_volatility,0.05156032119619036,0.0075795755231358175,0.001165907360737739,-0.03909278654225934,50.55031783427222,13.690520194874907,0.02971814863065408,0.6715536016348088,85345286,-31170.09696969893
2018-11-02,2496.4416354396817,2542.6309131635257,2478.232400952397,2487.55908203125,253576,0.003215316944432889,0,0.020545459111357828,high_volatility,0.05272063984156672,0.006740360271060952,0.0039657004424349385,-0.03737480448978492,42.15935811262993,16.299005190571634,0.028681744679977292,0.712602997880817,85598862,18859.842424243467
2018-11-05,2493.3329390284584,2545.4958247904788,2492.0005559117703,2537.9677734375,183000,0.020264319255922203,0,0.019602507325739087,high_volatility,0.05858377177435403,0.02407647319067374,0.02194430037141948,-0.03461707027021743,52.09148809928987,20.8437594047725,0.027680844728542306,0.5396980345259283,85781862,91871.80606061064
2018-11-06,2542.408502622658,2575.496009556956,2509.854035563862,2540.965087890625,230172,0.0011809899575931926,0,0.019281961859436033,normal,0.050175111706930675,0.043157385892619304,0.02090024706457183,-0.0320228548636361,51.03386542684988,23.290695668135754,0.02762072311301969,0.7025790718906408,86012034,152192.77575757416
2018-11-09,2591.040512612661,2615.4675315008503,2531.9715396648576,2552.1572265625,442248,0.0044046802237516225,0,0.01920600506134172,normal,0.018133814751241095,0.07206872472605341,0.022922780884395477,-0.029398394852903187,61.81538189108341,24.764378169490286,0.026448638750797504,1.391530019741094,86454282,197261.95151515244
2018-11-12,2561.506070663672,2585.8886338422344,2479.742131737576,2557.0869140625,697690,0.001931576726031059,0,0.01751308695994974,normal,0.031255409158336356,0.0844272692898489,0.022474043509002284,-0.026897160793755703,61.31015621295405,25.094693165282806,0.027886378023966606,2.0582240608277798,87151972,229003.0666666692
2018-11-13,2567.0578914730404,2593.705551246117,2511.9860612753487,2581.51416015625,361806,0.009552763325882285,0,0.016600577547666393,normal,0.03776998858185099,0.09248188638826149,0.02908157894243457,-0.024080478893528712,62.96577312404199,25.878144659142606,0.029004983339137303,1.0538205604612965,87513778,265533.58787878696
2018-11-14,2602.588100888641,2603.920483875444,2545.562152425312,2562.94970703125,309186,-0.007191304007364563,0,0.01497087020418666,normal,0.009843282430617162,0.069003710816397,0.019575848347735292,-0.021953280633089434,66.98706717382609,24.1019321753965,0.02899908446503223,0.9174288515359618,87204592,263824.8484848532
2018-11-15,2573.2758245492387,2588.3761659428656,2545.762027530985,2584.00146484375,122506,0.008213878623816173,0,0.014629256107527073,normal,0.01693702017324905,0.06796194875935502,0.02522142797988569,-0.01955675895568143,79.91881544086648,23.28776474546063,0.02657693866647704,0.3784654148982642,87327098,258859.8060606054
2018-11-16,2590.5966756088915,2660.3247191663395,2571.499185972138,2641.515869140625,451886,0.022257883781947818,0,0.015344659573515806,normal,0.035012984955665294,0.053781718689980273,0.043267422224224195,-0.01613367921598008,87.81457246930393,25.393151908124832,0.026555513953243744,1.3430209784057887,87778984,280712.15757575934
2018-11-19,2660.32470005131,2675.425040585825,2638.1183169123174,2660.124755859375,368136,0.007044775666937175,0,0.013617035813853285,normal,0.040295009618259936,0.07280985578925425,0.045576630052060585,-0.012694289503917822,88.2422214737096,26.677356083046888,0.025799706905410683,1.0958750782903997,88147120,279407.466666664
2018-11-20,2651.442209896503,2667.386349997907,2594.0831642552585,2615.334716796875,216502,-0.016837570855969153,0,0.014390935441455203,normal,0.013101054087798492,0.05136586933295595,0.025240452144862813,-0.010643098728063904,77.31240096882186,23.27276414261786,0.02646837382249629,0.6567110394987566,87930618,249237.01818181793
2018-11-21,2624.794415916116,2675.869095752047,2624.794415916116,2666.8310546875,395944,0.019690151918181575,0,0.014870366687291229,normal,0.040531949328252326,0.05077419918357107,0.0409240994754434,-0.007697491258581102,78.87251109363928,23.19952826703934,0.026488994822164828,1.164749803714842,88326562,224599.80606060487
2018-11-22,2669.2074062041224,2691.591398318582,2655.883575557513,2668.630126953125,349046,0.00067461051290163,0,0.014063766657172658,normal,0.03275101166186545,0.050242736380325725,0.037513188888553595,-0.005074884276636937,73.61393065291925,21.993721171415928,0.024728424799743704,1.0321573711311398,88675608,203501.41818181972
2018-11-26,2681.643019789693,2690.925245234278,2643.003910362448,2668.34130859375,348208,-0.00010822719733916131,0,0.012580976512671954,normal,0.010155320195692097,0.04552387322458906,0.03371880503364122,-0.002787700759011802,79.86235676003047,19.95787833565664,0.02419669742890588,1.0508697392080089,88327400,160607.32121212388
2018-11-27,2673.603785397149,2700.295898422804,2649.665350327376,2680.332275390625,430868,0.004493790490090799,0,0.0120649355520119,normal,0.00759645557477695,0.048197564443487106,0.03458403440325708,-0.0005343768678234273,80.11518232752209,18.24668658303031,0.023721544472900532,1.3132824196671105,88758268,165023.32121212143
2018-11-28,2695.8546467781584,2695.8546467781584,2642.781396318522,2647.77783203125,248828,-0.012145674496506498,0,0.012739866861930496,normal,0.01240495720337842,0.025668529306455357,0.01987964398541786,0.0007188335954770864,68.16810654740458,13.944311439438135,0.023881999539668828,0.7605825382197097,88509440,160517.03030303228
2018-11-29,2678.9781588608384,2704.7375642345005,2651.442242771752,2693.501220703125,414182,0.01726858957679167,0,0.012850092202817718,normal,0.010000695757890865,0.05093799277984945,0.03380021757094043,0.0027883383929179217,72.11106707058124,13.207096822849504,0.02324634878818603,1.2237402934149748,88923622,145921.45454545764
2018-11-30,2701.095576006359,2839.752321290372,2701.0068805879087,2815.54736328125,954568,0.045311337392401674,0,0.015582448480994857,normal,0.05505342791579215,0.08960749503735332,0.07240668925980143,0.007185834929748891,78.89407991223945,19.58373996958798,0.023830739798893597,2.5610819471743715,89878190,170723.5636363638
2018-12-03,2820.210857579349,2832.5575207318334,2737.0258272168016,2748.706298828125,311813,-0.023739989362220548,0,0.015600629559830485,normal,0.030117957539970153,0.040579135238120845,0.0422874736479768,0.009532701122734188,68.50690431018913,17.98596159084488,0.024134399524807053,0.8493923679093983,89566377,177721.0969696963
2018-12-04,2753.768884507424,2779.1286152836083,2714.5969580719184,2747.46240234375,329006,-0.0004525388852586465,0,0.015224508164301967,normal,0.025045449614392146,0.032832161834515095,0.03768326908359132,0.011500485038522301,66.77893369037604,15.618992841134578,0.023698476673163636,0.8869077151611683,89237371,169649.8787878797
2018-12-05,2744.708769360754,2761.9408347612825,2722.5468438667194,2747.37353515625,205221,-3.234518784467344e-05,0,0.015264635312307632,normal,0.03761482625926926,0.05048639377260633,0.03394231234989009,0.013157386205599808,69.37070095576485,12.932103308970959,0.023206192053073813,0.5568474372443973,89032150,122736.15757575771
2018-12-06,2734.849213670228,2734.849213670228,2647.0008494051303,2652.641357421875,302116,-0.03448099667633553,0,0.017187547309108698,normal,-0.015169795716886147,-0.0053208084706691805,-0.0015465342302589669,0.01253878718800494,56.243185543737546,4.11615496300368,0.025590224714197488,0.8067256151324205,88730034,72387.74545454695
2018-12-07,2652.641458848317,2677.0684810435982,2620.353290039232,2669.518310546875,155500,0.006362319986371157,0,0.01720800736994032,normal,-0.051865244619501705,0.00033282379029575537,0.004346247730157238,0.012311283627338465,52.75029301801845,-0.9659696855029836,0.024569261163247393,0.4194053883478125,88885534,48900.31515151878
2018-12-10,2651.3976662365685,2664.7659521349537,2602.5880799184715,2647.578125,197626,-0.008218780691704786,0,0.01736950021890704,normal,-0.03679118932104153,-0.007781307258887482,-0.003537355824753119,0.011603041180939355,48.77572908095468,-5.916410070556346,0.025572071583115107,0.5512089719213269,88687908,-11125.139393938412
2018-12-11,2638.1180652743024,2673.5593626398672,2611.4704080493098,2662.278564453125,198219,0.005552410074065373,0,0.017387832327902666,normal,-0.0310045508968414,-0.006735624199752932,0.0018050310008868031,0.011255092649774312,54.86643510761826,-8.172999261589382,0.02512999267500356,0.5942558475900843,88886127,-35983.909090909205
2018-12-12,2666.3648698207267,2730.496860718193,2664.988030699336,2714.952392578125,261560,0.019785242922473856,0,0.01776327253231709,normal,-0.011800777056069744,0.02537016502451106,0.01952615268853397,0.012023274118808658,54.97635094023128,-6.180839707725099,0.024844594787128003,0.7961136650402585,89147687,-64714.10909091021
2018-12-13,2742.932700311708,2805.0661227386977,2738.6245748385754,2791.96435546875,401085,0.028365861258250025,0,0.01848867422370348,normal,0.0525223651727591,0.0365558159056345,0.0436306884067843,0.014264309119832674,61.037348224090216,-0.06278876183122861,0.02555119593953116,1.2039496789647626,89548772,-51691.13939393942
2018-12-14,2788.855000457077,2816.7463457766667,2751.326215668157,2785.346435546875,187229,-0.002370345419672737,0,0.01852671536343226,normal,0.04338914797564053,-0.010726485417449583,0.03709182712142223,0.01600836295492636,60.353662030069835,2.983651998454228,0.026060651314993088,0.5566043947991116,89361543,7179.630303030437
2018-12-17,2806.664810495793,2815.769427730569,2766.0271286917955,2809.729248046875,228526,0.008753960436958197,0,0.018063547977466628,normal,0.06124507583581695,0.022200607334718292,0.04159041767662863,0.017964248447336795,61.20448001623562,5.916761516084819,0.025811916197074958,0.7027047055717835,89590069,63990.30909090908
2018-12-18,2804.2219584027885,2827.3165960076262,2780.239065505457,2814.614501953125,230834,0.0017386920500066516,0,0.0180437702994499,normal,0.057220134487050656,0.02444149901818138,0.039106309121313965,0.019686921126734536,65.17345616045921,7.36730462282889,0.02561495726174207,0.7251085735700102,89820903,111171.02424242345
2018-12-19,2824.563182896404,2882.38869460741,2815.769541419257,2868.04345703125,425672,0.018982690184055295,0,0.01774843670752071,normal,0.05638812115882064,0.04392192045634502,0.052931781303496406,0.022206259165991504,65.65484175126642,10.89371798311275,0.02540710861892737,1.2946128307094942,90246575,160815.69696969388
2018-12-20,2849.2562448823264,2873.2835921158944,2807.0196655169466,2816.524169921875,205790,-0.017963217043685753,0,0.018076661803797217,normal,0.008796607451315941,0.06178099125291436,0.0306785625624586,0.023231590200612384,50.10029977122327,8.814005561524745,0.02384333242482591,0.6445139970156112,90040785,164374.09090908876
2018-12-21,2841.528982484213,2842.417237871048,2759.898399177794,2771.17919921875,359201,-0.016099620655619207,0,0.01856728788862693,normal,-0.005086346225130711,0.03808210952149227,0.012726525623911966,0.023093864374451156,52.41411758781792,3.7034456174189785,0.023898069260388323,1.1231959965303597,89681584,142818.47878787655
2018-12-24,2771.8004826906263,2804.221799023973,2737.7358074158865,2754.079833984375,245822,-0.0061704292667885685,0,0.018653659615748,normal,-0.019805970308770293,0.0402260873734841,0.005857043694652786,0.022533228956700846,50.687449687204676,-1.244759187017749,0.024097132890259557,0.7811726901300451,89435762,85030.2363636359
2018-12-26,2741.510784756056,2766.026715218427,2701.184085092883,2743.77587890625,159442,-0.00374134219022193,0,0.018680708151057084,normal,-0.025168143984804492,0.030611865918646286,0.001894002210278023,0.021748470951125753,49.63402604137175,-5.3953056040514795,0.024850130150628542,0.5295106139908075,89276320,22694.860606061742
2018-12-27,2762.4742010653786,2775.7535754767905,2719.837943299739,2731.740478515625,240314,-0.004386437129632714,0,0.0184653298660976,normal,-0.04752472567368771,0.006183565495805343,-0.0022631158533348295,0.020736836986697593,59.67404624097957,-8.926516497481224,0.02379716681709834,0.7992183215530605,89036006,-40040.83030303132
2018-12-28,2738.4910761223928,2766.337966380974,2736.6701093947136,2752.259033203125,169577,0.007511165445207135,0,0.018159355730593713,normal,-0.02281717920444215,-0.014221285521733962,0.00473049891283539,0.02020210210521034,60.03008083113538,-9.786565275297761,0.023045740667780375,0.5878781186943384,89205583,-65434.157575756755
2018-12-31,2758.1658908791364,2771.3565689848137,2738.491122493648,2767.2705078125,184698,0.0054542375656787545,0,0.014975701859764526,normal,-0.001410479483734517,-0.006489651521867534,0.009229130873625868,0.01996945954936402,64.75737296727166,-9.256439633123023,0.022041448022739652,0.7389026876226059,89390281,-89075.11515151616
